:1000000000B20020CD2E020091E60300B92E0200BE
:10001000B92E0200B92E0200B92E02000000000025
:100020000000000000000000000000003530020069
:10003000B92E020000000000D52F0200B92E0200E8
:100040002D320200A11D04002D3202002D320200CB
:100050002D3202002D3202002D3202002D3202001C
:10006000B71D04002D3202002D3202008B1D04004A
:100070002D3202002D3202002D3202002D320200FC
:100080002D3202002D3202002D3202002D320200EC
:100090002D3202002D3202002D3202002D320200DC
:1000A0002D3202002D3202002D3202002D320200CC
:1000B0002D3202002D3202002D3202002D320200BC
:1000C0002D3202002D3202002D3202002D320200AC
:1000D0002D3202002D3202002D3202002D3202009C
:1000E0002D3202002D3202002D3202002D3202008C
:1000F0002D3202002D3202002D3202002D3202007C
:1001000080EA101404F0F01480EA0410604081EAE0
:10011000111404F0F01481EA0411614082EA12140F
:1001200004F0F01482EA0412624083EA131404F02B
:10013000F01483EA0413634080EA102404F47F443B
:1001400080EA0420604081EA112404F47F4481EABB
:100150000421614082EA122404F47F4482EA0422EA
:10016000624083EA132404F47F4483EA0423634057
:1001700081EA500404F0553480EA4400614083EA87
:10018000520404F0553482EA4402634082EA900447
:1001900004F0333480EA8400624083EA910404F07E
:1001A000333481EA84016340704700BF82EA9004DF
:1001B00004F0333480EA8400624083EA910404F05E
:1001C000333481EA8401634081EA500404F05534F9
:1001D00080EA4400614083EA520404F0553482EA24
:1001E0004402634080EA102404F47F4480EA04203F
:1001F000604081EA112404F47F4481EA04216140D3
:1002000082EA122404F47F4482EA0422624083EAF0
:10021000132404F47F4483EA0423634080EA101427
:1002200004F0F01480EA0410604081EA111404F034
:10023000F01481EA0411614082EA121404F0F0140F
:1002400082EA0412624083EA131404F0F01483EA91
:1002500004136340704700BF2DE9F14F94464FEA05
:10026000930B8A68CB6808684968FFF749FF0BF170
:10027000060E33E083EA134480EA134582EA13470B
:1002800046BA96EA3444604000F00F1684EA063419
:1002900020F00F1684EA161054BA94EA0106724050
:1002A00002F00F1486EA043622F00F1486EA1412C4
:1002B0004CBA6540694001F00F1485EA043521F01D
:1002C0000F1485EA14115CBA67407B4003F00F14E9
:1002D00087EA043723F00F1487EA1413BCE8F00010
:1002E0006040694072407B4000F0E03400F010351F
:1002F00000F00F3040EA540040EAC50080EA900464
:1003000004F0332480EA8400604001F0E03401F01E
:10031000103501F00F3141EA540141EAC50181EA8B
:10032000910404F0332481EA8401614002F0E03456
:1003300002F0103502F00F3242EA540242EAC502DE
:1003400082EA920404F0332482EA8402624003F0D9
:10035000E03403F0103503F00F3343EA540343EA6B
:10036000C50383EA930404F0332483EA84036340DF
:1003700081EA324787EA134581EA354690EA060466
:1003800084EA034B82EA1B4280EA044484EA05447F
:1003900083EA144A85EA14448BEA044B84EA37441E
:1003A00081EA0B4181EA164104EA0A00454082EAEB
:1003B00004082BEA080041408AEA0B0602EA06001C
:1003C00084EA34438AEA3A4603EA0607784045401D
:1003D000414088EA38478BEA3B4007EA000985EA52
:1003E000090583EA0709464006EA0906714085EADD
:1003F000010005EA3546464006EA314181EA3041CE
:1004000081EA364606EA304686EA3546344008EA4E
:10041000010886EA01052A4086EA364003405A4030
:1004200081EA31431F407C4080EA030709EA07095B
:1004300088EA0908544088EA020806EA0A0601EA3E
:100440000B018AEA0B0215408AEA3A421040454005
:100450008BEA3B4003405E404240174079404D40AC
:100460004E40E443F64386EA18435D4085EA054082
:1004700083EA134386EA034183EA384284EA11435C
:1004800083EA04435FEA3343BEF1010E3FF6F2AE66
:100490001ED4BCE8F0006040694072407B4020BC44
:1004A000FFF784FE28606960AA60EB60BDE8F08F0A
:1004B0002DE9E0414FF2F00280EA1031114080EA6C
:1004C0000130484041088208C3084FF0000E4FE752
:1004D00000F0113001F0113102F0113203F011334C
:1004E00040EA410040EA820040EAC3004FF2F002D5
:1004F00080EA1031114080EA01304840BDE8E081D7
:100500002DE9F04F02F11C050646074600EB850871
:1005100051F8040B043A46F8040BF9D14FF0010CE2
:10052000FFF7C6FF5FEA302080EA0C001ECF414093
:100530004A4053405C401EC62000464517D04FEA53
:100540004C0C1CF4807F18BFACF1E50C2C2DE7D0CF
:100550003C2D06D1FFF7ACFF06CF41404A4006C60E
:10056000100006CF41404A4006C61000D8E736E9E1
:100570000F00FFF7C5FD043D86E80F00F7D1BDE889
:10058000F08F00BF2DE9F14F03F11C0402EB840C46
:100590004FEA930B8A68CB6808684968FFF7B0FD9B
:1005A0003CE9F0006040694072407B400BF1060E70
:1005B0004EE083EA134480EA134582EA134746BAC1
:1005C00096EA3444604000F00F1684EA063420F0C6
:1005D0000F1684EA161054BA94EA0106724002F02B
:1005E0000F1486EA043622F00F1486EA14124CBA6D
:1005F0006540694001F00F1485EA043521F00F14BD
:1006000085EA14115CBA67407B4003F00F1487EA57
:10061000043723F00F1487EA141344BA44404DBA48
:100620004D4056BA56405FBA5F4087EA174886EA9F
:10063000174B84EA17464FEA38488BEA1B4485EA91
:100640001B4788EA1B4580EA3440694072407B4082
:1006500000F0703400F0803500F00F3040EA4400C4
:1006600040EAD50080EA900404F0332480EA840054
:10067000604001F0703401F0803501F00F3141EA43
:10068000440141EAD50181EA910404F0332481EA6E
:100690008401614002F0703402F0803502F00F32C4
:1006A00042EA440242EAD50282EA920404F0332488
:1006B00082EA8402624003F0703403F0803503F074
:1006C0000F3343EA440343EAD50383EA930404F077
:1006D000332483EA84036340C943DB4381EA000493
:1006E00083EA044686EA020183EA014382EA33454B
:1006F00083EA14435C4084EA00077FEA040A8AEA3A
:10070000024A8AEA010B87EA11488AEA374A80EAF4
:10071000060181EA1A418AEA030A04EA0A0045400E
:1007200088EA040707EA0B0041408AEA0B0608EA58
:10073000060084EA34428AEA3A4602EA060358404E
:100740004540414087EA37438BEA3B4003EA0009D2
:1007500085EA090582EA0309464006EA090671406E
:1007600085EA010005EA3546464006EA314181EA5C
:10077000304181EA364606EA304686EA354634405C
:100780000F4086EA010508EA050886EA364002407D
:1007900088EA020881EA314213405C4080EA0203A1
:1007A00009EA030987EA0907674088EA040806EAB4
:1007B0000A0601EA0B018AEA0B0425408AEA3A4458
:1007C000204045408BEA3B4B02EA0B02564084EA4C
:1007D0000B04234059406E40694087EA364080EA66
:1007E000384080EA060380EA104481EA134585EA2E
:1007F000344585EA17427D4082EA354180EA05406A
:100800003CE9F0006040694072407B40BEF1010E5F
:100810003FF6CFAE20BCFFF7C9FC28606960AA6034
:10082000EB60BDE8F08F00BFFFF76ABE2DE9F0076F
:1008300091E8F807B2E802105B1854EB0C04B2E838
:1008400002104D4156EB0C06B2E802104F4158EB36
:100850000C08B2E8021059EB01095AEB0C0A80E8C7
:10086000F80780410130BDE8F00770472DE9F00737
:1008700091E8F807B2E802105B1A74EB0C04B2E8D6
:1008800002108D4176EB0C06B2E802108F4178EB36
:100890000C08B2E8021079EB01097AEB0C0A80E847
:1008A000F80780414042BDE8F00770472DE9F007A6
:1008B000524290E87800B1E880071740DB1918EA47
:1008C000020854EB080419EA020955EB09051AEA73
:1008D000020A56EB0A0678C090E87800B1E8800773
:1008E00017407B4118EA020854EB080419EA020990
:1008F00055EB09051AEA020A56EB0A0678C0804150
:100900000130BDE8F00770472DE9F007524290E84A
:100910007800B1E880071740DB1B18EA020874EB87
:10092000080419EA020975EB09051AEA020A76EBCE
:100930000A0678C090E87800B1E880071740BB410C
:1009400018EA020874EB080419EA020975EB0905B4
:100950001AEA020A76EB0A0678C080414042BDE8F6
:10096000F00770472DE9F00152424FF0040890E87B
:10097000300091E8C000A31B1340E41AF618EB1BEB
:100980001340ED1AFF1830C0C0C1B8F10108EED114
:10099000BDE8F001704700BF00B592E8DC072DE923
:1009A000DC07B1E8805702B4A7FB02510A95A8FB07
:1009B000020BE7FB6310E9FB62B00B91A8FB03514C
:1009C000EAFB6201E7FB64B5E7FB6605E8FB661539
:1009D000CDF830B0A9FB03B6EAFB6316ECFB635617
:1009E000E8FB640BE9FB641BEAFB645BECFB646BF8
:1009F0000D90ACFB0230059CEEFB6250E9FB64609D
:100A0000EAFB64B0E7FB6431E8FB6451069CE8FB59
:100A10006461E9FB64B1EAFB64010E93A7FB043255
:100A2000079CE7FB6462E8FB64B2E9FB6402EAFB53
:100A30006412049CE9FB6453EAFB6463089CE7FBD3
:100A400064B3E8FB6403E9FB6413EAFB64230F95DA
:100A50005DF8049B99E80006DDF80080A9FB0854C6
:100A6000EAFB68B4DDF81080ECFB6804EEFB681468
:100A7000E9FB6824EAFB6834DDF80480EEFB686576
:100A8000E9FB68B5EAFB6805DDF81480ECFB681546
:100A9000EEFB6825E9FB6835EAFB68450F96DDF853
:100AA0000880AEFB0876E9FB6806EAFB6816DDF80D
:100AB0001880ECFB6826EEFB6836E9FB6846EAFB2B
:100AC0006856DDF80C80ECFB68B7EEFB6807E9FBC5
:100AD0006817EAFB6827DDF81C80ECFB6837EEFB43
:100AE0006847E9FB6857EAFB686708B000BD00BFCC
:100AF0002DE9F14F87B0FFF74FFFDDF81C8008F1BB
:100B0000200888E8FF00FFBC87E87F08BDE8F08F79
:100B100000B591E89857A3FB03520195A3FB04018C
:100B2000E3FB6420E3FB67100292A3FB0752E3FBA5
:100B30006802E4FB6415E3FB6805E3FB69250391A8
:100B4000A4FB07B6E3FB6926E3FB6A56E4FB670BED
:100B5000E4FB682BE3FB6A5BE3FB6C6B0490A4FB98
:100B60000810E4FB6950E3FB6C60E3FB6EB0E7FB4D
:100B70006721E4FB6951E4FB6A61E3FB6EB1E4FBCE
:100B80006E010592A7FB0832E4FB6A62E4FB6CB2DB
:100B9000E4FB6E02E7FB6E12E7FB6853E7FB696359
:100BA000E4FB6CB3E7FB6C03E7FB6E13E8FB6E231F
:100BB0000695A7FB0954E7FB6AB4E7FB6C04E8FB66
:100BC0006C14E8FB6E24E9FB6E34E8FB6865E7FB18
:100BD0006AB5E8FB6A05E8FB6C15E9FB6C25E9FBE7
:100BE0006E35EAFB6E450796A8FB0976E8FB6A06B8
:100BF000E9FB6A16E9FB6C26EAFB6C36EAFB6E46FB
:100C0000ECFB6E56E8FB69B7E9FB6907E9FB6A177D
:100C1000EAFB6A27EAFB6C37ECFB6C47ECFB6E5790
:100C2000EEFB6E6700BD00BF2DE9F14F87B0FFF707
:100C30006FFFDDF81C8008F1200888E8FF00FFBC8A
:100C400087E87F08BDE8F08F30B44FF0000310F85C
:100C5000014B11F8015B013A84EA050443EA0403FD
:100C6000F5D1A3F101034FEAD37030BC704700BF48
:100C70004FF0000310F8012B013943EA0203F9D1C8
:100C8000A3F101034FEAD370704700BF30B411F8ED
:100C9000014B12F8015B6C4000F8014B013BF6D1AF
:100CA00030BC70472DE9F00791E8F807B2E8021070
:100CB0005B1854EB0C04B2E802104D4156EB0C06E5
:100CC000B2E802104F4158EB0C08B2E8021059EBA1
:100CD00001095AEB0C0A8941B3F1FF3374F1FF3477
:100CE00075F1FF3576F1000677F1000778F100081D
:100CF00079F101097AF1FF3A51F100015B184C4199
:100D00004D4156F1000657F1000758F1000859EB24
:100D1000D1795AEB010A80E8F807BDE8F00770477F
:100D20002DE9F00791E8F807B2E802105B1A74EBBE
:100D30000C04B2E802108D4176EB0C06B2E802100A
:100D40008F4178EB0C08B2E8021079EB01097AEBDD
:100D50000C0A89415B184C414D4156F1000657F190
:100D6000000758F1000859EBD1795AEB010A80E8E5
:100D7000F807BDE8F007704718EB040859EB0509C0
:100D80005AEB060A5BEB070B5FF0000C4CF1000C12
:100D900018EB050859EB06095AEB070A5BEB070B42
:100DA00050EB0C005FF0000C51EB0C0152EB0C020D
:100DB00063414CF1000CB8EB070879F100097AF1B6
:100DC000000A7BEB040BA841B141A241B3416CF195
:100DD000000CBBEB050BB041B941AA41BB416CF122
:100DE000000C4CF001068CF0020718EB060859EBDA
:100DF0006C095AEB6C0A7BEB6C0B70EB6C0471EBBF
:100E00006C0572EB670653EB6C076CEB6C0C18EB24
:100E10000C0059EB0C015AEB0C025BF1000354F18E
:100E2000000455F1000556EBDC7657EB0C077047D4
:100E30002DE9F14F87B0FFF7AFFDDDF81080DDF849
:100E40001490DDF818A0FFF797FFBDE8000FFFF73B
:100E500093FF03B05DF8048B88E8FF00BDE8F08FD6
:100E60002DE9F14F87B0FFF753FEDDF81080DDF874
:100E70001490DDF818A0FFF77FFFBDE8000FFFF723
:100E80007BFF03B05DF8048B88E8FF00BDE8F08FBE
:100E9000054B1B780022013382600260034A4260E6
:100EA000C371FF23037270476016002028010800F9
:100EB000064B074A9B7802604FF418728280C37118
:100EC0000822002382710372704700BF6016002061
:100ED00061C40100064B074ADB7802604FF43672AA
:100EE0008280C3710822002382710372704700BFA1
:100EF000601600202BC10100064B074ADB7A026016
:100F00004FF4B4728280C3710822FF23827103728E
:100F1000704700BF601600206BBC01002DE9F34153
:100F2000C41D002824F00704064614BF20460020F4
:100F300000F0E2FC071E04DA6FF00B0002B0BDE81F
:100F4000F081364DE988A8886B7A2A7A033103301C
:100F500089B280B217F0DFFA0028EDDBA978EB78D0
:100F60003C440334002E194424F0030400FB01F137
:100F700014BF2046002000F045FE20440EB9002892
:100F8000DADBEA7A0446B2B1EB7B697C134419449C
:100F9000FF29D1D80330002E20F0030414BF2046CF
:100FA0000020AA89C9B200F09FFE0028C4DB0444D7
:100FB0000EB9002CC0DB012000F094FCB0B1A97B7D
:100FC000A1B195F82A3033B340234FF4817207342E
:100FD000002E24F0070414BF2046002005F05AFA22
:100FE0000028A9DB04440EB9002CA5DBAB7AF3B1D1
:100FF000EB7AABB10734002E24F0070414BF20466F
:101000000020A97A0BF0FAF8002895DB044476B9A1
:10101000002C0CDA90E725232822D8E76016002060
:10102000012000F05FFC10B1AB7B002BE2D1734BD1
:101030001B6893B1A97D81B10334002E24F0030411
:1010400014BF20460020EA7D98470028FFF674AFC1
:10105000044416B9002CFFF66FAF694B1B688BB1C7
:10106000297C79B10334002E24F0030414BF2046F8
:10107000002098470028FFF65FAF044416B9002C03
:10108000FFF65AAF5F4B1F68AFB1697C99B12B7DFA
:1010900000930334002E24F0030414BF20460020E4
:1010A000EB7CAA7CB8470028FFF646AF044416B98B
:1010B000002CFFF641AF072000F014FC98B1A97D89
:1010C00089B10334002E24F0030414BF204600200D
:1010D0002A7E00F0F7FE0028FFF62EAF044416B972
:1010E000002CFFF629AF95F82300B6FA86F77F09A2
:1010F000A0B16B7FA97E033424F00704194444F0A7
:1011000004043B462246C9B200F01CFF0028FFF64B
:1011100013AF044416B9002CFFF60EAF95F8241057
:1011200000294CD004F10708002E28F0070814BF4E
:1011300040460020EA8C17F002FA041EFFF6FCAECF
:101140004444002E3ED1002CFFF6F6AEA97F0029C4
:1011500045D095F82230002B41D02A8C0734002E40
:1011600002F1240224F0070814BF4046002092B286
:1011700017F0E5F90028FFF6DFAE404416B9002865
:10118000FFF6DAAE2B7FA97E033020F0070040F097
:101190000404194495F822003B462246C9B200F0E7
:1011A000C3FE0028FFF6C8AE044486B9002CFFF643
:1011B000C3AEEB6AF3B1C6B1EC620020BEE6002E0E
:1011C000C4D08846E98C404612F0F6FABEE72A8C75
:1011D000A97F083292B2404612F0F4FAE9E7002EF5
:1011E000E7D0002211461046F6E728343FF5A4AEBA
:1011F0002046A3E6002EE0D1FAE700BF2405002038
:10120000280500202C0500201FB572B6194B1D6B58
:10121000EDB9BFF34F8F1849184BCA6802F4E0626A
:101220001343CB60BFF34F8F00BFFDE72346B2FBF4
:10123000F6F25C1C002AF9D104AEDCB256FA83F354
:1012400003F80C2C0A2234B901A8A847E1E70246AA
:1012500000230A26EDE7631E04AEDCB256FA83F3E0
:10126000B0FBF2F602FB1600303003F80C0C3046EF
:10127000E9E700BF6016002000ED00E00400FA0579
:1012800013B5124C2389ADF80030E388ADF8043073
:101290006846A388ADF8023008F0DAFC18B1FC21EA
:1012A0009C20FFF7B1FF207D08F036FD08B1FF213B
:1012B000F6E7E07C08F02AFD10B14FF48071EFE70B
:1012C00094F8280010F000F802B010BD601600205D
:1012D00038B50546002840D015F0D8FE10B94FF0BB
:1012E000FF3038BD15F03AFAB0F5FA7FF7D81C4C4C
:1012F0001C4825631B2500F06FFA00212A4604F1E3
:101300000F0084F83410217084F82A10E16216F07E
:1013100053F90123A370E370E372A3742376F723D8
:10132000032108202384FB2302222172A072A173CF
:101330001F204921E3840A23A580E5806272A081F1
:10134000E174E27584F82830EFF3108472B600F08F
:1013500009FE04B962B60020C3E76FF01500C0E7CC
:10136000601600208112000038B51446002840F0B5
:10137000C480634D95F83430032B00F0BB80B9B1C5
:1013800012B96FF0150038BD0139172900F2B58088
:10139000DFE801F00C1D20366069873C6C6F8142EC
:1013A00048565B8D909FA2A596B3B3A81378AB70F7
:1013B0000020FFF7B3FD0028B7BF0123022385F803
:1013C00034306FF00B00A8BF85F83430DBE71378BA
:1013D000EB70EDE71379002BD3D05379002BD0D0ED
:1013E0001288FB2ACDD863881B3B9BB2E02BC8D860
:1013F0001A2AC6D923686B60424BA2889A80D7E725
:101400001378EA7B9342BCD3EB72D1E71378EA7A84
:101410009342B6D8EB73CBE71378EA7A9342B0D80D
:101420006B74C5E71378002BABD05378013BDBB26C
:10143000F82BA6D813886B82334B92789A70B7E753
:10144000107868750FF03AFFB2E71378002B98D048
:101450002B76ADE7012000F045FA237808B1012B87
:101460008FD9AB73A4E71388AB81A1E71378AB7571
:101470009EE7072000F036FA10B92378012B80D9B7
:10148000072000F02FFA18B12378002B3FF479AF32
:101490002378EB758CE71378082B3FF672AF2B742B
:1014A00086E71388FF2B3FF66CAFAB7280E71378AB
:1014B0006B767DE713780E2B3FF663AFAB7677E75D
:1014C0002368124AC5F81E3063685360238913816C
:1014D0006EE71378EB766BE713786B7768E7137832
:1014E0002B7765E713785A1E092A3FF64AAF85F82D
:1014F00028305DE74FF0FF3045E76FF02C0042E702
:101500006016002064160020721600207E1600204F
:10151000F8B50D46064630B329B311F0070422D1C1
:10152000124F97F83430012B02D16FF00B00F8BD49
:10153000032B02D14FF0FF30F9E700F07DF80028CF
:10154000F8D02846FFF7EAFC0028EEDB1BF05BF83A
:101550003046F96A08F0C2FCFFF792FE032387F8D1
:1015600034302046E3E76FF01500E0E76016002016
:1015700010B5074C94F83430032B03D108F0CAFCA3
:1015800009F036FE17F02FF9002084F8340010BD62
:101590006016002050B1074B03F1140253F8041BEE
:1015A00040F8041B9342F9D1002070476FF01500FA
:1015B000704700BF47BD040008B508F019FCBDE83E
:1015C00008400249032000F085B900BFF90E000071
:1015D00008B508F021FCBDE808400249022000F0EF
:1015E00079B900BFD50E000008B5094B93F82A3031
:1015F0005BB108F051FC0749012000F06BF9BDE830
:1016000008400549002000F065B908F027FCF2E722
:1016100060160020910E0000B10E0000024B02681F
:101620001A600020704700BF98160020014B1B680D
:10163000184700BF98160020024B1868003818BFE2
:101640000120704798160020F7B52E4E0446071D5E
:101650002C48376009F0ECFD0228054606D12949DF
:10166000204616F00DF9284603B0F0BD042842D1FB
:101670003378092B0AD0262B1ED03146204616F08F
:1016800064F9B0F5817F2DD3722112E005213E204F
:1016900016F0C8F80028F0D1F378327901A943EAAE
:1016A00002236846ADF8003016F009FD0028CFD0BF
:1016B00053210820FFF7A8FD1A213E2016F0B2F8AA
:1016C0000028DAD17368C3F30F23ADF804306946FC
:1016D000112301A88DF8063016F013FD0028B7D0AD
:1016E0006521E6E70028B3D0A178207816F09AF8B3
:1016F0000028B8D1ACE70828B5D10249204616F039
:10170000EEF8B0E79C160020074B4FF0FF3141F692
:10171000FF72C3E9001205490022C1E900221F211E
:10172000C3E90212704700BFC0040020A0170020C8
:101730003F280CD801380B4BC0F3421200F01F00B9
:1017400053F8223023FA00F000F001007047FF2820
:1017500006D04038C0F34212034B00F01F00EFE701
:1017600001207047C0040020A01700200146074B4D
:10177000006849681A4603C240F48C221A6041F09E
:10178000107242F4FF625A60704700BFC00400202C
:101790000246024B0068516803C37047A01700203F
:1017A0000246024B0068516803C37047C80400201A
:1017B000382800F1FF33DBB21FBF064A590902EB9C
:1017C000810203F01F031DBF9068D84000F00100A4
:1017D00000207047C0040020014B1860704700BF14
:1017E000A817002010B5FFF78FFF17F0D6FA034BAC
:1017F0001B68044603B19847204610BDA817002077
:10180000F0B50C88C37C0288A5B2C4F30E0404F1C1
:1018100018060233865B1A44334497B213FA82F3F4
:10182000013B4288B3FBF7F313FB07439BB29A4299
:10183000044A93BF22EA05032A4013439BB20B805C
:10184000F0BD00BF0080FFFF4A1E062A08B5034610
:10185000084604D84FF4D1711520FFF7D5FC094A8A
:10186000914202D940F2A311F6E711B903B1196010
:1018700008BD2BB11B680022C3E901211A1D1A60A3
:101880000430F5E7FAFFFF7F10B5114B00EB410480
:101890001A786389B3FBF2F303FB0223013A1A447B
:1018A000B2F5706F0279807828BF00231A440B18B4
:1018B000B2FBF0F100FB11215B1AB3FBF0F100FB6E
:1018C000113313446FEA43436FEA5343638110BDFE
:1018D000AC170020024B03EB80035960704700BF38
:1018E000AC170020034B03EB80035868003818BF87
:1018F00001207047AC1700202DE9F04F10F0070AC7
:1019000085B0054604D040F261111720FFF77CFC3A
:10191000534F07F14C06B1460446B0464FF0010B59
:1019200057F8043B8DF80BA03BB101A898479DF8F0
:101930000A30082B01D9E821E7E79DF80B1041BBDD
:1019400005B131604F4506F10406E9D1002D6FD095
:10195000DFF81091002289F800209646122758F8E7
:1019600027A0013FBAF1000F55D09AF804609AF809
:1019700002C0FF2E60D039460023481C38D19C4459
:10198000BCF1FF0F3FD90AB189F800E040F22711FE
:10199000BBE79DF80AC06046022838BF02204B1DF5
:1019A0005A0004EB4303441E2344BDF8084064443A
:1019B000013CCCF1000C04EA0C044042B4F5803F39
:1019C00003EA000301D3F8219FE775B19A1A326048
:1019D0009170148082F803B09DF80C00107101988A
:1019E00010814FEA104CA2F806C004FB0134A9E7AD
:1019F00058F8210028B190F804B0B34504BF8078AE
:101A00001B180139B9E7DBB2E6458AF804303CBF60
:101A10005FFA8CFE01227B1CA1D10AB189F800E09B
:101A2000122640F6FF6A58F82670B7B9013EFAD27E
:101A3000601B05B0BDE8F08F0023E5E707EB41032D
:101A40003846A3F80AA0FFF71FFF09F10109BB7888
:101A50005FFA89F18B42F1D8E8E74FF00009F6E729
:101A6000B0170020AC17002038B54FF6FF73038085
:101A7000184B03EB81030246186DA8B184780379F3
:101A8000B3FBF4F104FB1133DBB2194600EB410563
:101A9000B5F90A50002D0EDB0131B1FBF4F504FB62
:101AA0001511C9B28B42F1D1002038BD6381BDE868
:101AB000384016F00CBD00EB41046389C3F30E03FC
:101AC0001380C278002AF1D14FF4D5711720FFF7A7
:101AD0009BFB00BFAC1700201C4B03EB810370B5D0
:101AE0001C6D054644B3030404D54FF4DC71172084
:101AF000FFF78AFB0146204616F0CBFCFF28014683
:101B000004D02046BDE8704016F0E1BCA078B5FBDB
:101B1000F0F300FB1353DBB219460A1D04EB420637
:101B2000B6F90260002E09DB0131B1FBF0F200FBD7
:101B30001211C9B28B42F0D1002070BD8B4201D08E
:101B40000023E37004EB42025580DAE7AC17002073
:101B5000094B03EB810310B51C6D0146204616F0BE
:101B600098FCFF28014604D02046BDE8104016F03E
:101B7000AEBC002010BD00BFAC170020F8B5104B64
:101B800003EB810307461C6D0146204616F081FCDD
:101B9000FF28054611D0E288238953EA024606D081
:101BA0000146204616F093FC01463846B0472046D1
:101BB0002946FFF769FE0020F8BD0520FCE700BFBD
:101BC000AC17002038B50E4B827903EB8203044634
:101BD000186D08B9052038BD8278E1799142F9D2B3
:101BE0004B1CE37100EB41035D89B3F90A30002B14
:101BF000F3DBA58016F06BFC20600020EBE700BF54
:101C0000AC17002070B5044610F003000E4603D058
:101C10004E211820FFF7F8FAFFF716FE054624B10B
:101C2000034831460460FFF70FFE284670BD00BF31
:101C3000481800202DE9F14FDFF870B09DF828A07A
:101C40009DF82C901E46DBF8003007460D46904666
:101C50001BB960211820FFF7D7FA524609214046E8
:101C600016F094FA4A4684B20921304616F08EFAEC
:101C700014FA80F1DBF8000016F0DFFB386018B9C9
:101C8000286001B0BDE8F08F04442C6038685346EA
:101C90004146092216F03DFA28684B460922314692
:101CA00001B0BDE8F04F16F034BA00BF481800206C
:101CB00070B50E46044616F07CFA0546304616F01E
:101CC00078FA044B2A1821461868BDE8704016F0CF
:101CD000D9BB00BF48180020024B186808B116F0A5
:101CE000A0BB7047481800201F2AF8B504461346C9
:101CF0000ED89200033222F00303B3F5803F2DD2B9
:101D0000184DACB1A00710D05F210920FFF77CFA75
:101D1000FF2B4FEA420204D9FF339A42A8BF1A466A
:101D2000E8E77C2AB8BF7C22E4E729706C602B814D
:101D300022F003022823120403FB01F001276B6841
:101D4000120C0025EEB2B14200D8F8BD14B126182D
:101D50001F705E60104401352833F3E74FF0FF3009
:101D6000F3E700BF4C18002070B5154A157853688A
:101D70000021C8B2854203D8AB210920FFF744FAFD
:101D80001C46184614F8286B01310EB92346F0E7BB
:101D900000219970128999610124D96159685C7098
:101DA000920803F11E0403F1260524F8022FA54230
:101DB00043F8041F1144F8D100234361037070BD40
:101DC0004C1800200A4B1B89B3F5FF7F4FEA9300A4
:101DD00006D25A089B1A9BB2984238BF18467047E1
:101DE000B3F5EE6F01D8FF22F4E740F27263F3E738
:101DF0004C1800204B782DE9F04106460C4602F0C5
:101E0000040702F0FB05E3B1A5BBFF23A3707B0829
:101E100004EB57073A7D032A02D1022D18BF013384
:101E2000E2180121117503F10C0104EB8303002278
:101E300024F811205B68A2703360B2803046BDE8A0
:101E4000F081002DE1D101234B701D4B8D611B8969
:101E5000CD6101F11E0249689B08204604F1260C61
:101E600022F8023F944540F8041F1944F8D100239A
:101E70006361CAE7D1F80480142200216170A018C0
:101E800015F09AFB0E4B1B89B3F5FF7F0FD25A0852
:101E90009B1A9BB208EB0301C4F804802384A16061
:101EA0006284C4F80C80A3842161E284ADE7B3F5B9
:101EB000EE6F4FF0FF02EBD940F27263EAE700BF2A
:101EC0004C1800202DE9F84305460C46F720052163
:101ED000914616F05BF9061E21DB1DB914FB06F0D6
:101EE000BDE8F88315F0030703D098211920FFF708
:101EF0008BF9DFF83080C8F81050A8F81460BBB236
:101F00009C42EBD9B8F81450D8F810004B4607FBA8
:101F100005000522F72116F0FCF80137EFE74FF036
:101F2000FF30DDE76018002007B5CDE900230B4640
:101F300003490246081D16F030FC03B05DF804FBAF
:101F40007818002013B5064CCDE900230B46024655
:101F500004F1080104F10C0016F01FFC02B010BDE2
:101F600078180020134B012200214FF0FF309A60B7
:101F7000C3F80012C3F80803C3F80015C3F804251A
:101F80009A60C3F80803C3F80015C3F804250A498A
:101F90000A4A03F580334FF40040C3F80825C1F81E
:101FA0008000BFF34F8FBFF36F8FC1F88001C3F87C
:101FB0000825704700F0004000E100E00000F63F17
:101FC0008C46342300B50CF8033B054B8E4607CBFB
:101FD000CEF80300CCF80410CCF808205DF804FB20
:101FE0009418002010B5154C10F002FB0FF036FBD2
:101FF000636A608C00219847237E9BB9104B628CEA
:1020000093E803000AF02AF9E36A18880AF0ACF8AA
:10201000636B94F8301094F831009847002384F8EB
:10202000383010BD94E8070004F10C0383E8070082
:10203000044904F1190018F0A4FCDFE78818002017
:10204000B0180020C11F0000034B93F8383003B9CB
:102050007047FFF7C7BF00BF8818002008B540F2DF
:102060009D410620FFF7D0F808B5094B93F83820BA
:10207000022A07D1DA7A42F00102DA72BDE808409A
:10208000FFF7B0BF40F24F212720FFF7BDF800BF98
:102090008818002038B5364D95F8283004460BB125
:1020A00001280ED0012918D82B6C20469847A0B1E2
:1020B00095F830308BB995F8280080B18CB118466E
:1020C00038BD6B8F1807EDD5EA6B137803F0030367
:1020D000032BE7D1D378022BE4D1012038BD012CAA
:1020E000EED195F844401CBBE86C18F0A2FB2B6DB8
:1020F0005BB3A0F10103B3FA83F35B0995F82810F1
:102100006A8F61B191070AD5EA6B137803F0030374
:10211000032BE2D1D078023818BF012038BD002A45
:10212000DBD144EA030080F0010000F0010038BD7B
:1021300095F84530032B0DD1EB6BDB78022B15D0D6
:10214000A86C16F0B8F80446CEE7B5F85420002A7B
:10215000D4D1CEE7A86C16F0AEF828B908F03AF959
:1021600080F00100C4B2BFE70124BDE70024BBE753
:1021700088180020F8B52B4CE56A94F85C3095F887
:102180009420E76C95F87510A76503EB820306466B
:1021900008B9FF2B27D018460FF0D2FE95F89430DF
:1021A000002B38D0206E10F035FB94F82830D5F88D
:1021B000F020216EA06D6267003B18BF012384F8F8
:1021C0007C30D5F8F430A3670FF012FAB6B1A88EC0
:1021D0000FF02AFE95F87410002010F043FC022343
:1021E00084F83830F8BD95F874008842D3D1002ABD
:1021F000D8D1384610F00EFB0FF030FA95F8753054
:102200002A8F033B012B8CBF00202820104480B272
:1022100010F0AAFBDBE7A06D10F0FCFA0FF01EFA3D
:10222000D4E700BF88180020F0B5834C83B0E56A7E
:10223000002395F874108DF8053040B995F8942076
:1022400094F85C3003EB8203FF2B00F0BB80FF208F
:102250000FF076FE95F88A30032B00F2E880DFE875
:1022600003F0021D7E6E94F88B30ADF80630734893
:10227000A5F8643008F088F8002840F0A980A06C28
:102280000DF105020DF1060115F0BAFF0746E063F6
:1022900020B195F8CF30002B00F0AD80684FE76398
:1022A00095F88B203B78D20003F0030602F0080279
:1022B00003F0F303134395F88C20920002F004021C
:1022C0001343032E3B705DD0A06C15F0F4FF002883
:1022D00040F0868008F07EF880F001031B01DAB23E
:1022E000E06B3B7823F0100313433B7095F8933079
:1022F00013B14378002B50D110F08CFA0FF0AEF9E7
:1023000009F070F808B1032E6ED0E88E0FF08CFD46
:1023100095F87510012010F0A5FB0125E06B84F8FD
:102320008D5018F086FAE36B84F844001B7884F82B
:10233000385003F0030384F8453003B0F0BD3F4844
:1023400008F022F800286DD0E76BFB781B2B15D125
:10235000012105F110000FF03BFEE76B0EE0B5F830
:102360006430A06CADF806300DF105020DF10601E8
:1023700015F046FF0746E06300284ED0012384F89D
:102380008C308DE7FA78022A32D0A06C15F093FFDA
:102390000301DAB2E06B3B78A4E7206E10F03AFA62
:1023A00094F82830D5F8E820E16B206E6267B3FA24
:1023B00083F35B0984F87C30D5F8EC30A3670FF029
:1023C000DBF89DE795F875308B427FF440AF41E72D
:1023D000E76B012185F88510FB781B2BCED1B8E780
:1023E000E06B3B7810227DE7012013F057F88CE773
:1023F0003846002276E79DF8053033B1BDF8062057
:102400007A70012384F88C304AE703808370E06B94
:10241000012118F0FEF9E76BF0E740F2F1212720E7
:10242000FEF7F2FE40F2FB212720FEF7EDFE40F220
:1024300009312720FEF7E8FE88180020C418002084
:10244000101900202DE9F047414C94F83830012B49
:1024500082B075D1E66BE56A96F800800746304693
:102460005FFA83F98A4618F0E0F9304618F0D9F996
:10247000304618F0DEF995F88430767808F00308D5
:1024800093BBB8F1030F42D0002E18BF4FF00209E2
:1024900095F8943085F88A90EBB1E36A94F8282097
:1024A00093F87530003A18BF0122013BDBB284F883
:1024B0007C20D5F8F0206267032BD5F8F420A267C2
:1024C00094F85C2041D823490020CB5C009022493D
:1024D00001200EF0C7FF17B9BAF1000F25D102B0E5
:1024E000BDE8F047FFF77EBD638F002143F0040392
:1024F000638785F88410636A0420984794F828302D
:10250000002BBED0B8F1030F85F88690BCD195F8AA
:102510008A303BB9638FE16B43F00203638702208B
:10252000636A98474FF00309B2E739463846FFF728
:10253000B1FD0028D3D102B0BDE8F047FFF71ABEC5
:1025400040F204512720FEF75FFEFFF787FD00BF32
:1025500088180020C83C0400EC18002070B50D4B12
:102560000D4C0E4A1A6094F838301BB1F421272024
:10257000FEF74AFE03F0FF0206460D46227609F0FA
:1025800065FE012104F1880018F043F9E664256630
:1025900070BD00BF30050020881800208C2F00007F
:1025A00010B5074A92F8383013B10C24204610BDFC
:1025B00003F0FF04147609F049FE204610BD00BF69
:1025C00088180020024B012283F88E20704700BF3C
:1025D00088180020F0B5BD4C85B002AD85E8030039
:1025E00094F838000A9E002840F06881002A00F024
:1025F0006581002B00F06281002E00F05F8100F009
:10260000FF0184F88E1084F8301084F88F1084F85D
:10261000311084F88D1084F88C106187618495E8FE
:102620000300236404F1280383E80300E56A62627F
:1026300066630FF031FD0FF011F895F97C000FF093
:1026400087FEAE6A286A0FF089FE304610F0C6F8A1
:1026500095F8A4000FF08CFE94F82860002E00F08E
:10266000EC80E36A93F8C231002B40F0BE8019F091
:102670000CF895F8752000F1790101200FF060FF4A
:10268000934B944E186810F0AFF86B69D5F8FC10B6
:10269000D5F80021D5F8F800A364D5F80431AF6966
:1026A000C4F890700FC6E36AD5F8081193F88E202D
:1026B000C4F87D10D5F80C11C6F80D10A2F1260152
:1026C000012993F874700ED993F88F1026290AD037
:1026D000213A012A40F2E080242900F0C280032F31
:1026E00008BF042715E094F82820002A78D093F832
:1026F000A23273B1FA1ED2B2012A40F2D880DA1E99
:10270000012A40F2D480012F03D0012B0CBF0127F6
:10271000022705F13C063946304618F009FA3946D9
:1027200017F0EEFCB5F8483095F875100246934264
:1027300028BF1346304684F88B3018F0A7F995F877
:10274000751095F89470B5F85060042908BF0321FE
:1027500017F0D6FC0FB9043080B2864228BF064677
:10276000F6B284F8946008F03DFE00285ED194F83B
:10277000282084F85C60002A3AD195F89330D3B1D0
:1027800095F87430D5F8E81095F87E006167013B44
:102790000121DBB284F87C108000D5F8EC10A16731
:1027A000032BC0B200F28F804B490092CB5C4949A9
:1027B000FB220EF057FE0120FFF736FD0023C4E98F
:1027C0000033A360AB6F2988B5F8880095F8A42082
:1027D0006080218022710BB101221A6005B0F0BD2A
:1027E00093F80A32002B85D193E70FF037FC3EE7D0
:1027F00095F89430B3B195F87530D5F8F020D5F848
:10280000F410A167013BDBB20120032B626784F85F
:102810007C0058D83049CB5C0021009132462D49CC
:102820000EF020FE0120FFF7A5FCC7E708F0E0FD51
:10283000B04238BF3046C6B299E718F026FF95F887
:102840007420264B33F8123001463046244E03F5EF
:10285000FA73A6FB036301EB931157310FF070FE7F
:102860000EE794F82820002A3FF439AF93F82E2180
:1028700093F86D3013405A0719D413F0010218D1A0
:102880009B077FF546AFFB1EDBB2012B0FD902225F
:10289000012F18BF17463CE72429E2D094F82820DE
:1028A000002A3FF41CAF93F82E315907E5D50427D1
:1028B0002FE7FB1EDBB2012BEAD8F8E740F28311C9
:1028C0002720FEF7A1FCFFF7C9FB00BF88180020F6
:1028D00030050020EC180020C83C0400583F0400DC
:1028E000D34D621008B5124B93F8382092B193F88B
:1028F000282022B993F83830012B14D108BD93F861
:102900003820022A0AD1DB6AD3F8D801BDE8084092
:102910000FF0F6BFBDE80840FFF764BB40F231217D
:102920002720FEF771FC40F22D212720FEF76CFCDA
:1029300088180020FFF756BB014B1876704700BF80
:1029400088180020014B93F88D00704788180020EC
:10295000044B93F88C0018B993F82300C0F30010CF
:10296000704700BF88180020024B93F82300C0F383
:10297000C000704788180020014B93F88F00704703
:10298000881800202DE9F0433E4DAE6DD5F82C801F
:1029900083B0044630460F4617F047FF304617F025
:1029A00040FF304617F045FF14F00109767813D048
:1029B0000023A00785F8953034D4D8E93C3198F845
:1029C0008C20013341F100010132C8E93C3188F823
:1029D0008C2003B0BDE8F08395F89530032B4CD8DC
:1029E000DFE803F01E070202A3073AD403B0BDE8F4
:1029F000F083A207FAD52B6D002B39D0B5F85420FF
:102A0000A96D0332184614F017FE0346D5F890005E
:102A1000AB650022314603B0BDE8F04315F08CBC35
:102A2000A107E3D52B6D1BB3B5F85420A96D18464B
:102A3000033214F001FE0DF1020201A9A865D5F8D8
:102A4000900015F0E4FC019815F0C7FC01223860F5
:102A50003146D5F8900015F06FFCB9F1000FC5D0E4
:102A6000ABE7D5F8900003B0BDE8F04315F0CBBC60
:102A700040F2F6412720FEF7C7FB40F2A241272093
:102A8000FEF7C2FB881800202DE9F04FC04C94F8E7
:102A90003820E56A85B00023022ACDE9023340F0F0
:102AA0006382A66D07463046884696F800B017F058
:102AB000BCFE8146304617F0B4FE8246304617F021
:102AC000B8FE767895F89430002F4FD0002B40F068
:102AD0009A81A4F85460002E40F0AB81002095F854
:102AE0008B20638C206502F0010243F40073524591
:102AF000638400F00581D4F82CA09AF88A20C2B132
:102B0000022A00F0DC8194F8283000218AF88A102B
:102B100023B19AF88630002B40F0C4819AF88530B2
:102B2000002B40F093819AF88B3001338AF88B3078
:102B3000638C95F88C2002F0010243F400634A454F
:102B400063844FF0000A0BF0030B00F0E38008F001
:102B500049FC18B1BBF1030F00F0748195F8933074
:102B6000002B00F0FE800026B14626E0002B40F04E
:102B7000478194F88F30013384F88F30638C43F4AD
:102B80008063638495F87530033B012B04D908F00A
:102B900029FC002800F08F80012012F07FFC0FF04C
:102BA00051F9042895F8939000F00C81B9F1000FC9
:102BB00000F086800026B146B24694F8283095F899
:102BC0007E00D5F8E8206267B3FA83F35B0984F8E6
:102BD0007C3095F87430D5F8EC20A267013BDBB26D
:102BE0008000032BC0B200F2C4816A4A6A49D35CF8
:102BF00000220092FB220EF035FCB8F1000F07D145
:102C000094F88F100120FFF745FA002800F0C880E3
:102C10000FF0B6FF002E00F0128103A90320FFF78A
:102C2000B1FE4FF00109638C5A0607D4636A002194
:102C300040209847638C43F040036384BAF1000F4F
:102C400009D094F82830002B40F09780B4F8093070
:102C50000133A4F80930002F47D0B4F80530002222
:102C60000133A4F8053084F88F204C4809F06AFA43
:102C7000029830B115F0B1FBE16A0022027208F04F
:102C80001BFB039B33B1E16A00221A720C220398EA
:102C900008F0E0FAB9F1000F2DD1638C1B0607D4C0
:102CA000636A494680209847638C43F080036384BD
:102CB00005B0BDE8F08F95F89330002B7FF47AAF24
:102CC000B8F1000F40F0918094F88F100120FFF7C9
:102CD000E1F9002840F089804FF00009CA46002041
:102CE000FFF7A2FA9FE74FF00109B4F8073001336C
:102CF000A4F80730B9E7FFF775F905B0BDE8F08F24
:102D000095F88C2002F001024A45BA460BF0030BFD
:102D10007FF41DAFBBF1030FD4F82C9040F0B280CC
:102D200043F480536384638FA16D43F0010301205A
:102D3000638789F88400636A984799F88C30013377
:102D400089F88C30002E3FF402AFD9F8F03001330F
:102D5000C9F8F030D9F8F43043F10003C9F8F43081
:102D6000F5E6B8F1000F29D194F88F100120FFF794
:102D700091F918BB4FF00009B1E7B4F80530B4F889
:102D80000710B5F888200B4313433FF464AF5DE7A9
:102D900088180020C83C0400EC180020B01800205F
:102DA000002E9CD003A90120FFF7ECFD0020FFF7C7
:102DB0003BFA03A90220FFF7E5FD34E70FF0E0FE40
:102DC000B94630E71B2E7FF6F1AEB9F1000F73D193
:102DD000B8F1000F09D194F88F100120FFF75AF9CC
:102DE000824610B94FF0010979E70FF0C9FE638CF4
:102DF00059063FF578AF4FF0000A4FF0010915E78B
:102E00000EF088FCB5E60EF045FC00287FF461AEBC
:102E1000002E44D095F88C3003F001034B4518BFC9
:102E2000A4F8546005D1012384F83130FFF7DAF8B3
:102E30003EE7D4F89000314615F05EFA4FE64FF0C9
:102E40000109F0E6012012F029FB87E600218AF84B
:102E5000851007F0A9FA0021002800F09180638F07
:102E600043F0080363870820636A9847DAF8E8307C
:102E70000133CAF8E830DAF8EC3043F10003CAF85D
:102E8000EC3050E6BBF1000F3FF457AF4EBB99F862
:102E90008C30013389F88C3008F0A4FA5EE6A4F88F
:102EA00054601BE6638F8AF8861043F01003638733
:102EB0001020636A984731E60026B2467DE6A06C92
:102EC00002A915F0C2F9002855D0DAF8E83001332C
:102ED000CAF8E830DAF8EC3043F10003CAF8EC3015
:102EE00011E643F48053638499F894900EF0AAFF9E
:102EF000042894F8943007D1B9F1000F0CBF1F22B9
:102F00001B22934228BF13469E421CD8236D1BB33D
:102F100094F88E90B9F1000F21D108F063FA95F87A
:102F20009360002E7FF449AEB8F1000F08D194F8F9
:102F30008F100120FFF7AEF8814600283FF432AF32
:102F40000FF01EFE69E694F83030012043F01003C4
:102F500084F8303012F0A2FA08F044FAFEE5636A11
:102F6000002120209847F7E740F28B512720FEF7F9
:102F70004BF9FFF773F840F23B412720FEF744F985
:102F800040F252412720FEF73FF900BF69200000C0
:102F9000892A000045240000492000000B46062233
:102FA00003F8032BB0F809C0C27AA1F803C09A70E5
:102FB000704700BF08B54FF42E713220FEF724F998
:102FC00090F8DE2012B902F0FF00704710B53638D5
:102FD00082B00C4604F0A2F918230420237002B03A
:102FE00010BD00BF70B5002860D0437A0D4604467E
:102FF000002B3AD040890021FEF7AAFD06460028A2
:1030000059D0008807F082F930880021FEF7B6FD1C
:10301000002855D194F8546094F8A6302BB194F858
:10302000A7301E43002384F8A630204604F076F92A
:10303000B3072BD12B46132203F8032B04F109020B
:103040002934166850689168D2F80CC0C3F80CC0D7
:103050001032A2421E605860996003F11003F0D153
:10306000117819700022AA7170BD036DD0F80E207E
:10307000C3F80320428AA3F80720437B026D03F0C4
:10308000FD03003B18BF01239370C3E726F004063D
:10309000002284F854601146204604F02BFF0028DB
:1030A000C8D140F221313220FEF7AEF840F20131B2
:1030B0003220FEF7A9F840F20D313220FEF7A4F8D5
:1030C00040F211313220FEF79FF800BF044B1B681D
:1030D0000022A3F8212183F8232183F87020704770
:1030E0002019002008B507F025FE034B18700FF0DB
:1030F0007FFA032008BD00BFD004002008B507F008
:1031000019FE024B02461A70012008BDD0040020AF
:103110002DE9F041064615461C4649B1B36823B176
:103120001DBB2CBB0020BDE8F0810120BDE8F08173
:10313000194F396891F85A2091F87E0001F15B032C
:10314000783116F0DEFED7E900235B79082B19D021
:1031500092F856100129E1D00029E3D10028DDD1F1
:1031600092F84E209A42D9D0DCE72846BDE8F0819B
:103170000949B27C0968BDE8F04191F8410042314B
:1031800016F0BFBE92F85630012BC7D0002BC9D124
:103190000028C3D1C6E700BF2019002038B5114C64
:1031A00020686C3003F0E8F9656803F095F963680E
:1031B0002860186858B103F0BDF968B10FF02AFB18
:1031C00000200FF0D1FB636804221A7138BD40F271
:1031D000EC413220FEF718F840F2EE413220FEF7C3
:1031E00013F800BF2019002008B507F0A3FD04491B
:1031F000044B024648681A7003F036FA012008BDF5
:1032000020190020D0040020F0B5504C2368002283
:103210001F6D83B05A72FA690E4639885981054686
:1032200041F27071A2F57A70884274D94849A1FBC5
:103230000212C2F38F221A84BA8C5A84FA8C9A84AE
:103240004FF47F42DA844FF6FF721A85002D48D082
:103250000121304617F0E2F93278D209236893F859
:10326000481009B1002A46D1002159611983207BF9
:10327000082858D003F10E0203F10D0107F030FBCE
:1032800000285ED023685A7B42F002025A7303F191
:103290001A07002D39D103F1780002683A6082885C
:1032A000BA8093F95810186D07F01AFD2068294963
:1032B00017F05EFB20682849036D1A88A0F83320B8
:1032C00093F8963080F835302A3017F05AFB206892
:1032D000022104F0B5FF20686C3003F04DF903B013
:1032E000F0BDA068694617F061F8A3681A786846CF
:1032F000C2F38012B2E7427902F0C002402AB3D191
:1033000002685A6182881A83B1E70021304617F0BB
:1033100085F92368C1E71149A1FB0212920902F560
:10332000506292B287E793F87E00996F5873C3F8A2
:103330000E10B3F87C0058820021C3F81A10D9830C
:10334000AFE741F204413220FDF75EFF2019002073
:103350005917B7D1E52F00009D2F0000D34D621003
:1033600008B540F292313220FDF74EFF10B50478D7
:103370008CB004F00F04224602A903F035FC07F0DC
:10338000D9FC234A042C107002D003200CB010BDCD
:10339000204C0399236891F800E093F878C0E64543
:1033A000F3D191F801E093F879C0E645EDD191F8B9
:1033B00002E093F87AC0E645E7D191F803E093F88C
:1033C0007BC0E645E1D191F804E093F87CC0E64586
:1033D000DBD191F805C093F87D108C45D5D193F8D9
:1033E0007E309DF819109942CFD17F280DD00090E2
:1033F0004FF07F0C606882F800C0237C227B02A91A
:1034000003F05EFB03200CB010BDFFF7A9FF00BF67
:10341000D00400202019002010B50E4A53681979F5
:1034200002290DD9197908290FD81B79526903F19E
:1034300080439268033BBDE8104052F823301847A0
:1034400041F2AD413220FDF7DFFE41F2AE413220C4
:10345000FDF7DAFE2019002038B5194D6B681B798D
:10346000022B28D82B68027C83F8A420C1689966B7
:103470001A44044692F8242183F820214268C3F8B4
:103480008820037A022B0ED00EF006FE0FF0B8FA59
:103490000DF060FF0B480FF0A7F90B480FF09EF9F5
:1034A0000A480EF05BFF637C23B12B685B6E0BB1A7
:1034B00001221A6038BD40F6FA013220FDF7A4FE61
:1034C000201900203C05002055555500D6BE898E98
:1034D00070B53B4C63681A79032A064643D01A79C3
:1034E000042A40D0226892F85420920740D1A5685F
:1034F000002D4CD0236893F85430002B3DD03EB1C2
:10350000284617F051F9E0B9284617F068F9C0B914
:1035100063681A79022A3FD91A79082A41D81B7997
:10352000626903F180435269033B52F823309847A4
:103530000C2827D86369DB68BDE8704053F8203059
:10354000184763681A79022A30D91A79082A32D8BA
:103550001B79626903F180431269033B284652F8E4
:1035600023309847E4E7186802F0E4FF0546BFE718
:10357000186802F0E1FF0546BAE741F2BB3132209C
:10358000FDF742FE41F2CE313220FDF73DFE41F221
:10359000B5313220FDF738FE41F29B313220FDF784
:1035A00033FE41F29C313220FDF72EFE41F23B31D9
:1035B0003220FDF729FE41F23C313220FDF724FE96
:1035C0002019002070B5154D2C6894F84830EBB1E7
:1035D000D4E920126FF000439A4208BFB1F1FF3FD7
:1035E00014D011F08FFCD4E92023904299410DD3DF
:1035F0002E6896F8483053B907F06CF9044611F07C
:1036000081FC074BE4FB0301C6E9200170BD0120EA
:1036100007F022FA0028F9D02E68EDE720190020E3
:1036200040420F002DE9F0471A4B93F90090B9F191
:103630007F0F84B02CD0184C66687F221A703379C3
:10364000032B80460F461AD03379062B14BF4FF058
:10365000010A4FF0030A236803F142050EF0F2FB62
:10366000CDE9029A00902B46257B01953A464146CA
:10367000304603F045F828B904B0BDE8F0874FF0B4
:10368000000AE8E7606804B0BDE8F04702F0ACBFAC
:10369000FFF766FED00400202019002038B505464B
:1036A0000C4606F09DFC420704D4A37803F0E00327
:1036B000402B0DD006F094FC830704D4A37803F0CC
:1036C000E003202B04D0237803F03F03242B01D9FF
:1036D000002038BD0EF0BCFB94F900206378002A6E
:1036E000A27802F01F0CB4BF4FF496711E2143EA7A
:1036F0000C2301FB03F3191AB1F5877FE8D3984235
:10370000E6D8064923880868A0F8213180F82321EB
:103710002946BDE8384003F0C9BE00BF201900208B
:103720002DE9F047334FD7F8048098F8063084B07D
:10373000002B4DD03D6895F8953004460E4633B9C0
:103740000378002B14BF0223012385F8953098F8E5
:103750000430062BDAB23FD0072A0CBF4FF0020A22
:103760004FF0010A244B93F90090B9F17F0F3ED03E
:103770007F221A700EF066FBCDE9029A0090397B29
:10378000019105F1420332464046214602F0B8FF5E
:10379000F0B16378DB0618D5A1690220FFF77EFF40
:1037A000E8B13A68002382F896306369DBB1597852
:1037B000C1F3031182F8971059781B7801F00F01BB
:1037C00043EA0123A2F8983003E0786802F00CFF86
:1037D000002004B0BDE8F0874FF0030AC2E7786824
:1037E00002F042FFF4E7FF2382F89730F1E7FFF79A
:1037F000B7FD00BF20190020D004002010B50446FA
:103800008AB007F097FA2378174A03F00F03072BC3
:10381000107002D001200AB010BD6946204603F0A6
:1038200089FA684603F06EFB9DF80030002BF1D159
:103830009DF80130DB07EDD50C4C019923689DF80C
:10384000110093F87E20783316F05BFB0028E1D05E
:1038500020680121A03016F0D4F8FF216846FFF758
:103860005FFF0130C0B2D6E7D0040020201900204D
:103870002DE9F04304468BB007F05CFA2378424A06
:1038800003F00F03082B107004D0012528460BB05D
:10389000BDE8F0836946204603F0DEF99DF800504C
:1038A000002DF2D19DF8013003F00303032BECD17E
:1038B000364E376897F84D306BB397F84E80737B70
:1038C0006BBB9DF81100019997F87E2007F17803F2
:1038D00016F017FB0028D8D097F84820376897F8DB
:1038E00041904237002A3ED19DF8120002990128EA
:1038F0003B464A4627D016F004FB0028C5D0306866
:103900000121A03016F07DF8737BABBB214601206E
:10391000FFF77AFCBAE7736893F80580CFE716F0F3
:1039200034FB8146B9F1080F9DF81100019997F811
:103930007E20CBD007F1780386F80C9016F0E1FAE0
:10394000C145C9D0C6E74F7916F0DBFA0028D6D1B9
:1039500007F0C007402F98D10299404607F0B0F811
:103960000028CCD191E7404607F0E4F800281CBFBE
:1039700007464FF00109B7E70FF042F80DF0EAFCF7
:1039800000237373C2E700BFD00400202019002079
:103990002DE9F04FDFF8DCA09846DAF800309346C6
:1039A000827C93F84850012A83B00446894685F00A
:1039B00001053DD0002637469AF80D203AB393F81A
:1039C000542052072DD46368B3B1DAF804305B7920
:1039D000082B18D01846019306F096FE2843C5B26E
:1039E000B7B19AF80F20019B6AB316F0D8FA0023FA
:1039F00007468AF80F300BE0DAF80430186803F055
:103A0000D5F80028E1D11FB19AF80E1009B30027AC
:103A10008BF8007089F8006088F8005003B0BDE8AA
:103A2000F08F93F84D20002ACDD093F84E30CFE799
:103A30008268567906F0C006A6F14006B6FA86F608
:103A400076093746B8E7A168184607F039F80746FF
:103A5000DEE7A06806F05CFF07468AF80D00002844
:103A6000D5D016F092FA0828D1D0DAF8043058717F
:103A7000CEE700BF201900202DE9F04F044687B0A3
:103A800006290AD8DFE801F0512E0F0909090400C0
:103A9000B24D68688379002B71D10EF0A9FD032027
:103AA00007B0BDE8F08F0EF0A3FDAC4A136893F8A1
:103AB00054108F07F3D0506881790029EFD0A84DBA
:103AC00095F900107F2900F025820291127B019266
:103AD0002146FF227F240092423302222C7002F002
:103AE00047FFDCE79D4DA27C2968686891F8483063
:103AF00090F806A090F80790012A83F001035AD0AD
:103B0000002791F8542012F0040600F0EF8091F89D
:103B10004D60002E59D091F84E80B8F1080F59D160
:103B200091F84100002680466DE08C4DD5E90030CB
:103B300093F8542057071AD5C279002A00F0DF8085
:103B4000626893F85B1016788E4200F03C8193F81F
:103B50005620012A00F05B8193F84E30082B03D0E9
:103B600042799A4200F053810EF042FD68688379F1
:103B7000002B40F0C880C379002B90D18DE72B68D3
:103B800093F85420960740F1ED80754A92F90010A1
:103B90007F2900F0BF81029121462C7B0194FF24F4
:103BA00000947F2442331470062202F0E1FE0023C9
:103BB00009202B7474E7A268577907F0C007A7F1B2
:103BC0004007B7FA87F77F099BE790F80580B8F1BF
:103BD000080F40D04046059306F096FD059B8346AE
:103BE000002F40F04581296891F8542091F84180D8
:103BF00002F0040C3E464046BCF1000F41D043EABF
:103C00000B0B5FFA8BF3626891F85BC092F800E0EF
:103C1000E64500F0FF804FF0000B6A685279082AF1
:103C200000F03D8191F84EC0ACEB0202B2FA82F294
:103C300052090592E6B1B9F1000F1DD091F8563046
:103C4000012B00F0E48023B9059B5BEA030B40F0F5
:103C5000DE804E4610E0626891F85BC092F800E0AA
:103C600091F84100E64500F0D480B34680460596C1
:103C7000002B40F0178100260EF0BAFC2B6893F859
:103C8000542093073FF40BAF0EF0B2FCBAF1000FD3
:103C90003FF405AF2968A36891F84100A27C423146
:103CA00016F02FF9002840F01981002E40F01681FF
:103CB0002B6893F85520023A012A3FF6F0AE002F08
:103CC0003FF4EDAE264E96F900207F2A00F02281C7
:103CD00002922A7B686801922146FE227F2400928C
:103CE00042330122347002F043FED8E690F805809A
:103CF000B8F1080F7FF46EAF91F84180C1E7837986
:103D0000002B3FF4CAAE2B6893F85420960744D496
:103D1000D0077FF5C4AE510700F1F380104B93F943
:103D200000207F2A00F0F68002922A7B0192FF2277
:103D300000927F2018702B68686821464233002269
:103D400002F016FE03206B68DA79002A7FF4A8AE31
:103D50009B79002B7FF4A4AE9FE600BF20190020C2
:103D6000D0040020D1077FF598AE530700F1B3804F
:103D7000694B93F900207F2A00F0CC8002922A7BC5
:103D80000192FF2200927F201870D5E90030214671
:103D90004233062202F0ECFD81E65F4A92F9001000
:103DA0007F2900F0B780029121462C7B0194FF24EB
:103DB00000947F2442331470002202F0D9FD0123C5
:103DC00009202B74BFE7567893F85C108E427FF47D
:103DD000BEAE967893F85D108E427FF4B8AED6787A
:103DE00093F85E108E427FF4B2AE167993F85F10AE
:103DF0008E427FF4ACAE517993F8602091427FF40B
:103E0000A6AE617C93F85A2091427FF4A0AE0A20BE
:103E100046E6804692F801E091F85CC0E6457FF402
:103E2000FAAE92F802E091F85DC0E6457FF4F3AE99
:103E300092F803E091F85EC0E6457FF4ECAE92F8AC
:103E400004E091F85FC0E6457FF4E5AE92F805C066
:103E500091F8602094457FF4DEAE94F811B091F8AB
:103E60005A20ABEB0202D2F1000B4BEB020BD4E673
:103E7000A1680593404606F023FE2968059B91F84A
:103E80005420064602F0040C91F84100002E3BD06D
:103E900040F00208BCF1000F7FF4B1AEF1E6002261
:103EA0000592C7E6A368A27C423116F02AF8B9F160
:103EB000000F3FF4E0AE2B6893F85630012B07D08B
:103EC000002B7FF4D8AE059B53EA0B0B3FF4D3AE27
:103ED00000289CD1CFE60EF08BFB49E70E4E96F9F9
:103EE00000307F2B16D002932B7BCDE90083D5E9E0
:103EF000003021467F2401224233347002F038FD25
:103F0000CDE50EF075FB09E78046BCF1000F7FF4AC
:103F100076AEB6E6FFF724FAD004002008B5054BCC
:103F2000586802F061FB06F005FF034B02461A7069
:103F3000012008BD20190020D00400202DE9F843FD
:103F4000724D0746A868D5F8008000230380894693
:103F50000EF09CFC002800F0B180AC68032F2378A1
:103F6000064600F0B78023F02F0343EA491343F0DD
:103F7000050323702968222363700B6D1B6AC4F844
:103F80000F300A6D936AE374180A1B0C2075637571
:103F900092F87EC0108ED36ABCF1000F40F0A28070
:103FA000DFF86CC1ACFB00E0ACFB03C3800A9B0AEA
:103FB000E375C3F30723A0752376D36941F27070CC
:103FC000A3F57A7C844540F298805148A0FB030316
:103FD000C3F38F23002063F307001B0A63F30F2052
:103FE000938C63F317401B0A63F31F60C4F8190036
:103FF000D38C63771B0AA377D2F89730C4F81F30AD
:1040000092F89B3084F823300B6D94F8242093F8B9
:10401000A23022F01F0203F01F03134384F8243060
:1040200006F004F894F8243003F01F0343EA401329
:1040300084F82430AC68D8F87830C4F80930B8F87F
:104040007C30A4F80D3098F87E10204616F0C2F9A6
:104050002B6893F8482093F8418003F14209A2B3FA
:1040600093F85420520732D593F84D207AB393F841
:104070004E0006F05FFD044638B34FF00108A86813
:104080002368C0F80330A388A0F80730414616F033
:1040900094F9204BD3F8043173B9052F12D12B6852
:1040A00021681A6DC2F80A10A188D1811B6D83F8AE
:1040B00009803046BDE8F8830EF09AFA032007F035
:1040C000E9F800263046BDE8F8834C46D7E76B6830
:1040D0005879CEE723F00F0343F0030323700C233A
:1040E0006370A8E7DFF830C0ACFB00E0ACFB033C3A
:1040F000C0F347104FEA5C135AE70848A0FB0303DC
:104100009B0903F550639BB264E700BF20190020B0
:104110005917B7D1001000401F85EB51D34D6210E5
:1041200038B5154C236893F854309B0718D1A5680F
:10413000E5B12368FF2093F820110DF001FF284618
:104140000EF068FB236893F82031033B012B94BFEA
:10415000282000200EF008FC636807221A7138BD81
:104160006368186802F0E8F90546E1E740F2135188
:104170003220FDF749F800BF2019002038B51E4C49
:1041800023680E2093F820110DF0DAFE236893F8CF
:1041900054309B0724D1A56845B328460EF03AFB5E
:1041A000236893F82031033B012B94BF2820002083
:1041B0000EF0DAFB2368681D93F8205106F0D6FB59
:1041C000607348B1033D012D8CBF502555250DF07E
:1041D000A3F828460EF008FC636808221A7138BD5F
:1041E0006368186802F0A8F90546D5E74FF4A061A6
:1041F0003220FDF709F800BF2019002070B50D4DE1
:10420000D5E9000302221A7103F09CFE00B170BDD3
:104210002E68044606F16C0002F026FAA6F8214149
:1042200086F8234186F870402868BDE8704003F0A6
:10423000DDBF00BF2019002010B50A4C06F07AFD42
:10424000094A637B10701BB90EF0D2F9032010BD30
:104250000EF0D6FB0DF07EF8002363730EF0C8F964
:10426000032010BD20190020D004002070B52D4C73
:10427000236893F8232105465F2A93F821019CBF08
:104280005109294A00F03F0094BF565C00260EF009
:104290006FF8236893F958000EF05AF8EDB12368CF
:1042A0003246996E01200EF04BF9236893F8963050
:1042B000022B14BFFF20402031460DF041FE236841
:1042C00093F8542092070ED193F89530A568A3B1C6
:1042D0002846BDE870400EF09DBA3246AA21012062
:1042E0000EF02EF9E1E76368186802F025F92368FB
:1042F00093F895300546002BEAD1681D06F036FB91
:1043000060730028E4D0042E14BF502455240DF00F
:1043100003F820460EF068FB2846BDE870400EF01A
:1043200079BA00BF20190020CC3C0400F0B52E4C17
:10433000236893F823215F2A9EBF51092B4A575CBB
:104340009A6E83B0064688BF0027002A3FD1D3F873
:1043500088000EF0D5FA256895F854309A0703D5F1
:1043600095F89620022A2AD05B0724D4636818683F
:10437000CEB902F01BFC63680646186802F01CFC0C
:10438000024605F19A00256895F8963095F8205177
:104390000095314602F060FD2268002382F820710A
:1043A000A37303B0F0BD02F013FC014605F19A00BF
:1043B00002F046FDF0E795F89630012BD6D1042F98
:1043C0000AD0394600200EF04DFB2568CEE70120CB
:1043D000FFF74CFF2368BAE795F85930012B0CBF63
:1043E00003210421EEE700BF20190020CC3C04008B
:1043F00010B50B4C637B63B9A1680020FEF704FF86
:1044000023680022A3F8212183F8232183F8702058
:1044100010BD0EF0F5FA0CF09DFF00236373EBE77F
:104420002019002010B50F4C637B9BB9D4E90030F4
:1044300000224FF0010C80F804C003F16C00A3F8D7
:10444000212183F8232102F097F82068BDE810406D
:1044500003F0CCBE0EF0D4FA0CF07CFF00236373A3
:10446000E4E700BF201900202DE9F04F072904469A
:1044700087B040680D46904644D100285ED0637CEA
:10448000012B00F0AB80A74E73685879082844D000
:1044900004AA0DF10F0106F023FA002800F069814B
:1044A0009DF80F0004A917F0D2F88146D6E900174D
:1044B00091F8543013F0030240F08280BA715A0729
:1044C00063D40023FB71984B1B6823B141462046FF
:1044D000984738727768636843B13268617C82F8C4
:1044E0007E10196891679B88A2F87C303B7A012086
:1044F000002B00F04381A3680BB1072D4DD007B00E
:10450000BDE8F08F874E002800F08680637C7268DB
:10451000012B4DD050790828BAD16168607C17F022
:1045200096F87268616881460532607C06F00EF983
:1045300077680028BAD1F8803872DCE7794ED6E97E
:10454000001791F8543003F00302B8F1000F65D062
:10455000002A40F0B88013F00403BA71B2D091F889
:104560004DA0FB799146002BACD063688BB93868BD
:1045700002F01CFB0346002840F0A380BAF1000FB4
:1045800000F0F380776853469CE7062D91F84DA024
:104590007DD84AEA0900C3B294E779790829AED0F8
:1045A0000028ACD0184606F0D1F90123F373A6E732
:1045B000437903F0C003402BACD1737B13BBA9E755
:1045C000062D91F84CA04CD84AEA090A5B0787F8F7
:1045D00006A07FF576AF91F84DA0DAE7437903F0B6
:1045E000C003402B7FF44FAF4E4E737B002B3FF444
:1045F0004BAFB8F1000F05D1336893F820110129B2
:1046000000F09D80776815F0C0FC73687871587968
:1046100030730123B37339E7814647E7B2F10009EC
:1046200018BF4FF0010913F0040387F8069005D076
:104630002378A3F10103B3FA83F35B09FB7191F8CB
:104640009430002B3FF45BAF3368D3F890005030C8
:1046500017F007F800287FF452AF736801221A722E
:104660004DE7082D02D90023BB712AE797F806B061
:10467000B8F1000F2CD16268002A46D04AEA090A34
:10468000580787F806A07FF51CAF91F84DA0082DBC
:104690003FF617AFFB79B8F1000F7FF464AF6268A3
:1046A000002A7FF476AF62780193D30657D4386836
:1046B00002F07CFA00283FF461AF019B002B3FF42D
:1046C0005DAF7768FEE691F84CA097F806B081469A
:1046D000BBF1000F2AD06268002ACFD1386802F0FF
:1046E00065FA80B9BAF1000F3BD07768326887F875
:1046F00006A092F8543013F004033FF4E3AE92F8AE
:104700004DA0FB79C7E78246EFE76278D0061DD45B
:10471000386802F04BFA0028E4D0BBF1000FE1D07A
:10472000DA46E2E720190020380500205B0787F809
:1047300006B07FF5C6AE91F84DA0FB7913E706F001
:10474000E7F8707300287FF45DAF9DE60120B87133
:1047500058077FF5B6AE91F84DA0FB79A4E7012389
:10476000B0E605F0EDFF8246BFE705F0E9FF03463E
:10477000A7E740F6A7313220FCF746FDF88800385D
:1047800018BF0120B7E600BF70B5194E8AB00546C4
:1047900006F0D0FA3368174A93F85430107013F0CB
:1047A000060F16D12C7804F00F04224628466946DD
:1047B00002F01AFA214600226846FFF755FE21460C
:1047C0006846FFF759F9737B044643B920460AB09F
:1047D00070BD0122962100200DF0C6FEE2E70EF02A
:1047E0000FF90CF0B7FD0023204673730AB070BDBB
:1047F00020190020D004002010B5114C06F09AFAC0
:10480000104A637B10709BB9D4E9003000224FF04E
:10481000010C80F804C003F16C00A3F8212183F897
:10482000232101F0A9FE2068BDE8104003F0DEBCA2
:104830000EF0E6F80CF08EFD00236373E4E700BF92
:1048400020190020D004002010B5104C606801F041
:104850000BFF637B9BB9D4E9003000224FF0010CC1
:1048600080F804C003F16C00A3F8212183F8232110
:1048700001F082FE2068BDE8104003F0B7BC0EF0E6
:10488000BFF80CF067FD00236373E4E720190020F4
:1048900010B5124C606801F0E7FE06F04BFA104AC2
:1048A000637B10709BB9D4E9003000224FF0010CFB
:1048B00080F804C003F16C00A3F8212183F82321C0
:1048C00001F05AFE2068BDE8104003F08FBC0EF0E6
:1048D00097F80CF03FFD00236373E4E720190020F4
:1048E000D004002010B506F025FA134C134B0246F5
:1048F00020681A700021A03015F083F8637B9BB903
:10490000D4E9003000224FF0010C80F804C003F11C
:104910006C00A3F8212183F8232101F02DFE2068EB
:10492000BDE8104003F062BC0EF06AF80CF012FD16
:1049300000236373E4E700BF20190020D0040020A7
:1049400010B5154C606801F04FFE06F0F3F9024611
:104950002068124B0021A0301A7015F052F8637BCA
:104960009BB9D4E9003000224FF0010C80F804C05C
:1049700003F16C00A3F8212183F8232101F0FCFD51
:104980002068BDE8104003F031BC0EF039F80CF09F
:10499000E1FC00236373E4E720190020D004002029
:1049A00010B500210320FFF7C9FA164C20B120688A
:1049B000032102F07BFDA8B9637BDBB9D4E90030A9
:1049C00000224FF0010C80F804C003F16C00A3F842
:1049D000212183F8232101F0CFFD2068BDE810409C
:1049E00003F004BC012108460EF03CF8636809227C
:1049F0001A7110BD0EF004F80CF0ACFC00236373C8
:104A0000DCE700BF2019002010B51D4CD4E90003DD
:104A10000C2201211A7103F013FC00210520FFF77D
:104A20008DFA20B12068062102F040FDA8B9637B11
:104A3000FBB9D4E9003000224FF0010C80F804C02B
:104A400003F16C00A3F8212183F8232101F094FDE8
:104A50002068BDE8104003F0C9BB2368012093F82B
:104A600020110DF0FFFF23681B6D012283F89620B3
:104A700010BD0DF0C5FF0CF06DFC00236373D8E78B
:104A80002019002070B5234C236893F823215F2A56
:104A90009EBF5109204A565C9A6E88BF002662BBB1
:104AA000D3F888000DF02CFF256895F854309A074C
:104AB00003D595F89620022A17D05B0703D595F801
:104AC0009630012B11D06368186802F081F8014616
:104AD00005F19A0002F0B4F900232168A37363681A
:104AE00081F8206106221A7170BD042E0AD0314669
:104AF00000200DF0B7FF2568E5E70120FFF7B6FBC2
:104B00002368CDE795F85930012B0CBF0321042110
:104B1000EEE700BF20190020CC3C040038B5234C40
:104B20006368186801F006FD00283AD063680A221D
:104B300005461A712068002103F082FB22682B7859
:104B4000126D92F8965005EA531505F001050520FF
:104B50002946FFF7F3F948B12068042102F0A6FCCA
:104B600020B123681B6D83F8965038BD637B8BB9E9
:104B7000D4E9003000220125057103F16C00A3F88F
:104B8000212183F8232101F0F7FC2068BDE838409B
:104B900003F02CBB0DF034FF0CF0DCFB002363733F
:104BA000E6E74FF4AB613220FCF72EFB2019002022
:104BB00010B51F4C636888B981B11A79082A2DD9BC
:104BC0001A790C2A2FD81B79626903F18043526845
:104BD000093BBDE8104052F823301847184601F051
:104BE00043FD637B9BB9D4E9003000224FF0010CF8
:104BF00080F804C003F16C00A3F8212183F823217D
:104C000001F0BAFC2068BDE8104003F0EFBA0DF0E7
:104C1000F7FE0CF09FFB00236373E4E741F27D4154
:104C20003220FCF7F1FA41F27E413220FCF7ECFA37
:104C30002019002038B5174C0521206802F036FCF9
:104C400048B12368012093F820110DF00BFF636831
:104C50000B221A7138BD0546606801F005FD637BC3
:104C60008BB9D4E9003000220125057103F16C00F5
:104C7000A3F8212183F8232101F07EFC2068BDE800
:104C8000384003F0B3BA0DF0BBFE0CF063FB657364
:104C9000E7E700BF20190020F0B52A4C236893F8FD
:104CA00023215F2A9EBF5109274A575C9A6E83B021
:104CB00088BF0027002A39D1D3F888000DF020FEE4
:104CC000256895F854309A0703D595F89620022A5E
:104CD00024D05B0703D595F89630012B1ED063686E
:104CE000186801F063FF63680646186801F064FF06
:104CF000024605F19A00256895F8963095F82051FE
:104D00000095314602F0A8F800232168A373636878
:104D100081F8207105221A7103B0F0BD042F0AD06A
:104D2000394600200DF09EFE2568D8E70120FFF7E8
:104D30009DFA2368C0E795F85930012B0CBF032179
:104D40000421EEE720190020CC3C0400F0B55A4CB9
:104D5000206883B06C3001F00FFC656801F0BCFB8B
:104D6000636828601868002800F09C8001F0E2FB6E
:104D70000546002800F09B80236893F8A630002B9E
:104D800048D1D4E9000290F8A430034493F8247188
:104D900080F82071137913B11379012B4BD190F85E
:104DA000A520464B134418790DF0E2FA236893F8D6
:104DB000A420134493F82461022E3AD04DD8012E3A
:104DC0004ED101F083FB31460DF0BAF828460DF0C4
:104DD00021FD314601200DF0D9FA012F31D1E81C17
:104DE00005F0C4FD607328B140250CF095FA284603
:104DF0000DF0FAFDD4E9000208210023517121735E
:104E00000321D3801372E38180F8953023741171EC
:104E100003B0F0BD236893F8542093F8A700196DF0
:104E2000C3F81011024383F85420002283F8A6200F
:104E3000A7E70D20C7E7002102F038FBA8B12068E2
:104E4000ADE7681D05F092FD60730028D2D0033FE6
:104E5000012F8CBF50255525C7E7F31E012BB0D974
:104E600040F2FA713220FCF7CFF9637B93B9D4E9B1
:104E7000003000220125057103F16C00A3F8212107
:104E800083F8232101F078FB206803B0BDE8F040EF
:104E900003F0ACB901900DF0B3FD0CF05BFA019892
:104EA0006073E4E740F249413220FCF7ADF940F28B
:104EB0004B413220FCF7A8F920190020CC3C04001B
:104EC00008B505F037FF044B18700DF091FBBDE8F5
:104ED0000840FFF73BBF00BFD004002010B50C4CCA
:104EE00005F028FF0B4A637B10702BB90DF080FB97
:104EF000BDE81040FFF72ABF0DF082FD0CF02AFA42
:104F0000002363730DF074FBBDE81040FFF71EBF74
:104F100020190020D004002010B50446FEF79CFAAA
:104F2000237A032B34D01D4A12683BBB92F8A5307C
:104F30001B490133A1FB030C0CF4FF7404EB5C046C
:104F400092F84B001B1B40FA03F4E40713D401331F
:104F5000A1FB034C2CF0010404EB5C041B1B40FA86
:104F600003F4E00707D40133A1FB034121F001045E
:104F700004EB51015B1ADBB282F8A53092F95800BC
:104F80000DF0E6F9FFF7E2FEBDE81040FEF71ABBB0
:104F900040F629113220FCF737F900BF2019002014
:104FA000ABAAAAAA10B50446FEF756FA237A032B39
:104FB0004AD0012B51D039D82F4C304A216891F872
:104FC000A53091F84B000133A2FB03CE0EF4FF7C19
:104FD0000CEB5E0CA3EB0C0340FA03FC1CF0010F7E
:104FE00013D10133A2FB03CE2EF0010C0CEB5E0CAF
:104FF000A3EB0C031841C00707D40133A2FB030243
:1050000022F0010000EB52029B1ADBB281F8A530BE
:1050100091F958000DF09CF92368002283F895203F
:10502000FFF794FEBDE81040FEF7CCBA023B012B1F
:1050300009D8114C236893F8950088B9FFF776F9E1
:10504000636805221A7110BD0B4B1B68986E70B90E
:10505000FFF70CF9237A012BADD1074C2168D7E774
:105060000120FFF763F9636806221A7110BD40F64C
:105070003F113220FCF7C8F820190020ABAAAAAAD9
:105080002DE9F047DFF8A882D8F8005095F857309E
:1050900086B0ABB1D8F80470BB790446A3B12678CA
:1050A000012E1AD0022E61D056B995F854209107DE
:1050B00006D0002B40F091803B7A002B40F08D8091
:1050C000032006B0BDE8F087FA79002AE7D13A7AE2
:1050D000002AF5D02678012EE4D195F820216378B6
:1050E000022A00F0F48003F01803182BE8D195F899
:1050F00054305A0700F1F1808E4B93F900607F2EF7
:1051000000F049817F221A70D8E9003703F1420587
:105110000CF098FE0296009098F80C100191002176
:1051200003912B46FF223846214601F0E9FA002878
:10513000C6D0A1690120FEF7B1FA0028C0D0D8F886
:105140000020012382F896306369002B41D0597802
:10515000C1F3031182F8971059781B7801F00F0101
:1051600043EA0123A2F898300220AAE795F85430C8
:105170009B07A5D0637803F01803182BA0D16D4BC3
:1051800093F90090B9F17F0F00F005817F221A702A
:105190000CF058FECDF80890009098F80C20019281
:1051A0000022039205F142033846FF22214601F016
:1051B000A7FA002884D0A1690120FEF76FFA002821
:1051C0003FF47EAFD8F8002082F896606369002B28
:1051D000BDD1FF2382F89730C6E7637813F0100F34
:1051E0000CBF012208229A43C3F300157FF468AF75
:1051F000A26800238DF815308DF81630002A00F0D3
:1052000091800DF117030DF116010DF115022046E5
:10521000FEF7BEFBD8F800109DF8153091F84190CC
:10522000002B40F0B180A368A27C4231484614F0C4
:1052300068FE70B9D8F8003093F85530023B012B66
:105240003FF63EAF9DF81630002B3FF439AF4FF0DC
:10525000FE09384A92F90070002D6DD07F2F00F0C2
:105260009A80D8F80030D8F8046003F142057F2313
:1052700013700CF0E7FD0297009098F80C10019164
:105280002B4600254A4630460395214601F038FA60
:1052900000283FF415AFA1690120FEF7FFF90028AF
:1052A0003FF40EAFD8F8003083F896506269002AB8
:1052B0006DD05178C1F3031183F8971051781278AB
:1052C00001F00F0142EA0122A3F898204CE703F015
:1052D0001903192B7FF4F4AE09E761680023B1FAD2
:1052E00081F11A4649092046FDF712FF00283FF4D4
:1052F000E7AEA3699B781F2B07D8D8F8003093F846
:105300004930002B7FF4F8AEDAE603F0E003402BDF
:105310007FF4F2AED8F8003093F84A30002B7FF4D7
:10532000EBAECDE68DF817204FF0FF0991E700BFF7
:1053300020190020D00400207F2F2CD0D8F8045052
:105340007F2313702B79032B04D02B79062B14BFEA
:1053500001260326D8F8003003F1420A0CF072FD52
:10536000CDE902760090214698F80C40019453460E
:105370004A46284601F0C4F900283FF4A1AED8F807
:10538000040001F031F99BE649F0020961E7FF22D0
:1053900083F89720E8E6FDF7E3FF00BF30B5054648
:1053A0008BB005F0C7FC2C783D4B024604F00F048F
:1053B000284669463B4D1A7001F0BCFC072C2B684F
:1053C0003DD093F8542012F0060210D121466846D1
:1053D000FFF74AF82B6893F82031042B1BD8022BD7
:1053E00054D903246B7BDBB920460BB030BD93F856
:1053F000A420134493F82421012A4CD000222146F2
:105400006846FFF731F82B6893F82031012B10D054
:10541000023B022BE5D941F236213220FBF7F4FEA4
:105420000DF0EEFA0BF096FF002320466B730BB0E5
:1054300030BD062C1BD018D90DF0DAF8D1E793F85F
:105440002011684601F0AEFC002221466846FFF7B5
:105450000BF82B6893F82031042BDCD8022B0CD9E5
:105460006846FFF70DFE0446BCE7022CE4D821464F
:105470006846FEF701FB0446B4E7012BF0D0022B8F
:10548000C9D19DF80030012BABD1E9E7012BD0D079
:10549000022BA6D0BFE7962100200DF065F8ADE7FE
:1054A000D0040020201900202DE9F047A84C92B02C
:1054B0000D4608A901F03EFC206808A99A3001F0C9
:1054C000F3FC23689DF8201093F89620914205D1B3
:1054D000032D17D09DF82120160766D4606801F0CF
:1054E000C3F80125637B1BB9284612B0BDE8F087DD
:1054F0000DF086FA0BF02EFF00232846637312B0DE
:10550000BDE8F08793F89720FF2AE3D108A82A4640
:105510000721FEF7A9FF6068C38813B9037A002B3F
:10552000DDD00A9B00228DF81D208DF81E208DF8FD
:105530001F20002B4AD00DF11F030DF11D020DF1AC
:105540001E0108A8FEF724FA23689DF81D7093F841
:1055500041509DF820609DF81E809DF81F3045EA5F
:105560004705012EEDB239D0022E00F0A380002EA7
:10557000B4D1216891F854309B07B2D09DF8213006
:105580009E0700F1CA80FF2563681B7A33B1714B17
:105590001B681BB10F9808B111999847294608A8B4
:1055A000FEF7BEF8451CEDB29CE70D9993F8970005
:1055B0004A78B0EB121F91D10978B3F8983002F015
:1055C0000F0241EA02229A4288D19FE79DF82060AB
:1055D000012E98461F464FF0FF05C5D19DF82100CA
:1055E000226800F0090CBCF1090F92F89A1005D05E
:1055F00000293FF476AF00077FF573AF92F854208F
:10560000D4F8049050070BD599F8072042B13A46D8
:1056100008A8FDF77DFD002840F0E880D4F804904C
:1056200099F80630002B3FF45CAFD4F800A09AF84C
:1056300054309A073FF455AF9DF8213013F0020320
:1056400000F0B18057B90A9B9DF832209AF84100CA
:105650000AF1420114F055FC00284ED03E4B93F95C
:105660000090B9F17F0F00F04E81D4F804807F22C2
:105670001A7098F80430032B00F0F18098F8043089
:10568000062B08BF0326236803F142070CF0DAFB60
:10569000CDE9029600902A46257B01953B4608A954
:1056A000404601F02DF800283FF41BAF606800F081
:1056B0009BFF16E7216891F8542090073FF411AF43
:1056C000D4F8049099F8060000283FF40AAF9DF83A
:1056D000210000F00906092E7FF403AF12F0020644
:1056E00000F0020A3AD0BAF1000F00F08880002FD3
:1056F00040F0E180002B40F0D380236893F85530D0
:10570000023B012B3FF6EDAEB8F1000F3FF4E9AEDE
:10571000FE2108A8FDF786FFE3E6002F7FF434AFF3
:1057200091F841000A9B9DF83220423114F0E9FBC8
:1057300000287FF429AF236893F85530023B012BF2
:105740003FF6CFAEB8F1000F3FF4CBAEFE251BE71E
:105750002019002034050020D0040020BAF1000FE9
:105760007FD04FB991F841000A9B9DF83220423119
:1057700014F0C7FB0028C0D0644B93F90090B9F136
:105780007F0F00F0C080D4F804807F221A7098F850
:105790000430032B3FF477AF98F80430062B14BF86
:1057A000012603266FE7594A92F900507F2D00F039
:1057B000AA8099F804107F20032910706ED099F800
:1057C0000430062B08BF03260CF03CFBCDE9025643
:1057D00000900AF14203257B0195FF2208A9484663
:1057E00000F08EFF00283FF47CAE5FE72068A03019
:1057F00014F029F900283FF411AF0C2572E6434B51
:1058000093F90080B8F17F0F7DD07F2251460320AD
:105810001A70FEF793FB2368D4F80490064603F150
:1058200042070CF00FFBCDF8088000902A46257B3C
:10583000019501253B4608A94846039500F060FF05
:10584000002E3FF44BAE00283FF448AE2068A03055
:1058500014F0F9F800283FF429AF0B2542E60026A2
:1058600011E72A4B93F900507F2D4CD099F8042072
:105870007F20032A187007D099F80430062B14BF34
:105880004FF0010A4FF0030A05910CF0DBFA05997D
:105890000090CDE9025A01F142039CE71E4693E7CE
:1058A00091F841000A9B9DF83220423114F029FB07
:1058B00000283FF422AF154B93F90080B8F17F0F19
:1058C00021D07F22002103201A70FEF737FB2368C6
:1058D000D4F80490064603F142070CF0B3FACDF871
:1058E000088000902A46257B019501253B4608A9A2
:1058F0004846039500F004FF002E3FF473AF0028E4
:105900003FF4EFADA2E7FDF72BFD00BFD004002070
:1059100010B5044605F00EFA2378094A03F00F0388
:10592000072B107005D120460121BDE81040FFF77C
:10593000BBBD044B586800F097FE012010BD00BFAE
:10594000D00400202019002010B5044605F0F2F91B
:105950002378094A03F00F03072B107005D1204666
:105960000321BDE81040FFF79FBD044B586800F0CD
:105970007BFE012010BD00BFD004002020190020B4
:1059800090F83E00003818BF01207047007A0038B8
:1059900018BF0120704700BF036D10B583B102220C
:1059A0004272198841814FF6FF73FF220446038536
:1059B000064980F8272014F0DBFF0023236510BD83
:1059C0004FF456713220FBF71FFC00BFE52F00009B
:1059D00038B5012105460020FCF7BAF820B304468B
:1059E00001F08AFC02E094F870301BB194F870303A
:1059F000012BF8D13F220021204611F0DDFD0023CC
:105A000040F201110722A4F84C1084F8543084F8B5
:105A1000A53084F8585084F84B20636684F894309D
:105A2000C4F8903084F8A63001210846FCF790F8BD
:105A3000044618B301F060FC02E094F870301BB12A
:105A400094F87030012BF8D13F220021204611F04C
:105A5000B3FD002340F201110722A4F84C1084F892
:105A6000543084F8A53084F8585084F84B2063668D
:105A700084F89430C4F8903084F8A630BDE83840FB
:105A800000F01ABDF8B51D4D02460E46002001215A
:105A9000AA60FCF721F830B34FF494720021044659
:105AA00011F08AFD01210846FCF716F86F690546DA
:105AB00080B14FF49472002111F07EFDC7B13046E1
:105AC000FFF786FF204601F0F9FB2846BDE8F840C5
:105AD00001F0F4BB67B13046FFF77AFF2046BDE81E
:105AE000F84001F0EBBB40F683013220FBF78CFB62
:105AF00040F68D013220FBF787FB00BF2019002004
:105B0000014B024A5A617047201900202C060020E0
:105B1000014B024A5A6170472019002044060020B8
:105B200003683BB1064A03F16C011360536951608D
:105B30001B68184710B540F66E113220FBF764FB66
:105B40002019002010B5104C606800F08DFD637BBB
:105B50009BB9D4E9003000224FF0010C80F804C05A
:105B600003F16C00A3F8212183F8232100F004FD48
:105B70002068BDE8104002F039BB0CF041FF0BF08B
:105B8000E9FB00236373E4E72019002080F84B1041
:105B9000704700BF11F001031DBF012380F82431BD
:105BA0000222012211F0020F05D003444FF0020C33
:105BB00083F824C113464A0703D51844042380F808
:105BC0002431704780F85710704700BF10B5044665
:105BD00090F84000A0F1020CBCF1010F07D910B100
:105BE000023818BF0120BDE8104004F033BC002982
:105BF000F6D102F0FD02101E18BF0120194614F064
:105C0000BAF9082801D0012010BD94F840000028FE
:105C1000E6D1E8E790F8400000F0FD00003818BF3A
:105C2000012004F017BC00BF38B590F8A63003BBC4
:105C3000044603F0FF0094F85430013B012B00D9D7
:105C400038BD04290D46FBD1D4F810319BB9236D22
:105C5000B3B106F013FC216D04F1E80001F07EFC05
:105C600006F012FC84F8A750FF2384F8A630012028
:105C700038BD002038BD40F6ED113220FBF7C4FAE4
:105C800040F6EE113220FBF7BFFA00BF80F840105B
:105C9000704700BF38B500F14201044690F840005B
:105CA00000F0FD00003818BF012084F8410004F026
:105CB000B7FB94F84030023BDBB2012B94BF0123C9
:105CC000002384F8483000D938BD04F003FE0546AF
:105CD0000FF018F9094BE5FB030194F84830C4E9CB
:105CE0002001002BF0D0002004F0B6FE0028EBD1FC
:105CF00040F616213220FBF787FA00BF40420F0022
:105D0000B1F1000C0CBF0121002180F84D104FF0C3
:105D1000080180F856C080F84E100CD102F0FD0248
:105D200010B50446101E194618BF012014F023F9BF
:105D300084F84E0010BD704708B59AB180F85A102B
:105D40001368C0F85B30036D918890F84120A0F88B
:105D50005F105A72D0F84220C3F80A20B0F84620EB
:105D6000DA8108BD40F634213220FBF74DFA00BF3E
:105D700080F84910704700BF80F84A10704700BF94
:105D8000F0B5D0F8C8409DF814E0944203D190F8E3
:105D900040208A4201D00020F0BD1EF0020190F8A0
:105DA0001D4120D10D460A468618013596F824611A
:105DB000F71E012F00EB820788BF314353F82260A2
:105DC000D7F8CC2002F1690C98BF41F00401664578
:105DD000EAB2E0D1A242E7D90EF00500401AB0FACB
:105DE00080F04009F0BD0025AC4629462A468618B9
:105DF00000EB820296F82461D2F8CC20F71E012F26
:105E00009CBF0CF1010C5FFA8CFC02F1690253F8A3
:105E10002C708CBF314341F004010CF10106BA42F1
:105E200005F101055FFA86FCB5D1EAB2A242DED9DE
:105E3000D2E700BF012938B5044610D094F8543099
:105E40009B0704F16C051AD1284600F095FB00234E
:105E5000A4F8213184F8233184F8703038BD0A4D1C
:105E60006B7B002BEAD00CF0CBFD0BF073FA002318
:105E70006B7394F854309B0704F16C05E4D028460A
:105E800000F0F2FBE0E700BF20190020A03013F083
:105E9000E3BD00BF0149363014F06DBDC12F0000D5
:105EA00010B5012104460020FBF752FE80B3627852
:105EB00080F85420217811F0010218BF0122034616
:105EC00016BF80F824210120022011F0020F05D016
:105ED00003EB020C024602208CF82401490703D58B
:105EE0001A44042182F82411A27883F84020E27831
:105EF00083F8552002F0FD02B2FA82F2520983F8CB
:105F00004C20227983F84B20627983F8572010BD0A
:105F100040F6CD213220FBF777F900BF10B50446DB
:105F20006C3000F0A1FB0023A4F8213184F8233168
:105F300084F8703010BD00BF08B501210020FBF7C8
:105F400007FE28B190F89400003818BF012008BD62
:105F500040F64C313220FBF757F900BF2DE9F047EE
:105F600005468CB00E4600200121FBF7F1FD00280C
:105F700000F077820446A83001F0DAF9002846D014
:105F800094F85430042B42D0AF6A002F00F068819F
:105F9000B64B9F427AD0043B9F4277D003F0DCFFA0
:105FA00007F13B09804602A9484600F0C3FEEB7AA0
:105FB000B8F1000F00F0D380DC0606F10D0100F10E
:105FC0000082002F00F05B829DF80830022B00F069
:105FD000568295F83230E522484614F069FB95F870
:105FE000323004462344484685F8323014F058FBDA
:105FF00095F83290A9EB0009B9FA89F94FEA5919D5
:10600000B8F1000F48D104F11802D2B2B6E0204630
:10601000FFF7B6FC07460028B6D1AB6A944C0BB329
:1060200004F1080804F10C0601E0AB6AD3B1A96AD7
:106030000B68AB6241450F704F708F70CF70F4D01A
:10604000B142F2D0206812F0B2FA231DD3E84F3FDC
:106050000133DBB2211DC1E8423F002AF5D1AB6A12
:10606000002BE4D12068A5F1080112F0A0FA231D4D
:10607000D3E84F3F0133DBB2211DC1E8423F002A84
:10608000F5D14FF40073ADF804305CE003F064FF29
:10609000814600286ED00024EB7ADA0640F1EF81C9
:1060A0005B07AA7A697B03D5E87EFE2800F05F8152
:1060B00004F10A0313FB02F3F2700233032271713D
:1060C00073703270D5F80E30C6F806306B8A738163
:1060D000347334442B7E6373EB7A13F0080000F0C2
:1060E000EF80634C04F1080804234745337179D1EC
:1060F0003379022262F34613AA6A33716AB1EFF36D
:10610000108272B6AB6A1968A962002A00F0CA80D0
:1061100000221A705A709A70DA702068A5F108018E
:1061200012F045FA231DD3E84F3F0133DBB2211DA6
:10613000C1E8423F002AF5D102274FF004088DF84C
:1061400004808DF805709DF804209DF8053000202E
:1061500062F3070063F30F200CB0BDE8F087D806A8
:1061600006F11C0100F1238127B19DF80830022BB4
:106170007FF42FAF182200244FF00109042333705D
:10618000AB7AF37013FB02F302337370D5F80B3064
:10619000D5F80F20D5F81310D5F8170030617360CB
:1061A000B260F160D5F81B30D5F81F20B261736181
:1061B00095F8148095F815A003F00CFF08F1FF3353
:1061C0008A05DBB258D5032B00F25481294AD35CEF
:1061D0007373BAF1000F67D1F476254C04F1080807
:1061E000474585D004F10C0A574572D0002F00F0C6
:1061F0009880B9F1000F2AD0AB6A63B1EFF3108237
:1062000072B6AB6A1968A96202B962B600221A7046
:106210005A709A70DA702068394612F0C8F9231D56
:10622000D3E84F3F0133DBB2211DC1E8423F002AD2
:10623000F5D1AB6A85F83220434500F0CB80534559
:1062400000F0EC809DF80830022B00F0A980337933
:10625000012262F34613337101274FF004086EE701
:1062600003F07AFE05F1330980469CE644190020CC
:1062700038190020D43C0400032B00F20481844A26
:1062800013441B797373BAF1000FA5D00AF1FF3ADA
:106290005FFA8AFABAF1030F00F2F58052441379DB
:1062A000B37399E762B633E70AF1FF3A5FFA8AFA05
:1062B000BAF1030F00F2DE8012F80A30B3738BE7F5
:1062C00003F00301032949D0580749D5012333714D
:1062D00083E7AB6A63B1EFF3108272B6AB6A1968F9
:1062E000A96202B962B600221A705A709A70DA7006
:1062F0006B7D83BB327963F3461232714FF0040831
:106300002068A5F1080112F052F9231DD3E84F3F90
:106310000133DBB2211DC1E8423F002AF5D102273B
:106320000DE795F80B8018F010083FF408AF3379AB
:10633000206867F34613A5F10801337112F037F9AD
:10634000231DD3E84F3F0133DBB2211DC1E8423F9B
:10635000002AF5D1F0E64FF00008D1E730713CE7B4
:10636000022922D0002940F08180327135E71301E3
:10637000023373701123337001237171F270337122
:10638000D5F80E30C6F806306B8A73813073EB692E
:10639000C6F80D302B8CA6F811302B7EF3741CE759
:1063A000337923F06803337156E7317115E79DF8AF
:1063B000184008462246059911F03EF94FF00109B0
:1063C00021E69DF8184008462246059911F034F957
:1063D000C14661E63379022262F34613AA6A337139
:1063E00062B1EFF3108272B6AB6A1968A96202B9A2
:1063F00062B600221A705A709A70DA702068A5F19D
:10640000080112F0D4F8231DD3E84F3F0133DBB26B
:10641000211DC1E8423F002AF5D18DE6337962F3B0
:106420004613AA6A337162B1EFF3108272B6AB6A97
:106430001968A96202B962B600221A705A709A707D
:10644000DA702068A5F1080112F0B1F8231DD3E835
:106450004F3F0133DBB2211DC1E8423F002AF5D195
:106460006AE64FF4EF713320FAF7CEFEA221332013
:10647000FAF7CAFE4FF4E8713320FAF7C5FE5B2144
:106480003320FAF7C1FE4FF461710620FAF7BCFE23
:10649000D43C0400343270B592B204461E460D4618
:1064A00012F04DF824B1034B1C601D745E741D7115
:1064B00070BD00BF3819002010B5034C206812F0E1
:1064C00060F8237C237110BD38190020014B587CE3
:1064D000704700BF3819002038B5154C206812F0FD
:1064E00056F800B30546231DD3E84F3F013BDBB20E
:1064F000221DC2E8413F0029F5D105F108033422ED
:10650000184611F059F8EA7CED620346FF21012498
:1065100047F6FF7064F34612E883697585F8231027
:10652000EA74184638BD40F255113320FAF76CFE74
:10653000381900203330704738B50446406A08B136
:106540003B3038BD0B4D286812F021F8606260B115
:106550002B1DD3E84F3F013BDBB2291DC1E8423F71
:10656000002AF5D1606A3B3038BD4FF4B771332053
:10657000FAF74AFE3819002038B503684BB39A6A17
:1065800052BB596A054629B301F10800154C8342F4
:1065900008BF2A60206812F00AF8231DD3E84F3F95
:1065A0000133DBB2211DC1E8423F002AF5D12B683F
:1065B0007BB12068A3F1080111F0F9FF231DD3E896
:1065C0004F3F0133DBB2211DC1E8423F002AF5D124
:1065D0002A6038BD034CECE740F28B113320FAF708
:1065E00013FE00BF3819002070B505680646F5B1E6
:1065F0001B491C4C284614F0C7F90023E360EFF355
:10660000108272B6AB6A23B3E96A04F10C030B6023
:10661000EB6202B962B63368596A29B101F1080523
:10662000AB421AD100236B620023336070BD696AEC
:106630000029F9D00B4C206811F0B9FF231DD3E8D5
:106640004F3F0133DBB2211DC1E8423F002AF5D1A3
:10665000E8E704F10C03AB62DAE71D46EBE700BFA5
:106660005D5F00003819002070B50668002E3CD030
:10667000716A0546002939D001F108039E421E4C7B
:106680000DD0206811F093FF231DD3E84F3F013355
:10669000DBB2211DC1E8423F002AF5D12B68002260
:1066A00072625A7D8AB10022A260EFF3108172B645
:1066B0009A6AF2B1D86A114A0260DA6201B962B626
:1066C0002846BDE87040FFF78FBF2068A3F108019E
:1066D00011F06DFF231DD3E84F3F0133DBB2211DC5
:1066E000C1E8423F002AF5D12A6070BD024C334612
:1066F000D7E7024A9A62E0E73819002040190020E3
:106700002DE9F04704689DF928C09DF82C900D46AE
:1067100098469DF820109DF82430002C00F00A8146
:10672000DFF840A217469AF804200646002A7FD0D8
:10673000626A002A00F0088182F81190EA684AB182
:1067400095F810E0228E724440F2726E724500F3AA
:10675000BA802286012284F818C0A272B9F1000F13
:1067600072D061756A691AB15278C2F30312A275C8
:10677000EA6912B15288A4F819202A78E17AA2F1C4
:106780000100B0FA80F0400960F30001E172C8B284
:1067900011F0020140F08E80022A00F0BE80E07A03
:1067A00061F34100C0F34001E072002A14BF0021F0
:1067B00001F00101E27A61F3C302E272AA68002AE1
:1067C00000F08B80E17A41F00401E172296A00292E
:1067D0003CD091F90010E1756968002939D0082B87
:1067E00004F10E0200F08F80184604F10D0104F050
:1067F00077F8002800F0B180637B43F002036373F5
:10680000AA6832BBAA69B9F1000F30D13AB19378C6
:10681000527803F01F0352EA032200F08780636A74
:10682000002B00F09580002363620120BDE8F08713
:10683000B9F1020F5BD03FD8FFF79EFE3368002B03
:106840007DD10020BDE8F08721758BE769680029BC
:10685000C5D1BB1E012B04F11C014CD91368E361A7
:1068600093888B80E776AA69B9F1000FCED0636A6E
:10687000A06A0021197059709970D970002850D001
:10688000E16A0B60E36282B19178507801F01F02F7
:1068900050EA022009D1A26ACAF80800002A42D0B0
:1068A000314A1A600023E26233603049204614F016
:1068B0006BF8B4E7012172E7B9F1030F3FD1FFF79D
:1068C000D3FE3368BBE7FFF7CFFE3368002BB8D0A9
:1068D00040F271313320FAF797FC2A6A12B192F92B
:1068E0000020E2756A68002A7FF479AF8AE7FFF733
:1068F0007BFE3368A3E7D8F80030E361B8F80430D2
:106900008B80E776AFE76B7C63736B681968C4F8BC
:106910000E109B889380AA6873E740F00200E07233
:1069200048E7A362AEE7104AA262BBE73046FFF732
:1069300023FE86E740F237313320FAF765FC4FF447
:1069400055713320FAF760FC40213320FAF75CFCE4
:106950004FF4D7713320FAF757FCC1213320FAF7EF
:1069600053FC00BF38190020401900205D5F000073
:106970002DE9F843504D04689DF820800F46297991
:106980000026994606609DF928309DF8240081B9BB
:106990002868A4F1080111F00AFE2B1DD3E84F3F2F
:1069A0000133DBB2291DC1E8423F002AF5D1BDE821
:1069B000F8830121C4F80960C4F80D60C4F81160BF
:1069C000C4F81560C4F81960C4F81D60A4F821600B
:1069D000A172062A66D8DFE802F02B3239653E65DF
:1069E0000400E27A22F0120242F01202E2722376EE
:1069F00001232375082847F6FF73E38204F10E0292
:106A000030D004F10D0103F06BFF00284FD0637B01
:106A100043F002036373E37A5B072ED4FF23E3762C
:106A20000023237225492046BDE8F84313F0A3BF95
:106A3000E27A22F0130242F01302E272D7E7E27A1E
:106A400022F0150242F01502E272D0E7E27A42F03B
:106A50001002E272CBE7E27A22F01A0242F01A0246
:106A6000E272C4E77B7C63737B681968C4F80E101C
:106A70009B889380E37A5B07D0D5A8F10203012BB2
:106A800004F11C0207D9BB681968E1619B889380F7
:106A900084F81B80C4E7D9F80030E361B9F804300A
:106AA0009380F5E740F242413320FAF7ADFBC12174
:106AB0003320FAF7A9FB00BF381900205D5F000002
:106AC000F8B5384D9DF918E0844610462A79DCF86F
:106AD00000400026CCF800607AB92868A4F10801CB
:106AE00011F065FD2B1DD3E84F3F0133DBB2291DAB
:106AF000C1E8423F002AF5D1F8BDC4F809600F464D
:106B00006189C4F8116041F6012545EA032521F4A5
:106B1000DF5141F6FF33012221F01F012B40227586
:106B20000B4347F6FF720828C4F81560C4F80D60DF
:106B3000E282C4F81960C4F81D60A4F8216084F8EA
:106B400018E004F10E02638115D004F10D0103F089
:106B5000C7FE18B3637B43F002036373E37A5B07FA
:106B600014D4FF23E376002323720F492046BDE8A7
:106B7000F84013F000BF7B7C63737B681968C4F82E
:106B80000E109B889380E37A5B07EAD5BB6819688F
:106B9000E1619B882384FF22E276E4E7C121332070
:106BA000FAF732FB381900205D5F000018B1407B16
:106BB000FF3818BF0120704720B1C07EFF3818BFD2
:106BC0000120704708B540F297413320FAF71CFBCB
:106BD00020B1807DFF3818BF0120704708B540F212
:106BE0009F413320FAF710FB70B50C461646054658
:106BF00013F0ECFB6074284613F0F3FB062EA07430
:106C000024D8012303FA06F212F0550F11D0E91C23
:106C10000022C4E9011263706B78063B13F0FF0396
:106C200003D11D462374E56070BD09352374E5600A
:106C300070BD9E420AD10322AB180935C4E9013563
:106C4000627000231D462374E56070BD0023C4E913
:106C500001336370F5E700BF38B5C3780C4613F015
:106C60003F0160D0054613F0B1FB6074284613F075
:106C7000B8FBA0742B796370E878830923702B79B3
:106C800013F0010146D14FF0050C4FF00B0E624698
:106C9000616013F002011CBF05EB0C017246A1609C
:106CA000590744BF0132D2B213F0080104D002F1F7
:106CB000020CA9185FFA8CF2616113F0100104D084
:106CC00002F1030CA9185FFA8CF2A16113F0200104
:106CD00004D002F1120CA9185FFA8CF213F04003F1
:106CE000E16102D0AB180132D2B200F03F00236262
:106CF000031D9B1A13F0FF0114BFAB180B46636210
:106D00006B78013B1B1ADBB2237453B10A44154460
:106D1000E56038BD4FF00B0C691D4FF0110E624657
:106D2000B6E7E36038BD20462822BDE8384010F0C1
:106D300043BC00BF70B5057805F00F05072D2CD0BA
:106D40000C46064613F042FB6074304613F049FBD4
:106D5000012202FA05F313F05503A0740CD00023AE
:106D6000F11CC4E9011362707378063BDBB2237433
:106D70008BB10936E66070BD954208D103217218C7
:106D800023740936C4E901266170E36070BDC4E96B
:106D9000013363702374E36070BDBDE87040FFF79A
:106DA0005BBF00BF0378012B10B43AD0022B0CD08C
:106DB00093B942780339012902F0100419D974B942
:106DC00064F3C3024270446109E04378002223F077
:106DD00003034260437082600339012917D9427866
:106DE00010BC002322F020024270C3610374C36010
:106DF000704734B122F003024270D20643608360D0
:106E000008D44378002223F008034370426143789A
:106E1000DB06E4D54378002223F04003437002628E
:106E2000DDE74378002223F00203022943708260E9
:106E3000D5D0DBB262F3000342604370CCE700BF01
:106E40000122002340F2011C5140A0F800C0027151
:106E5000C37043718170704710B4012B114C9DF8C1
:106E600004C0C0F802400ED0022B06D01BB901703E
:106E70004270A0F8033010BC70470022012310BC00
:106E8000028043717047ACF1020CBCFA8CFC4FEAF3
:106E90005C1C4FF000036CF307036CF30F2310BC72
:106EA000038070470001010003782BB14B7800226A
:106EB00023F001034B704A6043782BB14B780022DA
:106EC00023F002034B708A6003792BB14B780022C8
:106ED00023F020034B70CA6183782BB14B780022DA
:106EE00023F008034B704A61C3782BB14B78002222
:106EF00023F010034B708A61437913B100230B74A4
:106F0000CB6070474378002223F0220382604370F5
:106F1000C2617047F0B5D0F81011D0F8C86090F891
:106F20001D5189B100210C460B4600EB8303013152
:106F3000D3F8CC20CBB26932AB421444F5D9A64287
:106F40000CBF02200120F0BD8C460F4600EB8101F2
:106F50000CF1010CD1F8CC405FFA8CF104F1690E10
:106F6000A9427744F2D90721BE42A6FB011422D0E0
:106F7000D0F8C070C919D0F8C47044EB0704D0F839
:106F8000CC701DB3D0F8D0C0012D674407F1D207F3
:106F900003D0D0F8D40069300744BE4205D08A42FD
:106FA00073EB040416D30120F0BD8A4273EB040492
:106FB00010D20320F0BDD0F8B070C919D0F8B47069
:106FC00044EB0704D0F8CC70002DDBD16937BE420A
:106FD000E5D1EAE70220F0BD0328034607D040F2DE
:106FE000347240F62450022B08BF1046704741F619
:106FF000F640704708B54FF469712120FAF704F99B
:1070000070B50446FF2380F8153190F817010EF093
:10701000D3F894F817010EF009FA94F81E010EF057
:10702000CBF894F81E010EF001FA00212046FEF77D
:1070300001FF94F816313BB1D4F8083153B104F193
:10704000E80005F0F9F909E0D4F8100110B1D4F81E
:1070500008311BB304F1E80005F07EF9002384F841
:10706000153194F8165115F0FF0518BF0C2584F85A
:107070001631C4F8103184F8143194F817010DF06A
:107080005BFF80B1202694F81E0184F817610DF093
:1070900053FF68B184F81E61284670BD00F5E470A6
:1070A00005F05AF9D6E740F2F9212120FAF7ACF8B9
:1070B00040F2FD212120FAF7A7F800BF022910B500
:1070C0002AD013D8012934D1044608460CF0D8F848
:1070D0001A4A00F52343A133A2FB0323D4F810215D
:1070E000980900F26F2002B1400010BDCB1E012BA9
:1070F0001FD840F2B533084640F28774042918BF00
:107100001C460CF0BDF80D4B00F52340A130A3FB4D
:10711000003004EB901010BD08460CF0B1F8074B9E
:1071200000F52340A130A3FB0030800900F2571086
:1071300010BDFD219E20FAF767F800BFD34D621005
:107140002DE9F04104460DF0DDFED4F81021D4F80D
:10715000C87005460E4694F81D01002A53D04FF022
:10716000000C6146634604EB83030CF1010CD3F879
:10717000CC205FFA8CF3693283421144F3D98F42F9
:107180000CBF0227012738460EF046F9312837D9BF
:10719000411CD4E9363266D0C118914228BFD01ABA
:1071A000D4F8A830D4F8AC205B1B62EB0602012BAC
:1071B00072F100015EDB0021984291416BDA41F2ED
:1071C0008836864228BF06460DF09CFEC5F1740540
:1071D0000544B54214D8394630460EF063F878B904
:1071E000D4E93721D4F8D830334470189342C4F826
:1071F000D830C4F8E00055D0BDE8F0410EF030B80A
:107200000020BDE8F0819446134604EB830301326D
:10721000D3F8CC10D3B2693183428C44F5D907231B
:107220006745D4E92C1EA7FB03382ED0D4F8C02024
:107230009B18D4F8C42048EB0208D4F8CC20D8B16D
:10724000D4F8D0C00128624402F1D20203D0D4F8AD
:10725000D40069300244974211D099427EEB08086D
:1072600017D301278FE7D61A41F288339E4228BFF1
:107270001E46A9E70026A7E769329742EDD1994259
:107280007EEB080805D203277DE7CB184EEB0808F4
:10729000D3E7022777E741F28832934228BF1346AB
:1072A0001E4691E7D4E93A23C4E93023A4E700BF9E
:1072B000014B1870704700BFD10400200D4B002215
:1072C00010B51A601A6841F669039A420CD8044650
:1072D00090F8143123B190F814310BB1FFF790FE00
:1072E0000023A4F80C3110BD40F66E012120F9F7FF
:1072F0008BFF00BF4C19002010B5044690F81431E4
:1073000013B190F814311BB90023A4F80C3110BD4F
:10731000FFF776FE0023A4F80C3110BD90F814316D
:1073200003F0FF020BB910467047FFF769BE00BFBC
:1073300090F86C00003818BF01207047F0B585B098
:1073400090F81421002A40F09C8002F0FF030A7894
:10735000039302F0020402F0040512F00102CDE9E9
:10736000013320D08E680196002C6FD1002D73D090
:10737000144601220B6980F81D2102934B68C0F866
:10738000F830693EC0E9323640F27123A0F8FC3093
:107390003DB10DEB840300EB84045B68693BC4F8EA
:1073A000CC3005B0F0BD7CB9002D65D00D6980F8FA
:1073B0001D414B68019540F27122C0F8C830C0F8F9
:1073C000F830A0F8FC20E4E74FF0010C6746964641
:1073D00004AE06EB8E0ECE684EF80C6C0DBB80F83A
:1073E0001D214B68C0F8C83040F27121C0F8F83058
:1073F000A0F8FC102AB9019B693BC0F8CC3005B05D
:10740000F0BD019B693BC0F8CC3001230DEB83023A
:1074100000EB830152680133693AC1F8CC20DCB239
:10742000B6E70E6980F81D714968C0F8C8100DEB09
:107430008C0CC0F8F81040F27121CCF80460A0F870
:10744000FC10002ADDD1002CA3D0DFE74FF0020CA6
:1074500067464FF0010EBBE780F81D514B68C0F83E
:10746000C83040F27122693EC0F8F830A0F8FC2024
:10747000C0F8CC6005B0F0BD4FF434712120F9F7AD
:10748000C3FE40F2B7212120F9F7BEFED0F810214B
:1074900042B190F8143103F0FF020BB91046704767
:1074A000FFF7AEBD0C221046704700BF70B590F8D4
:1074B000153113B10026304670BD04460D460DF05F
:1074C00021FD94F82031062D43D8DFE805F027048C
:1074D0000407330404000126304670BD033B012B32
:1074E0008CBF4FF457724FF46172D4F8B010D4F8D7
:1074F000D830401AF73B8518AB428CBF01260026D6
:10750000D9D82046FFF71CFE0028D4D0D4F8D86084
:10751000F73EB5422CBF00260126CCE7022B16D041
:107520000BD8012B08BF4FF40472DED0FD219E2042
:10753000F9F76AFE4FF40272D7E7DA1E012AF5D88E
:10754000042B40F2563208BF4FF4E562CDE7F82233
:10755000CBE740F246312120F9F756FEF8B50E464A
:1075600005460021D6F8D00104F04CFFA84206F5EC
:10757000E47704460BD00146384604F00BFF0023A5
:107580002B628CB900220023C6E97223F8BDD6F81D
:10759000D03182689A4217D282694AB3014638468E
:1075A00004F0F8FE0023236204F074FF20B3D4E952
:1075B0000032A1685B1842F10002B4F92410A6F869
:1075C000EC11C6E97232F8BDC5690762002DD9D049
:1075D00004F060FF80B1D5E90032A9685B1842F180
:1075E0000002B5F92410A6F8EC11C6E97232F8BD14
:1075F000C56907628360E9E740F253712120F9F71A
:1076000003FE00BF2DE9F04F8FB00E46BDF860407D
:107610000494029204461D460DF074FCD4F8CCB0DC
:10762000039194F81D110BF169028146924651B104
:10763000012304EB83000133D0F8CC00DBB26930C6
:107640008B428244F5D9D4F8C880002D75D1029BB5
:10765000002B40F0A180D4E93A37A9EB030ABAFB2A
:10766000F8FA08FB0AFA1AEB030A09F59A75A5EB72
:107670000A0547F10007A84594BFA5EB0808A846EE
:10768000002900F0A082904523BFA8EB0B08A8F1C9
:10769000690801220022012914D0D4F8D03003F166
:1076A0006900404505D8A8EB03030132A3F169083E
:1076B000D2B2022906D0D4F8D43003F1690188454A
:1076C00080F07182A118204691F82411059204924D
:1076D000FFF7F4FC049B059A04EB83014044D1F8C6
:1076E000CCB08345C0F02F82ABEB080BBBF1000F91
:1076F000C0F27A82D4F8E8C0D4F8B020D4F8EC0014
:1077000015EB0A0547F10007B2EB0C0200F16082AD
:10771000D4F8C810B2FBF1F201FB02F212EB0C023A
:1077200040F10000C4E93A20AA1A00F15182B2FBEC
:10773000F1F20692002205928BE0D04500F0DA804B
:10774000029B4BBBD4E93A1711EB0803A9EB0105E7
:10775000B5FBF8F508FB05F547F10007ED18A5EBBB
:10776000090347F10007B3F59A7F4FF0000A80F054
:107770001081D4F8B820CDF814A0521AB2FBF8F258
:1077800008FB0211691A18EB0505B1FBF8F2534624
:10779000069247F100075CE000230593039B19F56F
:1077A000FA6543F1000704F069FE04F021FE034688
:1077B000194604F1E800CDE9063004F0EBFDD4F8F9
:1077C0001011069B19B10798FFF7C8FE069B002B06
:1077D00000F0CA81B3F924209868A4F80C21D045A0
:1077E0001A680CBFD4F8F080D4F8C88059688018A3
:1077F00041F10001CDE90057424613F054FF8045A6
:107800008246C0F0F681451947F1000704F03CFEBE
:10781000049AD4F8C830002A00F0B68092B242F23E
:10782000107C28463946E2FB0C0103F2CF72524429
:10783000B2FBF3F202FB03F3EB1AC4E92A01C4F82A
:10784000E8304FF0010267F10003C4F8EC30069213
:107850000023E218204692F824110493FFF72EFC2F
:10786000D4E92AA1BAEB0502804661EB0700012AA0
:1078700070F1000C049BC0F2FF804FF0000C9345A8
:107880007CEB000C00DB934604EB8303D3F8CC3095
:107890005B4528BF5B46C4F8DC30059B002B40F0FD
:1078A000A480069B002B40F02281029B002B00F05D
:1078B000F680D4E93AAB0021C4E92C57C4E92E572D
:1078C000C4E930ABC4F8D8802A463B4620467172E2
:1078D000FFF720FB002330723561C6F80480776122
:1078E0003370D4F8DC00404534BF002001200FB0D5
:1078F000BDE8F08F94F8143123B1B4F90C31002BAA
:1079000040F05881029B002B40F05F81D4E92A129D
:107910006FF000439A4208BFB1F1FF3F00F02681AB
:1079200094F81C312344204693F82411FFF7C6FB3A
:10793000029B8DF8203019F59A730C93039B0990E4
:1079400043F1000305460D9308A80223ADF8283043
:107950000DF05CFC002800F042810C9AD4F8A830AD
:107960000D999B1AD4F8AC2062EB01025B1B62F10B
:107970000003002B80F2FA80DDE902B70122CDE995
:10798000052B4D465B4664E74FF0FF306FF000413A
:107990004BE794F824112046FFF790FBD4F8C85029
:1079A000D4F8E820D4F8B83009909B1AB3FBF5F36B
:1079B00005FB03F39A18D4F8EC300C9243F1000362
:1079C00020460D938DF820A08DF829A0FFF7A2FA8C
:1079D00029468DF8280008A812F062FBDDE90C5753
:1079E00006905346CDF814A033E7029B002B46D0F7
:1079F000D4E93AAB0021C4E930ABC4E92C57C4E95F
:107A00002E57C4F8D8802A4671723B462046FFF7AD
:107A100081FA3072D4E92AA1C6F80480039BBAEB3C
:107A2000090A61EB030101239A45337071F10003E8
:107A30005BDB724D002355458B4100DB5546D4F886
:107A40001021D4F8C800AAB34FF0FF331F460399A2
:107A5000994571EB07020DD2B3EB090367EB010700
:107A60006FF0010100229942BA41284602D39D429B
:107A700028BF1846306134E74FF0000B04E7C4E933
:107A80002E57C4F8D8802A46737220463B4604918C
:107A9000FFF740FA04993072C6F80480BEE7C4E9E3
:107AA0002E57C4F8D8802A46737220463B46FFF70B
:107AB00031FA0FE794F81D711146134604EB830366
:107AC0000132D3F8CC3069331944D3B29F42F5D296
:107AD00007238842A0FB03374FD0D4F8C0209B185F
:107AE000D4F8C42047EB0207B1E70025A7E7590007
:107AF00089B2B4F90C0113F099F8B4F80C31D4F848
:107B000010111B1A1BB2A4F80C31C21761B1A1F8F5
:107B1000EC31D1F8C8311B18C1F8C831D1F8CC31DB
:107B200042EB0303C1F8CC31D4F8E8302D1842EB16
:107B300007071B18C4F8E830D4F8EC3042EB030216
:107B4000C4F8EC20B1E694F81D01D4F8C8109042B6
:107B50001BD9531C8D42DBB23CD204EB8302D2F81A
:107B6000CCB00BF16905C1E59A464FE6002301222E
:107B7000CDE90523039F4D466BE6D4F8B0209B1852
:107B8000D4F8B42047EB020761E78D4219D34A00CD
:107B9000B5EB410F38BF1546FFF4A8AD40F25F4189
:107BA0002120F9F731FBA8EB03030132A3F16908A7
:107BB000D2B287E5029B002B7FF4EEADD4F8C880EB
:107BC000C0E50D4692E50A467CE501230593E5E50F
:107BD000FFF710FA40F242412120F9F715FB4FF46C
:107BE00096612120F9F710FB4FF48D612120F9F700
:107BF0000BFB40F267312120F9F706FB0040420FF2
:107C0000F0B5044689B0072900F2A880DFE801F04A
:107C10003D07090925A62AA12046FEF73BF909B030
:107C2000F0BDB0F82231C3F30C03002B40F08E807E
:107C300000220092012302A92046FFF7E3FC00285E
:107C4000EAD094F8170102A90DF022FA0028E6D133
:107C500040F287712120F9F7D7FA09B0BDE8F0406A
:107C60000AF0AABF90F8153153B9B0F82231C3F326
:107C70000C03002B64D090F82031033B012B78D902
:107C800009B0BDE8F040FDF75DBF90F8153103F095
:107C9000FF054BB10121FEF7CDF80AF049FD09B00F
:107CA000BDE8F0400DF032B90DF0DEFBD4F8E8305D
:107CB000B0EB030CC4E92C017DD494F81D61D4F819
:107CC000C87002940595002E73D0BCFBF7F207FB39
:107CD0000233C01A29462A462B4604EB8303D3F805
:107CE000CC3003F1690E864503D869380131C01ADA
:107CF000C9B20132D3B29E42EFD2B4F8223184F835
:107D00001C11C3F30C038DF8181063BBBC4534BFC2
:107D10000125012302A88DF810508DF81930FDF7C8
:107D2000FFFED4F8D800DD38C4F8E0000DF098FA72
:107D300000287FF474AF40F293112120F9F764FA20
:107D4000FFF7FEF900287FF46AAF99E7FEF7E6F83F
:107D50006EE740F2C9112120F9F756FA40F2CD1131
:107D60002120F9F751FAD4F81831039303250023A1
:107D7000D0E790F81F31002B82D1012180F81F112C
:107D800044F236500DF08EFA00287FF479AFD4F823
:107D9000D830D4F8E00044F2365210441344C4F80A
:107DA000D830C4F8E0000DF05BFA00287FF437AF5C
:107DB00066E72946A1E7FFF71DF900BF30B589B096
:107DC00090F81421002A4ED1044602F0FF03FF224E
:107DD00080F8142180F8153190F81D5180F81C317D
:107DE000A0F80C319C46184604EB83030CF1010CFF
:107DF000D3F8CC205FFA8CF369329D421044F3D261
:107E0000D4F8C830984221D0D4F8CC30E5B1D4F8B9
:107E1000D020012D134403F1D20303D0D4F8D42091
:107E200069321344C4F8F03001220091002302A902
:107E30002046FFF7E7FB60B194F8170102A90DF0A7
:107E400027F958B109B030BD6933EBE741F2883307
:107E5000E8E740F27F212120F9F7D6F94FF42071AD
:107E60002120F9F7D1F940F26A212120F9F7CCF964
:107E700038B590F814318BBB0D4651B304462146FA
:107E80001B480DF06BF8202884F817011AD0184809
:107E900021460DF063F8202884F81E010DD0C4F8A7
:107EA000105195F8F03103F0FF01E3B984F8161191
:107EB0002046FFF783FF012038BD94F817010DF02D
:107EC0003BF808B1002038BD40F28F212120F9F79E
:107ED0009BF940F29B212120F9F796F940F29A2173
:107EE0002120F9F791F94FF429712120F9F78CF944
:107EF000017C000038B504460D46114821460DF0BE
:107F00002DF8202884F8170112D00D4821460DF0D5
:107F100025F8202884F81E0105D020462946FFF7C1
:107F20004DFF012038BD94F817010DF005F808B198
:107F3000002038BD40F28F212120F9F765F900BFFC
:107F4000017C00002DE9F04F90F823315F2B87B0C2
:107F500081464AD8A0495A098E5C042E00F0F2806E
:107F600099F8224199F9212103F01F0344EA0324DF
:107F700099F82131002AB4BF4FF496721E22DB0912
:107F800002FB04F40CBF1E254FF4967509F060FF48
:107F9000271A09F087FF99F8213113F0400F0CBF21
:107FA0004FF4FA7B4FF0320B804611F05BFD07EB8C
:107FB000050A00EB0B030AFB03F3884A03F574235D
:107FC00003F23F23A2FB0323B7F5DB7FA0444FEA74
:107FD00093446BD999F815314BB10AF0A9FB0CF019
:107FE00095FF012007B0BDE8F08F0026B8E73046C6
:107FF0000BF03EF97A4BDFF8ECA153F8267007F549
:108000002343A133AAFB032305EB9315E23505EBCC
:108010004405054430460BF02BF9A5EB000B304628
:108020000BF02EF999F854103F1AAAFB07A7012963
:108030004FEA97170BF1F70B00F089803046FEF7F7
:10804000CBFFD9F8B030D9F8B420ABEB0706064423
:1080500065480196BB3B42F1FF32007813EB080301
:1080600042F100021B1B62F100020024FE28CDE950
:1080700004328DF800408DF8094000F09F804907D8
:1080800040F19C808DF80800C9E92E3299F817015B
:10809000C9F8D860C9F8185169460CF0F9FF0028F2
:1080A0009BD140F204712120F9F7AEF830460BF075
:1080B000DFF84B4BDFF82CA153F8267007F2E733BB
:1080C000AAFB032305EB93152035454425440544BD
:1080D00030460BF0CDF8834630460BF0D1F83F1A0E
:1080E000AAFB07A799F854A0BAF1010F4FEA971716
:1080F000A5EB0B0B59D03046FEF76EFF0BF1F703E3
:10810000DB1BD9F8D8B01E18B34538D2364B1F78D0
:10811000FE2F23D01AF0040F20D038460DF07CF942
:10812000A6EB0B03322B38BF3223834228BF034612
:10813000394618461E460DF0B5F898B1002007B034
:10814000BDE8F08F002280F81F21032608E7023ED9
:10815000F6B2022E3AD940F6480072E70DF050F917
:108160000746DAE7D9F8D8303344A3F1DD00C9F87F
:10817000D830C9F8E0000DF073F80028DED0A8F17F
:10818000100899F81C11CDF80090A8EB0404022205
:1081900000236846039401958DF810108DF808208F
:1081A0008DF81130FDF7BCFC1BE7023EF6B2022E43
:1081B00009D8094B03EB860358689FE70DF020F9B7
:1081C000DDE904325EE740F6480097E7024B03EB37
:1081D0008603586835E700BFDC3C040083DE1B43A0
:1081E000443F0400D34D6210D104002010B588B084
:1081F00090F8152172B902F0FF0300931A4602A904
:108200000446FFF7FFF960B194F8170102A90CF0DA
:108210003FFF80B10AF08CFA08B0BDE810400CF0C6
:1082200075BE2046FDF736FE0AF082FA08B0BDE8BA
:1082300010400CF06BBE40F26E712120F8F7E4FFA5
:108240002DE9F04F012983B005462FD9022940F0CE
:10825000D480D0F81031002B00F0D480002483F8B3
:10826000F04190F82011224661F3070261F30F22DA
:10827000A3F87420FF2683F876600339D0F8100144
:1082800001298CBF002101213C3012F039FCD5F8C6
:10829000100113F0F9FFC5F8104185F816610AF0D6
:1082A00047FA03B0BDE8F04F0CF030BE01F0010A10
:1082B000D0E92C9809F0EEFD95F8207183463946F7
:1082C000504611F054FF044638460AF0D9FF002604
:1082D0000146BAF1000F03D0BB1EDBB2022B76D9E8
:1082E0004FF4FC7214EB0B0346F1000613EB090488
:1082F0004C4B33F8173003F2E7330B444A49A1FBE8
:1083000003134FEA931348EB0606E31A66F10006DF
:108310009C1846F1000613F0B8F9D5F810715730E3
:10832000241A66F10006D7F81C8004F05BF805F10A
:10833000E803834232D0D7E972014246CDE90046D4
:1083400013F0B1F9804567D3384BD5F810211B687D
:1083500092F87E10834212D9D369D3620344002974
:1083600047D141F66A010D46884215864FD21B1946
:1083700046F10006C2E9723603B0BDE8F08F59BB82
:108380002B4BA3FB00139B0A40F2E24101FB03F3DA
:10839000D36241F66A0313860346E8E797F87D0047
:1083A0000028D1D0D5E93A9A04F074F838B9B7F971
:1083B000EC31A7F8EC0113EB09094AEBE37ACDE9BC
:1083C000004642464846514613F06DF9BCE7194A4B
:1083D00002EB83031A6985E7174BA3FB00135B09C4
:1083E000642101FB03F3D3624FF4FA73138603464F
:1083F000BDE74FF4FA710D46B6E740F65201212071
:10840000F8F702FF40F2EF712120F8F7FDFE40F28D
:10841000E4712120F8F7F8FE40F27B312120F8F7D3
:10842000F3FE00BF583F0400D34D62104C190020EA
:108430005917B7D1DC3C04001F85EB5110B5044639
:1084400010F0D3F908B9002010BDE04310F0CDF9C9
:108450000028F8D0E31683EAA4635A1E1A42F2D029
:10846000E3B25A1E13405A1E1342ECD0A0B212F0CF
:1084700031FC0B28E7D8204612F028FC1828E2D857
:10848000A3B2B3EB144F04D184EA142313F0FF1FFB
:10849000D9D0044B6340581E1840003818BF012043
:1084A000D2E700BFD6BE898EF0B5070CA7F5AA4269
:1084B000144B543A012A03EA90231FD927F40040B1
:1084C00042F6AA22801A18BF012000221621164661
:1084D0001F2487EA060562EA0505013510D0DD0391
:1084E000ADB245EA5606E503ADB2013945EA52029E
:1084F0004FEA53034FEA5404EBD1F0BD0020E4E708
:108500000020FAE7E0FF3F00F8B50D460746A81F38
:1085100080B240F67A4C6045BDF81860BDF81C107A
:1085200015D8941FA4B264458CBF0020012087B9E0
:10853000194C247984B188B96FF45067EC19062C72
:1085400004D86FF450641419062C07D9F8BD002024
:10855000EDE797F87D40EDE70028F7D0954218D871
:1085600003FB0111B1F5FA7F13DCA6F10A039BB2FC
:1085700040F6764083420CD8104610F021FA42F2C1
:10858000107341435E43B6EB410F8CBF01200020C6
:10859000DCE70020DAE700BFF0190020304BF0B52F
:1085A000B0F86870B0F866605D880C4611461A88AD
:1085B000974228BF1746964228BF16461B2E85B005
:1085C0002ED0B5F5A47F2DD040F648039D4201AAD8
:1085D00028BF1D4610F02AFABDF80A30BB4228BF5A
:1085E0003B46E380BDF80C30AB4228BF2B462381CD
:1085F000BDF80630B34228BF33466380BDF808306B
:10860000AB4228BF2B46A380FF232370E3881B3B8C
:108610009BB2E02B08D940F2EE613920F8F7F4FD67
:108620001B2FCED105B0F0BD63881B3B9BB2E02B66
:1086300002D94FF4DE61F0E72389A3F5A4739BB25E
:1086400040F64812934202D940F2F261E5E7A3886E
:10865000A3F5A4739BB29342E4D940F2F461DCE742
:10866000F0190020F7B50023CDE9003304460E468B
:1086700017466846F9F7A6FA08B1002016E0009DF3
:10868000A542F6D0304610F095F9EB1CAA78394691
:1086900011F037FC0028ECD06A7A607A05F10A0301
:1086A00004F10A0111F02DFC0028E2D003B0F0BD66
:1086B000054A134692F8202053F8211B11F8030BAA
:1086C000C0F3801011F01DBC481F002001281ED8E7
:1086D000022B0DD1104BA2F57A70984219D8A1F552
:1086E0007A70984215D88A428CBF122000207047B9
:1086F0000A4882420DD8012B0CBF40F2527340F65B
:10870000C3139A4205D9064BA1F6C410E9E712201B
:1087100070473020704700BFA7F970028FFD7002CC
:10872000CBF370020138C0B2032808B504D94FF466
:1087300061710620F8F768FD014B185C08BD00BFA9
:10874000003D04000138C0B2032808B504D94FF435
:1087500061710620F8F758FD014B185C08BD00BF99
:10876000583D04000138C0B2032808B504D94FF4BD
:1087700061710620F8F748FD014B185C08BD00BF89
:10878000443E040010B504460A48FDF789FB204624
:108790000949FEF7D3FD2046FDF73CFA38B12046E3
:1087A000FDF778FA2046FDF771FB002010BD12207E
:1087B000FCE700BF0C1A0020141A00202DE9FF412D
:1087C0000678012E804640F09A8031460020F9F765
:1087D000BFF9054620B940F62C713920F8F714FD91
:1087E000B8F80430002B40F08280FDF7C9F800286B
:1087F0007FD195F81431002B7DD12846FFF7C2FFB9
:108800000446002879D131463046584FF9F7A0F98F
:1088100097F83810064619B110B940F64871DCE7F0
:108820003A7F0023CDE9023312F001031CBFF86A3E
:108830000290520741BF04AA02EB83037A6B43F80C
:10884000082C002945D096F81431002B41D0B8F8F7
:108850000230002B3DD13B7F0093BA6AB97F02AB57
:108860003046FDF78DFAA0B33046FEF70FFE06F155
:108870004003804605F14002683653F8041B42F875
:10888000041BB342F9D12846FFF77CFF024610B122
:1088900040F66F71A1E7B8F10C0F07D101462846E9
:1088A000FFF728FBF8B940F6737196E7B8F1000FAF
:1088B00002D040F6787190E77B7F296D43F0040386
:1088C00085F854302846FFF7D3FA60B940F67A713C
:1088D00083E7B8F80420B8F802102846FFF70AFB2F
:1088E000002808BF0724204604B0BDE8F081112409
:1088F000F9E73A24F7E70C24F5E71224F3E701211E
:108900000020F9F725F9054610B940F68D7164E7A6
:10891000FEF704FD04460028E5D195F8543095F89B
:10892000A62022B195F8A720134385F8A600053BA1
:10893000012BD8D82B6D13B940F69D714DE701215D
:108940000846F9F705F9294606464FF494720EF0E9
:1089500073FE0423316D86F854303046FFF788FAF1
:108960000028C0D140F6A27137E700BFF0190020FF
:108970002DE9F04F9A4685B0764B774F0DF10809F7
:10898000044618681B7989F8043097F8563002902D
:108990008846164613B1484602F0F6F96F4D00219D
:1089A000204611F014FBAB68E363A4F8008096F84E
:1089B0004A2006EB4202B2F82AB0584610F000F8FE
:1089C00001466FF450608344BBF1060F4FF0000383
:1089D0006DD9908C84F87E304FF0961223876263B5
:1089E0000FF0EEFF40F2E24203F05AFD40F2E243A4
:1089F0000146A4F8DC31E161C4F8D811204613F037
:108A000033FC834601F0E6FA830654BF1B236B88D0
:108A1000A4F8663058BF1A46514B297C1B6848BFE2
:108A2000AA88A4F8682084F84410A4F846B01BB1C2
:108A300094F97C10404698473B79003B18BF0123CE
:108A400084F87D30474B1B6813B14749208898470D
:108A500001236386454B1B6813B14549208898471D
:108A6000444B1B6813B1444920889847434B1B680B
:108A70000BB120889847424B1B680BB12088984760
:108A8000AB886A88697801912978009103330332B1
:108A90009BB292B204F1180104F11400F9F7CAF87C
:108AA000636973B941F2DB113920F8F7ADFB4FF080
:108AB0004D122387012384F87E3062634FF47A736A
:108AC00097E7A36913B941F2DC11EDE70FF052FF0C
:108AD0002062BAF1000F04D002F0A8FC20F07F4021
:108AE000A06296F84A30E96806EB43062046338ECA
:108AF000A384F38EE38413F0B4FB494604F196009B
:108B000011F0A7FB97F8563013B9FF2384F805320C
:108B1000BB6D23B1012204F5917120469847194994
:108B2000204611F00FFB02F081FC0C23B0FBF3F2A6
:108B300002FB1300C0B2431DDBB2082B9CBF0D30FB
:108B4000C3B284F8A2300121204611F040FA05B0EA
:108B5000BDE8F08F5CBD0400F0190020841E0020E9
:108B60006C06002064060020F81900208006002012
:108B70002A1A002070060020341A002074060020F3
:108B8000780600209E1E002010B503210020F8F773
:108B9000DFFF044670B90321F8F79EFF044620B9B1
:108BA00040F291313920F8F72FFB034B93F95C1019
:108BB00013F01FF8204610BDF01900202DE9F04FEA
:108BC00087B007468846008804A911F0EAF90646EE
:108BD00000287CD1059D95F86F31002B6DD0B8F140
:108BE000020918BF4FF0010995F88F30232B95F833
:108BF000E13043EAD3030CBF89F0010A4FF0000AC9
:108C0000D90702D4BAF1000F63D0B8789DF81040AC
:108C100008B901F0E5F98DF80B00F87808B901F012
:108C2000DFF92E4B8DF80C00D3F800B0BBF1000F2C
:108C30000BD00AF001030093204603AB0DF10B02A9
:108C40002946D847044600283AD19DF80B20B2B3F4
:108C50009DF80C309BB3164695F87D2032B1B207D3
:108C600003F0020337D5B3B302231E46FF2285F873
:108C70002D21B9F1000F28D195F82C2102F0FF0425
:108C80001ABB85F82C8185F82E6185F82F31BB88B9
:108C9000A5F83031BA788DF80C2003A9FA788DF850
:108CA0000D202846ADF80E3011F04CFA002385F85F
:108CB0002D31204607B0BDE8F08F814694E70924A6
:108CC000BAF1000FF5D00023C6E73A24EEE70446D8
:108CD000EFE71A24EDE70924EBE700BF7C0600204C
:108CE00010B511F00DF901F01BFD01F087F911F03D
:108CF00020FE03F095FA02F067F802F03DF801203B
:108D000001F024F9194B1A4A1A4C002119601A4B28
:108D1000A4F854101A601B229A805983998399777A
:108D20001976164BA176F92258682283144A1B89BA
:108D30002260E061142204F12400A180A175238443
:108D40000EF03AFC012304F13A0042F21072C4E939
:108D50000A2284F8243084F8393013F020FC04F11E
:108D60004400BDE8104013F03FBC00BF5C0600208B
:108D700003021B00F0190020841E0020003D0400A7
:108D80001B004801044B41F64C521B21C3E902224F
:108D900019745A61FFF7A4BF841E002073B5354DC6
:108DA000AB68C363344B1B79003B18BF012380F8C9
:108DB0007D30324BC361044612F03DFD064601F0A2
:108DC00009F9830654BF1B236B88A4F8663058BF8B
:108DD0001A462B4B297C1B6848BFAA88A4F8682038
:108DE00084F84410A4F846601BB194F97C102088E4
:108DF0009847244B1B6813B123492088984723497F
:108E0000204611F09FF901236386214B1B6813B1A3
:108E10002088002198471F4B1B6813B12088002130
:108E200098471D4B1B680BB1208898471B4B1B684C
:108E30000BB120889847AB886A88697801912978B6
:108E40000091033303329BB292B204F1180104F192
:108E50001400F8F7EFFE636923B940F2C5613920C9
:108E6000F8F7D2F9A36913B940F2C661F7E7002019
:108E700002B070BD841E0020F019002000093D00E2
:108E80006C06002064060020F81900209E1E0020B9
:108E9000800600207006002074060020780600205E
:108EA0002DE9F34104460E4612F0E4FE002800F0DE
:108EB000B080204612F05DFF30B1B6F80130013BC2
:108EC0007F2B01D9122004E0204612F056FF18B97A
:108ED0000C2002B0BDE8F081204612F03DFD0028D4
:108EE000F6D1204612F06FFE07460028F0D120464A
:108EF00005F01CF90028E5D0B6F80180F17842F2BF
:108F00001073204603FB08F812F01EFF042130788E
:108F1000F8F71EFE062105463078F8F719FE2DB148
:108F200040B141F67B413920F8F76EF908B390F86B
:108F3000BD700546384E3368DBB14035284612F027
:108F40009CFBB0B1284612F08CFB90B93FB1334B7B
:108F500028461B68984760B141F68F41E3E73049E6
:108F6000336849693A462846984710B141F694411A
:108F7000D9E7204612F0F5FE014640B942462046A8
:108F800003F0ECFF002842D041F69D41CBE720469C
:108F900012F0EFFE40B902210DF10600F8F764FD72
:108FA000054658B90D2094E7204612F0F5FE00283A
:108FB000F1D11C4B1B79002BEDD183E7002101F08F
:108FC00029FEBDF806302B802046294612F00FFFFF
:108FD000204612F0E1FE88B9216A204612F0E6FE32
:108FE00001462846FFF7DAFE42462946204603F0AE
:108FF000B5FF024620B14FF4E65194E70121F0E7B6
:10900000084B9B6D1BB105F59171284698470020D0
:109010005FE742205DE700BF600600206806002091
:10902000841E0020F0190020024B1B6803B1184772
:109030000C2070475C060020014B93F95C007047E0
:10904000F0190020034B5A8802801B78837000209F
:10905000704700BF841E00207FB583781A2B064618
:1090600008D8042B04D9334A22FA03F3DB0705D4CA
:1090700012251AE0292B01D03B2BF9D13088B0F50D
:10908000706FF5D2694610F08CFF88B9019B93F898
:10909000202102F0FF05C2B9B27883F82121FF2216
:1090A00083F82021684611F01DFC284604B070BDED
:1090B00030880921F8F74CFD0446002837D0B0F875
:1090C000AC0102A910F06DFF08B10C25EDE7B4F872
:1090D000AE010821F8F73CFD20B940F62E213920D9
:1090E000F8F792F803781BB994F8C831032BECD148
:1090F000039B93F83621002AE7D194F8F02102F07F
:10910000FF05002AE1D1B4F8B021A3F8382194F882
:10911000B82183F83A21027D83F83B21B27883F8A5
:109120003C2184F8F021FF2283F83621BDE7022597
:10913000BBE700BF200038040188A1F11B039BB2EC
:10914000E02B0CD84288A2F5A4739BB244F24810DD
:10915000834204D8034B002019805A8070471220A4
:10916000704700BFF0190020034B1A885B8802800B
:1091700043800020704700BFF019002038B5027806
:10918000447802F0010354EA030102F0020201D123
:10919000112038BDBAB98578002DF9D0002B18BF41
:1091A000002400E01D4620460FF033FC0028EFD0DD
:1091B00028460FF02EFC0028EAD0054B00209C76B4
:1091C000DD769883E5E7002BECD000242546EAE71E
:1091D000841E002013B50088694610F0E2FE18B125
:1091E0000224204602B010BD9DF8003001984BB912
:1091F0000FF0F3FB0028F3D0019890F8323123B13F
:109200003A24EEE70FF0F7FBF4E790F8DA3003F0DA
:10921000FF04002BF4D190F8D1309B0706D1FF2337
:1092200080F83231684611F05DFBDAE70249D2304E
:1092300011F0A7FBD5E700BFBFB501002DE9F84F3E
:109240000378032B044603D912252846BDE8F88F7E
:109250004378032BF8D8437E8578002B50D1012D1D
:10926000F2D100F0BDFE854340F09C8094F802905E
:1092700019F0010506D02269A168E0780123FFF703
:1092800025FA054619F0020F07D02269A168E07897
:109290000223FFF71BFA2843C5B219F0040F00F0B0
:1092A000858094F803B0D4F808A0226904235146BD
:1092B0005846FFF70BFA284310F0FF05C5D1B9F166
:1092C000050F0ED194F80490E168626904234846C2
:1092D000FFF7FCF905460028B7D1CB4562D18A4596
:1092E00060D1237E013B062BAED801210020F8F788
:1092F0002FFC054690B940F62D613920F7F784FF21
:10930000072DA1D8A90706D5022D9DD1294B5B7940
:10931000002BA6D198E7002D96D0A2E7A830FEF743
:1093200007F818B195F854309A073DD1657EE27878
:10933000A178A068B4F800E094F818C0003D18BF08
:109340000125012A1ABFB2FA82F252090222CB0782
:109350001FD54B0726690BD56769F319984207D2C9
:1093600043089E4228BF1E46831B9F4228BF1F46BC
:10937000104B83F82150C3E90A06C3E90C8719771B
:109380005A77A3F81EE083F820C083F82410002544
:109390005BE7022902D1D4F81080E9E74B0748BF08
:1093A0002769E5E7112550E70C254EE7002D98D0F9
:1093B0004BE700BFF019002000B589B043798DF864
:1093C000043083798DF8053001238DF80630037859
:1093D0008DF80730B0F8013040F271214B43039310
:1093E000B0F803204A430D49059291F820108DF8FA
:1093F0001C1000218DF81D100949A2F6C4128A42E2
:1094000009D8A3F6C4138B4205D801A8FFF716FFAD
:1094100009B05DF804FB3020FAE700BFF019002026
:109420003C369C002DE9F04F457AA9078BB00446E5
:1094300006D46A070AD1122630460BB0BDE8F08F79
:10944000994B1B7913B945F001054572072DF2D8E8
:1094500000F0C6FD35EA000040F08E8094F84830F8
:1094600053B9012DE7D1A369904AA3F253739342F4
:1094700000F27C81012602E015F00106F3D1AB0772
:1094800045BF731CB1464FF0FF09DEB26F070AD526
:10949000B31D874A54F82330A3F6C413934200F255
:1094A00065810136F6B204F1080704F122054FF098
:1094B00000085FFA88F39E422BD823789A1E022A6E
:1094C0005AD9012BB7D813B9A378012BB3D8637835
:1094D000032BB0D894F84930013B062BABD8724E21
:1094E00001210020F8F734FB96F838300546002BB0
:1094F0005BD101210846F8F72BFB002818BF054671
:1095000005F1A800FDF714FF0746002867D00C26D8
:1095100092E7994532D0D7F804A03B6953458AD8E1
:109520006A8B2B8C9A4286D8B5F814B06988EB897F
:109530002A890120CDE900B00020CDE90213FEF711
:10954000E3FF002800F01281B8F1000F28D028882E
:10955000029988427FF46FAFE98891427FF46BAF44
:10956000AA89039B9A427FF466AF6B8A5B457FF4BE
:1095700062AF3B689A4513D011265DE7012E0FD1EB
:109580003A694C49A2F57A738B4200F2EF807B680E
:10959000A3F57A70884200F2E9809A423FF64BAF19
:1095A00008F101080437023583E7A830FDF7C0FE53
:1095B00000289ED0D5E92A126FF000439A4208BFD6
:1095C000B1F1FF3F95D1637A0093E268617804F1CD
:1095D00018032846FCF7D4FB0746002889D0284604
:1095E000FCF7D4F908B13A2626E72846FCF7C8F973
:1095F0000028F8D1B37E4BB905AE059373600623FE
:109600008DF81A303046F8F7DDFA28B300210DF155
:109610001200F8F729FA8046002800F0A580BDF86E
:10962000121001232246FFF7A3F9404606F0A8FCDA
:109630000646DFB9E0B961782846FCF727FB04F15C
:109640000309A27821784B462846FCF7BFFA002888
:1096500040F08E8012260BE0059B93F8A520802A0F
:10966000D0D093F8BD30002BCCD050E70028E6D006
:10967000B8F8000000F04AFEB8F800000021F8F742
:109680007DFA00283FF4D8AE41F2B2413920F7F715
:10969000BBFDA1784A464046FEF7E4FF002800F0F3
:1096A0008F800B26E4E700BFF01900203CF6700223
:1096B000CBF37002A7F97002637AE1688DF8147039
:1096C00013F001021FBFA069079001208DF814005C
:1096D0009E0706910DD5022B09D1901D54F820004C
:1096E00008909DF8140040F002008DF8140001323B
:1096F000D2B258071BD59DF81400063203F00503BB
:1097000054F82220099240F00400052B8DF8140033
:109710000DD107981318994209D24B08834228BFEC
:109720000346C91A0793914294BF0991099205A96A
:109730002846FDF703FE94F84810003918BF0121B0
:109740002846FCF73FFA94F849102846FCF71EFA21
:109750002846FCF79BFB41462846FEF789FB08B1EB
:10976000002669E6072683E70D2665E6302663E6D0
:1097700017B92846FCF78EFAA27821784B4628467E
:10978000FCF7BEFA667A022E04D000F029FC0640EF
:1097900006F0050631462846FCF7FCF917B9042304
:1097A00085F85430C5F85080A0780FF003F94A4688
:1097B00001462846FCF7C0FA2378002B3FF469AF36
:1097C00001212846FCF7D4FA01212846FCF7D4FAF7
:1097D000002F3FF471AF04212846FCF725FA00283A
:1097E000BED10C2644E700BF10B54379032B94B0DB
:1097F00057D823F002038DF80630D0F80630CDF8A4
:1098000007304389ADF80B3001238DF80D30038804
:1098100002798DF8042040F27121027B8DF8052039
:109820004B43049342884A430792847B417B41EA3D
:109830000421ADF82810047CC17B41EA0421ADF875
:109840002E10847C417C41EA0421ADF83410047D63
:10985000C17C41EA0421ADF83A10417D847D41EAA2
:109860000421ADF84010C17D007E41EA0021ADF831
:10987000461000218DF84C100C488DF84E100C4904
:1098800090F820008DF84D00A2F6C4128A420AD842
:10989000A3F6C4138B4206D801A8FFF7C3FD14B08A
:1098A00010BD1220FBE73020F9E700BFF0190020BF
:1098B0003C369C0073B506230025CDE900558DF894
:1098C00006306846F8F77EF908B1002610E0009DE2
:1098D00095F8A530802BF4D095F8BD60002EF0D01F
:1098E00095F80931002BECD195F8A430002BE8D184
:1098F00001210020F8F72CF9044620B941F2E54196
:109900003920F7F781FCA830FDF712FD244B93F8BE
:10991000383083B3F0B194F85430053B012B19D89B
:109920002046FDF7B3FD054610B141F2F041E7E7EF
:109930002046FCF731F894F8543023F0040384F8FF
:1099400054302A4629462046FEF7D4FAC8B941F2D7
:10995000F541D5E701210846F8F7FAF8044610B9B1
:1099600041F2FC41CCE7A830FDF7E2FC68B90C25D8
:10997000284602B070BD30B9002EF8D0FF2385F81C
:10998000A4300025F4E7002EF8D12046FDF77EFD37
:1099900005460028ECD12046FBF7FEFFE8E700BFB4
:1099A000F0190020F7B50678EF2E04460F4603D9CC
:1099B0001226304603B0F0BD90F901204378002A0A
:1099C000F6DB82789207F3D113F0100048D19D06A0
:1099D00003F0030241D5002AEAD119074FD503F05D
:1099E0006702012AE4D1627A013A062AE0D8A27A13
:1099F000032ADDD813F0040102D1023A012A03D868
:109A0000E27A012AD4D811B9A27C032AD0D8227DC7
:109A1000002847D0012ACBD1237E012BC8D80028AB
:109A200050D06378D90703D500F012FA002850D03F
:109A30006378227D03F01803082B5AD1022A48D1FB
:109A400003213046F8F784F80546002857D011F076
:109A500083FF00285FD00C26ABE7032ABDD1A7E720
:109A600013F0600FA4D103F00702052A05D003F01C
:109A70000F010D22CA40D2079AD51D07B3D4217910
:109A8000E278E57942EA0122617942EA0142A1796C
:109A900041EA0521257A41EA05418A4288D81F2AF0
:109AA000A1D885E7022A04D103F06F03092B7FF4C4
:109AB0007FAFA37D013B022B3FF67AAFE37D0F2BF7
:109AC000AAD975E700F08CFA820707D4237D022B10
:109AD00001D111266DE7A37D022BFAD000F080FAA8
:109AE00043079ED4237D032BF3D0A37D032B98D172
:109AF000EFE7022AA4D0237F002BA1D0E9E70321BE
:109B00003046F7F7E9FF0546002843D0224B93F98A
:109B10005C1012F06EF80021304612F01CFD28BBDC
:109B2000284612F01BF921463870E074284604F0EC
:109B300057FBE37E0646002B3FF43BAF00287FF443
:109B400038AFE96C02466846F8F754F9E86C3246DB
:109B500001210EF069FDE96C68460422F8F74AF924
:109B6000E86C324631460EF05FFD22E7403011F0DE
:109B700084FD0028D4D0637813F0330F7FF418AF3E
:109B8000296AA67D284612F011F9FEF7CBFD864220
:109B9000C6D060E707260CE7F019002030B502793F
:109BA000042A8BB003464FD84088B0F5804F4BD87D
:109BB0002649114400248A7C4D7BADF8004042F0D8
:109BC000100242EA4502CD7D097F8DF8084042EA45
:109BD000850242EAC10202F01F028DF80020BDF8A2
:109BE0000020ADF809201A888DF80B208DF80E00A2
:109BF000120A000A8DF80C208DF80D408DF80F0028
:109C00008DF810405A7B8DF811205A798DF812206A
:109C10009A79D3F807008DF81320B3F80B209B7BBB
:109C20008DF81A307F2305908DF81B3069464FF070
:109C3000011302A8CDE90734ADF818208DF82440AF
:109C4000FFF7B0FE0BB030BD1220FBE7003D040073
:109C50000278034672B1427862B142881A2A09D961
:109C600082881A2A06D9044A006810609B8893806B
:109C70000020704712207047841E0020024B0268AB
:109C80009A600020704700BF841E0020024B0268CB
:109C9000DA600020704700BF841E00200378A3F123
:109CA0000A02112A9DBF024A002013741220704735
:109CB000841E00200378FF2B15D14378FF2B12D18F
:109CC0008378FF2B0FD1C378FF2B0CD1037923F0BE
:109CD000E0021F2A07D11F2B05D0044A5B0982F836
:109CE0002030002070471220704700BFF01900207C
:109CF0000378012B9FBF044A03F00103002082F880
:109D0000393088BF12207047F0190020014B1876B7
:109D100000207047F0190020014B58760020704752
:109D2000F0190020024B1B6803B11847112070473F
:109D30008406002008B5052000F014F912F0D2FBCB
:109D4000014B024A9A6508BDF01900209D8500006C
:109D500008B5052000F006F905F0F6FE014B024AB1
:109D60009A6508BDF01900209D85000008B502F035
:109D7000B9FA06F0F7F8FFF75FF9BDE808400146C9
:109D80000148FBF77FBE00BF501A002008B504F061
:109D9000AFF903F0E1F9BDE80840014804F092B9D9
:109DA000501A002008B510F0A9F8074B184603F523
:109DB0008471F8F7D3FB02200EF091FBBDE8084058
:109DC00000200EF08CBB00BF501A002008B5074BD6
:109DD000012283F80A2204F093F905F097F8FFF7BF
:109DE000E1FFBDE8084001F01BBA00BF501A002097
:109DF00010B5064C064904F503700FF07BFD04F521
:109E000004700449BDE810400FF074BD501A0020E2
:109E1000880600209006002010B5094C094904F579
:109E200003700FF067FD04F5047007490FF062FD41
:109E300004F505700549BDE810400FF05BBD00BF9B
:109E4000501A002098060020A0060020A806002036
:109E5000014B93F80A027047501A002010B50A4CC3
:109E6000072000F07FF804F5037008490FF042FD69
:109E700004F5047006490FF03DFD04F50570054931
:109E8000BDE810400FF036BD501A0020B00600208B
:109E9000B8060020C006002010B507200B4C00F0CB
:109EA00061F80C2000F05EF804F5037008490FF02B
:109EB00021FD04F5047007490FF01CFD04F5057041
:109EC0000549BDE810400FF015BD00BF501A002035
:109ED000C8060020D0060020C006002038B5094C76
:109EE0000D4601F071F9D4F80C02C4F804510FF0DA
:109EF000F9FCFEF747FF01F0B1FA012384F81832AC
:109F000038BD00BF501A0020014B93F8180270476B
:109F1000501A002010B50C4CD4F810020FF0E2FCDF
:109F2000D4F814020FF0DEFCFEF7DAFE202000F079
:109F30002DF8262000F02AF8292000F027F8002329
:109F400084F8183210BD00BF501A0020014B83F86E
:109F500019027047501A0020014B93F819027047FC
:109F6000501A0020C208074900F00700012383406F
:109F7000885C03438B5404490B78934238BF1346E3
:109F80000B707047D80400206A1C002010B50F4BDE
:109F9000C40803EBD002012100F0070001FA00F031
:109FA000195D21EA0001195509490B78A34205D131
:109FB000002012F8014914B100B10B7010BD002B44
:109FC000FAD0013BDBB20120F3E700BFD804002048
:109FD0006A1C0020014BD3E900017047D80400201F
:109FE000054B1868C0F3C022C0F30020400040EACF
:109FF000820040F001007047D804002008B50CF042
:10A00000ADFB084A002332F82310814205D302EB4E
:10A0100083029378044A137008BD01330C2BF2D1EC
:10A020000023F7E7283D04006B1C0020024B187842
:10A03000072828BF072070476B1C002010B5446814
:10A040002388A4F87E3184F87D1194F87400FEF71B
:10A0500079FB84F8800194F87500FEF773FB0549DD
:10A0600084F8810104F5BA7010F08BFC002384F8A9
:10A070002C3110BD699A010030B5C1F30723CCB271
:10A080001E4985B009780190C5B2C0F3072249B9CD
:10A09000194620460FF0F3FC20B9114628460FF070
:10A0A000EEFC10B32A40224003EA02010B46880767
:10A0B00020D411F0010203D1C1F380018900CAB29A
:10A0C000990719D413F0010003D1C3F380039B0057
:10A0D000D8B2042A04D1BDF80630012B08BF0322F0
:10A0E000D2B242EA002005B030BD05EA030102EA1F
:10A0F0000403DCE70222E3E70220EAE76C1C00200D
:10A10000406808490388A0F8703190F86C3080F8F6
:10A11000723190F86D3080F8733100F2671010F0F2
:10A120002ABC00BFA39A01002DE9F04389460979B2
:10A1300099F80580456801F0070108F007084B1EF3
:10A1400008F1FF3202EA08020B40134395F88F2012
:10A1500095F88E60242A85B004463DD105F18F071D
:10A160000BBB40460FF0DEFC002840D095F8743061
:10A1700098423CD095F82E2118EA020F13D0222ED7
:10A1800035D095F86D2018EA020F30D1584A0138C1
:10A19000013B52FA80F0DBB2032B007922D81A443B
:10A1A0001379834223D995F82C31012B60D11E21DC
:10A1B0002046FFF743FF222E5ED16368182283F802
:10A1C00011210A2283F88E2093F8CA30002B4BD13C
:10A1D0004FF43171AE2008E0222E40F0868005F168
:10A1E0008E07BDE74FF40F710620F7F70DF808460C
:10A1F0000FF098FC38B195F87530834203D095F88C
:10A200002F311942CFD0B9F8066003AB009328462E
:10A21000334642460FF093FC656800283FD195F81D
:10A220002C31012B38D1B5F8883095F87410B5F879
:10A23000300105F528720FF0E1FC064640BB0146EF
:10A240002046FFF7FBFE3E70636803F18F029742E2
:10A2500002D1002283F88F20636803F18F029742B6
:10A260003FD1204610F09BFD002005B0BDE8F083F3
:10A27000002385F82C319EE7002320463B7010F028
:10A280008EFD1821204605B0BDE8F04310F0B3BDA7
:10A29000282385F88E30D7E785F82C01D4E7B5F868
:10A2A0008830A5F8A062013EF61AB6B247F6FD73F3
:10A2B0009E4206D9282385F8B130204601F0D4FC0F
:10A2C000CAE795F88F300E2B02D00B3B012B01D83B
:10A2D0002A23F0E7BDF80C30A5F8A23226233B7004
:10A2E000BAE7002283F8CA20BEE70220BDE700BF1C
:10A2F000583D0400044B002283F832204FF6FF72D1
:10A300009A86DA861A8770476E1C0020054B9A8E53
:10A31000824201BF002283F832204FF6FF729A86F4
:10A32000704700BF6E1C0020014BD886704700BFED
:10A330006E1C0020084B998E4FF6FF72914206D199
:10A3400093F83220012A04D00360012070470023D3
:10A3500003600020704700BF6E1C0020064B93F87E
:10A360003220012A1FBF0120DA8E83F832009A863C
:10A3700008BF0020704700BF6E1C0020014B1887EB
:10A38000704700BF6E1C0020064B0246198F988E46
:10A39000884205D193F8320018B11360012070474C
:10A3A000002070476E1C0020094B998E1A8F914235
:10A3B00001D0002070474FF6FF729A8693F8322042
:10A3C000002AF6D0002283F832200120704700BF17
:10A3D0006E1C0020054B998E1A8F914203BF93F893
:10A3E0003200B0FA80F04009012070476E1C002056
:10A3F00050B90A4A1346012003F8010B0868C2F855
:10A4000001008A889A807047012805D1034B0A68A9
:10A410009A608A88D8719A81704700BFA81C002072
:10A4200050B90B4B187888B1D3F80120B3F8053038
:10A430000A608B8001207047012806D1044BD8792F
:10A4400020B19A680A609B89F3E70020704700BF3B
:10A45000A81C002010B9044B18787047012806BFCB
:10A46000014BD87900207047A81C0020F7B50023C5
:10A470008A888DF80600ADF8042008680B4A8DF82C
:10A480000730019D1478014602F5A872D8B28442C3
:10A4900001D8082008E052F8087F5668AE4208BF8D
:10A4A0008F4203F10103F1D103B0F0BDB81C0020CD
:10A4B00030B5094B01465C78002203F20113D0B29B
:10A4C000844201D8082005E013F8015F8D4202F1B3
:10A4D0000102F4D130BD00BFB81C0020F8B52D4CEE
:10A4E0006378013BDBB22218834292F80251637019
:10A4F00030D01A010101961C8F1C2644274406F116
:10A50000100C56F804EB47F804EB6645F9D182329B
:10A5100082312244214402F1100652F8047B41F8B2
:10A52000047BB242F9D1E118221891F8026182F855
:10A53000026106267343704303F5857300F5857049
:10A54000E618E35823502718B388BB8091F83A31B6
:10A5500082F83A312846FFF7ABFF082818D1237854
:10A56000013BDBB29D42237012D02B3304EBC303BB
:10A5700093E8030005F12B0204EBC20282E803001A
:10A580002078FFF795FF08281CBF241884F8025193
:10A59000F8BD00BFB81C0020F0B5254D95F89841D6
:10A5A00089B0224605F2991168460DF045F821461A
:10A5B00068460FF0C4FC0446B8B300EB4001C9B2D2
:10A5C00002A8F7F733F8631E95F8A161DBB2012406
:10A5D00095F8981105E0721CB2FBF1F001FB102216
:10A5E000D6B206F120020DEB020010F8202C002A52
:10A5F000F1D103EB43012031694406EB46022A44C2
:10A6000011F8187C82F8A27111F8177C11F8161C49
:10A6100082F8A37182F8A41100F8204C013BAA191A
:10A62000DBB2FF2B82F89941D2D109B0F0BD00BF57
:10A63000B81C002070B5064688B00C46002A4ED0E3
:10A64000294A92F8A131D01890F8991119B9FF212F
:10A650002820F6F7D9FD03EB43011144013391F8AB
:10A66000A251E57091F8A35191F8A41161710021F4
:10A67000257180F8991192F89811B3FBF1F001FB64
:10A68000103382F8A13192F8C23123B9174902F58B
:10A69000DD7010F073F9657905F03F0545F0400570
:10A6A00065710D22002168460CF086FFE3788DF875
:10A6B0000F3023798DF80E3004AA04236946304602
:10A6C0008DF80D500CF0ACFD9DF81F3023709DF8F7
:10A6D0001E3063709DF81D30A37008B070BD03215B
:10A6E0006018F6F7A3FFD6E7B81C002099A5000074
:10A6F000044B5A78824286BF1B1893F84A01002007
:10A70000704700BFB81C0020044B5A78824286BFB5
:10A710001B1893F842010020704700BFB81C0020AE
:10A72000064B00224FF461711A8083F8C32183F82D
:10A73000C421A3F8C61183F8C2217047B81C0020B9
:10A74000014B93F8C4017047B81C002010B51446A3
:10A75000FFF78CFE082813D0FFF7AAFE094B5A78A2
:10A7600082420DD904B12070184490F83A3190F823
:10A770004A01012B08BF40F0010000F0010010BDAC
:10A780000120FAE7B81C00202DE9F04782468946EF
:10A7900017469846FFF76AFE08280546064603D086
:10A7A000FFF786FE082860D1324C6378072B5ED80D
:10A7B000082D15D12678731C072E237003D96C2120
:10A7C0002820F6F721FD06F12B02D9F8000044F805
:10A7D000320004EBC203B9F804209A8083F806A083
:10A7E00065786B1C290163704B1C07F11002234430
:10A7F00012F8010D03F8010FBA42F9D1813108F1C5
:10A800001003214413F8012D01F8012F9845F9D1C7
:10A81000102140460FF038FC2544102185F84201F4
:10A8200038460FF031FC85F80261667885F84A01F8
:10A830000023114885F83A3131460FF080FB01289A
:10A84000054607D80D4831460FF079FB002818BFA0
:10A850000135EDB284F898510025284684F8A151BD
:10A86000FFF79AFE2846BDE8F0871220FBE7072095
:10A87000F9E700BFB81C0020FA1D0020021E0020CE
:10A8800010B5064B5878013840B2002800DA10BDE8
:10A89000C4B22046FFF722FE601EF5E7B81C002078
:10A8A000014B83F8C3017047B81C0020014B93F89B
:10A8B000C3017047B81C0020431E9BB24AF2B71276
:10A8C00093429DBF024BA3F8C601012000207047B0
:10A8D000B81C0020014BB3F8C6017047B81C00201B
:10A8E00030B50A4B5C7884420ED9184490F80201C6
:10A8F0002B3003EBC004A5790D7053F830001060C5
:10A90000A3889380012030BD0020FCE7B81C002004
:10A9100070B506460D4608F073F806F01BFD0A48B0
:10A9200090F8C34164B1417861B100F18203023013
:10A930003246002D08BF184606F0D6FC06F034FD5E
:10A94000204670BD0C46FBE7B81C002008B5064B3E
:10A9500003EB01130246012103F1820006F0C4FC5F
:10A96000BDE8084006F020BDB81C0020024607489C
:10A9700010B590F8C34124B1417821B1023006F0FE
:10A98000B3FC204610BD0C46FBE700BFB81C0020FE
:10A990002DE9F74F2F4C9A466378834280468946CB
:10A9A00056D9231893F8425185F00105F9B193F86F
:10A9B0004A31E3B945F002070135BAF1000F18D169
:10A9C000FA070AD5062101FB084104EB081052469C
:10A9D00001F585718230FFF72DFEBB0734D504EBFE
:10A9E0000810524649460230FFF724FE2CE02F465D
:10A9F000E3E794F8A1614FF0010B002DE0D0A3191B
:10AA0000019393F8991199B90092DAB100F0F6FC2C
:10AA100006EB46012144019B81F8A2014FEA102C6C
:10AA2000009A81F8A3C1000C81F8A40183F899B1C0
:10AA300094F898310136B6FBF3F103FB1166F6B2D8
:10AA4000013DDAE747F00407384603B0BDE8F08F70
:10AA50000027F9E7B81C0020F8B5184C064648B3A3
:10AA6000617804F5A1700FF06AFA94F898510746DE
:10AA7000294604F299100FF062FA2D1AEDB2AF4296
:10AA80001AD800256278EBB29A4201D80120F8BDAD
:10AA9000E21892F842215AB9062101FB034104EB66
:10AAA0000313324601F5857103F18200FFF7C2FD01
:10AAB0000135E7E70546E5E70020E8E7B81C002098
:10AAC000F0B51B4E7378834289B007460D462CD9EA
:10AAD000331893F8424144BB0D22214668460CF0DE
:10AAE0006BFDEB788DF80F302B798DF80E3006EB7F
:10AAF00007106B798DF80D3004AA04236946823063
:10AB00000CF08EFB2A789DF81F309A420AD16A78A1
:10AB10009DF81E309A4205D1AC789DF81D30E31A9D
:10AB20005C425C41204609B0F0BD0020FBE700BF5D
:10AB3000B81C0020074B5A78824209D91A1892F89B
:10AB400042212AB9062202FB003000F585707047C9
:10AB500000207047B81C0020064B5A78824281BF03
:10AB60001B1893F83A01B0FA80F0400998BF002012
:10AB7000704700BFB81C0020F8B50E4607460621F6
:10AB8000304615460FF080FA044670B10C4B002297
:10AB9000587803F23913D1B2884202D801242046F2
:10ABA000F8BD03F8015F0132F5E7314638460FF092
:10ABB000E2F90828F3D0024B034483F83A51EDE759
:10ABC000B81C002030B50024A0F84040B0F8444044
:10ABD00042F210754C43B4FBF2F4A0F84440541E0A
:10ABE00005FB0343B3FBF2F3A0F84230084BB3FB81
:10ABF000F2F30133A0F84830838F05FB0344436B25
:10AC0000B4FBF2F459438463B1FBF2F1416330BD0C
:10AC1000005A620270B504460D4659BB4FF43672B5
:10AC20000CF0CAFC012384F896306FF0360384F8E8
:10AC3000E130042384F8E2306FF03B0384F8E33022
:10AC40006F2384F8E4306FF03C0384F8E5306FF054
:10AC50007F0384F8E7302B2384F8E030FE2384F868
:10AC600016317F2384F88D30202384F8E65084F851
:10AC7000203270BD012923D10023A0F8DC3180F8F7
:10AC8000D331C26940F6B833A0F8BC301146C38C4A
:10AC90008030FFF797FF104B1B68062B01D0013364
:10ACA0000CD10E4B1B68063B083307D9206AFDF711
:10ACB000FBFB18B9012384F8C231DAE70023FAE775
:10ACC0000229D6D1B0F8AE32D0F8A822C169BDE8C9
:10ACD00070408030FFF776BF3023002034230020FF
:10ACE000034B80F87C101B680BB100881847704735
:10ACF000D80600200B2808B504D940F2C711292036
:10AD0000F6F782FA014B33F8100008BD603D0400ED
:10AD1000074B93F900301844142804DC10F17F0F1E
:10AD200003DB40B27047142070476FF07E0070471D
:10AD3000801E002007B57F230DF107008DF8073036
:10AD400007F06CFE03469DF9070053B1094B5B7891
:10AD50005B4240FA83F0142806DC10F17F0F05DB1C
:10AD600040B203B05DF804FB1420FAE76FF07E00F8
:10AD7000F7E700BF801E0020024B00221A705A70B5
:10AD8000704700BF801E0020054B1B7833B9054B70
:10AD90001A681B7902600371012070470020704718
:10ADA000821E0020E8040020054BFF221A70054A8D
:10ADB000016811600179117100221A70704700BF9B
:10ADC000821E0020E804002007B5064A10680090A3
:10ADD00012798DF804206846FFF7E6FF03B05DF8AE
:10ADE00004FB00BF5CBD040003464078B0B1DB78D3
:10ADF0003F2B0BD80A4AD35C03F07F0290420CD061
:10AE00008CBF0120002000EAD310704703F10A0232
:10AE1000D2B2022A01D8B63BECE70120704700BF4E
:10AE2000783D04003F2908B5C17005D80C4B5B5C28
:10AE300003F07F03437008BD01F10A03DBB2022B6C
:10AE400004D8074B0B4413F8B63CF1E7FF2904D0B4
:10AE500040F243412A20F6F7D7F90123EAE700BF81
:10AE6000783D04002DE9F347894669461546984622
:10AE70000FF097F8044620B9019E35B9012386F8F2
:10AE80009530012002B0BDE8F08777692946384641
:10AE90000DF060F901460028F4D0174B5B88AB42F7
:10AEA00027D338460DF095FA96F895300480002B9C
:10AEB0000CBF49460221824684700FF0AAFC41462D
:10AEC0002A460AF103000CF0B7FB294638460DF07C
:10AED0007CF918B97E212B20F6F796F99DF8003001
:10AEE0002BB168460FF0FEFC019BA3F8CA4100237A
:10AEF000C5E72046C6E700BF841E0020024B987FAE
:10AF0000C04300F001007047841E0020044B987F6E
:10AF1000C0F3400080F0010000F00100704700BF66
:10AF2000841E002083230B70014B1B78CB7070476D
:10AF3000A41E00202DE9F84FD0F80480D8F818603E
:10AF400030460D460DF037FA044618B9FF2110209F
:10AF5000F6F75AF9014630460DF03BFAB4F800B066
:10AF60001FFA8BF98246B9F1000F02D140F20311AA
:10AF7000EDE71E4B1B68C71C8BB9B8F80030AB80DF
:10AF800000236B72A5F806B09AF8003003F00303B3
:10AF9000012B0FD0022B0DD040F21D11D7E7B8F8CE
:10AFA00000004A463946984704460028E5D1204625
:10AFB000BDE8F88F2B7230460DF011FA044610B937
:10AFC0004FF49371C3E7B9F1FB0F02D940F2351189
:10AFD000BDE7286810B94FF49B71B8E74A46394677
:10AFE0000CF02AFB30460DF055F9E0E7DC060020B6
:10AFF0002DE9F347DFF87081DFF8709105468A4646
:10B000000527DAF8103053B11B7A1BB980211020C4
:10B01000F6F7FAF8DAF81040B4B900207EE0DAF872
:10B020000440237A012BF8D0EFF3108372B6DAF8DC
:10B0300004201268CAF8042003B962B6CAF81040A6
:10B04000237A0BB9A621E2E7267AF6B22772731E9D
:10B050000B2B78D8DFE803F074061E36713F4E3FA5
:10B060003F3F3F65636813B94FF4D771CFE7204680
:10B07000294698470420EFF3108272B6237A052BF5
:10B08000D9B24FF0000368D12372CAF81030B2B9B8
:10B0900062B614E0636813B940F2B711B7E7294606
:10B0A000204698470346C3F30723012BADF804005D
:10B0B000C0B24BD0022BDED10023CAF810300028DA
:10B0C0009FD02BE0636813B940F2BF119FE7204681
:10B0D00098470020CFE7D9F80030002BF9D06068FE
:10B0E000324629469847A6F10A02534253415B0073
:10B0F0000420DFE763680BB9B52188E70D222A70C9
:10B1000019885869A5F8031001220024AA706A71F1
:10B11000AC710DF0BFF8CAF81040042002B0BDE8D1
:10B12000F087D8F80030294620469847034668B192
:10B130000023CAF810300220F0E74FF4FB7166E7F5
:10B1400040F2F91163E74FF4FE7160E726720028C0
:10B15000E4D1002B7FF455AF5FE711B940F21D2118
:10B1600055E7184693E700BFE4060020E0060020FC
:10B1700038B5134C14220021201D0CF01DFA0125B6
:10B180002574142204F10803002104F11800C4E915
:10B1900001330CF011FA84F8245004F11C03C4E9C3
:10B1A0000633084A0023E362236384F83430C4F88A
:10B1B0003530C4F8393084F83D30136038BD00BFF5
:10B1C000A41E0020DC06002010B5084C2378FF2BBD
:10B1D00004D04FF4A0711020F6F716F80CF066F8C2
:10B1E0002070BDE81040FFF7C3BF00BFED04002092
:10B1F00010B5034C20780CF073F8FF23237010BDBA
:10B20000ED040020014B18780CF07AB8ED04002012
:10B21000014B024A1A607047E406002035AF000077
:10B22000014B024A1A607047E406002035AF000067
:10B2300010B506490446FFF7DBFE28B9204604494D
:10B24000BDE81040FFF7D4BE10BD00BFBC1E0020FB
:10B25000A81E002010B51346027A22B140F29921AF
:10B260001020F5F7D1FF0A46BDE81040014601481D
:10B270000FF061BBA81E0020044890F834301BB9C1
:10B2800003492C300FF074BB704700BFA41E002090
:10B2900029A901000346064890F83E203AB190F8EB
:10B2A0003D2022B900F8353B02490FF061BB7047E1
:10B2B000A41E002025AF000010B50A46037A23B172
:10B2C00040F2A1211020F5F79FFF0146BDE8104094
:10B2D000014807230FF02FBBBC1E00201346027A43
:10B2E0000AB1037270470A46014601480FF023BBBA
:10B2F000A81E00200346F0B4B3F86020B3F8544011
:10B3000093F87550B3F84A70B3F84E60944228BF72
:10B3100014460846B3F86220B3F85810A3F84A4020
:10B32000033DEDB28A4228BF0A46012DB3F8501002
:10B3300087BFB3F852C015464FF4296C4FF4296506
:10B34000A14238BF2146624538BF6246A742A3F8F2
:10B350004E50A3F85010A3F8522026D1741B18BFEA
:10B360000124B3F85C20B3F85610B3F84860B3F882
:10B370004C50914228BF114693F87420033A012A99
:10B3800015D9B3F85A20B3F85E70BA4228BF3A46CE
:10B390008E42A3F84810A3F84C2002D1954200D168
:10B3A00044B1F0BC04490FF0ECBA0124D9E74FF4E2
:10B3B0002962EDE7F0BC70478FA901000B8BA2F862
:10B3C0000B304B8BA2F80D308B8BA2F80F30CB8B50
:10B3D000A2F809000249A2F8113010460FF0CBBACA
:10B3E000F1A90100014B1878704700BFE31E00204F
:10B3F000014B1878704700BFEE040020094AD2E9DB
:10B400000003434083EAB01181EA43214FEAF3434A
:10B410005360054B116058434FEAF06000EB800029
:10B42000704700BFE41E0020BB79379E094AD2E96D
:10B430000003434083EAB01181EA43214FEAF3431A
:10B440005360054B116058434FEAF06000EB8000F9
:10B45000704700BFF0040020BB79379E10B50A4C3E
:10B4600009480821F6F7E2F8D4E900321343F7D08F
:10B47000064CFFF7DBFF2060FFF7D8FF2368606012
:10B480001843F6D010BD00BFF0040020E41E0020D9
:10B4900038B5A0F10C03DBB23F2B144698BF0C4A21
:10B4A0000D46204694BFD15CFE210FF02AFC68B9FE
:10B4B00065B12978272907D03F2908BF3E212046BA
:10B4C000BDE838400FF01DBC2621F8E738BD00BFAD
:10B4D000BB3D0400174B184A9A60184ADA62184AB2
:10B4E0001A61184A5A61184A9A61184A1A63184A26
:10B4F0005A62184ADA64184A9A64184A9A63184BCE
:10B50000184A9A60184A1A62184A5A60184A1A6009
:10B51000184A9A62184ADA62184ADA60184A9A6136
:10B52000184A1A63184A9A64184ADA64184A5A621E
:10B53000704700BFE806002063AE0100FBB20100C7
:10B54000CFB2010093B2010091BD00008DC0000098
:10B5500059BF00000BB501002FB50100F9BE000076
:10B56000F40700207FAE0100B1B40100DFAE01009E
:10B57000BBB0010045B4010017B3010067B401007E
:10B5800027B40100DDB501007DB5010067B50100FC
:10B59000CBB40100174B184A9A60184A5A60184AEF
:10B5A0001A60184A9A62184ADA62184ADA60184A27
:10B5B0009A61184A1A63184A1A62184ADA64184AD1
:10B5C0009A64184A5A62184B184A9A60184A5A6282
:10B5D000184ADA62184A1A61184A5A61184A9A6176
:10B5E000184A1A63184A9A64184ADA64184A9A631D
:10B5F000704700BF0009002063AE010093AE010058
:10B60000E3AF01003BB30100ADB30100F5BD0000A5
:10B61000C3B301008DC00000F9BE00000BB50100EE
:10B620002FB5010059BF00000C0A00207FAE0100B9
:10B63000CBB40100E5B3010089B3010009B40100F6
:10B6400099BE0000DDB501007DB5010067B50100C0
:10B65000B1B40100054B064A1A65064A5A65064B05
:10B66000064A1A65064A5A65704700BFE806002078
:10B6700061B1010033B10100F407002019B10100EC
:10B68000EDB10100044B054A5A65054B054A1A65A0
:10B69000054A5A65704700BF000900200DB201003D
:10B6A0000C0A002019B101003BB20100054B064A0B
:10B6B0009A65064ADA65064B064A9A65064A1A668C
:10B6C000704700BFE8060020719C01001B9E01002E
:10B6D000F40700200B9B0100719E0100054B064AF8
:10B6E0009A65064A1A66064B064A9A65064ADA655C
:10B6F000704700BF00090020699D010029A10000DA
:10B700000C0A00200B9B0100DD9E01003F2A2DE961
:10B71000F34105460C4643D83F2A44D8DFE812F0EF
:10B7200048009900B200BD00D40093009300E000EF
:10B73000E200E80093009300ED00F700E200430010
:10B740004300FB00930093000E010E01240124012D
:10B750002B01430043006A017F018C019201980193
:10B76000A301A501A701A901B401BC01D301D50121
:10B7700043004300C401DD01DB01430043004300FB
:10B7800043004300430043004300430043004300A1
:10B79000430043004300DF01E1014300D701D90129
:10B7A000FF2A00F0A08140F2DD415120F5F72CFD89
:10B7B0004568D5F81412B5F80E22A1F57A7041F259
:10B7C000707398420BD84FF47A73B1FBF3F303F51F
:10B7D00050639BB264200126B2FBF0F20CE040F211
:10B7E000E2406FF45066B1FBF0F39BB29E19062E57
:10B7F000F0D9B2FBF0F20026E3711B0A227123722A
:10B80000B5F8183263721B0AA372B5F81A32E372E4
:10B810001B0A237395F8173133B905F5037305F542
:10B82000047228460FF068FBB5F80C3263731B0AEC
:10B83000A373D5F810324EB16422B3FBF2F36371F7
:10B84000C3F30723A37102B0BDE8F08140F2E242E6
:10B85000F3E74668D6F800324B6096F804320B7274
:10B86000406890F817313BB90FF0E9FA6B68B3F80C
:10B8700088301844A6F80602B6F8063263721B0A2E
:10B88000A372E0E70378012B436802D193F81831E3
:10B8900001E093F821312371D5E74368D3F84822BA
:10B8A0004A60D3F84C228A60B3F850228A81D3F8D8
:10B8B0002822C1F80E20D3F82C22C1F81220D3F888
:10B8C0000831C1F81630BEE74268D2F8E6314B6065
:10B8D000D2F8EA318B604368D3F80C31CB60B2E721
:10B8E0004368D3E7084602B0BDE8F04100F088BBEA
:10B8F00002B0BDE8F04100F093BB59224A7100222A
:10B9000010238A715E220B71CA710B729BE7436828
:10B9100093F81231BFE7027843684AB993F81821C7
:10B9200032B193F815210A7193F8143163718AE7E3
:10B9300093F81321227193F81231F7E74368B3F8B3
:10B9400060200A71120A4A71B3F81A218A71120A28
:10B95000CA71B3F85C200A72120A4A72B3F818313D
:10B960008B721B0ACB726EE7436893F82E210A7123
:10B9700093F82F31DAE7476897F80A82A8F10303B2
:10B98000012B31D897F87430DA1E012A2CD8B8EB85
:10B99000030818BF4FF0010897F80B020EF03FF9AB
:10B9A0000646B8F1000F22D197F80A020EF037F9D7
:10B9B0008046686890F817316BB946EA080313F0BF
:10B9C000FF0306D00FF03BFA6B68B3F888300344EE
:10B9D0009BB2A7F80832B7F80832A3711B0AE371CB
:10B9E000667184F804802EE74FF00008D4E74FF02A
:10B9F0000008DEE72378416843F0200323700A7CC7
:10BA00004B7C032A08BF002203F01F0343EA821382
:10BA100001A920468DF804300EF00FFF13E74368AC
:10BA20000F211888F6F794F800F15B01204602B068
:10BA3000BDE8F0410EF03EBF084602B0BDE8F0415F
:10BA400010F09DBD084602B0BDE8F04110F09FBD6A
:10BA50002A4B1B68002B3FF4F6AE2946204602B065
:10BA6000BDE8F0411847264BF3E7264BF1E7264B9C
:10BA7000EFE7264B1B68002B3FF4E5AE0246232080
:10BA800002B0BDE8F0411847204B1B68002B3FF483
:10BA9000DAAE02462420F3E71C4B1B68002B3FF470
:10BAA000D2AE02462520EBE743680F211888F6F74F
:10BAB0004FF800F17D0200F15B01204602B0BDE8C5
:10BAC000F0410EF003BF124BC3E7124BC1E7124B1C
:10BAD000BFE7124BBDE7124BBBE7124BB9E7124B66
:10BAE000B7E7124BB5E7436893F89722D3F898125B
:10BAF000204602B0BDE8F0410EF0A2BE180B0020B7
:10BB0000200B00201C0B0020240B0020280B002001
:10BB1000340B0020380B00203C0B0020400B002091
:10BB20002C0B0020300B0020440B0020480B002081
:10BB30003F2803D8064B53F82000704700F10A0352
:10BB4000DBB2022B01D8B638F4E70020704700BF03
:10BB5000E80600203F2803D8064B53F82000704722
:10BB600000F10A03DBB2022B01D8B638F4E700205B
:10BB7000704700BF000900203F2803D8064B53F848
:10BB80002000704700F10A03DBB2022B01D8B6385F
:10BB9000F4E70020704700BFF40700203F2803D8D7
:10BBA000064B53F82000704700F10A03DBB2022B6A
:10BBB00001D8B638F4E70020704700BF0C0A002017
:10BBC00030F8023CF7B530F8A85C04460E4673B175
:10BBD000012268468DF80020ADF80150ADF8033021
:10BBE000FDF722FA18B195216320F5F70DFB1B4BE9
:10BBF0001B6813B1A4F128009847194B1B680BB1BF
:10BC0000284698470A2300273370B770A6F80350D8
:10BC1000637A54F8900C73710CF046FB08B9BA21A2
:10BC2000E2E72846FEF772FB39462846F5F7A6FFFD
:10BC300002212846F5F7A2FF18B90A4B1B6803B189
:10BC400098474FF4017303F00402002062F30700E9
:10BC50001B0A63F30F2003B0F0BD00BF4C0B0020A4
:10BC6000500B0020540B0020F7B545686E69044660
:10BC70004FF6FF770DF102010DF101023046ADF8EC
:10BC800002700CF0BDFA01A930460CF0DEFA40B1AA
:10BC900001980CF0A2FB616800220272FFF70CFB16
:10BCA000E8E7044905F1A80003B0BDE8F0400EF054
:10BCB00062BE00BFC1BB0000F0B5044685B00D46B2
:10BCC000FF2600F8C96C10F8CA3CF3B1184F3B7856
:10BCD0001BB148211F20F5F797FA0C21381DF5F705
:10BCE000A5FC3E70002304F8C93C2A46092302F84B
:10BCF000033BD4F80930C5F80330D4F80D30536055
:10BD0000D4F81130936005B0F0BD01A80C21F5F70F
:10BD10008DFCA4F52E73039AC3F80C2101AB03CB61
:10BD200044F8D20C44F8CE1C04F8CA6CDAE700BF21
:10BD3000EC1E002010B5054C23782BB90C21201DDA
:10BD4000F5F774FCFF23237010BD00BFEC1E00202C
:10BD5000024690F8EE31BBB990F8EF3103F0FF01E5
:10BD60000BB100207047094B18780028F9D01970E2
:10BD7000D968C2F80C11043303CBC2F8E601C2F84B
:10BD8000EA11FF2382F8EE3101207047EC1E0020FB
:10BD900038B5436893F88E201C2A044624D100222B
:10BDA00083F8CF2083F8CA2083F85222436893F89F
:10BDB000D0101D8803F5D47069B10C4983F8D020E8
:10BDC000A3F8B25183F8B1210EF0D2FD63680020D0
:10BDD00083F88E0038BD012283F8B111A3F8B25167
:10BDE000034983F8B421EFE70220F3E77FB20100B3
:10BDF00071B2010038B5426892F88F3004460D46A2
:10BE00003BB1142B05D0123B0B2B8CBF012008201B
:10BE100038BDD2F81C317BBB92F8D03013B9204624
:10BE20000EF0ACFF6268D5F80E30C2F8DE31D5F8FE
:10BE30001230C2F8E2316368D5F81620C3F8082141
:10BE40001A88A3F8C1226A68C3F8C322AA68C3F893
:10BE5000C7226368AA89A3F8CB226368002283F80B
:10BE6000EE2160680B4900F52E700EF081FD6368CD
:10BE7000162283F88F200BE00C22204603210EF0BF
:10BE8000A1FF6368322283F88F2020460EF076FFF0
:10BE90000020BDE7B9BC000038B5436893F88F2097
:10BEA0001D2A044604D04FF4DE711F20F5F7ACF9CB
:10BEB00093F8D0101D88002283F8CF2003F5D470AA
:10BEC00069B10B4983F8D020A3F8B25183F8B121AE
:10BED0000EF04EFD6368002283F88F2038BD0122EA
:10BEE00083F8B111A3F8B251024983F8B421EFE706
:10BEF0007FB2010071B2010038B50578446825B9F8
:10BF000094F88F302BB101201AE0D4F88030DB0791
:10BF1000F9D44A680E4B896813400E4AC4F8E030E1
:10BF2000C3F307630A4043F00803C4F8E42084F82D
:10BF3000E3300EF023FF25B9042384F88F3000206E
:10BF400038BDD4F8803043F00103C4F88030F6E700
:10BF50002FC904F76FDB008010B5436893F88E207B
:10BF6000042A2ED14A6800788C68C3F8E020C2F316
:10BF7000076242F0080283F8E3200022C3F8E4409D
:10BF800083F8CA2083F88E2008B983F8330193F828
:10BF90003421A2B993F88A2102F0FF007AB91A88F5
:10BFA00083F88B01A3F88C214A68C3F88E218A6834
:10BFB000C3F89221044903F5C1700EF0D9FC0020AA
:10BFC00010BD0120FCE700BF8FB40100436893F867
:10BFD000342112B1084B1B68184793F88A2152B9D3
:10BFE0001A88A3F88C211A22044983F88B2103F5BF
:10BFF000C1700EF0BDBC7047580B00208FB401001B
:10C0000010B50446FDF7E6FF034A044B02400B401F
:10C010006260A36010BD00BF2FC904F76FDB008012
:10C0200037B50C464568FDF7D5FF084A084B0A406E
:10C0300095F8E0100192034000930B408DF800301A
:10C040006B4603CB6060A16003B030BD6FDB008046
:10C050002FC904F738B5DB04154604D5037D13B1A9
:10C060000023436338BD446B013444630FF097FAF7
:10C07000836B9C42F6D30023436303492846BDE803
:10C0800038400EF07EBC00BFFDB4010070B54468BE
:10C09000067894F88E30012B054609D026B994F81D
:10C0A0008F302BB101203FE0D4F880309807F9D4CD
:10C0B00094F8D1309A0715D40A7984F8DB20B1F8C6
:10C0C0000520A4F8DC20B1F80720A4F8DE20D8076A
:10C0D00043F0020284F8D12010D5194904F1D200AE
:10C0E0000EF04FFC94F8D130D90712D4EEB994F881
:10C0F0008F3043B150214020F5F786F894F8323163
:10C10000002BEAD1EEE7012384F88F3028460EF0A9
:10C1100035FE94F88E30012B4FF0000304BF84F8F5
:10C120008E3084F8CA30002070BDD4F880309A0771
:10C1300001D55521DFE743F00203C4F88030E5E77D
:10C14000BFB5010070B545680446FEF7F3FD054B29
:10C1500085F88D001B6801461BB12046BDE8704084
:10C16000184770BD600B0020024B1B6803B11847D5
:10C17000704700BF5C0B0020F0B51F4D2B780024EA
:10C1800014709BB1013B6D68DBB21E1B012E0FDCEE
:10C1900005EBC40655F8347076688E4208BF8742B6
:10C1A00027D0B84271EB060612D214700020F0BD01
:10C1B0001E19771005EBC70E55F837C0DEF804706E
:10C1C0008445C6F347068F412CBF33463446DCE72F
:10C1D00005EBC30455F8335064688C4208BF8542B0
:10C1E00006D0A84271EB040428BF01331370DDE7C9
:10C1F0001C4614700120DAE70C1F002010F0070223
:10C2000008B503D063214820F4F7FEFF18B1034BB3
:10C21000197258601A70C80008BD00BF0C1F0020BA
:10C22000014B00221A7070470C1F00200A4682231F
:10C2300002F8033B04480368C1F8033043685360C5
:10C2400083689360704700BF151F002002481622C4
:10C2500000210BF0B1B900BF151F0020F7B51E4C2F
:10C2600002AB03E90300637DA3B39DF800300D46E4
:10C270002BBBD1E972760FF008FA95F87420174BB2
:10C2800033F8123057304FF47A7203F23F63B3FB46
:10C29000F2F3DB1946F100061B182A88228046F1CA
:10C2A00000066360A660B5F888300D4963800222FD
:10C2B00004F10C0003B0BDE8F040FFF70FB85306DF
:10C2C00008D50B882380D1F848326360D1F84C320E
:10C2D000A360E8E703B0F0BD151F0020583F04003D
:10C2E0002DC20000024B0022C3E90022704700BFAC
:10C2F000301F002008B5044B186810B9FFF7F2FF93
:10C3000008BD0C20FCE700BF301F0020024B187A4C
:10C31000003818BF01207047301F002013B5CDE949
:10C320000012054BFF225A7200F11003DDE90001F3
:10C3300083E8030002B010BD301F0020C3693BB981
:10C3400083692BB9034B1B681B1A5842584170472D
:10C3500001207047301F002030B50D4AFF231372B3
:10C36000D0E9065373B1D0E902140C44D9689D6139
:10C370002144D960816939B1CB610023C0E906331A
:10C38000137230BD1560F5E7002BF6D0D960F4E7E5
:10C39000301F002010B5124AFF231372C16189B902
:10C3A0001368836103B1D8611060C1690023C36061
:10C3B00099B1CB687BB18468A3420AD2302137207F
:10C3C000F4F722FF8B6988618361002BEDD0D8617F
:10C3D000EBE71B1BC3600023CB600023137210BD6F
:10C3E000301F0020014B1868704700BF301F00202D
:10C3F000034B1B68002003B9704718469B69FAE796
:10C40000301F00200B4B00221B6830B504464FF054
:10C41000FF35104623B911B9002808BF104630BDBA
:10C42000DA68A24203D3AA423CBF154618461A4610
:10C430009B69EFE7301F002070B50F4CFF2323727C
:10C44000036A1BB181689D68A94203D2E5213720A8
:10C45000F4F7DAFEC2698669DA619E6152B19361CE
:10C460009A691AB1D361C26811444A1BDA60002389
:10C47000237270BD2360F3E7301F0020014B0122BF
:10C480001A717047301F0020014B00221A7170474B
:10C49000301F0020014B1879704700BF301F00206B
:10C4A000F8B52A4E04464FF0000C084686F809C03D
:10C4B000002135680B4685B9757A002DF6D15BB140
:10C4C000984225D3B0FBF3F1013C03FB01F51C447A
:10C4D000B4FBF3F48C420ED9F8BD2F690BB19F4227
:10C4E00007D23B4627B94FF4A3713720F4F78CFEEF
:10C4F000A98AAD69DFE7B5FBF3F603FB165626B94B
:10C50000B5FBF2F602FB1656DEB10139ED1AE1E792
:10C51000451E1D44B3FBF4F4B5FBF0F5AC42DBD390
:10C52000B3FBF5F605FB16374FB9B6FBF2F702FB86
:10C53000176727B9B6FBF1F701FB17671FB1013584
:10C54000ECE72846C8E73046C6E700BF301F0020AA
:10C55000094B53F8203070B503F523430C461646BB
:10C56000A1334FF47A72B3FBF2F506F081FE344446
:10C570002C44204470BD00BF443F04002DE9F04F1F
:10C580008DB09A460023089390F8753006930446C0
:10C59000884603920DF066FA814694F87F00FEF714
:10C5A000A9FB81440FF071F894F88F30442B1FFAE7
:10C5B00089F900F1500639D00E2B37D094F88E301F
:10C5C000A3F14402534253410293039B002B5DD1DC
:10C5D00094F80432032B59D1029B002B56D0B4F8A7
:10C5E000A032434552D1D4F80C32C4F8F831E36993
:10C5F000B4F8DC21C4F8FC31B4F85A321344C4F85E
:10C600000032204603F01EFAD4F8A83294F8B4227F
:10C6100041F64B55AB428CBF0025012542B9E2697A
:10C6200093421CD020880FF0C7FF18E00123CBE70E
:10C6300020880FF0BEFF20B940F293713020F4F74C
:10C64000E3FDB4F8B0326386B4F8B2328381B4F853
:10C65000A0324381013B0382039BC3811D4694F8B2
:10C660007E30002B3FD1002D3ED1D4F8A432E362BE
:10C67000B4F8A2322386D4F8A832E361D4F8AC32FD
:10C680006362022384F87E5084F80432B4F858B20E
:10C69000B4F88870A8EB0B0B0FFA8BFB04F50A7348
:10C6A000A8EB0707BBF1000F04933FB227DAD4E9E8
:10C6B0009023C4E99423002384F81F320123BB464E
:10C6C0000493784B1B7813B10AF03CF8D0B90025DD
:10C6D00094F80432032B00F23B82DFE813F0880069
:10C6E0009F01E500C1012DB14FF04D13636300239D
:10C6F0002387BAE74FF0961363632587B5E7CDF834
:10C7000010A0DEE7B4F8F031012BE0D994F8043240
:10C71000022BDCD094F81E32002BD8D194F87E3056
:10C72000002BD4D194F87F00FEF7E4FA94F8043299
:10C7300000F5C869012B1FFA89F945D194F89230A8
:10C74000E56A032B38D1D4F8FC312B444946D4F8A0
:10C75000FC01079309F0BAFFD4F8F851079BD4F80D
:10C760000022C4F8F801451B49461846554309F014
:10C77000ADFFD4F80832C4F80802C31A4946E0698C
:10C780001D4409F0A3FF94F87E30D4F800225B002A
:10C79000DBB21844B4F8DC313B44A3EB0B039B1A27
:10C7A000D4F80C22013B821A02FB03550123C4F882
:10C7B0000C0284F81E328BE794F8751094F8D601B9
:10C7C0000DF0D5FC4319C1E7E069494609F07EFF49
:10C7D00094F87E30B4F8DC515B00DBB21844D4F836
:10C7E0000C323D44A5EB0B05C31A5D43DEE794F81C
:10C7F000751094F8D6010DF0BAFC0746E06A494678
:10C80000384409F063FF4946C4F80802E06909F0BA
:10C810005DFF94F87E305B00DBB20344C4F80C3259
:10C8200009A90AA806F0BCF9099B0093D4E9940170
:10C83000DDE90A2308F034FE814620460EF065FF4C
:10C84000D4F85C3294F87500D4F82CB0089306F054
:10C8500017FD089BD4F80812203B5B445B1A9B1B16
:10C860003B44A3EB090300F523404FF47A72A13057
:10C87000B0FBF2F01B1A0893238E94F87500303148
:10C88000324603EB4101FFF763FED4F85C22089BBC
:10C890009B1A2230B3F5917FC4F810025FD240F2A8
:10C8A000FC41CBE63C1F0020E36AD4F8FC0149467A
:10C8B000184409F00BFF4946C4F80802E06909F082
:10C8C00005FF94F87E305B00DBB20344C4F80C3201
:10C8D00020460EF01AFFE36AD4F8FC711F44B4F846
:10C8E000DC31002B40F09680BAF1000F00F092800E
:10C8F00094F8750006F0C4FCD4F80812D4F8483255
:10C9000094F875207F1A203F1F44D4E990BCAB4BAC
:10C9100053F82220A7EB0B074FF47A7302F2E732A9
:10C92000B2FBF3F21744BF1B00F52340A130B0FB6C
:10C93000F3F03F1AD4F8F831D4F8002294F87500D7
:10C94000089702FB0311238E303103EB410132467D
:10C95000FFF7FEFD0123C4F8100284F80432089B9F
:10C96000D4F80C225B1BE5690893E73DAD1AD4F8B7
:10C970001022AD1B954228BF1546002284F82822BC
:10C98000D4E99421D21841F10001C4E98E21C4F800
:10C99000D85104F13C000EF077F8D4E98E232844F6
:10C9A000C4E99423C4F82C02A4F8588202F0BCFA1B
:10C9B00020B1D4F82C321E33C4F82C32B4F8C8316C
:10C9C000A3EB08031BB2002BD4BF002201225200AC
:10C9D00084F83022029A002A40F0BD80BAF1000F9C
:10C9E00040F0BC8094F80432002B00F0D480E16960
:10C9F000D4F80C3204F50A70C91A0DF051FB80B25C
:10CA0000002800F0C880169B03B1188001200DB0EB
:10CA1000BDE8F08FD4F808127F1A8BE7D4F80C0227
:10CA2000E369B4F8DC21D4F800121B1A0BFB03F302
:10CA30000893D4F808323A44D4F8F871521A3033D3
:10CA4000013A07FB0133218E00FB023301EB430166
:10CA500094F875003246FFF77BFDC4F810027EE7BC
:10CA6000E36903FB0BF30893BAF1000F31D0B4F87C
:10CA7000DC2172BB84F81F22D4F80C9209FB1B3E08
:10CA800094F88E30CDF820E0262B03D094F88F3028
:10CA9000262B0CD1B4F8A032A8EB03031B0406D458
:10CAA000069A94F8A332002B18BF1A460692049BEC
:10CAB000B4F8DCC17BB3BCF1000F2CD1D4E99232C5
:10CAC000D4E99001984271EB020208D34FF4AA61B5
:10CAD000B4E594F81F22002A7FF441AFCCE794F824
:10CAE0007510364A52F82120D4E99001CDE90401AD
:10CAF0000498203B1B1A02F2E7314FF47A7B02F5CF
:10CB00002342B1FBFBF10B44A132B2FBFBF29B1AB7
:10CB10009B1B73440893674409FB07F730377F007A
:10CB2000069832463946FFF713FDC4F81002E06953
:10CB300041F64B5398423FF612AF08AB0093324692
:10CB400004F5047339460DF02FFB84F81F0206E745
:10CB50004FF4AD6172E5BAF1000F1CD0B4F8F001EA
:10CB600018B3B4F8F21194F8F421A4F8F21101FB0F
:10CB70000222904201F101050DDD002B0BDD0023A7
:10CB800084F83032A4F8F251FEF738FC00F00700C8
:10CB9000013084F8F40194F8200204F50A7108F0D9
:10CBA00077FA20B940F2B15148E50146DBE7039B33
:10CBB00083F0010384F81C32002028E7443F04007E
:10CBC000F0B5044685B018B9AA213020F4F71CFB53
:10CBD000072900F2F280DFE811F00800E4003700D6
:10CBE00037003200F000DC00EE0090F81C32B0F8A4
:10CBF0008820DBB1B0F81A32934208BFB0F8CC31CC
:10CC00009A1AA0F8CE21A4F88830D4E98E232046C1
:10CC1000C4E9902302F03EFE94F8D331002B00F0DB
:10CC2000B68005B0BDE8F0400FF0B4BAB0F81832E5
:10CC30009B1AA0F8CE31B0F818329BB2E3E705B0EA
:10CC4000BDE8F04005F0B8BF08F05CF9D4E99023E6
:10CC5000801A61EB0301012871F1000302DA40F24E
:10CC60003C61B2E76FF0010383424FF000038B4158
:10CC700002DA40F23D61A8E7E3690BB1B0FBF3F3E0
:10CC800094F88F00B4F81A22442810D094F88E102B
:10CC9000433901290BD90E2809D0B4F888100B4468
:10CCA0009BB2D11A0D0444D501339BB243E001324B
:10CCB000A4F81A22B4F85A32B4F88850404F01331D
:10CCC000A4F85A32B4F8C2301D44B4F8C030013D63
:10CCD000ED1AADB202AE3B685BB1B4F81A1201397D
:10CCE000002289B220469847B4F81A321844A4F8B2
:10CCF0001A02B4F81A126B1A18042CD400230096E6
:10CD00001A462046FFF73AFC012840D1B4F81A220F
:10CD1000B4F8C811BDF808301344521A12049BB27B
:10CD200004D5EA1A12F4004F18BF0B46A4F81A32C1
:10CD3000D1E7013293B2A4F81A3294F81D32002BD5
:10CD4000B8D1B4F8CC31B4F81A22934204BF0133FD
:10CD5000A4F81A32AEE794F892300394002B14BF73
:10CD600008233E2384F8B130304601238DF8083083
:10CD7000FEF77AFF20460FF00FFA002384F8043202
:10CD800094F8200208F0D8F8202384F8203205B067
:10CD9000F0BD012008F082FB05B0BDE8F040F5F7DA
:10CDA000C9BD90F80432042B01D0D0210DE7002337
:10CDB00080F80432EBE7D62107E7DA2105E700BF68
:10CDC000640B0020F7B5044618B9E2213020F4F7CF
:10CDD0001BFA072900F2BC80DFE801F00484464614
:10CDE00041BA33B708F040FBC4E95201204601F0D4
:10CDF00049FCD4F83C01CB3808F032FA10B940F2C3
:10CE00007B21E3E720460EF0B4FF0546F8B9014662
:10CE100020460EF034FF00F1E506D4F83C01B042A4
:10CE200009D2301A322838BF3220032108F03AFAEA
:10CE3000051E18BF0125C4F83C6120460EF0E3FF33
:10CE40003DB1204603B0BDE8F0400EF0DDBF002547
:10CE5000F3E7D4E95223C4E94C2303B0F0BD03B097
:10CE6000BDE8F04005F0A8BE0EF04AFF002384F8AC
:10CE7000413107460E4608F045F80722A7FB023568
:10CE800002FB0655D4F834210192D4F830219B18C6
:10CE9000019A45EB0205D4F8142132B157EA060293
:10CEA00003D0984271EB050216D2022284F8402189
:10CEB000D4F85021D4F854C1121A6CEB010C94F838
:10CEC00060E1BEF1000F09D1012A7CF1000E11DAF8
:10CED000204601F0DFFB05E00122E7E7012A7CF1B3
:10CEE000000CF5DB94F8100108F026F8002384F814
:10CEF0005831B2E7984271EB050E0ED23E430CD08A
:10CF00001B1A65EB01019A427CEB010005DB012B4A
:10CF100071F10000A4BF1A468C460F4994F8100125
:10CF20000123914284F859314FF0000384F83831DD
:10CF300073EB0C03B8BF0A4604F59C7108F0BEFA07
:10CF400000288AD140F2EF6140E74FF480713DE75D
:10CF50004FF482713AE700BF0040420F2DE9F041E3
:10CF600004460E46154690F8583103F0FF071BB1F2
:10CF70000C273846BDE8F08101464E4807F0EEFF29
:10CF800020288046F4D05722394604F211100AF0C6
:10CF900013FB84F81081C4F81461FF2384F858311E
:10CFA00036B1FEF743FA00F00700013086F8F401CD
:10CFB00002234FF00008A4F8403184F8388109F0CA
:10CFC000D7FB00F19E0620460EF0D3FEB6B2014616
:10CFD000002846D00CF046FD00F5CD6189B2284608
:10CFE00009F074FB2844C4F83C0107F08BFF3018AB
:10CFF00041F100010126C4E9520184F81861A4F846
:10D00000268020460EF0CCFE30B3314620460EF08E
:10D0100036FE6FF49C631D442D1AC4F81C514FF06A
:10D02000FF356FF00041D4E95223C4E95451002583
:10D03000C4E94A23C4E94C2394F8100184F85951F7
:10D0400042F2107204F59C7108F038FA60BB40F2AD
:10D05000EB113020F4F7D8F830460EF07DFFE53DB7
:10D06000DAE720460EF00BFEDFF84C80E530C4F81E
:10D070003C01B8F8020048B1E08C38B1FEF7D6F9AF
:10D08000B8F80230B0FBF3F202FB1300064407F0DD
:10D0900039FF361841F10001C4E95261002DBED0BC
:10D0A000AD1941F10001BEE7294620460EF0AEFE63
:10D0B0005FE700BFC5CD00003C1F0020F0B5002396
:10D0C00085B0CDE9003303238DF806306846F4F7C8
:10D0D00079FD88B11F4E0123337100270223CDE96A
:10D0E00002778DF80E3002A8F4F76CFD0546C8B142
:10D0F0000023337105B0F0BD00980EF065FBE5E745
:10D1000090F8200208F058F894F8200208F08EF900
:10D1100094F8200284F8045207F00EFF202384F8CC
:10D120002032DBE7029B002BDDD093F82022202A5F
:10D13000D9D018884FF6FF739842D9D00221F4F75E
:10D1400007FD04460028DBD140F237113020F4F708
:10D150005BF800BF3C1F0020054B002201215A71E3
:10D1600019701A7142F210725A80FFF7A7BF00BF00
:10D170003C1F0020014B5871704700BF3C1F00202E
:10D1800008B504F087FE044B9A6882422ABF1879DA
:10D19000002080F0010008BD3C1F0020F0B50446CF
:10D1A00085B090F8D33103F0FF05002B6CD190F8D7
:10D1B0000432032B68D107F0A5FED4E99023801A2E
:10D1C00061EB0301012871F100035DDB6FF00103E6
:10D1D000834275EB010104DA40F2E5513020F4F7A7
:10D1E00013F8E269B4F888300AB1B0FBF2F2013307
:10D1F00013449BB2A4F81832B4F81822B4F8CC3116
:10D200009B1A1BB2002B3FDD94F8200207F0D4FFDD
:10D21000002839D0FF2384F81D32B4F8C230B4F8A6
:10D2200088501A4E1D44B4F8C030013DED1AADB21D
:10D230000DF10E0733686BB1B4F8181201390022F2
:10D2400089B220469847B4F8183210FA83F39BB29B
:10D25000A4F81832B4F81832EB1A1B0414D4B4F83A
:10D26000181200970023012289B22046FFF786F9A1
:10D27000012809D1B4F81832BDF80E2012FA83F350
:10D280009BB2A4F81832D5E705B0F0BD640B0020BE
:10D290002DE9F3470446062900F20581DFE811F085
:10D2A00007008D007A008A0091009600FE00D0E908
:10D2B0009001D4E99223904271EB030359D294F880
:10D2C0001E32002B55D094F80432032B51D10EF0AE
:10D2D000DCF994F875A081460CF0C4FB064694F87E
:10D2E0007F00FDF707FD064494F87F00FDF702FD7F
:10D2F000D4E99023D4F84872D4F8D85180465046E7
:10D30000BF1A05F0B5FF694A52F82A20A5F150036B
:10D3100002F52342A1324FF47A71B2FBF1F29B1A6B
:10D32000A3EB09031B1A09F1790909EB5309B6B2FA
:10D33000603B08F5C86873431FFA88F8B3FBF8F33D
:10D3400060335A08A9EB53039F4202D391444F45DF
:10D3500001D909F0FDF9E069314609F0B7F994F80F
:10D360007E305B00DBB20344C4F80C32002384F847
:10D370001E324F4B1B7903F0FF025BB90092B4F8E9
:10D38000CC1101232046FFF7F9F830B140F21E71AD
:10D3900030202AE0042384F8043205F0C9F907F0AC
:10D3A000B5FDB4F88820A4F81A220023A4F85A3254
:10D3B00084F81D3202B0BDE8F087032380F8043200
:10D3C000F8E704F099FDC4E99201F3E70088112120
:10D3D000F4F7BEFB00285FD094F87530022B59D0CB
:10D3E00005D8012B08D0D621B420F3F70DFF033B5D
:10D3F000012BF8D81E3000E00A30858894F87500BB
:10D40000DFF8AC80C31E012B8CBF002628260EF04F
:10D4100065F9B530A842D4F80C2234BF2B1A00238A
:10D42000E56999188D4284BFAD1AED1A98F8053058
:10D4300006F2451698BF00251BB9E36B9D4228BF35
:10D440001D4604F13C00D4F8D8710DF01DFB0744D3
:10D45000022007F0E1FFED1B25EAE575854228BFB4
:10D4600005460221284607F01DFF00B92F4401237D
:10D470003246394620460DF0B1FBD4F8D831C8F811
:10D480000800E069184407F0EBFE002892D140F252
:10D49000A3317DE71430B0E79625AFE702B0BDE8D1
:10D4A000F0470EF032B940F2ED7171E7443F0400ED
:10D4B0003C1F0020012A70B505460C46164617D0C1
:10D4C000022A1AD03ABB0246144994F8100107F018
:10D4D0006FFD20B940F2FD713020F3F795FE04F0A6
:10D4E000D9FC324601462046BDE870400EF042B9F4
:10D4F00004F0D0FCC5F85C0270BD0246074994F800
:10D50000100107F055FD10B94FF40161E4E7D5F8BB
:10D510005C120122E7E740F61801DDE7C1CB00000D
:10D52000014B5880704700BF3C1F00200D4B33F863
:10D5300011300239C9B2022910B598BF0A4C4FF414
:10D540007A7203F2E733B3FBF2F300F1FF3298BFD4
:10D5500034F811104FEAC21288BFF021134400FBC7
:10D56000013010BD583F0400FC3D0400F0B5D9283F
:10D57000054628BFD9253035BDF81460ADB2FF2D62
:10D5800006F0020728BFFF2516F00106044601F544
:10D59000A57023D11FBB002B00F0CB80911EC9B218
:10D5A00002299ABF7F4D35F8111040F64801084412
:10D5B000D92C40F28380D93C951EA4B2EDB2F7215C
:10D5C000002B00F0D680022D04F1F604B4FBF1F438
:10D5D00000F2CC80744B33F815306DE0EFB1911E42
:10D5E000C9B202299BBF714D05EB41014FF4147183
:10D5F000C9880144D01E012839D801F6144098305A
:10D60000002E3CD0023AD2B2022A9BBF674B03EBFA
:10D610004203C0235B8A184450E053B1911EC9B243
:10D6200002299BBF614D05EB410140F64801898904
:10D63000DFE7042A06D1691D09B24FF4C87505EB6E
:10D640008111D6E7032A06D1691D09B24FF4BF75CF
:10D6500005EB0111CDE7022A0BBF05F10B0105F126
:10D660000A0109B209B20CBF8900C900C1E7022A48
:10D6700014BF4FF4B070B4209C310844BFE7F3B13D
:10D68000911EC9B202299ABF494D35F8111040F6D2
:10D690004801D92C084411D9D93C951EA4B2EDB249
:10D6A000F72163B3022D04F1F604B4FBF1F45DD865
:10D6B0003E4B03EB45031B8B03FB0400F0BDF12C39
:10D6C000214628BFF121042A06D1133109B24FF4B3
:10D6D000C87505EB8111DCE7032A06D1133109B2C5
:10D6E0004FF4BF7505EB0111D3E7022A0BBF1931C7
:10D6F000183109B209B20CBF8900C900C9E7022D6F
:10D70000B4FBF1F3DBB23BD82A4931F8151001FB29
:10D710000300C3EB4311C3EBC103E41AA3B2002B14
:10D72000CCD00833042A9BB22DD19B0103F21A43BB
:10D7300071E7042A07D105352DB24FF4C87101EB0A
:10D740008515284434E7032A06D105352DB24FF458
:10D75000BF7101EB0515F4E7022A0BBF0B350A3543
:10D760002DB22DB20CBFAD00ED00EAE740F69213EA
:10D77000A2E7022DB4FBF1F3DBB201D80E49C4E7F6
:10D7800040F69211C3E7032A03D11B0103F5467348
:10D7900041E7022A0BBF9B00DB0003F5BB7303F5D7
:10D7A000CD7338E7083E0400143E0400FC3D04003D
:10D7B000083E0400143E0400143E040010B5264B3D
:10D7C0001A68D2F80F300362537D117D1B0443EABF
:10D7D0000123D17C0B438362B2F819306FF450619E
:10D7E000591806298DBF40F2E241A3F550634FF46A
:10D7F0007A714B4396BF4B430021012180F87E1084
:10D80000C361937DD9B103EB830303EB83039B00D7
:10D810000386B2F81730D9B164214B43C362B2F822
:10D820001B308384B2F81D30C38492F8243003F097
:10D830001F025B0980F8A22080F87F3010BDC3EB87
:10D84000431403EB840303EB83035B009BB2DFE72A
:10D8500040F2E241E1E700BF481F0020074A0346CB
:10D860001068D3F86920C0F80320B3F86D20A0F841
:10D87000072093F868100CF0A0BD00BF481F0020DF
:10D88000D0F8803073B50BB101221A604388DB07F2
:10D8900026D50023CDE90033124E056A02238DF808
:10D8A0000630FF2386F820306846F4F78BF9B8B9C4
:10D8B000009CA542F8D06A7A607A05F10A0304F167
:10D8C0000A010CF01EFB0028EED0A37886F8203069
:10D8D000D4F80330C6F82130034BB4F807209A80FF
:10D8E00002B070BD481F0020691F002038B5084DE8
:10D8F000044600F169010623286800220CF06FFE3F
:10D9000094F868102868BDE838400CF056BD00BF98
:10D91000481F002070B504460E466588807F15F0CC
:10D920000401134618BF04F177013246FDF730F8C1
:10D930004107054621D4C2070BD5012384F868307E
:10D94000A07FFDF7F7F80368C4F869308388A4F86E
:10D950006D30AB0701D4012070BD094B1868D4F8B5
:10D960007730012184F87610C0F80930B4F87B30A4
:10D97000A0F80D300CF02EFDEDE70020ECE700BF25
:10D98000481F002010B50446084694F8D8306BBBF9
:10D99000237884F8D930082904F1DB0216D004F189
:10D9A000DA01FCF79DFF20B940F64A712D20F3F70C
:10D9B0002BFC94F8DA3043F0020384F8DA3004F1F7
:10D9C000D0000B49BDE810400CF0D2BF094B1868DD
:10D9D000034613F8031BC1F3801184F8DA10D0F862
:10D9E0000310C4F8DB109B889380E8E710BD00BFEC
:10D9F0007BB90100481F002070B504460E4615464D
:10DA0000FCF7AAFA98B9237884F8C030637CA4F8AC
:10DA1000C16084F8BF500BB194F8483084F8C3302B
:10DA200004F1B6000249BDE870400CF0A1BF70BD22
:10DA300071BB01002DE9F043032985B00546174667
:10DA400007D14388980723D40024204605B0BDE8B9
:10DA5000F083428890F88830D107DBB2F4D5002BF0
:10DA6000F2D14FF00108DFF8D49099F81260C6B1F6
:10DA70000CF08BFA0828387016D002AA0DF10701B5
:10DA8000FCF72EFF38B940F6D4612D20F3F7BCFB2C
:10DA90004FF00208E7E79DF8070002A90DF0D7FD57
:10DAA00006463B78082B08D1D9F8001011F8030B73
:10DAB000C0F380100DF0CBFD0646D9F8001095F8A4
:10DAC0006F2011F8030B05F17003C0F380100CF008
:10DAD00018FAD9F80010044611F8030BC0F38010AF
:10DAE0000CF049FA8146FDF737F840B1B9F1080F5B
:10DAF0001BD04846FCF7FCFD80F00103D8B23A7811
:10DB0000082A14D01CB9AC7FA21A544254416A8826
:10DB100053079AD4002897D176B92C7D444518BF75
:10DB2000002C0CBF012400248FE70020E7E780F0E1
:10DB300001022240D4B2EAE7344686E7481F0020BB
:10DB40002DE9FF4108230DF10702052104468DF858
:10DB50000730FFF76FFF054620B90025284604B0BF
:10DB6000BDE8F081FAF7A4FD06460028F5D1334F51
:10DB7000216A3A6891F8963010460DF1080810F8BD
:10DB800003CB03EA5C1303F0010381F89630D2F86B
:10DB90000330C1F803308388A1F807301146D4F868
:10DBA00020C011F81F3BC3F380138CF80230D2F869
:10DBB0001F000B79029060468DF80C30FFF7FEFDD8
:10DBC00094F91320206A434601210DF043FF216A96
:10DBD00084F895600B88A4F89630FF2384F8B3305E
:10DBE0004FF6FF739DF80720A4F8B43020460DF0DF
:10DBF00058FF134904F18C000CF0BAFEFCF7ACF9A5
:10DC000060B9236A0F491A88A4F8CD2093F896309A
:10DC100084F8CF3004F1C4000CF0AAFE236A00227D
:10DC200019882046FFF7E8FE074B1B6800223A716F
:10DC3000002B93D0206A214698478FE7481F002089
:10DC400003BA010065B901006C0B0020032973B50C
:10DC5000044604D0052927D0012002B070BD082356
:10DC60000DF107028DF80730FFF7E4FE0028F3D02E
:10DC7000237C23B19DF807102046FFF783FE0F4D4C
:10DC80002B68062204265A701E702046FFF7E6FD18
:10DC9000286894F85C20A16D0CF0B5FB28682E7103
:10DCA00004F0B8FD0020D8E7054B1B68002BF9D025
:10DCB000984780F00100C0B2CFE700BF481F0020A6
:10DCC000680B002038B5B0F848301B4D0133C3F362
:10DCD0000E03A0F84830AB7C04462BB104F090FE54
:10DCE00003F038FB0023AB7400232B7194F88930C8
:10DCF0002BB101212046BDE838400DF0ACBD637C5E
:10DD0000BBB1B4F848209A4213D3012120460DF04C
:10DD1000A2FD6388DB0748BF236A204644BF1988F9
:10DD20004322BDE838405CBF43224FF6FF71FFF746
:10DD300063BE0021DEE700BF481F002010B5094C7C
:10DD40002379012B02D02379022B05D1A37C1BB1AF
:10DD500004F056FE03F0FEFAA06ABDE81040FFF79B
:10DD6000B1BF00BF481F0020074A0346906A03B9AD
:10DD700009B9FFF7A7BF1379D26A03F1804312698B
:10DD8000033B52F823301847481F0020F7B5404C9A
:10DD90002379012B07D02379022B04D040F65C4174
:10DDA0002D20F3F731FAA26A166A0EB196F87D605B
:10DDB000B8B3216811F8095B02F16903E80992F828
:10DDC00068200CF09EF860B305F00F05052D206863
:10DDD0003BD190F8243003F01F03102B35D9A76AEC
:10DDE000BB7C93B308230DF10702294638468DF812
:10DDF0000730FFF71FFEA0B197F8E9308BB9226812
:10DE000007F1EA01D31C233253F8040B41F8040B49
:10DE10009342F9D11B880B8007F1E1001D490CF0FA
:10DE2000A7FD0125A37C1BB104F0EAFD03F092FAE3
:10DE300065B3A06A0DF0EDFC10B304F0D9FBE36A02
:10DE40009B6803B0BDE8F040184731460CF0EAFA91
:10DE50000028E6D02379A06A012B05D02379022B74
:10DE600002D040F635419BE72379E26A03F1804313
:10DE70005269013B294652F8233098470546D1E7BD
:10DE8000A06A03B0BDE8F040FFF71CBF03B0F0BDCF
:10DE9000481F002093B90100F8B504460F4619B396
:10DEA00000F1300528460EF030F8A0B963881A0753
:10DEB0002ED528460EF040F8064628460EF025F8E6
:10DEC000301AC0B20EF048F8474A93680344284617
:10DED00093600DF0F6FF28460DF0F8FF04F048FAC5
:10DEE0002179252004F02CF83F4E94F876203068F4
:10DEF0000023037043706388103B0D2B64D8DFE868
:10DF000003F05F635B0C634063636363636363405D
:10DF10002046BDE8F840FFF7D5BE06234370202316
:10DF200003702046FFF79AFC638823F008039BB236
:10DF3000152B05D094F85420216D30680CF054FA5C
:10DF4000306804F067FC032321793371002004F06A
:10DF50001DFA054607B9F06063881B0704D50DF06C
:10DF6000F8FF0544C4F820516388103B0D2B36D8C8
:10DF7000DFE803F038352F2F352F3535353535357A
:10DF8000352F0C2343700346212103F8091B52B19E
:10DF9000D4F87720C0F80920B4F87B209A800121BA
:10DFA0000CF018FABDE7226FC0F80920B4F874200D
:10DFB0009A8094F86F10F3E7062303704370B0E77C
:10DFC000022303700623F9E740F236612D20F3F7B0
:10DFD0001BF921790120BDE8F84004F043BD40F66B
:10DFE000CF41F3E7F8BD00BF481F002038B5438894
:10DFF000102B044604D1BDE838400121FFF74CBF87
:10E000000B4DAB7C23B103F087F9402004F0ECFC0E
:10E01000286804F0FFFB608810F0040002D1217929
:10E0200004F020FD002004F09FFC01232B7138BD7B
:10E03000481F0020024B0121986AFFF72DBF00BF47
:10E04000481F002010B5154CA37C1BB104F0D8FC70
:10E0500003F080F9A06A0DF0DCFB0346A06A1BB157
:10E06000438803F018031BB9BDE81040FFF72ABE30
:10E070002379012B07D02379022B04D040F65E319F
:10E080002D20F3F7C1F82379E26A03F18043D268C7
:10E09000013BBDE8104052F823301847481F0020CC
:10E0A00010B50748037903F0FF0433B92422214651
:10E0B000043009F081FA204610BD0C24FBE700BFB4
:10E0C000481F002010B5094C002323712060FFF782
:10E0D000E7FF20B140F2EF212D20F3F795F8E36A36
:10E0E00013B940F2F221F7E710BD00BF481F00202E
:10E0F000014B024ADA627047481F0020F8E6000030
:10E10000044B054A1A60054B054A1A60054B064A3E
:10E110001A607047680B002041DB00006C0B002088
:10E12000B5D40000700B0020EDE300002DE9F041B4
:10E13000467DB31EDBB2012B06F0FD068CBF4FF00F
:10E1400000084FF00108371E18BF0127012B0446B5
:10E1500015D800F1700190F86F000BF00CFF054628
:10E1600063889B0612D4082D0BD166BB04F16901AC
:10E170003046FCF755F948B90020BDE8F081082584
:10E18000EEE72846FCF7C0FA0028EED1A57784F820
:10E190001D8084F86870FCF79DFB054606F0B2FE12
:10E1A0000E4B0022E5FB0301C4E9180184F8762038
:10E1B00011462046FFF7AEFB0028DED140F27A413F
:10E1C0002D20F3F721F8237F002BD5D0D4F816307B
:10E1D000C4F86930638BA4F86D30D7E740420F0074
:10E1E0002DE9F04F07460C4605460FCF9DB010AE07
:10E1F0000FC60FCF0FC697E80F0008AF86E80F00D5
:10E2000038466E790DF042FEA37A03932378049387
:10E21000237D6178013BDBB201F07F0A022BD146FE
:10E2200000F28E80704A1344C90693F8228008D405
:10E23000A37D013BDBB2022B00F282801A4492F8EC
:10E240002260637E03F0FD03012B04D1B8F1030FBC
:10E2500028BF4FF00308A37E03F0FD03012B02D17A
:10E26000042E08BF0326617A38460DF016FE237D82
:10E27000227F022B08BF617D02F1010206BF01313E
:10E28000C9B20121D2B238460DF009FE1AF0080FCA
:10E290006CD138460DF050FE6378DA06834654D4CC
:10E2A000F3F790FD414682465846FFF73FF9CDF817
:10E2B00000900146012332465046FFF757F9217975
:10E2C000E37843EA0123617940F2712243EA014392
:10E2D00000F2D7205343B0FBF2F05043984239D8B4
:10E2E0004FF0000B94F818A00793A37C05930AF154
:10E2F000FF33D3F1000AE86C4AEB030A0AF02DFA67
:10E300000690E86C0AF039FA0699079B814238BFFB
:10E31000014688B268B308A90A910AA90C9306932A
:10E32000ADF82C90CDF834B08DF838808DF8396088
:10E330000DF03EFB069BE0B945201DB0BDE8F08F17
:10E3400040F29A310620F2F75FFF2822494600F09A
:10E35000DFF9B4E7E179A37943EA0123217A43EABB
:10E3600001435343834228BF0346B9E700239B463A
:10E37000B8E7CDE9123B059B8DF85430049A039B16
:10E380008DF845608DF850A08DF855308DF84020FF
:10E39000ADF842908DF844800DF1400CBCE80F00C0
:10E3A0002E460FC6BCE80F000FC69CE80F0086E89B
:10E3B0000F0097E803002863A986E37A03F0FD03C2
:10E3C000003B18BF012385F86F30E3682B67238A71
:10E3D000A5F87430E27D95F8463062F3071385F8AE
:10E3E00046300020A9E700BFFC3D04002DE9F043C2
:10E3F00085B008230DF10702052104468DF807308A
:10E40000FFF718FB002877D0FAF752F9002873D1EC
:10E410003B4D206AFFF7D2F92B6802AFD3F81F00FB
:10E4200093F8232002903A71226AD3F80310C2F8BD
:10E430000310B3F80710A2F807101B78206AC3F383
:10E44000801383702F4B1B6813B10122214698471C
:10E45000D4F82080286898F802900E23082643708C
:10E46000067000210CF0E1F800224FF0030128684B
:10E470000CF0E2F82046FFF739FA286849460BF01D
:10E48000A9FF0623012208F1030128680CF0A7F870
:10E490006179FF2003F054FD286804F0BBF9D4F83B
:10E4A0002080204641460DF081FC94F9132001465E
:10E4B0003B4640460DF0CEFA216A9DF80720002326
:10E4C00084F895300B88A4F89630FF2384F8B33095
:10E4D0004FF6FF73A4F8B43020460DF0E2FA236A39
:10E4E0001A88A4F8CD2093F8963084F8CF302E7196
:10E4F000012005B0BDE8F0832046FFF7E3FBF7E716
:10E50000481F00206C0B00202DE9FF41564E327948
:10E51000044602F0FF0312B90278FF2A04D140F644
:10E52000B9112D20F2F770FE3382B3607371B371AD
:10E5300080F889304D4B00934D4B01934D4B029326
:10E54000F36A68465B68039304F04EF903F0A4FD98
:10E5500004F056FA02F0FEFE474803F0FFFE04F115
:10E560003005464804F03AF928460DF0AAFC284642
:10E570000DF0ACFC03F0FCFE2179252003F0E0FC5B
:10E5800094F9130003F0E4FE04F15001E06C0AF08A
:10E5900070F804F158010746E06C0AF091F88046E3
:10E5A000002F3AD094F82430BBB3B4F94850ED436F
:10E5B000ED0F637F13B963885B0709D5D4E918129F
:10E5C0006FF000439A4208BFB1F1FF3F2FD1ADBBBE
:10E5D00094F88B301BB947EA0807FFB2AFB16388E4
:10E5E00013F0100511D1606CC0F30B200DF0E9FBA6
:10E5F00094F8463084F8450023F00F03C0F303205D
:10E60000034384F8463084F88B5030680330FCF7BD
:10E61000ADF9B07404B0BDE8F081B8F1000F04D0DA
:10E6200094F82550002DC0D1C3E74546C1E706F058
:10E6300069FCD4E9182390429941C8D301222946A4
:10E640002046FFF767F950B1FCF744F9054606F09C
:10E6500059FC0B4BE5FB0301C4E91801B8E7002D99
:10E66000B6D040F6F6115CE7481F002045E00000F8
:10E670008DDD000069DD0000D6BE898E5555550040
:10E6800040420F00024B9862DB6A1B68184700BFCC
:10E69000481F002043881A0710B5044611D5036AA5
:10E6A00010493C2280F895201B88A0F89630FF2363
:10E6B00080F8B3304FF6FF73A0F8B4308C300CF014
:10E6C00057F96388DB0743BF236A3C2219883C2241
:10E6D00058BF4FF6FF712046FFF78EF9FF2384F8ED
:10E6E000893010BD03BA0100BDBB0100EDDF0000A1
:10E6F000C3BB01004DDC0000D5BD01003DDD0000C5
:10E7000035E00000E8E60000ECE60000F4E600007A
:10E710000138022808B503D9C3212F20F2F774FD70
:10E7200013290A4B05D811290CD8102907D0D1215B
:10E73000F3E71529FBD103EB4003D88801E033F858
:10E74000100008BD03EB40039889FAE7223E04005D
:10E750000D4A1178034691B990683BB9B0F864103E
:10E76000B0F8482091420AD8FEF70ABD93891B07EA
:10E7700007D590F89000083818BF01207047002096
:10E7800070470120704700BF781F00202D4AF8B560
:10E79000948903461C43402B9068948104D1042142
:10E7A000BDE8F840FEF774BD802B01D10521F7E7E5
:10E7B00003F00304032C04D140F6C3213120F2F707
:10E7C00023FD13F0020418BF1161DD0705D5516167
:10E7D000C97806290DD00B2917D02CB11169C97839
:10E7E00005291DD00B2927D09B0644BF0823137091
:10E7F000F8BD90F88F101929EFD1002600270121CC
:10E80000C0E93A6780F89310E7E790F88F10132972
:10E8100001BF002180F89310012180F8D010DCE7BF
:10E8200090F88F101729DFD100240025C0E93C455E
:10E83000012180F89410D7E790F88F101229D3D1D6
:10E840000021F6E7781F002073B504464068D0F831
:10E85000803013F0300F0D464AD109891A2903D9A7
:10E860006B89B3F5A47F06D2E978204602B0BDE8F3
:10E8700070400CF0C0BAAA881A2AF5D9EE88B6F50D
:10E88000A47FF1D300963C300CF033F9194B9A89F0
:10E89000920710D51B69DB78142B0CD16268D2F873
:10E8A000803043F01003C2F8803020460CF066FA46
:10E8B000002002B070BD636893F88E201E2AEDD050
:10E8C00093F82331002BE9D1636893F82231002BB0
:10E8D000E4D16268D2F88030114643F02003C2F8D8
:10E8E000803031F83C0B02F5AA72FCF767FDDCE7DB
:10E8F0000120DEE7781F002037B5044601A8FBF7AA
:10E9000019FD20B940F6A3013120F2F77DFC322237
:10E910000021019808F050FE019D032128460BF0CC
:10E9200078FF2B7823F010032B7001982146FCF719
:10E9300079FA019905482246FCF7E8FEFBF70EFD3F
:10E9400010B940F6AD01DFE703B030BD7C1F0020F9
:10E950002B4B2DE9F0419C6894F8A27294F8A352D5
:10E96000002F46D194F87460002D44D194F875803E
:10E9700084F8746084F87580FF2384F87630214B26
:10E980001B6813B13146204698471F4B1B681BB1CB
:10E990001E4832464146984794F82C31012B01D04D
:10E9A0003D4303D019480021FBF748FB04F13C0626
:10E9B00030460CF069F804F24B1105462046FCF78E
:10E9C00099FC20460621FEF763FC30460CF05CF80B
:10E9D0008542044611D206F013FD0146601B322821
:10E9E00038BF322006F05EFCB0FA80F04009BDE886
:10E9F000F0813E46B8E7A846BAE70120F7E700BF36
:10EA0000781F0020840B0020BC0B00207C1F0020FE
:10EA100010B5164B1B691979436893F88E200A2AA2
:10EA200009D193F811218A4205D1002283F88E2062
:10EA300083F8CA2010BDD3F8802012F0080407D054
:10EA400022F00802BDE81040C3F880200CF0A7B9FE
:10EA5000FF2905D1342283F88E2083F89442E9E718
:10EA600040F24C513120F2F7CFFB00BF781F00205D
:10EA700070B50B794268262B04465AD01ED81D2B40
:10EA800092F88E5051D00FD8A3F10E02D2B2092ABB
:10EA900008D8012101FA02F640F25120064220D1A5
:10EAA000082A24D0002070BD232BFBD1292DF9D1B9
:10EAB000254B1B68002BF5D09847F3E73E2B3ED043
:10EAC00005D82B2B3DD03B2BECD1204B32E0FF2B3C
:10EAD000E8D11F4B9B69002BE4D0012382F89632CA
:10EAE000E0E722461846BDE870400DF09BBA222DA3
:10EAF00001D02F2DD6D120460CF037F9636893F85A
:10EB00008F20232ACED093F8E12022F0010283F84F
:10EB1000E120626892F8E13023F0080382F8E130E6
:10EB20001A212046FBF78AFABCE7332DBAD1094BEC
:10EB3000BFE7094B1B68002BB4D09847B2E7074BDF
:10EB4000F8E7074BF6E700BF800B0020CC0B002056
:10EB5000781F0020900B0020A40B0020B00B002099
:10EB6000B80B0020002908BF1F21262870B50346D6
:10EB7000144639D81C2806D8A0F10E03DBB2092BA5
:10EB80001CD9002070BDA0F11D02092AF9D801A0EE
:10EB900050F822F02DEC000083EB000083EB000026
:10EBA0003DEC000083EB000083EB000017EC00005D
:10EBB00017EC000017EC00004BEC000001259D4015
:10EBC00040F25126354215D1082BDAD1556895F817
:10EBD0008E30222B13D12046FBF730FA002385F824
:10EBE0008E3085F8CA30CCE73B2836D03E28C8D1D5
:10EBF0001B4B2BE0BDE8704000210DF013BA2F2B0A
:10EC0000BFD195F88F30A3F12102062AE6D92F2B28
:10EC1000E4D02A21DFE7134A1568002DB1D00A4657
:10EC2000204619462B46BDE8704018470E4B1B681E
:10EC3000002BA6D00A461D212046F4E70B4B1B688B
:10EC4000002B9ED00A462021F6E7094B1B68002BBB
:10EC500097D02046BDE870401847064BF6E700BF46
:10EC6000AC0B00207C0B00208C0B0020940B0020B0
:10EC7000A00B0020C80B00202DE9F743944D064659
:10EC8000AC68002840F0D580AB891A074AD594F8C3
:10EC900016312A2B16D00CD81C2B13D0222B18D0AF
:10ECA00094F81631FE2B20D140F2CF513120F2F7EB
:10ECB000ABFA3C2BF4D1874B1B68002BF0D0281DFE
:10ECC0009847EDE7002384F8353183480CF04DF880
:10ECD000E6E784F83601814B1B68002BF5D004F57C
:10ECE0009B7104F58E709847EFE7FE2384F8163188
:10ECF00094F88F301B2B07D10027774884F8CF700A
:10ED00000CF04DF884F88F7094F88E30212B2ED0B3
:10ED1000342B3AD094F89030082B02BF02232B7783
:10ED200084F81631AB89DB0759D5D5F80890D5F8AA
:10ED3000148099F88F30123B0B2B0DD898F80330C4
:10ED4000023BDBB2092B00F2BE8040F2333222FAE2
:10ED500003F3DF0740F1B7804046FCF745F898F829
:10ED60000370D8B939465C480CF045F890E094F847
:10ED70008F30A3F12102062A05D92F2B03D022239D
:10ED800084F88E30C6E72F23FAE7012384F8953202
:10ED9000002384F88E3084F8CA30BBE7012F01D9F4
:10EDA000162F60D199F88E000CF012F840B199F846
:10EDB0008E30212B04D0222B37D12F2389F88E308F
:10EDC0003846FCF7C7FE034600285ED1FF2F58D116
:10EDD000AB69002B55D0AB68012283F89622AB8932
:10EDE000580705D594F89020072A04BF01222A77F6
:10EDF000990756D5AB68012283F817212B69DF7874
:10EE00000D2F4BD0112F57D0072F57D03846FCF776
:10EE1000C5FE0346002842D1FF2F51D1AA683421F4
:10EE200082F88E1082F894023BE0162F14BF02265F
:10EE300020262B781B0712D594F88F30123B0B2B12
:10EE400043D9002501A903200195F3F79BFD019B00
:10EE50002BB11D720C2201982146FCF7FBF93046BC
:10EE600003B0BDE8F083112F0ED005D8072F13D0C3
:10EE70000D2FA5D11A4B08E0142FA1D1194B1B68F7
:10EE80001BB998F803106EE7174B69691248984749
:10EE90000028A4D00646CCE7144BF6E7144B0E48E6
:10EEA0009847AB89DA06C4D594F88F300B2BC0D1C4
:10EEB0000C2384F88F30BCE70E4BF0E70E4BEEE7E7
:10EEC00040F2C251F2E60826B3E70820C8E700BFC7
:10EED000781F0020C00B00207C1F00209C0B00200E
:10EEE000C1C00100780B002011C1010071EA0000CF
:10EEF00093BF0100B1BF010011EA0000024B0020E6
:10EF000098611862704700BF781F002008B5054B54
:10EF100000229A611A62FCF73DFBBDE80840FCF74D
:10EF200009BF00BF781F0020024B9869003818BF46
:10EF300001207047781F00202DE9F04FDFF808828C
:10EF40000F46B8F80C10D8F808408E0556BFB4F834
:10EF5000C0200023013204F1800A89B0814646BFF7
:10EF6000A4F8C03084F8D731A4F8C02050460DF082
:10EF700037F830B10B4604F5A17221465046FDF733
:10EF800069F8B8F80C3003F4C0633BB194F89230E0
:10EF9000002B00F0AF80032B00F0B38094F8922098
:10EFA000B8F80C30012A04D11D0544BF022284F8B0
:10EFB0009220B9F1000F40F0608158065DBFB4F8AF
:10EFC000F021013292B24A46A4F8F02103F00A027D
:10EFD0000A2A10D1D8F81020D278022A0BD123F0B7
:10EFE00008033846A8F80C30FFF746FE08233843DC
:10EFF000C7B2A8F80C303846FFF73EFED8F81830F4
:10F000003843C7B2002B5BD01422002103A808F0BC
:10F01000D3FA94F8750004F033F9054694F87500B6
:10F0200004F026F92388ADF80C30B4F88830ADF838
:10F030001030E3694FF47A7205F5FA7541F2707198
:10F04000B5FBF2F50544A3F57A70884299BFB3FB8E
:10F05000F2F303F5506340F2E242B3FBF2F39BB2EA
:10F06000ADF80E3094F89632ADF8125033B1D8F8AE
:10F070001430DA1C06925B788DF81C309DF8143041
:10F0800094F8952262F300038DF8143003A8D8F8A1
:10F0900018309847069A002384F8963284F89532FF
:10F0A00072B194F894325BB994F88E30342B07D057
:10F0B0009DF81C3023B11178FF2927D11B2B2CD9A7
:10F0C000D8F8086096F81631FE2B4DD1002F4BD1A1
:10F0D00096F89030073B012B46D996F8203123B3A0
:10F0E00096F82131A6F8C47086F818310122022161
:10F0F0003046B1E1012184F892102046FEF7C8F8AD
:10F100004CE7022384F892300121F6E70729D7D192
:10F11000022BD5D15178FF29D2D1012184F8941244
:10F12000C4F8982284F89732CAE796F88F50113DB8
:10F13000EDB20C2D40F25E81D6F88030D90705D5AE
:10F140003A460921D4E700BF781F00209A0740F112
:10F15000F3803A460C2130460CF002FF96F8D1308D
:10F1600043F0010386F8D130B4F8D03194F8D4518B
:10F170000133A4F8D031002D00F0F882F3F7F4FB4E
:10F1800010B10023A4F8D03120880DF012FA94F8C1
:10F190009230B4F832B0012B064640F2278394F83F
:10F1A0009030082B40F0FA82B4F8C030022B40F2C5
:10F1B0001D83B4F8C2500135ADB2B4F88830DFF821
:10F1C000B0A22B44A4F8C831DAF80030002B00F0CC
:10F1D0001183BBF1010F40F20D83F3F7B9FBDAF8AD
:10F1E0000030B4F8881002462046984700F1010A22
:10F1F0001FFA8AFA94F8D531002B39D1012D37D96D
:10F2000094F88F300BB10C2B32D194F88E307BBB3D
:10F2100094F8903063BB94F89230022B28D194F884
:10F22000D7312BBB606909F03FF808B394F8163169
:10F23000FE2B1DD1B4F8CA31012B19D9B4F8D02155
:10F24000A38C9A4214D20EB1F18989B99B1A9BB250
:10F25000013DADB2B5FBFBF59D4228BF1D461BFB32
:10F2600005AB003D18BF01251FFA8BFA84F8D25177
:10F27000B4F888309A44A4F8CCA1B8F80C30D8F887
:10F2800008505E065FBFB5F8DC31B5F8CE219B189B
:10F290009BB248BF0023A5F8DC3195F8203123B993
:10F2A00095F89030073B012B06D8B5F8C430B5F877
:10F2B000CE211344A5F8C43095F8CA1031B1B5F881
:10F2C000C630B5F8CE211344A5F8C63095F9CE2046
:10F2D000002AC1BFB5F8CC30B5F8CE011B18A5F88F
:10F2E000CC3095F8B1306BB9B9F1000F40F0CB825A
:10F2F00098F81C30022B40F0808295F81831062BCC
:10F3000018BF162395F8B02022B95A4885F8B130B5
:10F31000FCF7AAFC28460CF03FFF574B1B681BB1BB
:10F32000564A204611689847002384F8D33109B023
:10F33000BDE8F04FFBF738B8580702D53A4613211D
:10F34000D6E6190706D596F8103186F818313A46F0
:10F350000721CDE61A0602D500221B21C8E613F0CC
:10F36000300238D096F82331002B52D196F8223152
:10F37000DBB196F88F30262B06F5917106F2A222AA
:10F3800027D096F88E30A3F1260043424341304601
:10F390000BF083FBD6F8803023F0200343F01003FA
:10F3A000C6F88030002386F82231D6F88030DA069D
:10F3B0002FD506F24B113046FBF79CFFB6F85E30B6
:10F3C000A6F81831B6F86230A6F81A3100221521D5
:10F3D0008EE60123DBE713F0400101D0242187E60C
:10F3E00013F4807202D00A461E2181E6DB0410D598
:10F3F0002C217DE6D8F808B09BF88F30123B0B2B00
:10F4000012D8DFE803F0261111112C3D1111111152
:10F410001166D8F8080090F88F30322B5CD013D8E2
:10F42000232B5CD02B2B6AD096F88E30002B69D121
:10F4300096F88F30113B0C2B6CD996F8BE30002B10
:10F4400068D00122122153E64B2BEDD100223C2142
:10F4500002E000220B2158460CF082FD84E658465B
:10F46000FCF776FC00283FF47FAE00220421F2E78F
:10F47000A80B00207C1F0020980B0020F80400201F
:10F480009BF89032012B08D10022052158460CF040
:10F4900067FD00238BF8903266E69BF89032022BD2
:10F4A000D9B27FF461AE9BF8D05025B106238BF81A
:10F4B00018310022EAE703210622A5480BF082FC5E
:10F4C0009BF8E03013F0040F2A460CBF0D211121E8
:10F4D000DCE700220621BEE700221121BCE790F8FC
:10F4E0002C31022B02D100221721B5E790F82C31E4
:10F4F000012B99D190F82D31002BF4D094E7002204
:10F500002021A9E70A2B05D196F8113186F8183188
:10F5100001221DE70C2D7FF627AED8F8085095F88C
:10F520008EB0BBF1000F40F0BE8095F833313BB197
:10F5300001220E2128460CF013FD85F833B1ABE70C
:10F5400095F8323193B195F8D1B01BF003030DD18A
:10F5500001220C2128464BF0010B01930CF000FD19
:10F5600085F8D1B0019B85F8323195E795F83431B3
:10F570007BB195F8E730DB0903D001222B21284627
:10F580006AE7744B1B68002B00F08D807048984729
:10F5900089E095F8223133B395F823311BBB95F8F8
:10F5A0008F30262B05F5917105F2A22219D095F81E
:10F5B0008E30A3F126004342434128460BF06DFAFA
:10F5C000002385F822310122142128460CF0C8FCC2
:10F5D000B5F85E30A5F81831B5F86230A5F81A31E3
:10F5E000C2E50123E9E795F82C31012B71D195F89B
:10F5F0002D31002B6DD195F88F30A3F12102062A11
:10F6000067D92F2B65D095F874104A1ED2B2032A01
:10F6100009D895F87500DFF840C10138C0B2032859
:10F620001CF802E004D94FF461710620F1F7ECFDFB
:10F63000BEF1020F95F82E2114D0BEF1030F13D0A6
:10F64000BEF1010F04D1012A14BF002201226AB9C0
:10F65000A3F14402012A26D90B3B042B23D9012212
:10F6600016218CE7022AEFE7042AF1D11CF80000EA
:10F6700095F82F21022823D0032823D00128E7D191
:10F68000012A14BF00220122002AE1D0B5F88830F7
:10F69000B5F8300105F528720AF0B0FA0146A0B9B4
:10F6A0002B48FAF7CBFC96F88E30002B7FF45CAD3C
:10F6B00096F89432002B3FF457AD0122FF2117E555
:10F6C000022ADEE7042AE1D0C2E7282385F88E303B
:10F6D0004AE595F8363113B1012222214FE795F81A
:10F6E000353143B11D4B1B6819489847FE28014628
:10F6F000D9D0012243E795F83E3113B101221D21F3
:10F700003DE795F83F3113B10122262137E795F8FF
:10F710009C3213B101223E2131E795F8403193B17B
:10F72000D8F8083010211888F2F712FA03699B07FD
:10F7300006D50B4B06481B68984701223B211EE764
:10F74000084B1B6822E7084B1B68002BCCD1AAE7AB
:10F750007C1F0020B80B0020403E0400740B0020EA
:10F76000C40B0020CC0B0020880B0020F3F7EAF834
:10F7700008B1A4F8D051F3F7FFF800283FF404AD26
:10F7800094F8D7310133DBB2022B84F8D73182BF32
:10F790000023A4F8D03184F8D731F5E494F8BE30D2
:10F7A0001BB194F88E30102B20D1B4F8C250B4F8AD
:10F7B000C0300135ED1A50464FEA8B01A5EB8B05A1
:10F7C0000CF00EFCA0B1D4F8B830D4F8B42001335A
:10F7D0009B1A5B1A9D42A8BF1D4626B1F389043BC4
:10F7E0009D42B8BF1D46012D3FF7E6AC0125E4E47C
:10F7F0002B46EFE74FF0010AFCE4012B09D195F805
:10F800009130002B7FF47EAD00212846FDF740FDAE
:10F8100083E55FB1F80634D4390734D4BA0634D45A
:10F82000BB0734D140F644213120FFE639B1B5F8A9
:10F83000C610B5F8C830994201D3222362E5002AE8
:10F8400005DDB5F8CC20B5F8C8309A42F5D2B5F848
:10F85000C420B5F8C2309A420AD295F89220B5F881
:10F86000C03052B1B5F8C2209A42CDD8082349E53C
:10F8700095F82031002BE0D1EFE7052BC4D93E23CA
:10F8800040E51E233EE53D233CE523233AE52A23BC
:10F8900038E500BFF7B5664D0026012704462F71F5
:10F8A000A860AE812E702E77FF2380F8D3310088B8
:10F8B000FAF73AFD2088FAF761FDB4F8CA31E3B1EE
:10F8C00094F81631FE2B18D194F82031ABB194F88E
:10F8D0009030073BBB4210D994F82131A4F8C460A2
:10F8E000204684F818313A4602210CF039FB84F89E
:10F8F000D2610220FFF700F803E094F81601FE2819
:10F90000F8D1B4F8CE11B4F8D021638E013989B2A0
:10F91000B1FBF3F31344A4F8D031B4F8C03004F1D0
:10F9200080070B44A4F8C03038460CF059FB20B1D6
:10F93000D4F8B4300B44C4F8B430B4F8CA31012B55
:10F940009CBF0133A4F8CA31002609B184F8D761FD
:10F9500094F88F3084F8D261A3F10B02012A1DD8EC
:10F96000B4F88830B4F8A0229B1A19042FD404F2FA
:10F97000A22104F196000AF06CFC84F88F60FF234A
:10F9800084F8CB30B4F8CE21214638460AF0A7FCE3
:10F9900098B340F6C8113120F1F736FC262B16D16A
:10F9A000B4F8A022B4F888309B1A1A040FD484F853
:10F9B0008F60FEF7CDFF014630B984F82C0103B00B
:10F9C000BDE8F040FFF7B8BA84F82C61DAE794F8A4
:10F9D0008E30262B01D0282BD4D1B4F88830B4F83F
:10F9E000A0229B1A1B04CDD4002384F88E30FEF78E
:10F9F000AFFF01460028C5D1E1E70E4B0E49009349
:10FA000003C90E4B0E4AF2F7E5FD296A19B195F8C4
:10FA1000240002F0CBFF94F88F30123B0B2B04D85C
:10FA200003B0BDE8F040F2F7CDBD03B0F0BD00BFBC
:10FA3000781F002039EF00007C1F002051E70000F4
:10FA40008DE70000D0F8A832C269934273B504462E
:10FA500012D1D0F8AC62426AB61A18BF012694F8E7
:10FA6000B422002A42D020880CF0A3FD30B940F621
:10FA700073413120F1F7C8FB0126F0E7B4F8B0225A
:10FA8000638E9A421CD1B4F8B23282899B1A18BF95
:10FA9000012394F88E50442D16D094F88F20442AD8
:10FAA00010D0002502212046FBF7B4F8002D44D0E9
:10FAB000002384F88E30032384F8923002B070BDA6
:10FAC0000123E6E73343ECD01D4B1B6813B940F626
:10FAD0007E41CEE7A5F144025542554101228DF801
:10FAE00000200194002168469847DBE7002ED8D01B
:10FAF0002288A4F8A021A3F57A7141F27072914294
:10FB00009DBF4FF47A72B3FBF2F303F5506340F2FA
:10FB1000E24288BFB3FBF2F39BB2A4F8A231B4F87F
:10FB2000AC32A4F8A431B4F8AE320649A4F8A63138
:10FB300004F5CB700AF025FFB3E784F88F50BAE7DD
:10FB4000B40B0020C3AF010008B5FBF79BFD024BCF
:10FB5000024A1A6008BD00BF780B002049E8000087
:10FB6000F7B5204E012333700027CDE900776846B2
:10FB7000F2F728F80546E8B10023337003B0F0BD72
:10FB800090F8F10105F018FB94F8F10105F04EFC36
:10FB900094F8F10184F8F05105F0CEF910B940F273
:10FBA000C1111BE0202384F8F13104F5E470FCF767
:10FBB000D3FBDAE7009B002BD9D093F8F021002A81
:10FBC000D5D018884FF6FF739842D5D02946F1F763
:10FBD000BFFF04460028D3D14FF4E9713520F1F777
:10FBE00013FB00BFA01F002038B50C4B33F81040AA
:10FBF00008460D4603F044FB033D012D04F29D74BD
:10FC00004FF47A738CBF002528250444B4FBF3F429
:10FC10000BF03BFDD9342044284438BD583F040044
:10FC20002DE9F84F91F88EB09A46ABF14403012BC1
:10FC300005460C4616461BD991F88F90A9F1440948
:10FC4000B9F1010F8CBF4FF000094FF00109BAF173
:10FC5000000F04D000220121204601F0DDFA94F8C3
:10FC6000F031032B00F29280DFE803F0058D848DE4
:10FC70004FF00109EBE726B940F247213520F1F7B3
:10FC8000C3FA012384F8F03120460CF0BEFA4FF09D
:10FC900000084746634B1B6823B1514620469847EE
:10FCA00008FB0077FCF7F6FB002872D1B4F9EC01F1
:10FCB00002210AF0BBFFB4F8EC311B1AA4F8EC31B6
:10FCC000D4E97232FB1842F100021B1842EBE072D9
:10FCD000C4E97232C5E9043200262E7094F88E20F1
:10FCE000A2F10C03DBB21A2B55D84F4EDE4006F0C2
:10FCF000010694F88F30442B08BF46F001062046D9
:10FD00000CF0F4FB30B1002E49D194F8F001012839
:10FD100018BF0220002328726B7204F13C000AF025
:10FD2000B3FE6860BAF1000F79D0ABF10E0BBBF1F6
:10FD3000010F8CBF4B4649F00103002B6FD14146A8
:10FD400028460AF0ADF91FFA80F920460CF0CEFBE8
:10FD500082466EBB81452BD32E72D4E9723207FBEB
:10FD600000F15B1842F10002C5E90432CFB940F25C
:10FD7000CF2183E7D4F8F881D4F8107203234744E5
:10FD800084F8F03186E7E769B84683E74FF42071DD
:10FD900074E7002094E7442AABD10126AFE70020A6
:10FDA000B8E7414628460AF07BF982441FFA8AF9EF
:10FDB00001224946204601F02FFA1A4B1B687BB1FD
:10FDC000012120469847D5E9043208FB00F813EBDF
:10FDD000080342F10002C5E9043248441FFA80F9E1
:10FDE000FCF758FBB8B94FEA4901B1F5803FB4BF01
:10FDF00089B24FF6FF71B4F9EC010AF017FFB4F8BD
:10FE0000EC311B1AA4F8EC31D5E904321B1842EB93
:10FE1000E072C5E90432D5E90423C4E97223BDE8E0
:10FE2000F88F00BFD00B0020050000042DE9F04141
:10FE30000E46044620B94FF483713520F1F7E4F9FA
:10FE4000072900F28780DFE801F0047B6E6E6A8587
:10FE5000748290F8F03113B94FF48771EDE701F037
:10FE600019F9002879D020881121F1F771FE034695
:10FE700094F87400002B4CD0022848D004D80128F4
:10FE800007D0D621B420D9E7C21E012AF9D81E33E3
:10FE900000E00A339F8894F87510CB1E012B98BFA1
:10FEA0002826FFF7A1FE6930874288BF3B1A2C4FF6
:10FEB000E5697A7898BF0023EC36ED1A1AB9E36B3E
:10FEC0009D4228BF1D4604F13C000AF0DDFD00F113
:10FED0006908022005F0A0FAA5EB080525EAE575FA
:10FEE000854228BF05460221284605F0DBF900B906
:10FEF000A84400233246414620460AF06FFE78604F
:10FF0000E06905F0ADF930B94FF4807195E714332D
:10FF1000C0E79627BFE7BDE8F04101F06BB9BDE847
:10FF2000F04102F049BEBDE8F041012200210CF091
:10FF30007BB9012005F0B2FABDE8F041F2F7FABC56
:10FF400090F8F031042B08D04FF49A7175E740F225
:10FF5000391172E740F23D116FE7BDE8F08100BF53
:10FF6000A01F0020024B0022C3E90022FFF7F8BDCA
:10FF7000A01F0020014B5870704700BFA01F002039
:10FF800038B5044620B94FF4D2713520F1F73CF969
:10FF900090F8F03103F0FF0513B140F2A511F4E73A
:10FFA00090F8F131202B02D04FF4D371EDE70146E8
:10FFB000044804F0D3FF84F8F101202814BF284638
:10FFC0000D2038BD2DFE000008B501F063FF044B85
:10FFD0005A6882422ABF1878002080F0010008BDCC
:10FFE000A01F002037B50446042900F28480DFE812
:10FFF00001F00316121B7D00404B1B7803F0FF023B
:020000021000EC
:100000004BB901210CF010F902F092FB03B0BDE8EE
:10001000304004F07BBF042384F8F031F4E703237D
:1000200084F8F03103B030BD40F2E241D0F8143230
:10003000ADF8041041F64B5590F82012C269C0F893
:10004000F821AB428CBF0025012529B99A421CD06A
:1000500000880CF0B1FA18E000880CF0AAFA20B978
:1000600040F231313520F1F7CFF8B4F81C32638615
:10007000B4F81E328381B4F80C324381013B038211
:1000800000257D23C581ADF8043094F87E30EBB9AE
:10009000EDB9D4F81032E362B4F80E322386D4F806
:1000A0001832D4F814226362638EE26153430093E2
:1000B00002AB13E9060004F5E47084F87E50FCF707
:1000C0002DF920460CF0A1F80223A9E74DB14FF01D
:1000D0004D136363002323874FF47A73ADF8043024
:1000E000D7E74FF0961363632587D2E703B0BDE8E7
:1000F00030400CF08AB840F28631B3E7A01F0020F0
:1001000038B5194B1C895A6804431C8100F003045C
:10011000032C04D140F61C213620F1F775F810F0BD
:10012000020418BFD960C50748BF196124B1C97856
:10013000062906D00B2910D0820644BF08221A7562
:1001400038BD92F88E101A29F6D100240025C2E994
:100150003C45012182F89410EEE792F88E101429A4
:10016000EAD10021F6E700BFA81F00200D4A014692
:10017000107D98B90129536807D1B3F86420B3F80A
:1001800048309A420DD8FFF71FBF1289520707D592
:1001900093F89000073818BF01207047002070477F
:1001A00001207047A81F002037B590F88E20A2F1DB
:1001B0004403012B04461DD990F88F300E3A443B7E
:1001C000012ADBB214D8012B8CBF00230123B4F821
:1001D0008820B4F80C12013292B291422FD194F8D7
:1001E000202272B343B940F22D213620F1F70CF8EA
:1001F000012B24D80123EAE7294B1B6813B940F2ED
:100200002E21F2E700218DF80010019468469847EE
:10021000002584F822520221204609F0D8FE03214D
:100220002046FFF7DFFE94F88E30A3F14402012A46
:1002300002D90E3B012B2AD8002384F88E3003B05C
:1002400030BD2388A4F8A031D4F8143241F2707282
:10025000A3F57A7191429DBF4FF47A72B3FBF2F32A
:1002600003F5506340F2E24288BFB3FBF2F39BB266
:10027000A4F8A231D4F81832C4F8A43100230949F3
:1002800084F89F3104F5CB700AF07BFBC0E794F84B
:100290008F30443B012B98BF84F88F50CFE700BFCD
:1002A0000C0C0020C3AF010070B5244B5C6894F8BF
:1002B0000A520DB994F8745094F80B620EB994F880
:1002C000756084F8745084F87560FF2384F8763084
:1002D0001B4B1B6813B1294620469847194B1B68D6
:1002E0001BB116482A4631469847002104F13C06C6
:1002F0001248F9F7A3FE30460AF0C6FB04F24B1190
:1003000005462046FAF7F6FF20460421FFF76AFE6D
:1003100030460AF0B9FB854204460CD205F070F86D
:100320000146601B322838BF322004F0BBFFB0FA10
:1003300080F0400970BD0120FCE700BFA81F00202D
:10034000E00B0020180C002000231E2980F8173134
:1003500080F816110ED92439C9B21B2903D8104BC5
:10036000CB40DB0705D40023A0F8C630012380F87A
:10037000CA3070470B4B01228A401340002BF8D142
:1003800015290AD01129EED190F8182112B1A0F840
:10039000C6307047A0F8CC207047A0F8CC3070472A
:1003A000090100098712084910B50B794468232B0D
:1003B00094F88E10024627D018D81D2B2BD00AD8BF
:1003C000A3F11201042904D84FF4A801D940C907A8
:1003D00014D4002010BD1F2BFBD12D29F9D1124BB5
:1003E0001B68002BF5D020469847F2E73B2B18D02E
:1003F0003F2B14D02B2BECD10C4B08E0BDE8104068
:10040000012118460BF0C0BF2929E2D1084B1B6817
:10041000002BE9D1DDE73329DBD1064BF7E7064BAB
:10042000F5E7064BF3E700BFF40B0020140C0020A7
:10043000DC0B0020EC0B0020100C0020280C00200E
:10044000034610460A1E08BF1F22252B70B535D85B
:10045000112B03D8032B3FD0002035E0A3F112016C
:100460001329F9D801A454F821F000BFCB040100EE
:1004700059040100CB04010059040100CB04010020
:1004800059040100590401005904010059040100F4
:1004900059040100590401003F05010059040100FD
:1004A0004B050100590401005904010059040100E1
:1004B0002D0501002D0501002D0501003B2B4BD022
:1004C000FE3B58425841400070BD0246BDE87040B6
:1004D000002118460BF058BF446894F88E30182B52
:1004E00001D0152B41D194F8D030002B3DD184F8A8
:1004F000CF3084F8CA3094F8B03103F0FF0523B14F
:1005000040F2CE313620F0F77FFE2388A4F8B231D6
:1005100084F8B12184F8B45184F85252144904F596
:10052000D4700AF025FA84F88E5095E711490C68CA
:10053000002C91D019462346BDE8704018470E4B59
:100540001B68002B88D01D21F6E70C4B1B68002B85
:1005500082D040681F21EFE7094B1B68002B3FF456
:100560007BAFBDE87040114618470220ACE700BFE2
:1005700071B20100D80B0020E80B0020F00B002026
:10058000240C00202DE9F3479C4F0E4639897C68E6
:100590008D055DBFB4F8C020013292B2002204F193
:1005A00080058046A4F8C02028460BF02AFD30B113
:1005B0000B4604F5A17221462846FBF74BFD3B890B
:1005C00003F4C06343B194F892302BB9012184F84D
:1005D00092102046FFF706FDB8F1000F40F0DE81D3
:1005E000002E40F0DB813B897D685C0707D595F8DC
:1005F0009020072A02BF01227A7585F8906098073B
:1006000014D5FB68D8780123072885F817310AD05C
:10061000112824D0FBF7B0FA034628B940F2C251A2
:100620003620F0F7F1FD764B744898473B8919075F
:1006300040F1BB807C6894F816312A2B36D81B2BEE
:100640000FD8012B5AD0032B63D0002B44D094F841
:100650001631FE2B40F08D8040F2CF51E0E7694B20
:10066000E2E71C3B0E2BF2D801A252F823F000BFA8
:100670002D0701004F0601004F0601004F06010043
:100680004F06010035070100430701004F06010036
:100690004F0601004F0601004F06010061070100EF
:1006A0004F0601004F0601002D0701003C2B5ED0D4
:1006B0003F2BCCD1B4F88830B4F80C229B1A180424
:1006C00002D4002384F8223294F88E30442B0DD1CA
:1006D000002384F8CA30BAE7B4F88820B4F80C12C2
:1006E000521A1204B3D484F82232B0E794F88F304F
:1006F000442BACD141480AF052FBA8E7B4F888304B
:10070000B4F806229B1A1904A1D4002384F88E3071
:100710009DE794F88E201A2A04D84FF0A463D340A2
:10072000DA0794D4002384F85232DEE7002384F8F9
:100730003531CEE7344B1B68002B88D020469847D4
:1007400085E7002384F83631304B1B6823B104F56C
:100750009B7104F58E70984728480AF006FB76E7EF
:100760002B4B1B68002B3FF472AF2448E7E7294B63
:10077000F7E7FE2384F8163194F88E30262B3AD012
:100780002FD80C2B31D00E2B33D094F88F30442B34
:1007900004BF452384F88F3094F89030082B01BFB4
:1007A00002237B75002384F890303B89DB0745D515
:1007B0007B683C6993F88E1093F8D0000BF0D1FD64
:1007C00030B1E278112A72D8134BD340DE076ED5D0
:1007D0002046FAF709FB08BB214608480AF01EFB31
:1007E0002BE0442BD1D1452300E00D2384F88E303B
:1007F000CBE70F23FAE72723F8E700BFA81F002065
:1008000049C301002DC30100F80B0020FC0B0020A0
:10081000000C00201C0C002074280200E0780D2839
:100820003FD011283FD007283FD0FBF781F903467E
:100830000028D1D0BD482146984706463B7D1C077D
:1008400014D595F88E1095F8D0000BF08AFD04466B
:1008500078BB009069460320F2F794F8009B2BB117
:100860001C720C2200982946FAF7F4FC2846FFF780
:100870009BFC7D6895F81631FE2B40F08F8095F833
:100880009030073B012B40F2898095F8203103F02E
:10089000FF0483B10023A5F8C4300223A5F8163164
:1008A0007CE0A34BC6E7A34BC4E7A34BC2E70826F3
:1008B000C4E70826DAE795F88E3043B995F8BE20EC
:1008C0001AB31222A5F81621A5F8C63063E0252B2D
:1008D00000F0A38010D8142B58D009D8032B00F0B7
:1008E0009680132B00F08A80113B0C2B56D90CE01C
:1008F0001A2BF9D106234AE0312B00F0A580322BC8
:1009000000F098802E2B00F0938095F88F30332BD9
:1009100000F2E0801E2B00F29980013BDAB2052A3A
:1009200040F2C68095F81631FE2B37D17C6894F8DA
:100930001631FE2B00F0748195F88E3073BB95F85C
:1009400005325BB395F88F000AF042FA044628BBE3
:10095000B5F888300A2B21D96846FAF715FAE8B1BC
:10096000052205F19701684606F008FE002800F010
:1009700024830098C5F800029DF8043085F80432FD
:100980000123A5F8163185F8054207E00B23A5F8E9
:100990001631A5F8C640012385F8CA307C6894F862
:1009A000203123B994F89030073B012B04D8B4F8D8
:1009B000C4300133A4F8C43094F8CA1021B1B4F89B
:1009C000C6300133A4F8C63094F9CE2022B1B4F871
:1009D000CC300133A4F8CC30B8F1000F40F045839F
:1009E0007B7D022B00F03D83012B40F0E98294F8DF
:1009F0009130002B40F0F982002101E3D5F8243238
:100A0000C5F808310323A5F8163100235CE795F8F3
:100A1000113185F81831072340E705F5027009F018
:100A200009F901462846FFF78FFCA5F8C640B5E74F
:100A30002123ACE7012385F8183111212846FFF75F
:100A400083FC85F88E40A9E7272327E71F3B142B5B
:100A50003FF668AF01A252F823F000BF3D0B010042
:100A60003D0B01002509010025090100B30B010020
:100A700025090100250901002509010025090100BA
:100A8000250901000D0C01002509010025090100BF
:100A9000250901002509010025090100250901009A
:100AA00025090100150C0100ED0B0100110C0100DE
:100AB000052B3FF637AF01A252F823F0FD0A0100E3
:100AC0001B0B0100EB0A0100010C010025090100CC
:100AD000090C0100482B00F09F804B2B00F09E80FA
:100AE000442B7FF41FAF3F238BE095F8103185F83E
:100AF00018310723A5F81631002314E00C23A5F8BC
:100B0000163195F8D130002243F00103A5F8CC202E
:100B100085F8D13085F88F2004E71323A5F8163126
:100B20000023A5F8CC3085F88F30FBE6A81F002005
:100B30000DC4010047C40100A903010095F8233149
:100B4000002B7FF4EFAE95F82231BBB195F88F30D2
:100B5000262B05F5917105F20A2228D095F88E30E2
:100B6000263B012B8CBF00230123284609F095FF6B
:100B7000202385F88F30002385F8223195F88F30B7
:100B8000202B7FF4CFAE05F24B112846FAF7B2FBCB
:100B9000B5F85E30A5F81831B5F86230A5F81A310D
:100BA0001523A5F816310023A5F8CC30BAE60123A9
:100BB000DBE795F82C31012B13D095F82C31022B63
:100BC0007FF4B0AED5F82E11EA6EA44809F034F8DF
:100BD00005F5027009F02EF801462846FFF7B4FB30
:100BE000A0E695F82D31002BE7D1EBE7002485F83E
:100BF000184111212846FFF7A7FB85F88F4091E6A1
:100C00000923A5F816318DE61B2373E72423F8E7A3
:100C10001E236FE72723F4E72C23F2E73C23F0E7BA
:100C200094F88E30002B7FF487AE94F822323BB3D9
:100C300094F8203203BB94F88F000AF0C9F882467A
:100C4000F0B994F88F30312B1AD094F8203283B158
:100C500020881021F0F77CFF036913F400791DD080
:100C6000442384F88E30012384F8CA30A4F8C6A047
:100C70003F23A4F8163177E094F83431002BDAD012
:100C800094F8523203F0FF0133B394F89330B3B1C8
:100C900094F8943073B940F2BD61C1E4704B1B68A5
:100CA00013B940F2AE61BBE46C481A21984784F84E
:100CB000229259E00A23A4F81631002306E0D4F862
:100CC0002422C4F808210322A4F81621A4F8C6306F
:100CD000012384F8CA3047E094F8333103F0FF026F
:100CE0002BB10823A4F81631A4F8C610F0E794F845
:100CF000343103F0FF0173B194F8E730DB0905D01C
:100D00002B23A4F81631A4F8C620E1E7554B1B6845
:100D100053B3524831E0D4F8543283B394F88F007F
:100D20001F22FAF7B5FB50BBD4F8543233B113F895
:100D3000512C012A05D040F2ED6171E440F2E961E5
:100D40006EE413F8283C03F0FF0113B140F2EE61AA
:100D500066E494F8E33098060CD51F23A4F8163106
:100D6000A4F8C61084F8CA2095F81631FE2B7FF43B
:100D700015AEE1E53C4B1B6820469847F4E794F834
:100D8000323173B194F8D13013F00302ECD10C215D
:100D900043F00103A4F8161184F8D13084F832210D
:100DA00087E794F822311BB394F8233103BB94F8FE
:100DB0008F30262B04F5917104F20A2216D094F894
:100DC0008E30263B012B8CBF00230123204609F0E7
:100DD00064FE002384F82231B4F85E20A4F81821C0
:100DE000B4F86220A4F81A2114226DE70123EDE77C
:100DF00094F82C31012B62D194F82D31002B5ED167
:100E000094F88F0009F0E4FF002858D194F874108A
:100E10004B1EDBB2032B09D894F87520DFF84CC0C9
:100E2000013AD2B2032A1CF8030004D94FF46171CD
:100E30000620FFF7F6BB022894F82E310AD00328CB
:100E40000AD0012804D1012B14BF002301237BB950
:100E5000162330E7022BF7E7042BF5E7A81F002045
:100E60000C0C0020140C0020F40B00204B3E04005E
:100E70001CF8022094F82F31022A17D0032A17D029
:100E8000012AE5D1012B14BF00230123002BDFD061
:100E9000B4F88830B4F8300104F5027208F0AEFE00
:100EA000014640B97448F9F7C9F85DE7022BEAE753
:100EB000042BEDD0CCE7282384F88E3054E794F847
:100EC000353103F0FF025BB16C4B1B686A489847F1
:100ED000FE2801463FF448AF2046FFF735FA43E7C6
:100EE00094F83E3103F0FF090BB11D2309E794F894
:100EF00036316BB3B4F838010921F0F729FE10B987
:100F000084F83601D5E690F8F03103F0FF0213B90A
:100F100084F83621CDE690F8C831032B14D8DFE8E9
:100F200003F00202050D84F83691C2E694F83C31D4
:100F300080F8F131002384F83631BAE62223A4F890
:100F40001631A4F8C690C3E640F28161FFF768BB92
:100F500094F83F318BB194F8223273B994F8E430AD
:100F60005A0608D5464B1B68002B3FF4FDAE42489D
:100F7000984727237DE6434BC9E694F84031BBB13F
:100F800094F88F003B220021FAF782FA814678B963
:100F900020881021F0F7DCFD03699B0705D53A4B4B
:100FA00035481B6898473B23C9E7384B1B68B0E6B8
:100FB000374B1B68002B89D1D6E685F80502E4E49F
:100FC0005EB1F0064FD431074FD4B2074FD1B3060C
:100FD0004FD440F6A221FFF723BBC9B1B4F8C61025
:100FE000B4F8C830994213D9222384F8B13022488A
:100FF000FAF73AFE0023A4F88E3084F892300221EA
:101000002046FEF7EFFF02B0BDE8F047F9F7CCB994
:101010002AB1B4F8CC20B4F8C8309A42E4D8B4F875
:10102000C420B4F8C2309A420FD2B4F8C420B4F845
:10103000C8309A42D8D294F89220B4F8C0304AB955
:10104000052B7FF6D9AC3E23CFE794F82031002B57
:10105000CAD1EAE7B4F8C2209A423FF6CDAC0823E1
:10106000C3E71623C1E71E23BFE73D23BDE72A23BD
:10107000BBE72323B9E700BFA81F0020D40B002043
:10108000040C0020080C0020200C0020280C00205C
:10109000E40B0020F0B5534D002685B004462E70B9
:1010A000686000882E812E756E75F9F73DF92088ED
:1010B000F9F764F994F88F30262B2F4612D1B4F843
:1010C0008830B4F808229B1A19040BD484F88F6076
:1010D000FFF7EAF8B0B900210846FFF753FA0020FD
:1010E00005B0F0BD94F88E30263B022B0AD8B4F838
:1010F0000822B4F888309B1A1A0403D4002384F819
:101100008E30E5E794F88E300C3B012B16D8B4F8FE
:101110008830B4F806229B1A1B040FD404F5007122
:1011200004F1960009F095F894F88E300D2B04BF69
:10113000002384F88E30FF2384F8CB30B4F8F221FA
:10114000013292B2214604F1800009F0C8F820B1C2
:1011500040F2B3113620F0F757F8A4F8F201204618
:101160000BF0BAF80646002839D194F81641FE2C47
:1011700023D003A8F9F7DEF810B940F6E101E9E75A
:1011800032223146039806F017FA039E03213046B7
:1011900009F03FFB337823F01003337003982146A6
:1011A000F9F740FE03990F482246FAF7AFFAF9F72C
:1011B000D5F810B940F6ED01CCE70B4B009397E85A
:1011C00003000A4B0A4AF1F705FA6B6893F88E1090
:1011D00093F8D0000BF0C5F808B1F1F7F3F901204E
:1011E0007EE700BFA81F0020850501006D010100FA
:1011F0000101010008B5074B58680BF06DF818B9EC
:10120000BDE80840F1F76EBB0021BDE80840084684
:10121000FFF7B8B9A81F0020F8B5B0F8F2310B44B9
:10122000A0F8F231B0F8C03000F180070B4404465A
:10123000A0F8C03038460D4616460AF0E2FEA0B1CE
:10124000D4F8B4300B44C4F8B430214638460AF020
:10125000A6F9D4E92D239A4207D300231649C4F8EE
:10126000B43004F5A17009F08CFB94F8CA3023B1B6
:10127000B4F8C6302B44A4F8C63094F9CE3023B16C
:10128000B4F8CC302B44A4F8CC3094F8203123B9F6
:1012900094F89030073B012B04D8B4F8C4302B44A9
:1012A000A4F8C4302046FEF77FFF26B1B4F888309A
:1012B0001D44A4F88850F8BDFDB40100014B18731B
:1012C000704700BF08200020014B1870704700BF16
:1012D0007A200020034B00214FF480521970A3F8AC
:1012E000012070477C20002070B50646022014467D
:1012F0000D4600F03DFA064B01221A70054B033CE7
:10130000C3F81045C3F80865C3F8045570BD00BFA5
:101310007C20002000F0004008B5022000F028FAF0
:1013200009480A4B0A494FF0010C80F800C000221E
:101330004FF40000C3F80021C3F80421C3F80821CA
:10134000C1F8040508BD00BF7C20002000F000406B
:1013500000F00140114B1A786AB1114A11494FF45B
:101360000000C2F80805D1F800213AB91021002088
:1013700099705A701870002000F0FAB9D1F8042161
:10138000002AF3D0D1F8082122B9D1F800140122A3
:10139000C9B2ECE710210022E9E700BF7C20002061
:1013A00000F0014000F0004008B5022000F0E0F934
:1013B000064B0748002201210170C3F80021C3F841
:1013C0000421C3F80821196008BD00BF00F00040E7
:1013D0007C20002008B5104B1A7892B10F4AC82320
:1013E000D2F8001141B1D2F8040120B1D2F80801BD
:1013F000B0FA80F0400908BD013B13F0FF03EFD1C4
:1014000002E05878022803D1EB213B20EFF7FCFEE5
:10141000431E5842584108BD7C20002000F0004087
:101420000A4B1A787AB10A4BD3F800214AB1D3F8A3
:10143000042132B1D3F808211AB9D3F80004C0B29C
:101440007047102070479878704700BF7C200020BC
:1014500000F00040024B00221A809A70704700BFD3
:10146000802000202DE9F041044601201D460F4652
:1014700016469DF8188000F07BF904F00300354A09
:101480003549364B40EA054040F08070C2F804050B
:10149000C2F8087508681D71062807D0013005D00C
:1014A000D2F8180566F30700C2F818052C4A2D4833
:1014B000C2F8080514F0FB0F14D0B8F1020F43D89E
:1014C0000A680D2A1BD12849224A11F80810C2F8CF
:1014D0002015012C1DD00122022C5A70DC7021D95C
:1014E000BDE8F0812148C2F89805B8F1020FA0F1DB
:1014F000FC00C2F89C0527D80A680D2A1DD0102AC6
:10150000E1D0B8F1000FE4D040F2EF113C20EFF74A
:101510007BFE134A16481749C2F89805C2F89C1575
:101520005C70DC700B4A012100201970C2F80001C8
:10153000C2F800021160BDE8F0810B49054A11F8BC
:101540000810C2F82015C6E740F2E5113C20EFF77D
:101550005BFE00BF00F00040302300208020002010
:1015600000F0014000000202A83E040000F100402B
:10157000501100400CF000401A4A537870B55BB32C
:10158000194BC3F80C15C3F81005D57801249470D5
:10159000B5B91278E2B1154AC3F804514FF40035D9
:1015A000C2F80455D3F8006116B15C60C2F8085562
:1015B0000B7803704B78043343708B78837070BD65
:1015C00000211470C3F80411C3F800421C6070BD00
:1015D000E3213C20EFF718FE4FF407713C20EFF7B2
:1015E00013FE00BF8020002000F0004000F001400A
:1015F00008B5154B5A780AB3144AC2F80C15197875
:10160000C2F810054FF0010C83F802C089B11B79B4
:10161000023B0021012BC2F8041105D80C4803231A
:10162000C0F85011C2F81C350A4B0B4AC3F8042508
:1016300008BD40F20F113C20EFF7E6FD4FF41271A8
:101640003C20EFF7E1FD00BF8020002000F00040CB
:101650000010004000F00140000002020A4B1A781E
:101660006AB10A490A48C1F808050022C1F898255C
:10167000C1F89C25C1F89825C1F89C251A70002254
:10168000A3F80120704700BF8020002000F0014037
:1016900000000202F8B51B4B1B786BB31A4CD4F850
:1016A000043113BB194B0222C4F804231F691A69C1
:1016B00042F010021A61D4F8043107F0100753B950
:1016C000134E4FF40045C6F880510BF05AF9D4F888
:1016D0000431002BF7D027B90C4A136923F010030B
:1016E0001361094B0222C3F80823074BD3F8000407
:1016F000003818BF0120F8BD40F28A213C20EFF7E6
:1017000083FD00BF8020002000F0004000ED00E0DD
:1017100000E100E0014B01229A60704700F00040B8
:1017200008B50A4BD3F80025032A04BF01229A60AA
:101730000022C3F80025C3F80025FFF78FFF044BF4
:101740004FF40002C3F8082508BD00BF00F00040B8
:1017500000F00140054B4FF40042C3F88020BFF376
:101760004F8FBFF36F8FFFF7DBBF00BF00E100E0DB
:1017700010B50446FFF7D4FF012C06D0022C0CD084
:1017800054B18C213D20EFF73FFD0B4B0222C3F8F3
:1017900000250A4AC3F8142510BD074B0322C3F8DD
:1017A0000025064AC3F8142503F580334FF40002E0
:1017B000C3F80425F0E700BF00F0004085200020BA
:1017C0004FF08053D3F8A00000F00100704700BF35
:1017D0004FF08053D3F8A420D3F8A830511C9BB20B
:1017E00003D14FF6FF718B4203D00260838001204A
:1017F00070470020704700BF4FF0805330B4D3F8DB
:101800009050D3F89440D3F89810D3F89C2005EA70
:1018100004030B401340013302D1002030BC704759
:10182000056044608160C26030BC0120704700BF29
:101830004FF0805330B4D3F88050D3F88440D3F8BD
:101840008810D3F88C2005EA04030B4013400133C1
:1018500002D1002030BC7047056044608160C260E6
:1018600030BC0120704700BFEFF3108272B60F4BFF
:1018700093F85D1011B9BAB962B670479B78012B25
:101880000FD0022BF7D18307F5D40948094B10B4C8
:1018900001210024C0F84045196102B962B610BCAC
:1018A00070474107E7D4F0E7704700BF9021002060
:1018B000008000400010004070B5464D431E82B0CD
:1018C000044685F82800072B7AD8DFE803F0404566
:1018D0004A4F79545904404B0F22C3F81025AB8D61
:1018E0003D4EB3F5166F3ABFA3F6381343F4807339
:1018F000A3F51663C6F8083501F07F03C6F8543522
:1019000095F9292001AB204601F0C6FE9DF805009F
:1019100001F08AFF002858D19DF9040001F01CFE57
:1019200095F82830082B0BBF2C4B40F25B634FF42B
:10193000817240F20312C6F83425C6F83835284BB8
:101940001B68062B21D001331FD002B070BD224B83
:101950000322C3F81025C2E71F4B0422C3F8102549
:10196000BDE71D4B0622C3F81025B8E71A4B052228
:10197000C3F81025B3E7184B0022C3F81025AEE7D3
:10198000154B0122C3F81025A9E7164B1B68063B2F
:101990000833DAD9104B1049D3F888354FF080520C
:1019A000022CD2F8202323F4FE430CBFC2F30662BC
:1019B000C2F3062243EA0223C1F8883502B070BDA3
:1019C00040F6E2613E20EFF71FFC40F255713E20E9
:1019D000EFF71AFC902100200010004021100100B8
:1019E000302300203423002010B504463948631EFC
:1019F00080F82840072B68D8DFE803F0494E535899
:101A0000675D6204344B0F22C3F81025838DB3F554
:101A1000166F3ABFA3F6381343F48072A3F516622B
:101A20002D4B01F07F01C3F808250022C3F854159F
:101A3000C3F81C21D3F80022082C42F488724FF01E
:101A4000FF0180F84D10C3F800220ABF4FF48171E6
:101A500040F20311214AC3F8341518BF40F25B620B
:101A6000C3F838251E48214601F044FC204601F009
:101A7000F5FD1C4B1B68062B08D0013306D0164A17
:101A8000D2F8683543F4C023C2F8683510BD124B54
:101A90000322C3F81025B9E70F4B0422C3F8102521
:101AA000B4E70D4B0622C3F81025AFE70A4B052219
:101AB000C3F81025AAE7084B0022C3F81025A5E7B4
:101AC000054B0122C3F81025A0E740F6E2613E2055
:101AD000EFF79AFB90210020001000402110010038
:101AE000DB210020302300202DE9F0430D4683B098
:101AF0001746064640BB04238DF804308DF80600D7
:101B000003F07EFC01280DF104084FF0FF3088BF80
:101B100000208DF80500404605F03AFE002840F010
:101B20000981994C012384F85D30A3702378012B3F
:101B30006DD1964B964A33F8173003F5FA73A2FB32
:101B40000323A5EB931530E000234FF002098DF835
:101B500004908DF8063003F053FC01280DF10408C1
:101B60004FF0FF3088BF00208DF80500404605F09B
:101B70000FFE002840F0DE800123834C9E4284F853
:101B80005D3040F0DC80237884F80290012B40F037
:101B90009880804BFF2284F84D20C3F81C01D3F8B5
:101BA000002242F48872C3F80022236B7A4AE918B3
:101BB0007A4BC3F8401503F5A073C2F8A835236C1F
:101BC00043F4002323644FF40023C2F8043594F84F
:101BD0004A3043F0040284F84A20DA070CD59B0708
:101BE00044D46D4B6E4AC3F8AC25A3F5B833D3F893
:101BF0004031002B40F0A880684B0122DA64D3F812
:101C00004C358B426CDB002003B0BDE8F08394F8C8
:101C10002A103846FFF750FE624B5D4A33F8173002
:101C200003F5FA73A2FB03232278A5EB93115ABBA9
:101C3000594B584AC3F8AC25236B574A1944574BA4
:101C4000C3F8401503F5A073C2F8A835236C43F41C
:101C5000002323644FF40023C2F8043594F84A307B
:101C600043F00202DB0784F84A20C5D5494BD3F87C
:101C7000002242F00102C3F80022D3F8503503F0ED
:101C8000F603022BB8D1BEE7236B43481944434BFC
:101C9000C3F8401503F5A073C0F8A835236C43F4CE
:101CA000002323644FF40023C0F80435012A94F87C
:101CB0004A308ED0DF079FD59D07D7D458079BD5D4
:101CC0008FE794F82A103846FFF78EFE2278A5F1A8
:101CD0002901002AD8D1304B334AC3F8AC25ABE7F1
:101CE000E38D952B0BD9A6B3304A01F12903104699
:101CF0002F49D36001F086FD013001283ED84046CF
:101D000005F052FDA8BBA3789DF80420012B07D055
:101D1000022B01D1920705D5012003B0BDE8F08365
:101D20005107F9D41D491B4B00200122C1F8400581
:101D30001A61F1E740F688413E20EFF765FA4FF46B
:101D400013613E20EFF760FA40F28A713E20EFF710
:101D50005BFA164A01F1280310461549D36001F0D9
:101D60004BFD01300128CAD940F66D013E20EFF746
:101D70004BFA40F6CB413E20EFF746FA40F67701AA
:101D80003E20EFF741FA00BF902100206C3F040095
:101D9000D34D62100010004000F001400080004070
:101DA00008100040583F04000410004004050020C3
:101DB000AC3E0400602210B50021174805F0FCFB82
:101DC000164801F065FA164B1A68102A13D8012339
:101DD000934013F4A2341BD113F4045F0BD01148C9
:101DE0004022FF2105F0E8FB4FF08043C3F8084E86
:101DF000C3F8104E10BD0B483822FF2105F0DCFB64
:101E00004FF080430022C3F8082EC3F8102E10BDF7
:101E100004482422F1E700BF90210020DB210020AC
:101E200030230020000E0040014BD885704700BFD2
:101E300090210020024B0344187E00F51660704785
:101E4000AC3E0400014B93F83C0070479021002009
:101E500010B40C4B0C4A93F83C10986B5B6BC01A97
:101E60000A4B02EB810253F82130546D116C084A81
:101E700003F2E7331B1B0844A2FB032300EB931080
:101E800010BC704790210020AC3E0400443F040089
:101E9000D34D6210024B986B1B6BC01A704700BF8A
:101EA0009021002010B5104C82B003F0DDFAA36D34
:101EB0000093D4E9142303F0F3FAD4E90C1394F853
:101EC0003C200A4C5B1A0A4901EB820154F822209B
:101ED0000C6C084902F2F3121B1BA1FB0212A3EBCC
:101EE0009213181A02B010BD90210020443F040044
:101EF000AC3E0400D34D621010B50D4A0D4B92F864
:101F00003C10546B126B03EB8103A41A186C0A4B40
:101F10000A4A53F8213003F2F313A2FB0323241AD5
:101F2000A4EB931403F0A0FA201841F1000110BDB6
:101F300090210020AC3E0400443F0400D34D6210C9
:101F4000FF2808B532D81C4B0139A3F848000729EF
:101F500022D8DFE801F0041D16162104041A174ADE
:101F60004FF44031164B084340F00070C3F814257D
:101F7000C3F81805D3F8503503F0F703032B10D03E
:101F800008BD104A4FF44031ECE70F4A0021E9E761
:101F90000E4A4FF44031E5E740F241313E20EFF781
:101FA00033F94FF456713E20EFF72EF940F2E52158
:101FB0003E20EFF729F900BF902100200801100012
:101FC000001000400801906308000006080110019D
:101FD0001E4AD2F8003223F0020343F4801310B5F6
:101FE000C2F800321A4C1B4BC4F8A03503F5DE438F
:101FF0001C33C4F8A4354FF48023C4F804350378A7
:10200000032B1DD14378144C0129D2F81415606AB2
:1020100003F03F0321F4702143F40C3340F003003C
:1020200043F4207308BF41F400216062C2F8141524
:10203000C2F80009C2F81039012384F85C3010BDE1
:1020400040F2AD313E20EFF7DFF800BF0010004056
:1020500000F001402C110040902100200B4B1B6828
:10206000062B02D0013300D07047094B1B68063B9A
:102070000833F9D9074AD2F8743723F0807323F074
:10208000010343F08073C2F8743770473023002097
:102090003423002000100040F8B54C4B0222C3F856
:1020A0008020BFF34F8FBFF36F8F494B494A002009
:1020B0000121C3F8FC0FC3F8FC1F1368062B52D094
:1020C000013350D0424C444BC4F8783701F0BEFB8A
:1020D00038B14FF08053D3F83033591C18BFC4F8CF
:1020E0004C374FF010231B6E5A1C06D03849D1F8DC
:1020F0008C2563F31742C1F88C25354D3749384C90
:102100000123C5F830350322087CC5F810250227C5
:1021100040F20122C5F85026C5F8007284F8283034
:1021200001F09AFB2F4B304AC3F804250026A687FE
:10213000A66384F84A6003F0A9F996232063E38537
:10214000D5F800396362226E204B84F85C60102160
:10215000C3F88071C5F804131F6002B19047BDE851
:10216000F84001F03DBB21490B68063B083320D9FC
:102170001748D0F83C3723F0004323F0FF0343F027
:10218000004343F09603C0F83C371368062B0DD18B
:102190000B68063B083395D90D4AD2F8403723F433
:1021A0007F4343F4B053C2F840378BE70133EFD09D
:1021B00088E70748D0F83C3743F48063C0F83C37E1
:1021C0001368062BD4D00133D2D07BE700E100E0C6
:1021D00000100040302300202C000089040500205E
:1021E0009021002000F001400000020C3423002068
:1021F00038B503684F49504A1C0E1B02C1F82445EC
:10220000C1F81C354368C1F83C35037A4B4982F864
:102210002A3019444389097E01F516619185FF2B07
:1022200090F809C000F281800CF1FF31A2F848302B
:10223000072975D8DFE801F004681E1E7404042025
:102240003F4D3C4C43F0007343F44033C4F8145505
:10225000C4F81835D4F8503503F0F703032B55D0E4
:1022600082F828C0062956D8DFE801F0463E362E0F
:1022700055261E00334DE4E72E49334CC1F8144572
:1022800043F00073C1F81835D1F8503503F0F70367
:10229000032B3BD00F23082482F82840C1F81035C7
:1022A000037B82F8293038BD224B0121C3F8101579
:1022B000037B82F8293038BD1E4B0021C3F810156E
:1022C000037B82F8293038BD1A4B0521C3F810155D
:1022D000037B82F8293038BD164B0621C3F8101550
:1022E000037B82F8293038BD124B0421C3F8101546
:1022F000037B82F8293038BD0E4B0321C3F810153B
:10230000037B82F8293038BD104D9AE74FF456719F
:102310003E20EEF779FF40F6E2613E20EEF774FFD3
:1023200040F241313E20EEF76FFF40F2E5213E20C2
:10233000EEF76AFF0010004090210020AC3E040040
:102340000801100008019063080000060801100150
:10235000014B83F82900704790210020034B020EA7
:102360000002C3F82425C3F81C0570470010004084
:10237000044B054A034482F82A001B7E03F51663CA
:1023800093857047AC3E040090210020F0B5654C69
:1023900094F84A30DD0783B040F1AF80002814BFC5
:1023A00002220422002305460F468DF804208DF8F2
:1023B000063003F025F801284FF0FF3088BF0020D9
:1023C0008DF8050001A805F0E3F9002840F09080A1
:1023D00094F84A30544E43F0020384F84A30D6F859
:1023E00000320122134384F85D20C6F80032002D2C
:1023F00058D0012D0AD04D4BD3F84C65E38D952B69
:1024000021D940F67B013E20EEF7FEFE022394F830
:102410002A10A3703846FFF7E7FAA378022B76D18B
:10242000424BDD647560D3F84C65E38D952B0AD97A
:102430003F4A404906F129031046D36001F0E2F912
:10244000013001284FD801A805F0AEF9002859D174
:10245000A3789DF80420012B1DD0022B08D19307EF
:1024600006D4324A304B0021C2F8401501221A61CD
:10247000236BF61A1DB106F1290003B0F0BD2E4BF7
:102480002E4A33F8173003F5FA73A2FB032306EB49
:10249000931003B0F0BD5207E3D5236BF61A002D5D
:1024A000E9D1ECE794F82A10A2703846FFF704FA55
:1024B000A378012B30D11D4AD3643360E38DD2F869
:1024C0004C65952BBFD91A4A1A4906F128031046C4
:1024D000D36001F091F901300128B4D940F66D01C3
:1024E0003E20EEF791FE40F677013E20EEF78CFE9F
:1024F00040F688413E20EEF787FE40F6BE013E20C2
:10250000EEF782FE40F6CB413E20EEF77DFE40F630
:10251000D2013E20EEF778FE40F6CA013E20EEF7EB
:1025200073FE00BF9021002000100040008000409A
:1025300004050020AC3E0400583F0400D34D621057
:1025400008B5FFF7D1FA00B108BD054B05490122D6
:10255000C1F840051A610220BDE80840F8F79ABEAC
:102560000010004000800040F8B51E4D95F83D3049
:102570009BB304461646084654B1012C1CD00020DB
:10258000296B3246411A2046FFF7AEFA48B1F8BD32
:10259000012BAF6B95F83C1017D000F0E5FF3844E5
:1025A000EEE7114B11490122C1F840051A610220E2
:1025B000BDE8F840F8F76EBE012BAF6B95F83C1004
:1025C00007D000F0FDFF3844DAE700F0EBFF3844B5
:1025D000D6E700F0D7FF3844D2E740F6B2113E20EC
:1025E000EEF712FE90210020001000400080004015
:1025F000F0B5484A4849494C494DD2F80463022392
:102600004FF0FF3083B0C2F80803C1F88031C2F840
:10261000003200214FF46023C5F84015C4F8083596
:10262000D2F850353F4CDBB206F0100684F84A1061
:10263000002B3AD1E38D952B04D9A378012B5ED0E2
:10264000022B52D0334F38480025C7F81051294685
:1026500000F022FE94F85C302580A5702571EBB166
:10266000D7F800322D4A84F85C5023F4801343F0ED
:102670000203C7F800324FF48023C2F80835D7F8B8
:102680001425636A22F47022C7F8142523F003038B
:10269000264A6362C7F80039C7F810291EB11D4BDE
:1026A0001022C3F8042303B0F0BD01238DF8070006
:1026B000C2F8101113619DF807304BB90CE09DF87A
:1026C0000730013BDBB28DF807309DF807301BB1B6
:1026D000D2F81031002BF2D09DF80730002BA9D191
:1026E00040F6F2113E20EEF78FFD01F097F8013031
:1026F0000128A7D940F60A213E20EEF785FD01F01A
:1027000087F8013001289DD940F604213E20EEF7DC
:102710007BFD00BF0010004000E100E000F0014040
:102720000080004090210020DB2100208032020048
:10273000264B10B50022264CC3F84825C3F8442583
:10274000C3F84025C3F84C25FFF752FF01F04EF8BF
:1027500094F85D3023B105F021F868BB84F85D0082
:10276000002005F027F860BB226C1A49174B42F095
:10277000446242F40032C1F80825174AC3F84805FC
:1027800002212064C3F844052077C3F84005606344
:10279000C3F84C05A063C3F84801C3F84401C3F86B
:1027A0004001C3F84C01C2F88010BFF34F8FBFF354
:1027B0006F8FC2F8801110BD40F2FA513E20EEF743
:1027C00023FD40F2FD513E20EEF71EFD008000404B
:1027D0009021002000F0014000E100E0014BC3F82F
:1027E0003C0570470010004010B50446074804F04F
:1027F000E1FF28B994E80F00054C84E80F0010BDF4
:1028000040F65A213E20EEF7FFFC00BF6918010098
:10281000F421002008B5184B184993F84A20C1F854
:10282000040542F0010C5864900783F84AC00AD4AA
:10283000530707D5124A1349134BC2F8AC15D3F806
:1028400040319BB908BDD1F8003243F00103C1F813
:102850000032D1F8503503F0F603022BF2D1FFF726
:10286000C7FEBDE808400320F8F714BD40F28A71A6
:102870003E20EEF7C9FC00BF902100200010004070
:1028800000F00140081000400080004008B5174BE0
:10289000174993F84A20C1F8040542F0010C586426
:1028A000900783F84AC00BD4530707D5114A124941
:1028B000124BC2F8AC15D3F840318BB9012008BDDA
:1028C000D1F8003243F00103C1F80032D1F850359D
:1028D00003F0F603022BF1D1FFF78AFE002008BDBA
:1028E00040F28A713E20EEF78FFC00BF902100205D
:1028F0000010004000F0014008100040008000403F
:1029000038B5154B196B9A6B084482421ED2134995
:1029100001244C64D1F844251C77053282421862A8
:1029200005D30F4BD3F8042102B91C6138BD1A6CD2
:102930000C4C0025C1F8445142F48002C1F8440512
:102940004FF480011A64C4F8041538BD40F6A8217C
:102950003E20EEF759FC00BF90210020008000408F
:102960000010004000F0014010B50E4C94F83DC03E
:1029700094F83C100222BCF1010F03462277E08D4F
:1029800094F828200BD000F049FEA36B064A0021E2
:102990000344C2F844112062C2F8443510BD00F06F
:1029A0001FFEF2E79021002000800040C30003F1E9
:1029B000804303F5F83310B4084A094CC3F81025D6
:1029C000012202FA00F0226CC3F81415054B0243F1
:1029D000226410BCC3F80405704700BF0411004016
:1029E0009021002000F00140044BC3F86005D3F8AB
:1029F000002242F04002C3F800227047001000405D
:102A0000054BD3F80022002122F04002C3F8002237
:102A1000C3F86015704700BF001000400F4AD2F89D
:102A20001C314BB90E4A92F84D20FF2A17BF524273
:102A30001846027001207047D2F8483503F07F0332
:102A400000215B4282B00370C2F81C11D2F81C3125
:102A50000193019B012002B0704700BF00100040AD
:102A600090210020414B30B5DA8D502A0C468CBFA6
:102A70000021012183B0DC70197028B90121502A8E
:102A8000597028D903B030BD0221502A5970F9D8A5
:102A900093F82830A34264D1354A0128D2F8003295
:102AA00055D143F00803C2F800323248214600F005
:102AB00021FC204600F0D2FD2F4B1B68062BE1D0F5
:102AC0000133DFD02A4AD2F8683543F4C023C2F874
:102AD000683503B030BD93F82850AC4241D1244949
:102AE000D1F8002242F00402C1F8002293F9292013
:102AF00093F82A10204601AB00F0CEFD9DF80500AA
:102B000000F092FE40BB9DF9040000F025FD1A4B39
:102B10001B68062B01D00133B4D1184B1B68063B50
:102B20000833AFD9124B1249D3F888354FF0805291
:102B3000022DD2F8202323F4FE430CBFC2F3066219
:102B4000C2F3062243EA0223C1F888359AE743F02C
:102B50000403C2F80032A8E740F255713E20EEF7B8
:102B600053FB40F6DA313E20EEF74EFB9021002079
:102B700000100040DB2100203023002034230020FF
:102B8000054B064A0021C3F84015D2F85035DBB298
:102B90000BB101231361704700800040001000401A
:102BA00030B4044BD3E914459B6DC0E9004530BCFB
:102BB0000B607047902100202DE9F04FAF4FB04CD3
:102BC000012385B0FB64D7F84C65236BB4F84890BB
:102BD000F61A02F061FCC4E9140104F1400104F1A9
:102BE0004B00A66500F0C4FB10B105B0BDE8F08F46
:102BF000E38D94F802C0952B054665D9BCF1010F11
:102C00005AD0BCF1020F00F050829E4B226C9E49BC
:102C100084F84A00C3F808252064D1F80022237FF5
:102C200022F48E7222F00102C1F80022002B00F083
:102C30002281D7F84431003B18BF0123BCF1020FB9
:102C400000F0B4804FF0100800238F4AD2F8101122
:102C5000002900F0EF810023C2F80031C2F80C31E6
:102C6000C2F81031C2F80431C2F80831C2F86C3130
:102C7000824A84F83DC0D2F84835D2F84425BCF1E8
:102C8000020FC4E90D2300F0B880677894F828108B
:102C900084F83C10002F00F0CF814FF0010A18F0AB
:102CA000100F54D0FFF7A4FC94F85C30002B40F0D8
:102CB0000F81236F9847BEE000F0AAFD0130012884
:102CC00000F2B08294F802C06E4B226C6E49C3F8D9
:102CD0000825D1F80022237F22F48E7222F001020F
:102CE000C1F800220022226484F84A202BB1634BF1
:102CF000D3F844319B1A18BF0123BCF1010F9DD1B9
:102D0000614BD3F80C21002A00F01F81002284F8C7
:102D10003DC0C3F80021C3F80C21C3F81021C3F84B
:102D20000421C3F80821C3F86C21544A6778D2F80B
:102D30004835D2F8442594F8281084F83C10C4E9AA
:102D40000D23002F00F033824FF00808E24622796D
:102D500094F800B0781E18BF0120012A019000F0FD
:102D60007981022A00F09280002A40F05182E08DA1
:102D7000BCF1000F00F05182012FCDE9023240F08A
:102D8000AA81BCF1010F00F0398200F0EDFB029B3B
:102D9000039A2280C118236BA270BBF1010F22712C
:102DA000A1EB030140F08A8037237DE0364AD2F858
:102DB0000C11D2F80024002940F06F81D70740F1B0
:102DC0009E81002B57D04FF001082F4B0022C3F8F3
:102DD0000021C3F80C21C3F81021C3F80421C3F863
:102DE0000821C3F86C21254A022384F83D30D2F82B
:102DF0004835D2F84425C4E90D2394F82810002959
:102E000000F01F82CA1E012A08F0010740F2A481C7
:102E10004FF0010A627884F83C10002A00F08B80A1
:102E2000002F00F01382FFF7E3FB94F85C30002BD7
:102E30004FD1636E9847A378022B7FF4D6AE237FE1
:102E4000002B3FF4D2AE022B00F0AA81012B40F000
:102E50000682236AA26B934240F2EE81074AC2F8CF
:102E60004435236C074A43F480034FF48001236404
:102E7000C2F80415B9E64FF01008E6E600800040FD
:102E80009021002000F0014000100040BB48FFF7F7
:102E9000AFF9A1690023BBF1010F2380A370237157
:102EA0000CD1012F80D0252333448B4200F2938133
:102EB0000122B34B22700022C3F840210198E2782E
:102EC000FEF712FE002800F0FB8094F85C3013B38C
:102ED0000027AC4BAC4AD3F8001221F4801141F02A
:102EE0000201C3F800124FF48021C2F80815D3F88C
:102EF000142522F47022C3F81425626A22F003021A
:102F0000C3F800296262A14AC3F81029002384F89B
:102F10005C30002F8DD118F0020F53D118F0280F1C
:102F200000F0268108F02001B1FA81F1E36E490931
:102F3000284698477FE794F85C302280A27022717F
:102F40002277002BC5D11D46E3E7D3F8101179B9DC
:102F500088468C4B0022C3F80021C3F80C21C3F82B
:102F60001021C3F80421C3F80821C3F86C217FE6BF
:102F700084F83DC0C3F80021C3F80C21C3F8102128
:102F8000C3F80421C3F80821C3F86C217C4BD3F8A3
:102F90004815D3F844256378A16394F8281084F881
:102FA0003C106263002B00F0B580FFF721FB94F822
:102FB0005C30002B00F0B78000274FF030084FF056
:102FC000010A86E7724B1B68062B1CD001331AD00E
:102FD0006C4BD3F85034D90115D51A0705D013F02E
:102FE000F00F02D013F4706F0DD1664AD2F854146A
:102FF000C3F30442012A06D1012904D0C3F342538A
:10300000022B7FF616AF636C5B784B4584BF48F0AC
:1030100004085FFA88F8BAF1000F00F0DA80C8F30C
:10302000800888F001085FFA88FAA36E29465046A6
:10303000984700E798468CE794F85CA02780A77033
:1030400027712777BAF1000F7FF443AF55464FF051
:10305000010A60E74948FFF7CBF894F83D20002AC1
:1030600000F0E580012A94F83C305ED0494A02EB3A
:103070008302D2F840C0484A52F82300D4E90C2316
:10308000991A464B00F2F310A1EB0C01A3FB0030A0
:10309000A1EB9011A3691944FCE6D00735D4002BAD
:1030A00000F093804FF007088FE600F0B7FB013087
:1030B00001287FF607AE40F60A213E20EEF7A4F87D
:1030C0002F4BC3F84005A3F5E04301221A6102200B
:1030D000F8F7E0F8F9E6BCF1010F00F0968000F097
:1030E0006FFA029B039A2280C118236BA270BBF176
:1030F000010F2271A1EB03013FF4D5AEDEE6002BF8
:1031000079D14FF0140804239FE5002B5FD04FF0D6
:1031100003085AE694F85C202380A3702371237778
:10312000002A7FF449AF2021FEE6591EC9B20329C7
:1031300000F29080174A02EB830302EB41021B6C02
:10314000B2F86800D4E90C21891AC91A134BA3FB01
:10315000003001EB90119DE70A4AD2F8142412F0D6
:1031600006024ED0022A4ED04FF0000A042151E64A
:1031700018F0100F3FF45FAE9BE500BF98210020D0
:10318000008000400010004000F00140803202004A
:1031900030230020AC3E0400443F0400D34D6210B5
:1031A000A36B216A304A0B44C2F8443559E694F8BF
:1031B0005CA02780A77027712777BAF1000F17D17D
:1031C00055464FF00808E246A5E64FF0060CE046EB
:1031D000FBE5012529E70220F8F75CF8234A94F87B
:1031E0005C5001231361002D7FF472AE1D4692E600
:1031F0004FF008086DE64FF00508E6E500F0D2F95B
:10320000C5E5042104E6032102E600F0BBF968E706
:1032100040F646413E20EDF7F7FF40F6B2113E2062
:10322000EDF7F2FF40F604213E20EDF7EDFF40F60A
:10323000B5013E20EDF7E8FF40F6A6513E20EDF740
:10324000E3FF40F267213E20EDF7DEFF17464FF027
:10325000020C24E540F2C6213E20EDF7D5FF40F6F2
:10326000A5513E20EDF7D0FF008000400010004047
:10327000024B03EB8003186C704700BFAC3E0400A8
:10328000024B03EB8003586D704700BFAC3E040057
:1032900045F6FF7343807047D1B1154AD2F83C37E9
:1032A00023F0004323F0FF0343F0004343F07D038A
:1032B000C2F83C37D2F87C3723F0004323F0700388
:1032C00043F0004343F06003C2F87C37417070471D
:1032D000074BD3F83C2722F00042C3F83C27D3F831
:1032E0007C2722F00042C3F87C274170704700BF62
:1032F000001000401C4B1B68082B00D0704703399E
:1033000001290FD9194BD3F83C2722F00042C3F80A
:103310003C27D3F87C27002122F00042C3F87C2709
:1033200041707047114A0121C2F80413D2F83C37AA
:1033300023F0004323F0FF0343F0004343F07D03F9
:10334000C2F83C37D2F87C3723F0004323F07003F7
:1033500043F0004343F06003C2F87C374170D1630F
:1033600011640170704700BF30230020001000403E
:1033700003460078002863D0F0B5734AD2F80441C0
:10338000D2F810512C4383B05BD1D2F80051002DFC
:1033900066D0C2F8004101245461FF240094009CCF
:1033A0002CB908E0009C013C0094009C1CB1D2F8B0
:1033B0001C41002CF6D0009A002A00F0C180624A1D
:1033C000DD78D2F8484504F07F04A542C0F08C8037
:1033D0005D4A9C7001230024C2F81C41C2F80833E6
:1033E00013649363594B584C01228025C4F804534D
:1033F0001A64D3F84025D3F8446502F56A521832AE
:1034000096424BD9D3F8402502F51C5210320025C4
:10341000C3F8402504F5F034C3F84051A3F5DF4369
:103420004B4AC4F8A8256C3BC4F8AC354FF40023D4
:10343000C4F804350B6843F400230B6003B0F0BDFF
:10344000704780244349C2F80843B5FA85F04FF429
:1034500000240022C1F8084540091A7003B0F0BDED
:10346000D2F848455F7804F07F049C70C2F81C5184
:10347000DE7837BBA642D2F8742544D894B20F2C1C
:1034800002D9B2F5003F3ED32F4B01221A649A6352
:103490002D4BD3F81C310193019BA3E72D4900224A
:1034A0004FF40026C3F84025C3F84021C4F8085360
:1034B000C1F80865C3F84021C4F80853C1F808658D
:1034C000CCE7A642E4D2D2F83C4724F00044C2F84C
:1034D0003C47D2F87C4724F00044C2F87C475D703A
:1034E000012313649363D3E7D2F83C5725F00045DA
:1034F000C2F83C57D2F87C5725F00045C2F87C57FB
:1035000000225A7064E7104CD4F83C2722F00042A5
:1035100022F0FF0242F0004242F07D02C4F83C2754
:10352000D4F87C2722F0004222F0700242F00042E0
:1035300042F06002C4F87C2701225A702264A7E797
:10354000EF21AF20EDF760FE00100040008000404A
:103550004081004000F00140024BC0B2C3F80C05AE
:10356000704700BF0010004010B504460846FFF742
:1035700087FE034AA2FB0020A4EB901010BD00BF01
:10358000D34D6210054B064A33F8113003F2E7338E
:10359000A2FB0323023800EB93107047303F040076
:1035A000D34D6210044B054A33F81130A2FB0323BC
:1035B00000EB931001307047303F0400D34D621090
:1035C00010B504460846FFF75BFE044A00F2E733F5
:1035D000023CA2FB0320A4EB901010BDD34D62105F
:1035E00038B50C4C34F8111004EB82041D466469A4
:1035F0000C4404F6B7344FF47A7101FB00440649D9
:103600001046A1FB0414FFF733FEA4090535254439
:10361000284438BD303F0400D34D621038B505460C
:1036200008461446FFF72CFE0A4B03EB84030246C0
:1036300020465C69084B4FF47A7104F6B73401FBFD
:103640000544A41AA3FB0434FFF712FEA4090530B5
:10365000204438BD303F0400D34D62100C4B1B6832
:10366000082B00D070470B4A0338D2F840370128A6
:1036700023F0004302D9C2F84037704723F47F4358
:1036800043F0004343F44443C2F84037704700BF5F
:1036900030230020001000402DE9F04F454C85B04C
:1036A000054698460E46174602F03CFC2378AB428E
:1036B000814602D16378B3423CD0082D1BD18DF8EE
:1036C0000F70BB464FF0040A3046FEF7B3FB0021F3
:1036D0000346009152465846414600F0ABF8B8F810
:1036E000003025706670A380A071A77084F80390E5
:1036F00005B0BDE8F08F05F1FF3ABAF1060F50D8DA
:10370000DFE80AF0044235284F0404000DF10F03EE
:103710003A463146002002F00BFC002846D19DF9C4
:103720000FB0BAF1060F3CD8DFE80AF011382B1EB3
:103730003B11110094F90230BB42BED1E3788342C1
:10374000BBD1A38894F90600A8F80030D0E74FF069
:10375000000AB9E70DF10F033A463146022002F0A4
:10376000E7FB9DF90FB008BB4FF0020AACE70DF183
:103770000F033A463146032002F0DAFB9DF90FB001
:10378000A0B94FF0030A9FE70DF10F033A46314607
:10379000012002F0CDFB9DF90FB038B94FF0010ABE
:1037A00092E740F2FE410620EDF72EFD4121A920CF
:1037B000EDF72AFD1C050020014B18609980704729
:1037C00004220020024BD86019745A82704700BF4F
:1037D00030220020014B1B681B6818472C0C00206E
:1037E000014B1B685B6818472C0C0020014B1B68C1
:1037F0009B6818472C0C0020014B1B681B6918475D
:103800002C0C0020014B1B685B6918472C0C002016
:10381000014B1B689B6918472C0C0020014B1B684F
:10382000DB6918472C0C0020014B1B689B6A18476A
:103830002C0C002030B4044C9DF8085024680295EC
:10384000E468A44630BC60472C0C0020014B18787B
:10385000704700BF6C29002010B500220C491346A8
:1038600040FA02F4E40744BFCA545C1C02F10102AE
:1038700048BFE3B2042AF3D1054AFF24D118032B31
:1038800001D9107110BD013301F8014BDBB2F6E72D
:103890007829002008B5074801F0F6F9054800F03E
:1038A00039F801F099FE01F07BFE00F0A1FC012047
:1038B00008BD00BF7C23002008B501F0C1F901F06C
:1038C0002FFF01F00BFFBDE8084000F0ADBC00BFCA
:1038D00002F01EB801F00ABA10B5EFF3108472B608
:1038E00001F004FA04B962B610BD00BF01F010BACD
:1038F00002F0ECB802F082B902F094B902F0E2B939
:1039000002F0E6B902F0A6B808B52721032003F0BB
:1039100039FB00BF024B186000221A719A60704791
:103920008423002070B582B01E4C2379012B11D066
:10393000DAB2022A0BD1A0680DF1070100F08CFC6D
:103940000023A36023719DF8070002B070BD012021
:1039500002B070BDA0680DF1070100F073FCA5680E
:103960006B7DDB07ECD5AB7F042BE9D001F014FABB
:1039700006460028E4D001F015FA2A69B3682E68DB
:103980006D68961945F1000500220A3342F10002E4
:103990001B1842EB0102B342AA41D1D3A06800F048
:1039A0003FFDCDE784230020837F0BB100207047CB
:1039B00010B50A684B688C68D1F80CC0C0F80CC010
:1039C0008460026043600A694B69436101240261BB
:1039D0008477054B1A792AB998601C7101F078F93F
:1039E000204610BDFFF790FF8423002070B50446E9
:1039F00082B00D4601F0D0F9A37F012B17D02B68C0
:103A00006A68A9680646E868E060A16023606260B1
:103A10006A692B69626101222361A2770DF10701B6
:103A2000204600F00FFC2EB1012002B070BD002036
:103A300002B070BD024B0421186808F049FFF3E79B
:103A40008423002070B5044682B00D4601F0A4F92D
:103A5000A37F012B1CD02B686A68A9680646E8681A
:103A6000E060A160236062606A692B696261012283
:103A70002361A27720460DF1070100F0E3FB084C1B
:103A80004EB12068062108F023FF012002B070BD6E
:103A9000002002B070BD2068042108F019FFF0E793
:103AA00084230020024B0621186808F011BF00BFD4
:103AB0008423002010B5EFF3108472B601F06CF986
:103AC00038B1064B0621186808F002FF04B962B647
:103AD00010BDC921032003F055FA00BF8423002044
:103AE00010B5084B1A7952B90446986002221A712F
:103AF00001F0EEF8A07FB0FA80F0400910BDFFF7AA
:103B000003FF00BF8423002038B5837FC3B1044680
:103B100009E0A37F042B09D0A37F012B11D008F06B
:103B200030FFA37F63B1A37F032BF2D1EFF31085A6
:103B300072B6204600F0AEFB05B962B6A37F2BB982
:103B400038BD4FF48971032003F01CFA40F20D11C7
:103B5000032003F017FA00BF38B5194B1A7962BB7E
:103B60000446986002221A7101F0B2F8A37F5BB993
:103B700038BDA37F032B0BD0A37F042B08D0A37FDA
:103B8000012B15D008F0FDFEA37F002BF1D1EFE74C
:103B9000EFF3108572B6204600F07CFB05B962B6E3
:103BA000A37F002BE4D040F20D11032003F0EAF9CB
:103BB0004FF48971032003F0E5F9FFF7A5FE00BF7C
:103BC0008423002010B582B00DF1070100F044FB02
:103BD000044601F0E1F810B1204602B010BD40F2F9
:103BE0002F11032003F0CEF970B50D46044601F005
:103BF000D9F8A4680346E41841F100062846334684
:103C0000224600F09FFBA04271EB06034FF0000537
:103C10000CD3001B6FF0010361EB0601834275EBCF
:103C2000010100D370BD4FF0FF3070BD284670BD5C
:103C3000F8B504460E46EFF3108572B601F0B2F8FF
:103C4000A468241841F1000730463B46224600F0A4
:103C500079FBA04271EB07034FF000060ED3001B67
:103C60006FF0010361EB0701834276EB010102D3A0
:103C700005B962B6F8BD4FF0FF30F9E73046F7E717
:103C80002DE9F04185680C46002349195B4113B1C9
:103C90000020BDE8F0811746064601F083F82A1897
:103CA00041F100033846A51843F1000800F04AFB33
:103CB000A84271EB0801EBD301F02AFE00F0E8FA0C
:103CC000B368377523440120B360BDE8F08100BFBD
:103CD0002DE9F843EFF3108872B6846863184FF04B
:103CE00000035B4133B10020B8F1000F00D162B690
:103CF000BDE8F88317460D46064601F053F8221832
:103D000041F100033846AC1843F1000900F01AFBFA
:103D1000A04271EB0901E6D301F0FAFD00F0B8FA18
:103D2000B36837752B440120B360DDE7837F012B37
:103D300001D00020704700F019BC00BFD0E900019D
:103D4000704700BF0069704701F02CB810B5EFF361
:103D5000108472B601F026F804B962B610BD00BF37
:103D600080687047007D7047F8B50369002B4ED11D
:103D7000044601F0CDFD05460E4602F0DDFC78B3A9
:103D8000D4E90003643546F10006A84273EB06024D
:103D900023D3C4E90003EFF3108672B600F0FCFFF2
:103DA000054698B100F0FEFFAB6800220B3342F1EC
:103DB00000021B1842EB0101D4E90002834271EBBF
:103DC00002053CBF03461146C4E9003106B962B69C
:103DD0002046BDE8F84000F04BBB28463346D8E704
:103DE00002F0C6FC074600F0F3FFB84221686268A3
:103DF00038BF3846963546F10006401946F10003B3
:103E0000884273EB02053CBF08461346C1E740F207
:103E1000D511032003F0B6F8F8B5254C0022226036
:103E2000EFF3108172B6636823606260A26009B923
:103E300062B623686BB300259A79032AA3F11800B0
:103E400028D01F6877B3BA79042AA7F118038446EB
:103E50004FF000060FD1818B9A8B521A12049A6987
:103E600044BF0CF11806184642B19C46A2F1180353
:103E70009A7F042AEFD09B7F032B15D196B133682C
:103E80001B683360C3688577022198472368002B3D
:103E9000D2D1F8BD196853F80C2C9D712160012115
:103EA0009047F3E72760EDE763219F2003F06AF86E
:103EB000902300202DE9F84F3A4B4FF00008C2F84C
:103EC0000080D3F80CE0BEF1000F5ED0AEF1180C0C
:103ED000E1469246D9F81850002D45D0DCF8004054
:103EE00055F8186CDCF8042055F8147CA64277EBE2
:103EF0000203A5F1180E50D3844272EB01030BD2DA
:103F0000DCF810301B1942F1000298421C4671EB9C
:103F100002033CBF04460A46864277EB01030BD2FC
:103F200055F8083C9B1947F1000798421E4671EB73
:103F300007033CBF06460F46DCF808300A3348F159
:103F4000000B1B1942EB0B029E4277EB02020BD2D5
:103F50009CF8143015F8042C9A4209D00ED3F1467F
:103F6000D9F81850002DB9D1E6467046BDE8F88F53
:103F7000AB88BCF81C209B1A1B04F0D509F1180370
:103F8000CAF80030D9F8183013B97046BDE8F88F78
:103F9000F446A3F1180EF146E2E7BF219F2002F09C
:103FA000F1FF00BF902300202DE9F043224EF4687A
:103FB0006CB30025A8460427AE46234653E906C243
:103FC000844572EB0109246823D253F8089C19EB4D
:103FD0000C0C42F1000284458A411AD2FDB12A68D4
:103FE00012682A609F71726883F800E083F801E02C
:103FF00083F802E083F803E07AB1B2681360B3603B
:104000004FF00108002CD8D1B8F1000F0DD1BDE858
:10401000F0831D46002CD0D1F6E77360EFE7F2681D
:10402000002ADFD01268F260DCE7044BBDE8F04301
:10403000187803F065B900BF90230020750C0020AC
:104040002DE9F04F684B0468D3F80C8085B0054625
:1040500082838A464068B8F1000F00F0BA800026DB
:10406000A8F11802B446D2E900366F7D9C4270EB8D
:10407000060107F00107C1462AD3F7B192F814C030
:10408000297D8C4519D89168C91846F1000311F1B2
:104090000A0843F1000E444570EB0E0657D22E6914
:1040A000361940F1000CB0457EEB0C0B01D24646B0
:1040B000F4468E427CEB030C4FD39369944673B164
:1040C000A3F11802D2E900369C4270EB0601D4D26B
:1040D000C846002F00F085801346624602E0C846BD
:1040E000002F57D0AE68361940F10009002B65D07B
:1040F000CDE90082D3E9007116F10A0C49F1000202
:10410000BC458A4158D31A7D95F814C0944519D3FB
:104110009A68D21941F1000112F10A0841F1000E2A
:10412000444570EB0E0751D22F693F1940F1000C46
:10413000B8457EEB0C0B01D24746F44697427CEB28
:10414000010C0AD39B69002B36D0183BD2E72646D8
:1041500084468E427CEB030CAFD2234A0423AB7718
:10416000516800232B766B76AB76EB7605F118025F
:104170001D4B002933D09B681A601C4B1A491878D4
:104180008A6003F0BDF800258AF8005005B0BDE84C
:10419000F08F9369294641F8183F916103AA0021E5
:1041A0000020FFF787FE2D1AB5FA85F56D098AF80C
:1041B000005005B0BDE8F08FDDE90082002AE8D1AB
:1041C0002B46094A43F8188FD360E7E72746844611
:1041D000B4E76B7DDB07F3D54246434682E75A607E
:1041E000CBE76246EAE700BF90230020750C002071
:1041F00010B50A4C2378FF2B0AD1094803F056F872
:10420000084B20700022DA605A609A601A8210BD52
:104210004FF484719F2002F0B5FE00BF750C0020A2
:10422000193E01009023002010B5054C2078FF288E
:1042300000D110BD03F054F8FF23237010BD00BF60
:10424000750C0020034B1A8A02F1010CA3F810C070
:10425000F6E600BF9023002030B583B004460D463B
:1042600001AA00210020FFF725FE0346E31AB3FA56
:1042700083F35B0905482B7004F1180108F04EFB2D
:1042800010B10023A377012003B030BD9C23002090
:104290008AE600BF70B5154E7368054600F1180137
:1042A000BBB17368002423B913E01A681C4682B1BD
:1042B00013469942F9D10CB1AA6922607268914201
:1042C00004BF1B687360B36899420AD00023AB77C0
:1042D00070BD064808F022FB0028F9D00023AB7718
:1042E000F6E70023B460AB77F2E700BF902300202D
:1042F00030B5054683B00C46FFF756FE01AA2846A6
:104300002146FFF7D7FD28B1054B00F118025A618D
:1043100003B030BD024B02465A6103B030BD00BF4E
:104320009023002010B5064C616904F10C0008F0E0
:10433000F5FA18B1606900231838636110BD00BF39
:10434000902300201C49C96839B3A1F1180C9CF8CE
:10435000141081421DD870B5DCE9004112F10A0544
:1043600043F1000EAC4271EB0E0620D2DCF8106077
:10437000341941F10001AC4271EB0E0115D2DCF8A9
:10438000181071B1A1F1180C9CF814108142F6D8E4
:10439000E2E7DCF818100029D7D14FF0FF300146D2
:1043A00070474FF0FF30014670BD2C467146B4F1A6
:1043B0000A0041F1FF3170BD9023002010B5837FCA
:1043C000022B06D0837F012B02D0837F042B1DD1CB
:1043D00010BD437D13F0020313D103210E4A8177F0
:1043E0005468037600F1180143768376C3765CB196
:1043F00093681960094B9160BDE81040187802F08D
:104400007FBF0023837710BD5160F3E74FF4FB714A
:104410009F2002F0B7FD00BF90230020750C002004
:1044200070B5114D00F118060446314605F10C0037
:1044300008F074FA98B10423A3776A6800232376FE
:104440006376A376E37642B1AB681E60074BAE603D
:104450001878BDE8704002F053BF6E60F6E74FF485
:1044600000719F2002F08EFD90230020750C00202B
:104470002DE9F04F066983B0002E70D1D0E9001508
:104480008368077DEFF3108472B6DFF8DCC0DCF8D8
:104490000C20002A5CD013F10A0EBCF81080CDF875
:1044A000048046F10006183AB046D2E9003611EB16
:1044B0000E0A45EB08099A4579EB060C48D38B4266
:1044C00076EB050C28D3D2F810C01CEB030C46F198
:1044D000000BD4457BEB090B34BF4FF0010C4FF0C0
:1044E000000CBCF1000F13D092F814C0BC4526D0CC
:1044F00034BF4FF0010C4FF0000CBCF1000F07D09F
:1045000013F10A01936846F10005591845F10005B9
:104510009269EAB1183AC8E7D2F808A013F10A0C78
:1045200046F100091AEB0C0C49F10009614575EBE5
:10453000090934BF4FF0010C4FF0000CD1E7B2F87D
:104540001CC0DDF80490ACEB090CCCF3C03CD4E704
:1045500004B962B6C0E9001503B0BDE8F08F40F2BF
:104560001F219F2002F00EFD9023002070B505460C
:1045700082B00C4601AA00210020AE8BFFF79AFC06
:104580000346EB1AB3FA83F35B0910488DF8033046
:1045900005F1180108F0C2F998B10023AB77A446E1
:1045A000BCE80F002C460FC49CE80300324684E8A8
:1045B000030028460DF10301FFF742FD012002B080
:1045C00070BD40F24A219F2002F0DCFC9C230020B9
:1045D000024B0521186808F07BB900BFA823002012
:1045E000042970B512D00CD905292ED1194E757930
:1045F00005F0FD05012D11D040F2BF11B02002F0F1
:10460000C1FC0239012920D8002070BDFFF78AF9CA
:104610000028F9D00F4B01221A71F5E70446B07952
:104620000028E9D1B3689847D6E90401B3690A4A7A
:10463000B571323841F1FF31C01841F1000101F08C
:10464000F1F8064B2360022070BD40F2C911B02082
:1046500002F098FCA8230020D1450100C1490100C7
:10466000054BD86910B1C3680621184710B540F250
:104670008D21B02002F086FCA82300202DE9F8430C
:104680001646002B6AD0D3E90089804579EB0103F7
:104690003CBF89468046474F04460D464046494642
:1046A000C7E9088901F08AFB3B8DB8EB040403F1EC
:1046B000640369EB05050022A342AA410FDBBB6935
:1046C00003F5E1739C4275F1000519DA3A4A404658
:1046D000494601F0A7F8394B3360BDE8F883BA7951
:1046E0007B791AB39A1E012A1AD9B9690022012BC3
:1046F00001F5E171BA7144D08C4275F10005E5DB3A
:1047000001F068FB02F012F8BB692B4AB8EB03001A
:1047100069F1000101F086F8294B3360BDE8F883A8
:10472000BB68012098470023BB717B79BA69012BD4
:1047300002F5E172114624D0032BDDD1944275F1CC
:10474000000522DA388D1C4AB8EB000069F100013F
:1047500001F068F81B4B3360BDE8F883154FBB7957
:104760001BB17B79023B012B20D90023BB7101F0E7
:1047700031FB01F0DBFF01F023FB134B3360BDE89D
:10478000F8838C4275F10005DCDB01F023FB01F0BE
:10479000CDFF388DBB698342B7D2B8EB0000064A23
:1047A00069F1000101F03EF8084B95E7BB68012074
:1047B0009847DAE7A8230020D1450100C14B01004A
:1047C000714A0100D1470100114B0100414B01002A
:1047D000042970B5044612D00CD9052931D11B4EDD
:1047E000757905F0FD05012D1DD04FF40D71B02038
:1047F00002F0C8FB0239012923D8002070BDFFF761
:1048000091F80028F9D001F071F801F081F806461E
:104810000D46FFF76DFD2246034629463046FFF759
:104820002DFF022070BDB0790028DED1B368984713
:10483000D6E90801064AB57100F0F4FF054B236084
:10484000EFE74FF40F71B02002F09CFBA82300208B
:10485000D1450100C14B010002392DE9F041042985
:104860002DD8DFE801F00309292C0C00164A5379F2
:10487000003B18BF012393710020BDE8F08104467E
:1048800000F09CFF01F044F80E460746FFF730FDAC
:104890000D4D8046E869FFF791FD224638463146C6
:1048A0004346002400260027C5E90867EC61FFF7AE
:1048B000E5FE0220BDE8F081FFF734F8DCE740F2C6
:1048C000EF11B02002F05EFBA82300202DE9F04F8D
:1048D000364E96F80690B56983B08046B9F1000F60
:1048E00032D1737903F0FD03012B3ED001F010F8B3
:1048F000431941F1000204460F4618461146019340
:104900000092FFF7F5FC00283BD0D0E900ABAA45A8
:104910007BF10001DDE9002319D200200146C6E940
:104920000832234A00F07EFF5046594601F046FA0D
:10493000B9F1000F02D0338D9D421CD01D4BC8F839
:10494000003003B0BDE8F08F4FF00009CEE7BAEBBE
:1049500005006BF10001844277EB01033CBF044684
:104960000F46631947F10002D9E7328D9542994607
:1049700038BF1546BAE7104BC8F8003003B0BDE8A1
:10498000F08FB3791BB17379023B012B09D9002356
:10499000B37101F015FA094BC8F8003003B0BDE857
:1049A000F08FB36801209847F1E700BFA8230020EB
:1049B000D1450100714A0100414B0100114B01003A
:1049C000023970B503294AD8DFE801F0050224074F
:1049D000254B00221A71002070BD044601F002FA36
:1049E00008B3214D2E796EBBFFF79CFC50B3E861F4
:1049F000C5E90B6600F0D6FEE869022383773146ED
:104A0000C3689847D5E90801FFF742FC174B2360BC
:104A1000022070BDFEF786FF0028DCD0124B012279
:104A20001A710020D8E700200021FFF761FC08B1CF
:104A3000FFF7F6FC01F0CEF901F078FE2046FFF713
:104A400045FFE5E700F064FF06460D46FFF750FC22
:104A50002246034629463046FFF710FED8E740F2CB
:104A6000A511B02002F08EFAA823002059480100B9
:104A7000042938B5044621D01BD905293BD1204D46
:104A800001F0A0F901F04CFE6B7903F0FD03012B5E
:104A90001ED000F03DFFAB691A4A323B65EB0505BD
:104AA000181845EB010100F0BDFE174B23600220F2
:104AB00038BD023901291ED8002038BDFEF732FF6B
:104AC0000028F9D000F012FF2046FFF7FFFEEEE7C6
:104AD000AB79002BDDD100F01BFF2A8DAB699B1A4F
:104AE000C5E904011818074A41F1000100F09AFED7
:104AF000064B2360DBE740F26B11B02002F042FA74
:104B0000A8230020D1450100C1490100E145010071
:104B1000032910B506D801290AD840F21711B02090
:104B200002F030FA0429F8D10446FEF7FBFE08B97A
:104B3000002010BD2046FFF7C9FE022010BD00BFB7
:104B4000042970B5044612D00CD905292CD1194E70
:104B5000757905F0FD05012D14D040F23311B02018
:104B600002F010FA023901291ED8002070BDFEF7AC
:104B7000D9FE0028F9D000F0B9FE2046FFF7A6FEC6
:104B8000022070BDB0790028E7D1B3689847B369B7
:104B9000306A716A084AB571C01A61F1000100F00B
:104BA00041FE064B2360EBE740F23B11B02002F0E0
:104BB000E9F900BFA8230020D1450100714A010096
:104BC000042970B504461FD019D905292FD1FFF744
:104BD000A9FBF8B1184D0026E861C5E90B6600F0A5
:104BE000E1FDE869022383773146C3689847D5E938
:104BF0000801FFF74DFB114B2360022070BD023905
:104C0000012914D8002070BDFEF78CFE0028F9D0D1
:104C100000F06CFE00F07CFE06460D46FFF768FBD8
:104C20002246034629463046FFF728FDE5E740F2D5
:104C30001721B02002F0A6F9A8230020594801004E
:104C400010B5EFF3108472B60B4B0C4A1B681B684F
:104C500093420DD00A4A93420AD00A4A934207D09F
:104C600001F0B8F801F062FD01F0AAF800F03EFE94
:104C700004B962B610BD00BFA8230020114B01008B
:104C8000414B0100714A010010B5054A054C026014
:104C900000232060637101F06BFD3230A06110BD14
:104CA000114B0100A823002008B5074B074A1968DB
:104CB0000968914202D13230986108BD40F27221F8
:104CC000B02002F05FF900BFA8230020114B0100C3
:104CD00010B5EFF3108472B6034B0421186807F087
:104CE000F7FD04B962B610BDA823002008B5064B35
:104CF000DB6923B1BDE80840044A00F093BD40F2EF
:104D00009321B02002F03EF9A82300206146010063
:104D100008B5064BDB691BB1BDE8084000F0E6BDF5
:104D200040F29921B02002F02DF900BFA823002005
:104D300008B5054BDA690AB1D86208BD40F29F2177
:104D4000B02002F01FF900BFA823002008B5054BD2
:104D5000DA690AB1186308BD40F2A521B02002F05B
:104D600011F900BFA8230020044B1B6B03B11847A7
:104D700010B540F2AB21B02002F004F9A8230020C6
:104D8000044BDB6A03B1184710B540F2B121B020E3
:104D900002F0F8F8A8230020014BD869704700BF43
:104DA000A823002008B5054BDA6912B1D3E9080140
:104DB00008BD4FF42F71B02002F0E4F8A8230020C2
:104DC000024B323158719A6019857047A823002030
:104DD000044A537903F0FD03012B0CBF108D002012
:104DE000704700BFA8230020054B1B681BB1D3E907
:104DF00008200521104710B57621452002F0C2F8A1
:104E0000E0230020054B1B681BB1D3E908200421D7
:104E1000104710B57021452002F0B4F8E0230020BF
:104E20002DE9F0412A4E2B4A06F10803C31ADB1084
:104E300002FB03F305460F46DBB206EB43045A00C0
:104E400094F80835C9B93368ABBBD6F84835B3BB5D
:104E500006F5A163134430601F48C6F84835FFF7D4
:104E600067FF1E48FFF772FFD6F848355BB3FEF7C1
:104E70006BFF94F8093580462BB9D5E908303946DF
:104E8000BDE8F0411847FEF733FD18F12008A8EB04
:104E90000000C6F84C0500F08BFD0028FBD0104B3D
:104EA0000022C3F8A8253946C3F8AC25D5E9083057
:104EB000BDE8F04118478E21452002F063F88F21AC
:104EC000452002F05FF84FF4F671452002F05AF8E1
:104ED000E0230020CDCCCCCC054E0100E94D0100F3
:104EE00000F00140FFF724BFFFF730BF044B002163
:104EF000402203F5A1601960C3F8481502F05CBBBD
:104F0000E0230020FEF7E4BC704700BF08B5084B63
:104F10001A684AB1002107481960C3F84815D060E3
:104F2000BDE80840FEF7BEBDC121452002F02AF8C9
:104F3000E0230020214E01001F280AD8064B03EB76
:104F4000400393F8082522B1002283F808250120A8
:104F500070470020704700BFE023002070B5002399
:104F6000114C0D4602E00133202B19D004EB430C09
:104F70009CF8082502F0FF01002AF4D1DEB2FF22DE
:104F80008CF8082503EB830304EBC304C4E90A058A
:104F90000648202200EBC30002F00EFB304670BD35
:104FA0001E46304670BD00BFE0230020E8230020ED
:104FB0001F2812D810B40A4B03EB400494F808459C
:104FC00044B100EB800003EBC003C3E90A120120E7
:104FD00010BC7047002010BC70470020704700BF15
:104FE000E023002030B50A7887B00023CDE90033F4
:104FF000CDE90233CDE904330D460446002A3ED103
:10500000D1E90401203841F1FF316B7A9DF8152078
:105010000191C3F340035B0022F0030243F001035C
:1050200013438DF815306B68174A297A8DF81410E0
:1050300020330293154B039353680090C3F3080386
:105040008BB1103B5BB2002B13DB03F1604303F524
:10505000614393F800335B092BB969462046FEF79C
:10506000C5FC07B030BD69462046FEF79DFC07B081
:1050700030BD03F00F031A44137D5B09ECE7FEF724
:1050800027FC2B690493C0E700ED00E0214E0100EE
:105090001F285CD830B5044687B0344A02EB400282
:1050A00092F8083513B9002007B030BD4B7A0D4691
:1050B000C3F3800181F0010182F809150022CDE9D6
:1050C0000022CDE90222CDE904222A78002A46D125
:1050D00028696969203841F1FF319DF81520019157
:1050E000C3F340035B0022F0030243F001031343C8
:1050F0008DF815306B681E4A297A8DF8141020330C
:1051000002931C4B039353680090C3F30803A3B1AD
:10511000103B5BB2002B1CDB03F1604303F56143E2
:1051200093F800335B0943B9134804EB84046946E0
:1051300000EBC400FEF75AFCB6E70F4804EB84040A
:10514000694600EBC400FEF72FFC07B030BD00201D
:10515000704703F00F031A44137D5B09E3E7FEF782
:10516000B7FB2B6904936B7AB7E700BFE0230020FD
:1051700000ED00E0214E0100E82300200D4A5368B5
:10518000C3F308036BB1103B5BB2002B0BDB03F1E5
:10519000604303F5614393F800335B090BB9FEF7F5
:1051A00011BDFEF79DBC03F00F031A44137D5B098C
:1051B000F4E700BF00ED00E0124A5368C3F30803B0
:1051C00093B1103B5BB2002B15DB03F1604303F599
:1051D000614393F800335B0933B90B4B00EB80005C
:1051E00003EBC000FEF7EEBC074B00EB800003EBC7
:1051F000C000FEF775BC03F00F031A44137D5B0972
:10520000EAE700BF00ED00E0E823002010B50278D7
:1052100086B0FAB9D0E90431044640680592203BD3
:1052200000F1200041F1FF3100930290237A8DF8C4
:1052300014306846CDE903220191FEF795FDDDE9C2
:10524000003220334FF0010042F10002C4E9043281
:1052500006B010BD4FF4AA71452001F093FE00BFC7
:105260000C4BD3F8483510B573B10446FEF76CFD0E
:1052700020344FF0000343F10003201843EB0101F9
:10528000FEF728FB012010BD4FF4F671452001F018
:1052900079FE00BFE023002008B54FF4BA71452025
:1052A00001F070FE10B50B4C0A46D4F8481559B100
:1052B000034619462068FEF7E3FC08B9022010BD3A
:1052C000FEF714FB002010BD40F27911452001F0DB
:1052D00059FE00BFE023002010B51D4C6368C3F3E6
:1052E000080386B053B3103B5BB2002B0A4628DBA1
:1052F00003F1604303F5614393F800335B09EBB9B5
:105300001169547A203900915169CDE90433C4F30D
:1053100040045368127A8DF8142041F1FF310D4A90
:1053200001916400203344F001046946CDE9023262
:105330008DF81540FEF7FAFC06B010BD002006B04F
:1053400010BD03F00F031C44237D5B09D7E700BFAA
:1053500000ED00E0214E01001F2805D8244B03EB8F
:10536000400393F808350BB9002070470A462149DD
:105370004B68C3F30803002BF6D0103B5BB2002B45
:105380002FDB03F1604303F5614393F800335B09BE
:10539000002BE9D110B5D2E9044186B0CDE9043340
:1053A00092F809C0144B00EB8000203C03EBC000D6
:1053B000CCF3400C5368127A8DF8142041F1FF3180
:1053C0000E4A01914FEA4C0C4CF0010C2033694617
:1053D000CDE9023200948DF815C0FEF7A7FC06B0A7
:1053E00010BD03F00F0319440B7D5B09D0E700BF2C
:1053F000E023002000ED00E0E8230020214E010022
:10540000044BD3F8482512B11868FEF7ABBC022054
:10541000704700BFE0230020024B01461868FEF7EA
:10542000E3BB00BFE0230020FEF76EBB1F2808B5DA
:105430000ED80C4B03EB400292F808256AB10833F2
:1054400000EB800003EBC000BDE80840FEF75CBB4A
:1054500040F2E511452001F095FD4FF4F371452030
:1054600001F090FDE023002008B5074BD3F8483544
:105470002BB1FEF769FC203041F1000108BD4FF46B
:10548000F671452001F07EFDE0230020014BD3F8AA
:105490004C057047E0230020FEF72EBA704700BF8E
:1054A000FEF728BAFEF72ABAFEF72ABA08B5FFF7C0
:1054B00087FC002008BD00BF00F0AABC10B50C7826
:1054C00086B064BB0492D1E904320594203B164CAB
:1054D000009342F1FF324B7A019200EB800E04EB15
:1054E00040020834C3F3400C04EBCE00C3F3800346
:1054F0004C68097A8DF8141083F001030B4982F887
:10550000093520344FF00002CDE902416CF341022D
:1055100069468DF81520FEF747FA06B010BD40F237
:105520003121452001F02EFDE0230020214E010015
:1055300070B4EFF3108672B617490D78ADB1174B02
:10554000D3F80445D3F848314FF6FF7294421FD088
:10555000E3B147F6FE739C4218D84B68013306B995
:1055600062B6C0E9004370BC70470C4AD2F80445EB
:10557000D2F8043153B14B6801334B60C2F8045187
:10558000D2F80445D2F80431002BF4D14B68E6E799
:10559000002BFBD11C46F9E73029002000B0004069
:1055A00010B50A4C002222742277094B09480121C8
:1055B0005960C3F84025C3F840214FF40022196117
:1055C000C0F8082501F0EAFE206210BD3029002055
:1055D0000080004000F001403749384BF0B44D6A7C
:1055E000374C002201204A6058609860C3F8084395
:1055F000C3F84843C3F80421C3F84021C3F8442149
:10560000C3F84821002D55D02E4C2F4EC4F8A86564
:105610002E4AC4F8AC55C4F85C394FF40023C4F8E2
:1056200004350523C2F840351060D2F84031002B14
:10563000FBD02448002301244FF40025C0F808556E
:105640005460D460C2F84031C2F84035C0F8A83583
:10565000C0F8AC35C0F8AC350B7833B391F82840BE
:10566000184816491A4E1B4DE30003F1804303F519
:10567000F8330122A2404FF6FF774FF48024C0F8A0
:105680000825C1F84443C1F84875C1F80443C3F87C
:105690001065C3F81455C0F804250F4B4FF4006291
:1056A000C3F88021F0BC1A607047044B0222C3F893
:1056B0000423F2E71860CFE73029002000B0004053
:1056C0000200070000F001404081004000800040DF
:1056D00048B1004008B0004000E100E00D4B0E4A28
:1056E00030B4012000210D4C58604FF40025C3F860
:1056F0004015C3F840114FF480711861C4F8085583
:10570000C2F88011C2F88010BFF34F8FBFF36F8FC4
:1057100030BC70470080004000E100E000F0014034
:1057200030B41B4A1B4C1C4D1C48002301216360F4
:1057300051609160C2F80853C2F84853C2F804316E
:10574000C2F84031C2F84431C2F848312278C0F87A
:10575000A835C0F8AC3572B194F828209140D20039
:1057600002F1804202F5F832C2F81035C2F8143561
:10577000C0F8081523700A4B4FF40062C3F880216B
:10578000C3F88020BFF34F8FBFF36F8F30BC7047DB
:1057900000B00040302900200200070000F0014066
:1057A00000E100E0044B4FF080411A6A0123C1F888
:1057B00008351360704700BF3029002010B4144C26
:1057C0001449154A0023C4F8A8350120C4F8AC35A3
:1057D0004FF0FF3448600861C1F808430F489168F2
:1057E0004FF48074C0F8804141B10D494FF48030CE
:1057F000C1F808031374C1F840319360126A10BCF9
:105800004FF080410023C1F808351360704700BF96
:1058100000F00140008000403029002000E100E05D
:1058200000B0004070B52E4CA36888B0002B51D159
:105830000DF10B03009304ABA26003AA01F040F842
:105840009DF80B300F2B06D9DDE90432013342F10C
:105850000002CDE9043206A8FFF76AFE069B26780F
:10586000079800220533DDE9041542F10002B6B9BC
:105870004FF08076E0FB0632994275EB020220D3AE
:105880000B0E43EA052321F07F41164A4FF4803086
:10589000C2F84015E360C2F8040308B070BD4FF4CD
:1058A0008036E0FB0632994275EB020209D30B0CFD
:1058B0004FF6FF7289B243EA0543002908BF11463B
:1058C000E3E7FF232374084B4FF40062C3F8002181
:1058D00008B070BD40F26121052001F053FB00BF0C
:1058E0003029002000B0004000E100E0064B9A683B
:1058F0004AB106494FF48032C1F8082300221A74D5
:10590000C1F840219A6070473029002000B0004063
:1059100038B5EFF3108572B621490C78BCB1214B34
:10592000D3F80405D3F848314FF6FF7290422ED0D9
:105930005BB347F6FE73984227D84C680134CDB16B
:1059400000F07AFF184D0021E4FB050138BD154A2F
:10595000D2F80405D2F8043153B14B6801334B60DF
:10596000C2F80441D2F80405D2F80431002BF4D176
:105970004C681DB962B60B78002BE1D10B4D00F0DD
:105980005BFF0021E4FB050138BD4C68D7E7002B25
:10599000FBD14C680DB92846ECE7034D1846EEE7FD
:1059A0003029002000B0004080841E000080841E4A
:1059B00070B5EFF3108672B6224C217891B1224B6C
:1059C000D3F80405D3F848314FF6FF72904230D037
:1059D0006BB347F6FE73984229D865680135A6B1C6
:1059E0001A4E17E0184AD2F80405D2F8043153B120
:1059F000636801336360C2F80411D2F80405D2F879
:105A00000431002BF4D165681EB962B62378002BEF
:105A1000E6D10F4E00F010FFD4E90C120023E5FB95
:105A20000603884293412CBF0120002070BD6568A9
:105A3000D5E7002BFBD165680EB93046E5E7034E8C
:105A40001846E7E73029002000B0004080841E009F
:105A50000080841E194B1A4810B5012200214FF412
:105A600000245A60C3F84015C3F840111A61C0F809
:105A70000845D3F8040520F00300C3F80405D3F863
:105A8000080540F003001021C3F8080591FAA1F1C0
:105A9000B1FA81F109290CDC0A48C3F810154FF45A
:105AA0008074DA60C0F8804104605A60DA601A607D
:105AB00010BD05484FF4737101F05AFA00800040A0
:105AC00000F0014000E100E0D84A04002DE9F04771
:105AD000444D454E012100234FF4002284B06960FB
:105AE000C5F84035C5F840312961C6F80825D5F814
:105AF000042522F00302C5F80425D5F8082542F054
:105B00000302C5F80825102292FAA2F2B2FA82F234
:105B1000092A62DCC5F81025344ADFF8D480E96030
:105B20004FF48070C2F880011060324A6960E96009
:105B3000C6F8A82598F80020C6F8AC5502A85AB3B4
:105B4000019304E00123C6F808A56B60EB60FFF742
:105B5000EFFCDDE90243DDF804904FF4002A4FF436
:105B60008037C6F804A5E3FB0749FFF7E1FCDDE950
:105B700002320199E2FB0731494508BFA342E1D156
:105B8000601C49F1000100F065FE02460B46C8E9C1
:105B90000C2304B0BDE8F087019204E00123C6F8AD
:105BA00008A56B60EB60FFF7C3FCDDE90243DDF89D
:105BB00004904FF4002A4FF08077C6F804A5E3FB69
:105BC0000749FFF7B5FCDDE902320199E2FB073135
:105BD000894508BF9C42E1D1D2E707484FF4737171
:105BE00001F0C6F90080004000F0014000E100E053
:105BF0003029002000B10040D84A040010B5029CB2
:105C0000201841F10001801A61EB0301B0F1004F4F
:105C100071F1000100DA10BD40F23131052001F0D0
:105C2000B1F900BF38B5EFF3108572B621490C7891
:105C3000BCB1214BD3F80405D3F848314FF6FF72BD
:105C400090422ED05BB347F6FE73984227D84C683B
:105C50000134CDB100F0F0FD184D0021E4FB050149
:105C600038BD154AD2F80405D2F8043153B14B6857
:105C700001334B60C2F80441D2F80405D2F8043174
:105C8000002BF4D14C681DB962B60B78002BE1D122
:105C90000B4D00F0D1FD0021E4FB050138BD4C683F
:105CA000D7E7002BFBD14C680DB92846ECE7034D34
:105CB0001846EEE73029002000B0004080841E0026
:105CC0000080841E014B5861704700BF30290020BE
:105CD000F0B5304C636989B0002B55D0EFF31085D7
:105CE00072B60DF10B03009303AA04AB00F0E8FDBC
:105CF0009DF80B300F2B06D9DDE90432013342F158
:105D00000002CDE9043206A8FFF712FC069B2778B3
:105D1000079E05334FF00002DDE9041042F1000256
:105D2000C7B94FF08077E6FB0732994270EB020269
:105D300022D30B0E43EA002321F07F41164AA361D0
:105D40004FF40033C2F84415C2F8043305B962B603
:105D500009B0F0BD4FF48037E6FB0732994270EB93
:105D6000020209D30B0C4FF6FF7289B243EA0043DB
:105D7000002908BF1146E1E7FF232377074B4FF4C3
:105D80000062C3F80021E1E740F24131052001F053
:105D9000F9F800BF3029002000B0004000E100E029
:105DA000014B1878704700BF30290020024B0122B8
:105DB0001A7083F82800704730290020704700BF10
:105DC000704700BF024B0122C3F84423704700BF55
:105DD00000B00040024B0122C3F84823704700BFC7
:105DE00000B0004008B500F0A7FC30B9074A936B3B
:105DF0000133312B936304D808BD044B00229A630E
:105E000008BD4FF46271052001F0BCF83029002074
:105E1000014B5862704700BF3029002010B53F4C3D
:105E2000237882B0002B55D03D4BD3F80423520386
:105E30005BD43B4BE168D3F80423D00334D5D3F8CB
:105E40004031002B30D0636899425DD80023237421
:105E5000334AA168C2F840314FF48030C2F80803D9
:105E6000002955D0A36088472D4BA169D3F804239E
:105E7000920324D5D3F844310BB363688B423FD3EC
:105E800000222277264B6169C3F844214FF4003089
:105E9000C3F8080300293BD08847214BD3F8403191
:105EA0000193019B02B010BD6268237C002BCDD111
:105EB0009142D9D91A4B0022C3F84021D4E7626835
:105EC000237F002BDCD18A42E7D2154B0022C3F896
:105ED0004421E2E7124AD2F804110029A9D0C2F8FD
:105EE0000431636801336360A3E7D3F84821002AD3
:105EF0009FD00022C3F8482163680133636098E7AC
:105F0000237F002BE1D0BBE7237C002BD2D09DE781
:105F100040F2CA31052001F035F800BF30290020D9
:105F200000B00040014B187D704700BF5822002090
:105F3000042810B511D883B104280CBF10242824DC
:105F4000A1420AD2064C54F8200018B141568A42A8
:105F5000A8BF0A461A70002010BD6FF01500FBE7BD
:105F60005822002030B50346114890F91C209A426F
:105F700019DD90F924209A4217DA9A1A846AA05CF3
:105F80000C4A15569D420DD00E32002918BF013023
:105F90009442C0B206D129B1013BDBB2012B01D83A
:105FA0000130C0B230BD0D20FCE70020FAE700BF91
:105FB000582200208A3F040008B5054B93F91C3095
:105FC000984203DAFFF7CEFF024B1B56184608BD76
:105FD000582200208A3F040008B5184B93F82C2063
:105FE000FAB9012283F82C20154A1268A2F10800A0
:105FF000082803D813490141C90709D5911F092968
:1060000010D9013212D04FF4DF71742000F0BAFFC2
:106010000D4A9A62D8221A6283F8242008229A61D3
:106020001A7708BD094A0A41D207ECD4084A9A6295
:10603000D8221A6283F824200422F0E75822002094
:1060400030230020DEFEFFFFC53F0400EEFCFFFF13
:10605000983F040010F0FF0008B508D14FF08043CE
:1060600001225A60C3F80001034B187008BD842157
:10607000B52000F087FF00BF85220020014B0122E0
:106080001A7070478522002008B548B94FF0804348
:10609000D3F8003113B9044B187808BD0120FCE790
:1060A000D021B52000F06EFF85220020044B186837
:1060B000062818BFB0F1FF3F0CBF01200020704739
:1060C0003023002008B5094B1A680A2A02D1084B70
:1060D0001B6823B1FFF7EAFF08B9082A04D14FF083
:1060E00080430222C3F8342C08BD00BF30230020B7
:1060F00034230020F8B50F4E0127375404460D46CF
:1061000006F0D7FA60B934B94FF08043B7707560C4
:10611000C3F80473F8BD4FF494716D2000F032FFA2
:10612000002DF7D01CB92046A8477460F2E740F272
:106130004311F2E788220020044B191800228A70CC
:1061400003EB80011A544A60704700BF8822002088
:1061500010B5034CA08100F045FCE08110BD00BFEC
:1061600088220020014B188A704700BF8822002037
:10617000014B9889704700BF8822002010B5EFF3CB
:10618000108472B6064B03449A7C0132D2B29A74E0
:106190009B7C012B01D106F080FA04B962B610BDD8
:1061A0008822002010B506F0ACFA06F082FA4FF013
:1061B0008044084940B1FFF785FF01232361042390
:1061C0000B7500234B7510BD03230B750123C4F819
:1061D0000433F6E78822002010B5EFF3108472B67E
:1061E000094B03449A7C22B940F267216D2000F0EC
:1061F000C9FE9A7C013AD2B29A749B7C0BB9FFF724
:1062000029FF04B962B610BD88220020024B187D18
:10621000003818BF012070478822002073B51B4D3D
:10622000EB7D63B9686A00F0030006F05AFA30B1FA
:10623000EFF3108372B62A7D1AB103B962B602B0C9
:1062400070BD01222A7503B962B64FF0804308225F
:10625000C3F808234FF42073ADF80630BDF80640AC
:10626000A4B2631E9BB2ADF80630002CF6D14FF0FD
:1062700080460748C6F80C4106F065FB85F82940C2
:10628000FFF790FF0823C6F80433D8E788220020E0
:10629000B02200202DE9F347484CA37D002B00F0ED
:1062A0008A800323ADF804304FF08043D3F80051C7
:1062B000F5B9D3F80481B8F1000F09D04FF080434D
:1062C0000022C3F804210222C3F80823FFF7A6FF27
:1062D00094F829603A484FF08047F6B2D7F80C811D
:1062E00006F035FB48B340F253316D2000F04AFE12
:1062F00000258DF804500122D3F80481C3F8082347
:106300000DF10409271DA61C19F8010B03280AD05A
:10631000337843B13B684FF0000A86F800A013B110
:106320009847C7F800A06B1C022B07F1040706F181
:1063300001064FF00105E7D1BDE745B1237D032BF1
:1063400005D104232375FFF7BDFE01233B61B8F19E
:10635000000F1FD04FF080430022C3F80C21237D93
:10636000042B02D040F27931BFE7164B1A680A2A93
:1063700002D1154B1B6823B1FFF798FE08B9082A14
:1063800004D14FF080430022C3F8342C022323753C
:1063900006F0BAF94EB1002384F82930237D022B90
:1063A00001D1FFF7FFFE06F0AFF9054802B0BDE8E6
:1063B000F04706F0DBBA02B0BDE8F0878822002083
:1063C000B0220020302300203423002010B5054CDB
:1063D000606A00F0030006F084F90028F8D000207D
:1063E00010BD00BF88220020F8B5054650B10278E4
:1063F000042A07D8437842B9013B1F2B02D883787F
:10640000212B07D96FF0150076E0002BFAD18378A5
:10641000002BF7D17B4B0127C3F88070BFF34F8F60
:10642000BFF36F8F4FF08046C3F88071764C0B231B
:10643000C6F808330023C6F80031C6F80431C6F8A0
:106440000C31A374E374AB88238206F035F908B1EC
:106450002770A774D6F80C24D6F80C34D20303D5D1
:10646000DF0701D5FFF70AFE4FF4AF60FFF770FEBC
:106470002B78A978E3750022626221766275042B7D
:106480004DD8DFE803F005033A484A000123636270
:1064900006F019F900284DD006F01CF9636A03F0E4
:1064A0000303984246D1AB79002B3DD1FFF78EFF15
:1064B000237E6BB12B785BB906F0FBF8054600F044
:1064C000B9FE6FF00043002D00F09980C4E9070386
:1064D0004FF08043D3F80C24D3F80C34D20303D507
:1064E000DB0701D5FFF7CAFD464A012300202075CE
:1064F000A375C2F880311360F8BD06F002F94FF0C1
:106500008043D3F80C14D3F80C24CE03F9D5D0076C
:10651000F7D50223BBE73D4BB9E73D4BB7E740F268
:106520002E516D2000F02EFD4FF080430222C3F863
:106530000423BDE74FF080430122DA600022C3F854
:106540000421626AC3F81825324A1368A3F10E01C8
:10655000012904D90A2B02D0FFF7A8FD48B14FF05A
:1065600080534FF08041D3F84432C3F34233C1F833
:106570003C351368A3F10E02012A04D90A2B02D07C
:10658000FFF794FD20B14FF080430122C3F84C2562
:106590004FF0804301229A600222C3F80423AA79B3
:1065A000002A85D1D3F80423910702D440F2E141B7
:1065B000B7E7194A1669116941F010011161D3F862
:1065C000043106F010060BB906F0DDF94FF08047F4
:1065D000D7F8043183B1FFF7F9FE26B90E4A1369E3
:1065E00023F0100313614FF080430222C3F8082305
:1065F0000022C3F804215BE706F0C3F9E8E7C4E929
:10660000073065E700E100E0882200200100020079
:10661000010003003023002000ED00E010B50D4C18
:1066200004F1280006F093F948B9237D022B01D12B
:10663000FFF7B8FDBDE81040074806F097B9074AD4
:10664000012384F82930BDE81040C2F8003106F07B
:1066500058B800BF88220020B022002000E100E0EE
:1066600038B50C4B0C46197919B18D216F2000F00B
:1066700089FC60B95D790DB1002038BD01225A71E5
:10668000FFF77CFD21462846FFF734FDF4E76FF065
:106690001500F2E7B422002038B50B4D2B790446E3
:1066A0001BB1A4216F2000F06DFC50B96B790BB9C0
:1066B000002038BDFFF740FD20466C71FFF78CFDD0
:1066C000F6E76FF01500F4E7B422002010B501B32F
:1066D000F0B14FF0FF33104A1C46E0FB0134944206
:1066E00003D9E5216F2000F04DFC1A0D42EA043277
:1066F000C3F30F10094B00EB02404FF22444B2FBEE
:10670000F4F103FB1100B0FBF4F040EA014001306A
:1067100010BD0846FCE700BF3F420F00000024F414
:10672000014B9B68184700BFB4220020014BDB6877
:10673000184700BFB4220020014B1B69184700BF57
:10674000B4220020014B1B6A184700BFB42200206E
:10675000014BDB69184700BFB4220020034B1A79B4
:106760000AB9FFF7FFBC988D704700BFB422002024
:10677000034B1A790AB9FFF7FBBC988A704700BF30
:10678000B4220020024B1B790BB9FFF747BD7047BD
:10679000B4220020014B9B69184700BFB42200209F
:1067A00010B5144C2379A3B1636A9847002806DB1F
:1067B00094F82E3023B1012384F83230002010BD2C
:1067C000FFF7E8FF0028F6DA40F2A5116F2000F08D
:1067D000D9FB094BA361094BE361094B2362094BC8
:1067E000A360094BE360094B2361FFF7FDFD00281F
:1067F000E1D0E4E7B4220020CD6301001D66010072
:106800000D62010003C7010009C701000FC70100A5
:1068100038B5084B1D79044625B140F2F9116F20B7
:1068200000F0B0FBFEF740FA2046FFF791FC284647
:1068300038BD00BFB422002043F60952C0F308035C
:1068400002FB03F3400A03F5807302FB00F000EB48
:106850005320704710B5C0F34E22C0F30804000E59
:1068600040EA012043F60953090E03FB04F403FB3D
:1068700002F24FEA401E4B01BEEB000E43EAD0632A
:1068800004F5807402EB542263EB01044FEA841C8C
:106890004FEA8E13B3EB0E034CEA9E6C6CEB040CC8
:1068A0004FEACC0C4CEA537CDB001B1841EB0C018B
:1068B000D803C903101841EA534141F1000110BD4A
:1068C0002DE9F04180460C4617461E46FFF768FA50
:1068D000D0B13D4B9C426FD83C493D484FEA58529D
:1068E00042EAC422A1FB0243C8F34F149B0B04EB02
:1068F000024400FB1344A1FB0414A40B44EA034428
:10690000344B03FB148819E0334B9C4258D82F4971
:106910002F484FEA587242EAC402A1FB0243C8F36F
:106920004F349B0B04EB024400FB1344A1FB041403
:10693000A40B44EA0344294B03FB148848F2376252
:106940004FEA583302FB03F31B0C43F60952244D64
:1069500002FB138101FB05F56D0D05FB02F205EB52
:10696000432502F574530833B1EB532F21D802F5B8
:106970008072A1EB5221C9B2069B1970FFF710FA81
:1069800058B123045D194FEA144444F10004C6E9E8
:106990000054C7F80080BDE8F08123065D194FEA76
:1069A000142444F10004C6E90054C7F80080BDE88F
:1069B000F08101350021DFE79D219B2000F0E2FA04
:1069C000A6219B2000F0DEFA7F841E0083DE1B439D
:1069D000000024F480841E00FF7F841E0080841E3B
:1069E0006F0C0100420B48F2376303FB02F2120CFA
:1069F00043F6095C084B0CFB120101FB03F303F5A2
:106A000086336E335B0D0CFB03FC5002B1EB5C2F45
:106A100088BF0130184470476F0C0100034610B363
:106A2000007888B91A79012A1ED85A79012A1BD808
:106A30009A680E49643A8A4216D8D8680C4B984234
:106A40002CBF00200120704701280CD11A79012A9F
:106A500009D85A79012A06D8DA680449643A8A4280
:106A600001D89868EAE70020704700BF3C86010023
:106A70000040420FF8B5044620B94FF4DC716A209B
:106A800000F080FA90F82C50072900F2FF80DFE830
:106A900001F004B65D5D8D97A1A890F82A30033B04
:106AA000012B02D940F2C311E9E7052380F82A300F
:106AB000002380F82D3003789BB32378012B3DD140
:106AC000FEF7D2FC94F8286063686362C4E90601AB
:106AD000BEBB734B0122DA60C3F84065C3F8406166
:106AE000C3F84465C3F84461C3F84865C3F8486116
:106AF000C3F84C65C3F84C616A4B4FF48072C3F81D
:106B000080213146204605F01FFE236A3146284683
:106B100098470146204600F0F1F8022840F0B9807D
:106B2000F8BDFEF7EFF906460F46FEF79DFC1F364F
:106B300047F1000786428F41F3D3BEE7D4E9040151
:106B4000C0E72046BDE8F84000F0AEB890F82A3023
:106B5000DA1E012A02D940F2FB1190E790F82820B2
:106B60002AB121462846BDE8F84005F0D3BD042BE4
:106B700014BF01230223022980F82A30036A0AD1B4
:106B80000521284698470028CAD00378002BC7D093
:106B90004FF4047173E70621284698470028BFD0B8
:106BA0000378002BBCD040F2152168E790F82A301A
:106BB000052B02D04FF4077161E7036A0221A6E7B3
:106BC00090F82A30052B02D040F2222157E7036AC1
:106BD00001219CE790F82A30052BB2D04FF40A71BE
:106BE0004DE790F82A30052B02D040F22D2146E7E0
:106BF000036A0A21284698474FF40C713FE790F842
:106C00002A30052B07D090F829200AB1032B02D097
:106C10004FF40D7133E794F82820002AA1D194F89D
:106C20002D3093B1022384F82A3084F82D20236A72
:106C300008212846984700283FF472AF0378002BBC
:106C40003FF46EAF4FF4107119E794F8292062B148
:106C500094F82B0084F829302146FEF719FA002811
:106C60007FF45EAF40F2452109E7022384F82A3021
:106C70000721236A2846984700283FF451AF03783C
:106C8000002B3FF44DAF4FF41371F8E640F2512161
:106C9000F5E60128236A0CBF0421032137E700BF72
:106CA0000080004000E100E070B50446FEF72AF9DC
:106CB000D4E90632656A503342F100025B1942F1B1
:106CC000000205F5DF6540F2F966B5FBF6F55B19E4
:106CD00042F1000283428A4103D207212046FFF796
:106CE000C9FE054C236813B1984700232360BDE813
:106CF0007040FEF70BB900BFE822002070B50446D3
:106D00000D4639B9012380F82D30FFF7CDFF02265B
:106D1000304670BD0E78032E6AD801A353F826F0D2
:106D20000F6D0100316D0100936D01004F6D010089
:106D30004868C72801D80026EAE70421FEF7B2FA1E
:106D40000028F8D16968204605F0FEFCE0E790F8DD
:106D50002860F6B94D682846FFF760FE002847D046
:106D60002B78C3B9012222702B79003B18BF012375
:106D700063726B79002B14BF042302232372AB6868
:106D80006F336360EB682361032384F82A3084F84F
:106D900029202046B9E794F82A30052B04D04FF477
:106DA000CF716A2000F0EEF826702B7994F82B0052
:106DB000003B18BF012363726B79002B14BF0423BF
:106DC00002232372EB68A9686F336360D4E906324B
:106DD0005B1842EBE172C4E90432042384F82A30E0
:106DE0002146FEF755F90028D3D14FF4D071D8E7EA
:106DF000012384F82D30CCE72DE9F8438846074677
:106E000088B300F035F84FF0000905465FFA89F6BF
:106E1000B54203D86FF00B00BDE8F883304600F0B0
:106E20002DF890F82A4009F10109002CEED13046E6
:106E300000F024F80546048580F82A4080F82C608C
:106E400001460A48FEF78AF8202885F82B0002D16F
:106E50006FF02200E0E701232F6285F82A302046F8
:106E600088F80060D8E76FF01500D5E7756A010073
:106E7000014B1879704700BFEC220020044B1A79AF
:106E8000824283BF1B68302202FB00300020704723
:106E9000EC2200200A4610F0030110B50AD1074C7D
:106EA0002271206008B9002010BD30235A4300F041
:106EB00083FBF8E76FF00D00F6E700BFEC2200203F
:106EC000BFF34F8F0549064BCA6802F4E0621343D3
:106ED000CB60BFF34F8F00BFFDE700BF00ED00E0C8
:106EE0000400FA05094B01225A604FF0FF32C3F843
:106EF0000823074B4FF48042C3F88020BFF34F8F25
:106F0000BFF36F8FC3F88021704700BF00E00040DF
:106F100000E100E0094B01225A604FF0FF32C3F854
:106F20000823074B4FF48052C3F88020BFF34F8FE4
:106F3000BFF36F8FC3F88021704700BF00C00040CF
:106F400000E100E0084B0022C3F8FC2F0122C3F847
:106F5000FC2F064B0222C3F88020BFF34F8FBFF3F4
:106F60006F8FC3F8802170470010004000E100E0FF
:106F700008B572B6024B5B6803B19847FFF7A0FFF4
:106F8000F42200201FB572B6134B5D6895B9FFF768
:106F900097FF2346B2FBF6F25C1C002AF9D104AE3F
:106FA000DCB256FA83F303F80C2C0A2234B901A898
:106FB000A847ECE7024600230A26EDE7631E04AE6D
:106FC000DCB256FA83F3B0FBF2F602FB1600303067
:106FD00003F80C0C3046E9E7F4220020F8B51F4E08
:106FE000337805460C461746A3BB00F0CBF9FEF7F5
:106FF000F3FF77603472FFF7A5FFFFF78BFFFFF712
:1070000071FF174B002D14BF28461846FFF7C8FB29
:107010000546E8B9FDF76AFFFFF7B4FB05F0ABFBE7
:10702000FCF738FC18B9BE211120FFF7ABFF002C8C
:107030000CDB04F01F026409A40004F1604404F5B1
:10704000614401239340C4F88031236001233370ED
:107050002846F8BD4FF0FF35FAE700BFF4220020C4
:10706000F63F0400074B93F90830002B09DB5A095F
:10707000012103F01F03994002F14003024A42F844
:1070800023107047F422002000E100E0014B187843
:10709000704700BFF42200202DE9F047DFF8CC90C4
:1070A000334C344D344F82B00246012699F80080AB
:1070B0005FFA88F8FF2389F80030B8F1000F01D09B
:1070C00089F80130EFF3108172B600236660C4F8CE
:1070D0000031C4F80431C4F80425266039B962B619
:1070E00005E0D4F8043133B92B69DB0621D4D4F898
:1070F0000031002BF5D0D4F80431002BE2D1B8F1E7
:10710000000F13D199F80130DBB289F80180032018
:107110004FF48041C4F80803C4F80481C4F8008126
:10712000C7F8801189F80080002BBFD102B0BDE8FC
:10713000F0874FF48043C7F88031EFF3108A72B6BE
:107140000323C4F80433D4F8003113B9D4F804315C
:107150001BB1BAF1000FCAD1C1E7019205F011FCD1
:10716000019ABAF1000FC2D1B9E700BF0023002095
:1071700000E0004000ED00E000E100E070B51446E2
:10718000DA078CB01D4686468C4633D5C368426804
:107190001BBA0093CB681BBA049383681BBA019394
:1071A00003681BBA03938B6812BA1BBA0292059349
:1071B0004A680B6812BA1BBA6E46069207933046AD
:1071C000FFF76AFFAB070DD5DDE90A10DDE90832EC
:1071D00000BA09BA12BA1BBA20606160A260E3600B
:1071E0000CB070BD08AD0FCD20606160A260E3609F
:1071F0000CB070BDDEF80410DEF80820DEF80C30AC
:107200000068EE46AEE80F00DCF80000DCF8041081
:10721000DCF80820DCF80C306E46AEE80F00CEE754
:1072200010B5002482B0CDE90044FFF7A7FF02B0FB
:1072300010BD00BF1A4B4FF4805270B5C3F88020C8
:10724000BFF34F8FBFF36F8F164C174D0021C4F85B
:107250000011C3F880212E692B6943F010032B61C4
:107260000123C4F8043306F010062360D4F800317B
:107270009BB11EB92B6923F010032B610123D4F8B5
:1072800008056360C4F808330023C4F80031044BD8
:107290004FF48052C3F8802170BD05F072FBE5E722
:1072A00000E100E000C0004000ED00E00B4938B50F
:1072B000042301EBC302157905F0FF042DB1013B56
:1072C000F7D240216920FFF75DFE41F8330001212C
:1072D000547194711171D8B238BD00BF04230020DD
:1072E000042808B503D947216920FFF74BFE034B5B
:1072F00003EBC00300221A7108BD00BF0423002065
:10730000042808B503D950216920FFF73BFE094B3B
:1073100003EBC0000379012B01D05121F4E743793D
:1073200082790133DBB29A4218BF4371BDE808404D
:10733000FFF798BE0423002038B5114D052495F8B9
:10734000281005EBC1031A79012A09D158799A79D5
:10735000904205D05A79D2B29A7155F83130984797
:1073600095F828300133DBB2052B04F1FF3428BF38
:10737000002314F0FF0485F82830E0D138BD00BFA9
:10738000042300204FF08052034BD2F830111960D3
:10739000D2F834215A60704730230020084B1B6814
:1073A000083B082B0AD840F2211222FA03F313F00B
:1073B000010F044B044818BF184670470248704735
:1073C0003023002000E701400C050040144B1B68EF
:1073D000062B03D0013301D020BF7047EFF310809C
:1073E00072B6104A1369116941F0100111610E491A
:1073F000D1F80021D1F804110A4303F0100300D0A2
:1074000040BF20BF00BF00BF00BF00BF23B9054A77
:10741000136923F01003136100B962B6704700BF0F
:107420003023002000ED00E000E100E0914270B563
:107430003FD2B2FA82F33BB1C3F1200420FA04F444
:107440009940214398409A40150CB1FBF5FC05FB8F
:107450001C1E4FEA0E4E030C84B20EEB10401FFAB6
:1074600082FE0CFB0EF6864206D9361A964294BF6F
:1074700001260226ACEB060C03EB01430CFB123396
:10748000B3FBF5F005FB103304EB034400FB0EFEE9
:10749000A6454FEA0C4C09D9AEEB040E964594BFB5
:1074A0004FF0010E4FF0020EA0EB0E0040EA0C0070
:1074B00070BD73219620FFF765FD00BF70B51D46B6
:1074C00004461646FFF7B2FF049B286000FB1644F3
:1074D0001C6070BD2DE9F8431C4652EA040349D0F4
:1074E000074615460E4684B9914204D2FFF79EFF27
:1074F0002146BDE8F88321463046FFF797FF044652
:107500002A46384604FB1561F0E74FF00108B4FA4B
:1075100084F908FA09F3A3FB021220FA08F003FB2E
:10752000042240EAC67026FA08F1FFF77FFFC9F18E
:107530001F0230FA02F34FF0000C08D14046194602
:10754000AF42A6413CBF18466146BDE8F8835A1ECB
:1075500061466CEB0C0C05FB0CFE02FB04EE1846BE
:107560001346A5FB0228BA1A0EEB080766EB0706BE
:107570001746E5E7A6219620FFF704FD8AB1013AF8
:1075800016D010B500EB020C01E060450BD08E4622
:10759000044611F8012B10F8013B9342F5D0981ADC
:1075A00010BD1046704763789EF80120981A10BDF0
:1075B00003780A78981A704710F0030FC9B203468F
:1075C00007D0BAB303F8011B13F0030F02F1FF3227
:1075D000F7D170B5032A01EB012404EB04441ED952
:1075E000161FB508032E05F1010521D94FEA550EE6
:1075F00003EBCE0E9C46CCE900440CF1080CF4459C
:10760000F9D115F0010F04D025F0010503EB850534
:107610002C6026F003060433334402F0030232B137
:10762000012A197003D0022A597018BF997070BDD1
:107630001D46EDE7704700BF844641EA000313F0A2
:1076400003037DD1403A51D3F0B4F0C9F0C0F0C982
:10765000F0C0F0C9F0C0F0C9F0C0403AF5D2F0BCBB
:1076600044E0403A42D300BF51F8043B40F8043BA9
:1076700051F8043B40F8043B51F8043B40F8043B0C
:1076800051F8043B40F8043B51F8043B40F8043BFC
:1076900051F8043B40F8043B51F8043B40F8043BEC
:1076A00051F8043B40F8043B51F8043B40F8043BDC
:1076B00051F8043B40F8043B51F8043B40F8043BCC
:1076C00051F8043B40F8043B51F8043B40F8043BBC
:1076D00051F8043B40F8043B51F8043B40F8043BAC
:1076E00051F8043B40F8043B403ABDD2303211D34C
:1076F00051F8043B40F8043B51F8043B40F8043B8C
:1077000051F8043B40F8043B51F8043B40F8043B7B
:10771000103AEDD20C3205D351F8043B40F8043B4B
:10772000043AF9D2043208D0D2071CBF11F8013B49
:1077300000F8013B01D30B8803806046704700BF0F
:10774000082A14D38B078CD010F0030389D0C3F11F
:107750000403D21ADB071CBF11F8013B00F8013B00
:10776000FFF47FAF31F8023B20F8023B79E7043A9F
:10777000D8D3013A11F8013B00F8013BF9D20B785C
:1077800003704B7843708B7883706046704700BFFE
:10779000014B1B681B681847700C0020014B1B68CD
:1077A0005B681847700C0020014B1B689B681847EA
:1077B000700C0020014B1B681B691847700C0020DF
:1077C000034B1868034BC01A18BF0120704700BF55
:1077D000700C0020780C002053B94AB9002908BF6A
:1077E00000281CBF4FF0FF314FF0FF3000F00CB805
:1077F000ADF1080C6DE904CE05F0F1F8DDF804E018
:10780000DDE9022304B07047704700BFF2F7A0BA69
:10781000F2F790BA02F04DB802F04EB802F04EB84E
:1078200002F044B838B505460C46E9F781FF30B19F
:107830003E2D04D12046BDE83840E9F7B9BF38BD38
:107840001FB5014601A800F006F801A803F056F89C
:1078500005B05DF804FB0B88C3F30B0383804B88F2
:10786000C380002343724B78C3F30113012B03D071
:107870009A1E534253415B0004310372016070470A
:1078800010B58B880370437803F0F00343708A8847
:10789000C2F3032213434370CA888270CA8803F07C
:1078A000CF03120A4370C2700A7A120102F030024A
:1078B000134303F03F0343704A7A43EA8213437051
:1078C0000C4609680430814205D0E288FB2A28BFB3
:1078D000FB22FFF7B1FEE0880430C0B210BD10B447
:1078E0008B880370437803F0F00343700A4689885D
:1078F000C1F303210B434370D1888170C17801F03B
:10790000C001C170D488C4F30524214303F0CF0320
:107910004370C170147A240104F03004234303F04F
:10792000BF034370547A43EA841301F03F0103F02C
:107930007F034370C17011680430814203D0D28844
:1079400010BCFFF779BE10BC70472DE9F0410B78F1
:10795000013B05460C46832B00F28282DFE813F0E0
:107960009A009E00A200530180021B012101270101
:107970002D0133013701390149014F018400800293
:10798000A7008002AB003D0143015D016301570187
:107990008002690180027C01AC01B201B801800261
:1079A000BE01C901CF018002F70105022D020B02C1
:1079B0001F0227021102190268026E0274027A0283
:1079C0003302390257023F028002800280028002A5
:1079D0008002800280028002800280028002800297
:1079E0008002800280028002800280028002800287
:1079F0008002800280028002800280028002800277
:107A00008002800280028002800280028002800266
:107A10008002800280028002800280028002800256
:107A20008002800280028002800280028002800246
:107A30008002800280028002800280028002800236
:107A40008002800280028002800280028002800226
:107A50008002800280028002800280028002800216
:107A6000800245024B0251020E23B1F803200B7035
:107A700042F283039A4203D03221C720E9F7C4FBC4
:107A80000623637066780236324621462846FFF7A1
:107A9000D3FD56E00C230B700823F2E71A230B707A
:107AA0000123EEE73E230B700223A370EAE73E2397
:107AB0000B700B23F9E72920E9F77AFE28B13E2362
:107AC0002370222363702923EFE70A20E9F770FE71
:107AD0003E2305F1080204F108012B70A0B30A232C
:107AE000AB70E378EB70A3882B71A3881B0A6B71D2
:107AF000A379AB71E379EB71A368AB608B8893805A
:107B0000D4F80E30C5F80E30638A6B8263696B61FE
:107B1000238B2B83638BAB76638B1B0AEB76A38B58
:107B20002B77A38B1B0A6B77E38BAB77E38B1B0A5B
:107B3000EB7794F8203085F820301F26B21C6E7049
:107B400096B23046BDE8F0810123AB70E378EB706C
:107B5000A3882B71A3881B0A6B71A379AB71E3799E
:107B600003F00103EB71A368AB608B889380638B98
:107B7000AB73638B1B0AEB73A38B2B74A38B1B0A56
:107B80006B74E38BAB74E38B1B0AEB7494F82030BB
:107B90002B751326D2E73E230B7004234B7014235E
:107BA00083E73E230B700C234B7004237DE73E23B9
:107BB0000B700A234B70032377E73E230B700D23D2
:107BC0004B70052371E705232370042359E708232D
:107BD000FAE730230B70032353E73E230B700B238C
:107BE0004B70072361E73E230B7006234B700C2379
:107BF0005BE713230B708B789B00013341E757231E
:107C00000B7002233DE73E230B700D234DE73E230F
:107C10000B7001234B70112347E73E230B700623A3
:107C20004B70122341E73E230B7009234B70132343
:107C30003BE73E2303702420E9F7BAFD10B124236B
:107C4000132601E00E230F263246AB70A11CE81C60
:107C5000FFF7F2FC013671E73E2303702520E9F7B8
:107C6000A7FDC0B12523AB70D4F80230C5F80330AE
:107C7000D4F80630C5F807306389A5F80B300A261A
:107C8000F01CE27A04F10C012844FFF7D5FCE37AFA
:107C900001331E4452E70F23AB706388A5F803300D
:107CA00023796B716379AB71A379EB71A37A2B7232
:107CB000E37A6B720726E3E73E230B7003234B70D6
:107CC0001023F2E63E230B7005234B702023ECE6D5
:107CD0003E230B7009234B702123E6E63E230370FD
:107CE0002620E9F765FD10B126231726ACE71823F7
:107CF000A6E73E230B7004234B702723D5E63E23D3
:107D0000037028238370D1F80230C0F803300027B5
:107D10003A46A979FBB2994205D8053296B2002EAF
:107D20007FF40CAFAEE6961DD31DA259EA50A119FF
:107D3000E8188B88838090F805800631424606302B
:107D4000FFF77AFC18FA86F292B20137E1E73E2398
:107D50000B702A20E9F72CFD18B12B2363702A231E
:107D6000A3E61D23637019239FE63E230B700723B0
:107D70004B701A2399E63E230B7014234B70222379
:107D800093E63E230B700B7C5B000F334B701D237F
:107D90008BE63E230B7003234B701E2385E63E23A8
:107DA0000B700B7D5B0013334B701B237DE63E2372
:107DB0000B7003234B701C2377E63E230B700523C7
:107DC0004B701F2371E6FF230B700B234B70A22314
:107DD0006BE6FF230B7005234B70A32365E6FF239F
:107DE0000B700D234B7080235FE6FF230B700D2378
:107DF0004B70822359E6FF230B7002234B708323C1
:107E000053E6FF230B7004234B7084234DE6FF23BE
:107E1000037081238370D1F80330C21C03F1280161
:107E200053F8040B42F8040B8B42F9D1292685E65E
:107E30003E230B700C234B70232336E63E230B703E
:107E40000E234B70372330E63E230B700A234B7012
:107E500035232AE63E230B70FE234B702B2324E6AA
:107E600040F2672109E608B510B96FF0150008BDAA
:107E7000FFF7E6FC0028F8D00020F8E710B50C4624
:107E800048B141B1E9F7E0FB002820700CBF6FF06A
:107E90002200002010BD6FF01500FBE708B5E9F7E0
:107EA00065FC002008BD00F0F7BF08B5E9F770FCDD
:107EB000002008BD01F039BC01F05BBC0346022282
:107EC0001A709A7090225A713D229A716A22DA7160
:107ED0006FF00E021A726FF05A025A726FF052026D
:107EE00000209A7264225870D8701871DA72704744
:107EF00001F01FB870B50446F9F762FC0128054689
:107F00001AD1601CF9F764FCB0B1A37963F03F03A8
:107F1000A3710020F2F79EFAE61D38B1102200216D
:107F20003046FFF749FB2570002070BD3046F9F759
:107F300063FC0028F2D0F6E70025F4E710B5102224
:107F400004460021FFF738FB04F110031022002142
:107F50001846FFF731FBF9F76BFC0020F2F77AFACD
:107F600020B12046F9F748FC002010BDF9F728FCA5
:107F70000028F6D0F8E710B50446FFF75BF9B0F536
:107F8000007F09DA10F5007F08DD031EB8BF033358
:107F90009B102370002010BD7F23FAE76FF07E0353
:107FA000F7E71FB50023CDF80A30D0F8023041784A
:107FB00041F64B5293428BBF40F2E2424FF47A7249
:107FC000B3FBF2F3B3FBF2F3027898BF03F550630F
:107FD00042EA01229BB2ADF80020ADF80230ADF8C4
:107FE0000430C279837943EA0223ADF80630427A3D
:107FF000037A684643EA0223ADF8083001F0CDF871
:1080000005B05DF804FB01F029BC0078003818BF0A
:10801000012001F0ACB8F1F731BE8178008801F0A1
:10802000E9BB01F004BCF1F731BE37B505460C469B
:1080300000880DF1060101F09FF82B882380BDF820
:108040000630638003B030BDF1F728BEF1F732BED1
:10805000F1F74EBE01F034BC00F00CBF00F05EBF83
:1080600008B5E9F79DFB002008BDF0F7EBBF01F074
:1080700080B900F070BFF1F791BD00F03BBF01F097
:10808000F3BA01F0BDBA01F004BBF1F795B901F004
:1080900054B8F1F7A9BBF1F70DBC01F07EB801F0BF
:1080A000EFB800F066BF01F041B900F02EBF00F05C
:1080B000EDBE01F066B903880B8001F01BBB03889D
:1080C0000B8001F025BB00F07BBFF1F74DB8F1F755
:1080D00033B800F067BE00F088BE00F0B9BE00F013
:1080E000C5BE00F0A5BE00F09ABE00F09CBF00F037
:1080F000C2BFF1F743B800F0F5BF00F0EABE00F0F0
:10810000A3BFF1F70FBE01F0B9BBF0F7A5BFF1F7C0
:1081100061B8F8B5941C0C446343B3F5004FA8BF95
:108120004FF0FF330E4610F00301054617469CB290
:1081300003D0B0211420E9F767F8B4F5004F01D956
:10814000B121F7E714220430FFF736FAEF746C80A0
:108150002E80F8BD38B50388C48805898B42C4F3E6
:108160000E0203D2D1211420E9F74EF884EA050368
:10817000C3F30E030BB9AC4206D102F1180301227E
:10818000C1528274184438BD1846FCE702310144DC
:108190004A43B2F5004FA8BF4FF0FF3290B21B30F8
:1081A00020F00300B0F5004F34BF00B24FF0FF30B5
:1081B000704740881B3020F00300B0F5004F34BFFB
:1081C00000B24FF0FF3080B2704738B503888B4261
:1081D00003D2F7211420E9F717F8857C65B1C3882D
:1081E000C3F30E031833C25A8A4207D3C152811D0A
:1081F000E9F706FB00238374284638BD0025FBE71A
:108200000346F0B59E88DD88B4B2A54200F118009F
:10821000C6F30E0616D05F89DD7C845B3D440235D3
:108220003544E41B28440D88A4B2A54288BF0C80C5
:108230005989B1FA81F14FEA511188BF2546117071
:10824000DD81F0BD00252846FAE7F8B58288C389AC
:10825000002604460D4692B20E60CBB1C2F30E0268
:108260004189183287180B44825A9BB2934243814A
:1082700004D94FF4A2711420E8F7C6FF04D1011D00
:10828000E9F7BEFA46812F600023E3810120F8BDA3
:108290001846FCE7838802899BB29A42014602D0C5
:1082A0000831E9F7ADBA70478388C0889BB2C31A1A
:1082B000584258417047828873B5C48895B2AC4221
:1082C000C2F30E0202F1180212D04189C689835A04
:1082D000314499420EDB0DF10601ADF80650E9F785
:1082E0008FFABDF80600001B18BF012002B070BD58
:1082F0000020FBE70120F9E770B5C488068984EA0D
:108300000602C2F30E020346C4F30E0518300AB982
:10831000B4420FD19C891A880CB1465B921B9142E2
:1083200007DCDA7C2C440232224410440A461A82CA
:1083300070BD00221046FAE7F8B5038A002B38D04A
:108340008B4236D3C488858900F11803C4F30E0428
:108350001E1995B91D55757085891E5B0D44ADB20A
:10836000314485811953D2B1811DE9F749FA0023BF
:108370008381002303820120F8BD1E5BAE4204D03E
:108380004FF4F6711420E8F73FFFC57C878A264436
:10839000023535445E195F53857DB570DCE7C27CDC
:1083A000254402322A4499189B5A83828B7883751C
:1083B000DFE70020E0E78388C2889BB29A4206D0BC
:1083C000428922B9C3F30E031833184470470020C2
:1083D0007047C37C0233C81870470230704738B505
:1083E0008388C2889BB29A4209D043893BB9C58928
:1083F0003DB9011DE9F704FAC581012038BD00200F
:10840000FCE71846FAE7002383810382704703885C
:108410001380C388C3F30E03183303440B608089B1
:1084200070470368002223B9C0E90132031D0360CD
:10843000704759681B680A44F5E7072970B5034679
:1084400004D84FF4EC711520E8F7DEFE0068C0B1E7
:1084500044681A688C42064610D0106860B901F171
:108460000805AC420DD3546850501868651A54186A
:1084700000686560505002E01346E9E714681C602C
:10848000304670BD0023C1E9003203680B60016013
:10849000704730B590B18478B1FBF4F304FB13134B
:1084A00000EB430252898A4201D1D8B230BDC27872
:1084B00022B900F10803D0B2844201D8FF20F5E7C9
:1084C00033F8025F8D4202F10102F4D1EEE78278C7
:1084D000038805324B4303EB42031844704737B51A
:1084E0000024CDE9004405468DF806006846ADF845
:1084F0000440E9F767FBBDF8044008B103B030BDA4
:1085000029462046E9F73AFB0028EFD040F2152132
:108510001720E8F779FE70B50D4609211E46FFF7D2
:1085200035FE3246044609212846FFF72FFE40EA71
:1085300004031B0454BF00194FF0FF3070BDD31D5E
:1085400023F0070370B5083390B110F0070403D08F
:1085500058212220E8F758FE0460C280818000F193
:1085600008040A464FF6FF75013A92B2AA4203D1B7
:1085700003FB01F0083070BD0668266004601C44EF
:10858000F2E718B1C2888188FFF7D9BF7047034668
:10859000EFF3108272B6006830B1016819600023F1
:1085A000037043708370C37002B962B67047EFF313
:1085B000108372B602680A60016003B962B6704740
:1085C000012303707047F8B50C4684F00104640081
:1085D000054611461E46E4B2FF23837003191B7D36
:1085E000012B06D0631CDCB250FA83F31B7D012BF8
:1085F0000AD105EB44073B8B3A8C9819904205DD74
:108600002C4400233B8323750020F8BD05EB840434
:10861000324660681844FFF70FF83B8B1E443E83D8
:108620000023AB700120F0E781F00101490010B593
:10863000C9B2FF23837043181C7D012C07D10C3174
:1086400020F8112002221A750023837010BD013119
:10865000CBB250FA81F10C7D012C05D10C3320F8FE
:10866000132002230B75EFE74FF48C710920E8F714
:10867000CBFD30B50246837803F0FF00F3B9137DDC
:10868000022B19D0537D022B15D10346012089B14D
:10869000D5180C3300242C7522F81340131803242A
:1086A0001C7502EB80035B680B6000F10C0332F871
:1086B00013308B80012030BD0123E8E70020FAE76A
:1086C00030B50346827802F0FF00E2B99A7D022AB3
:1086D00017D0DC7D022C13D1032281B11D190C347B
:1086E0000020287523F8140098180324047503EB60
:1086F00082000C32406833F8123008608B80012011
:1087000030BD0324E9E70020FAE7037D012B01D106
:10871000008B7047437D012B0CBF408B00207047BE
:10872000837D012B01D1808B7047C37D012B0CBF52
:10873000C08B00207047038B23B9408B003818BFD3
:108740000120704701207047838B23B9C08B00380C
:1087500018BF0120704701207047027D022A01D115
:10876000008B7047437D022B01D1408B7047032A59
:10877000F6D0032BF9D000207047827D022A01D168
:10878000808B7047C37D022B01D1C08B7047032AB9
:10879000F6D0032BF9D0002070472DE9F0410646B2
:1087A00006989DF81C70984643070D46114602D066
:1087B00010F0030003D025214C20E8F725FD4FF4ED
:1087C0008B72FFF7BCFE002F06AB044600FB08F1DE
:1087D0000CBF18460020E9F737F817B9069B33603D
:1087E0002C60BDE8F081E9F7BDBB00EA400000EA7B
:1087F000400000EA400000EA400000EA400000EAD1
:108800004000B0FA80F04009704708B503468B423B
:10881000104609D03AB183EA010002F011FA0128AA
:108820008CBF0020012008BD0120FCE737B50023E4
:10883000CDE9003304460D466846E9F7C3F930B187
:108840000023CDE9003302238DF8063012E0009BAF
:108850002A46196A2046FFF7D8FF0028ECD00120ED
:1088600003B030BD009B2A46196A2046FFF7CDFFB2
:108870000028F4D16846E9F7A5F90028F2D00023D2
:10888000CDE9003304238DF8063007E0009B2A462B
:1088900019682046FFF7B9FF0028E0D16846E9F7DC
:1088A00091F90028F2D00023CDE9003305238DF89B
:1088B000063007E0009B2A4619682046FFF7A5FF0F
:1088C0000028CCD16846E9F77DF90028F2D00023D2
:1088D000CDE9003309238DF8063008E0009B2A46D5
:1088E000D3F8BC112046FFF790FF0028B7D16846A7
:1088F000E9F768F90028F1D00023CDE900330B2314
:108900008DF8063008E0009B2A46D3F8E410204694
:10891000FFF77BFF0028A2D16846E9F753F900284A
:10892000F1D000224FF44023CDE900236846E9F757
:1089300049F958B10023CDE900330A238DF80630F8
:108940006846E9F73FF958B1002089E7009B2A46BD
:10895000D3F8E4102046FFF758FF0028E6D07EE762
:10896000009B2A46D3F814112046FFF74EFF00283B
:10897000E6D075E770B523260025F2F757FD0446CB
:10898000EFF75CFD20B100212046FFF74FFF50B10B
:108990000020013E01D00028EFD04DB940F2152152
:1089A0000F20E8F731FC2046EFF77EFD2546F0E783
:1089B000284670BD00F0FD00003818BF0120704748
:1089C0006FF45063C318062B8EBF40F2E243A0F54C
:1089D00050604FF47A735843704790F8F031DBB22F
:1089E00090F8B0202AB903F0FB00003818BF01202E
:1089F00070470020704790F80432DBB290F8B02046
:108A00002AB903F0FB00003818BF0120704700208E
:108A1000704710B5044638B1F1F7E2FA24EA0000D5
:108A2000B0FA80F0400910BD0120FCE72DE9F843C1
:108A3000B0F86660B0F868508046174689B303F016
:108A400013FC0221044601F05BFB02218146204613
:108A500001F056FB4E4528BF4E46B6B21B2E38BF1E
:108A60001B26FB2E28BFFB26854228BF0546ADB23C
:108A70001B2D38BF1B25FB2D28BFFB25B4F5A47F7C
:108A800038BF4FF4A474B4F5296FB8F800303B80B8
:108A900028BF4FF429647E80FD80BC803C81BDE806
:108AA000F88302F0C8FECCE707B50023CDE9003318
:108AB00003238DF806306846E9F784F808B10020F2
:108AC00004E0009802F048FF0028F4D003B05DF8FD
:108AD00004FB13B501210020E9F73AF8C0B90121E0
:108AE0000846E9F735F8F8B9FFF7DEFFA0B9062325
:108AF00001906C4600908DF806302046E9F762F848
:108B0000C0B100230093636007238DF806301FE097
:108B1000A830EEF70DFC10B1012002B010BDEDF74A
:108B20000BFA0028DBD0F7E7A830EEF701FC0028AD
:108B3000DAD0F1E70098403002F093FD0028DCD055
:108B4000EAE7009B586F503002F08BFD0028E4D11B
:108B50002046E9F737F80028F3D00020DDE71FB5FD
:108B60000022009240F6881303A9FAF763FE05B0CD
:108B70005DF804FB38B505460C461AB11F2914D917
:108B8000122038BDE9F71EF9A04210D3284603F0A1
:108B900003F908B11F2CF3D8284603F06BF840B155
:108BA0002146284603F091F828B10020E9E7072084
:108BB000E7E74220E5E74520E3E738B5054603F05F
:108BC00059F8E8B1284602F0C7FE08B9002038BDC0
:108BD000284602F0F6FD0446284602F0F5FD88B965
:108BE000002CF3D02088F1F791FB20880221E8F7D0
:108BF000C5FF0028EAD041F6E3413920E8F704FB3D
:108C00004220E4E70C20E2E7F0B587B0054601A971
:108C1000008801F0C6F9044600287BD1029B93F836
:108C20005C21D11E4A424A418DF802209DF8042061
:108C3000002A72D193F88F201F2A72D19DF802204A
:108C400082F0010293F8E0308DF803209B0603D4F4
:108C50009DF80330002B68D0EB881B3B9BB2E02BC8
:108C600065D82989A1F5A4739BB244F248108342C8
:108C70005DD86B881B3B9BB2E02B58D8AA88A2F525
:108C8000A4739BB2834252D8B1F5296F51D8B2F583
:108C9000296F4ED8029EFF2786F823719DF8023077
:108CA000002B40D19DF80410B1FA81F103AA30469F
:108CB0004909FFF7BBFE6A88BDF81230BDF81410F1
:108CC000B5F806C0934228BF134640F64800A6F800
:108CD0002831BDF80E30AA88814228BF014663457D
:108CE00028BF6346A6F82431BDF81030834228BF60
:108CF00003462889834228BF03468A42A6F82631C4
:108D0000134628BF0B46A6F82A3186F822710023A5
:108D100086F82331204607B0F0BDD3F880209206B4
:108D20008CD422468EE73A24F1E71A24F2E7122483
:108D3000F0E71124EEE710B50446FFF7B5FE58B989
:108D400001210020E8F704FFD0B901210846E8F727
:108D5000FFFED8B9012009E0F1F7FEF868B1EFF79E
:108D600013FF044603F001F808B1002010BD2046AF
:108D700002F0F7FF0028E3D0F7E7002CE0D1F4E79A
:108D8000A830EEF7D5FA0028DFD0EEE7A830EEF7EE
:108D9000CFFA80F00100C0B2E8E708B5F1F7BAF801
:108DA000002008BD10B50378012B044601D912201C
:108DB00010BDFFF78EFE60B92078FFF7FBFD01289C
:108DC0000DD004F11703E21D611CBDE81040F1F75E
:108DD000DBBCF1F76BFD0028EED00C20E8E7A379AF
:108DE00003F0C003C02BE2D1EBE710B50378012BF1
:108DF00004460AD8FFF76DFE48B9214611F8010B69
:108E0000FFF7D8FD01F0A8F838B9122010BDF1F72E
:108E10004DFD0028F1D00C20F8E70020F6E708B55A
:108E20000088F1F749FD00280CBF3020002008BD64
:108E300038B50546FFF74DFE044638B928780038A6
:108E400018BF0120F1F72CFD204638BD0C20FCE7AF
:108E500008B5FFF73EFE18B9F1F712FD002008BD76
:108E6000F1F724FD0028F7D00C20F8E70823037061
:108E7000002070471022027041F25E03C270592236
:108E8000A0F801308280C3800020704708B5082117
:108E9000E8F7CCFB002008BD73B506460D460088F8
:108EA000694601F07EF8044688B9B3785BB9019B46
:108EB00093F97C00A87033882B80F1F729FFA87004
:108EC000204602B070BD7F20FFF749FEF2E7022482
:108ED000F6E710B504466FF07F00FFF740FEF1F7AC
:108EE00017FF20707F20FFF73AFEF1F711FF607047
:108EF000002010BD10B50446EFF746FE02F02EFF2D
:108F0000F1F706FF2070002010BD08B50A460723C0
:108F100000F11001FEF784F9002008BD10B50146EC
:108F200004460020F1F77CFA08B92060A0800020F8
:108F300010BD10B50446F0F7E7FF28B90020214620
:108F4000F1F756FA002010BD0020FFF7F4FE0028CC
:108F5000F4D10C20F7E710B504460120FFF7EBFE33
:108F600028B101202146F1F743FA002010BD0C2062
:108F7000FCE7F7B50C4605466946008801F011F894
:108F8000A21C034690B9019901F1970781F8CB30F3
:108F900038681060387910712888208091F8CB608B
:108FA00006F0FF00002EF1D103B0F0BD0023C4F89D
:108FB00002300220137123706370F5E7FFF724BEBF
:108FC0001FB5838844F29022934217D80288ADF8E7
:108FD00004204088ADF80600B3F5296F28BF4FF490
:108FE0002963ADF80A000A8001A8ADF80830ADF891
:108FF0000C30FFF709FE05B05DF804FB1220FAE71C
:1090000037B50D46694600F0CCFF044640B99DF8DF
:1090100000100198B1FA81F12A464909FFF706FDCF
:10902000204603B030BD10B503466FF004040020A5
:109030006FF06F010A221C7058709970DA701C7101
:1090400058719971DA7110BD10B50446FFF741FDF2
:1090500058B92078FFF7AEFC611CE279F1F78CFD7E
:1090600080F001004000C0B210BDF1F71FFC0028E5
:10907000EFD00C20F8E7F7B506460D4600886946A4
:1090800000F08FFF044690B9019F87F8764097F86B
:109090007400EFF747FBA87097F87500EFF742FBF5
:1090A000E87097F87630002BEFD133882B8020467C
:1090B00003B0F0BD10B58388022B044610D8C078E9
:1090C000FFF7A7FC08B9112010BDA078FFF7A1FC9D
:1090D0000028F8D020460121BDE81040EFF76EBD12
:1090E0001220F1E737B58378C178027903F00104E3
:1090F00051EA040503F002031DD052EA03051AD019
:10910000002C18BF0021002B18BF00228DF803206F
:10911000037842788DF8021043EA0223ADF800305C
:1091200043798279684643EA0223ADF80430FFF7B9
:10913000C1FF03B030BD1120FBE707B503784278CB
:109140008DF800300021012B8DF80120ADF80210C0
:10915000ADF8041007D1012A07D86846EFF72EFBB7
:1091600003B05DF804FB002BF7D01220F8E708B538
:10917000E9F7E2FB002008BD13B50C46694600F094
:1091800010FF30B9019B9DF80020B3F8883012B968
:10919000238002B010BD0133FAE72DE9FF410546F7
:1091A00002A9008800F0FDFE20B10226304604B07E
:1091B000BDE8F0819DF80830012B01D11126F5E7BB
:1091C000039C2046FFF709FC0028EED0AA88104631
:1091D000FFF7F6FB07464CB1E369984206D1638E70
:1091E0006889A989884203D91226DFE70123F7E7B6
:1091F00001932B890093EB8869882046EFF784F967
:109200008046B8B394F8223203F0FF06A3BB04F102
:109210003C0001F039FC69308742CFD3AB886FF452
:1092200050621344062B8ABF40F2E2436423B046E7
:10923000BB42D9D2B8F1000F05D0B4F8741040F297
:10924000022291421AD1A4F80E32C4F81472EA79BB
:10925000AB7943EA0223A4F818322B7A6A7A43EAFC
:109260000223A4F81A32002384F82032FF2384F862
:1092700022329BE7302699E73A2697E70C2695E7B6
:1092800013B5044600F0EAFE00284DD02046F1F761
:109290008BFD0023CDE90033FF246846E8F792FCFC
:1092A00048B300244FF44033CDE90043FF2468461F
:1092B000E8F788FC18B300204FF48023CDE90003C1
:1092C000FF246846E8F77EFCE8B100214FF4C02394
:1092D000CDE90013FF246846E8F774FCB8B100221A
:1092E0004FF42023CDE900236846E8F76BFC90B1EA
:1092F000002002B010BD009B83F80542CDE7009B23
:1093000083F88A40D3E7009B83F83440D9E7009B79
:1093100083F83440DFE7009B93F83820032AE3D139
:10932000FF2283F82220DFE71220E2E713B500884E
:10933000694600F036FE0146C0B99DF80030019C38
:1093400073B19DF80030012B03D10198FFF753FB57
:1093500058B194F833314BB9FF2384F8333105E029
:109360002046FFF73AFB0028EBD10221084602B065
:1093700010BD10B50446F0F72DFE2060616000209E
:1093800010BD70B5002105460088E8F7E1FB0446F2
:1093900088B3FFF722FB10B90C26304670BD94F855
:1093A000523203F0FF0643BB94F8E030DB0726D5CA
:1093B000D4F81C31002BEFD1D5F80230C4F8483274
:1093C000D5F80630C4F84C326B89A4F8503204F555
:1093D0000E7205F10C031C3553F8041B42F8041BF4
:1093E000AB42F9D10C2104F50970E8F71FF9FF230E
:1093F00084F85232D1E70226CFE73A26CDE71A2683
:10940000CBE72DE9F341054690F801800078032170
:10941000E8F79EFB0446002800F08680F0F79CFDEC
:10942000002839D0204602F076FCEE78864228BF2C
:109430000646B6B2B8F1040F30D1002E48D120460E
:1094400002F0AAFC6B78032B56D108F0FD07012F20
:1094500063D1204602F0A0FC00285CD1B8F1010FD6
:1094600008BF0227E16C3A466846E8F7C3FC6A6821
:10947000E06C33460121FFF7A6F810B36B78023B8E
:10948000012B07D8E06CFFF740F901210246E06CA0
:10949000FFF7CAF800201CE0EE78CBE7E06CFFF79E
:1094A00034F98719BFB2F0F757FDA8B9EB7853B973
:1094B000204602F030FC87420ED9204602F06CFCB8
:1094C00030B9072005E0204602F037FC0028EFD134
:1094D000122002B0BDE8F081F0F73EFD39460246A9
:1094E0002046FFF747FB0028F3D1A8F10303012B27
:1094F000A5D9002EA3D1EBE70028E9D1042BA4D1F4
:10950000204602F029FA0028E2D0E06CFFF713F9B8
:1095100000289AD1DCE70027A4E7B8F1040FA6D110
:10952000204602F076FCB5E74220D2E72DE9F7436A
:109530000746467890F8039000780321E8F708FB87
:109540000446002856D0F0F707FD30B1204602F05F
:109550000CFC002808BF4FF00009E06CFFF7E0F8B2
:1095600000EB09081FFA88F8F0F7F6FC60B1F0F795
:10957000F3FC414602462046FFF7FCFA054668B177
:10958000284603B0BDE8F083FB78002BEFD02046DF
:1095900002F0EBFB0028EAD11225F1E7042EFBD004
:1095A000032E0CD1204602F0F7FB08BB012E14BF9E
:1095B00005220622E16C6846E8F71CFC08E0B9F1D8
:1095C000000FE9D0204602F0C7F9A8B9012EE9D072
:1095D0007A68E06C4B460021FEF7F5FF70B1023E61
:1095E000012ECDD8E06C42460021FFF71DF8C7E7F9
:1095F0000422DFE74225C3E70C25C1E70725BFE7C3
:1096000013B50446EFF7C0FA4FF44073ADF80030DD
:1096100000238DF80230684614F8013B8DF80330C2
:109620000194FFF783FF02B010BD38B50321054652
:109630000078E8F78DFA0446A0B102F08DF928B958
:109640002046691C02F05FFB002038BD204602F076
:109650008CFB08B10C20F8E7204602F082FB0028C2
:10966000EED0F7E74220F0E713B50446EFF78CFAA7
:1096700014F8013B8DF803304FF44073ADF800301F
:10968000684600238DF802300194FFF7BAFE02B05D
:1096900010BD73B50546EFF777FA2B78044663B132
:1096A00000230DF1010101208DF80030F0F7B8FE24
:1096B00018B16846FFF7B9FF88B9002620468DF833
:1096C000006002F056FB2B788DF80360C001012B7F
:1096D000ADF8010005D169462046EFF7E1FB02B085
:1096E00070BD2BB9204602B0BDE87040FFF765BAE7
:1096F0001220F4E710B5022104460088E8F728FAA2
:1097000020B1A11CBDE8104002F053BD022010BDE5
:1097100008B500880221E8F71BFA20B1BDE808402F
:10972000002102F046BD022008BD37B504460D46B3
:1097300000880921E8F70CFA10B10C2003B030BD05
:1097400020880B21E8F704FA0028F6D120880C21A4
:10975000E8F7FEF90028F0D12088694600F021FCE6
:109760000028EBD123882B80019BB3F8BC306B80A1
:10977000E4E737B504460D4600880921E8F7E8F923
:1097800010B10C2003B030BD20880B21E8F7E0F9C0
:109790000028F6D120880C21E8F7DAF90028F0D16A
:1097A00023882B8098B263880BB91220EAE76946B8
:1097B00000F0F7FB0028E5D16588019B42F21072AA
:1097C000A9B2DC6951435A8E62439C8C04FB02228D
:1097D0009142EAD3DA69DC699442FBD10022C3F8F2
:1097E000B420621E0A44A3F8BC50B2FBF4F2C3F8E2
:1097F000B820C7E710B50C460221E8F7A9F990B1E7
:10980000022C12D804F00102C4F3400480F8D521E0
:1098100080F8D44112B190F8D2310BB9002010BDBC
:10982000F3F7BCFCFAE70220F9E71220F7E710B5DE
:1098300004460078FF280AD00321E8F789F958B1D7
:109840006378A27843EA0223C384002010BDB4F8F1
:109850000100F3F765FEF8E74220F7E710B504468C
:109860000078003818BF0120F6F784FB2078003814
:1098700018BF0120F3F77EFC002010BD10B5044690
:10988000F0F76AFB50B1EFF77FF96178C1F340025E
:1098900001F0010102F0C1FA002010BD207803217F
:1098A000E8F756F90028F0D14220F6E70620F0F755
:1098B00059BB0820F0F756BB02F016BE02F0A3BC5D
:1098C00008B5C378013B0246D8B2042801D9FE2866
:1098D00006D11378042B03D1EDF7EAFC002008BD74
:1098E0001220FCE710B5044604B910BD2368984760
:1098F0006468F9E703680BB9016070471A465B6852
:1099000013B18A42FAD170478A4218BF516070473A
:1099100008B502F0A4FCEFF78FFBECF759F8BDE8AF
:109920000840F2F7E7BC08B5FE20EDF7C1FCBDE842
:109930000840FFF7EDBF08B5F3F7C0FBF4F7B0FB45
:1099400020B140F241119320E7F75EFCBDE80840EA
:109950000320FEF7C4BD08B50220FEF7C0FD0020BD
:10996000FEF7BDFDE8F7B8F9F0F7C4FCE8F718FE1C
:1099700020B140F221119320E7F746FC08BDFFF724
:10998000EABF08B5FFF7D7FFF5F7B8FA20B14FF4F3
:10999000AB719320E7F738FC08BD08B5FFF7B8FFB7
:1099A00002F09CFD20B14FF4D7719320E7F72CFC17
:1099B00008BD08B5FFF7B7FF02F090FD20B140F2F7
:1099C000A3119320E7F720FC08BDFFF7C4BF08B53B
:1099D000ECF796F8F0F7CAF9F0F7E4F902F080FD39
:1099E000BDE80840F1F714BC08B5ECF791F8F0F7C2
:1099F000BDF9F0F7D7F902F073FDBDE80840F1F7C3
:109A000007BC10B5C378044691B163B90388012B34
:109A100001D95B082380F1F7F1FC2388B0FBF3F256
:109A200002FB1300A070E37883F00103E37010BD24
:109A3000002BF8D10388FE2BEDD85B009BB2FF2BE7
:109A400088BFFF23E6E7837813B1013BDBB2837065
:109A5000B3FA83F0400970470123038040F20113F9
:109A600043807047FCF77ABE0B46152203F8032BA0
:109A7000D0F80920C1F80320427B1A7170470128F1
:109A800004D1012914BF002001207047022801D110
:109A90000229F7E7042908BF04280CBF0120002091
:109AA000704737B504460D46F1F728FA18B36FF43E
:109AB000B373E01802210388ADF8003034F8F73CA6
:109AC000ADF80230684634F8F53CADF80430EFF7F5
:109AD00075F818B14221AE20E7F796FBADF800000B
:109AE0009DF80030002063F307009DF8013063F318
:109AF0000F2003B030BD32232B70D4F80930C5F8E5
:109B000003300423ADF80030EAE708B5436893F862
:109B10008E201AB18521AE20E7F776FB212283F84B
:109B20008E2008BD034610F0010007D19A0704D427
:109B3000C3F380039B00D8B27047022070472DE921
:109B4000F34B0446104615461E46FFF7EBFF8346CF
:109B50000846FFF7E7FF4BEA0007FFB2003FDDF8DA
:109B600028800190894618BF0127F0F739FA05408F
:109B700018BF5D46F0F734FA94F87420019B10EAA0
:109B8000090118BF1946AA4214BF2B46002388F8C2
:109B9000003094F875208A4208BF00210B4388F8F2
:109BA00001100BD1B4F88830013EF61AB6B247F670
:109BB000FD739E428CBF002707F00107C5B994F8DA
:109BC0007400EEF7BFFD03280ED194F82C31012B61
:109BD0000AD1B4F8302194F87430012A0AD1032B49
:109BE0000AD0032388F80030384602B0BDE8F08B75
:109BF000042DE9E7042BF7D00423F3E7042906D169
:109C000001280AD1032151801380012070470329C4
:109C100003D1012801D00421F5E700207047012875
:109C200007D0022805D0033801288CBF002001206E
:109C300080007047182070477FB50B464468CDE917
:109C4000002118461146F0F717FA94F8746094F85A
:109C50007550C3B2C0F30720B34208BF002385424A
:109C600008BF002084F80A3284F80B0204B070BDEB
:109C70002DE9F341446894F88F8005460F46B8F10A
:109C8000000F6FD194F88E30253B022B63D901A8C9
:109C9000F0F77AFBE0B1019BDB788DF803300DF132
:109CA000030194F88E001622F1F7F2FB064688B104
:109CB00002461621284601F085F8322384F88F30B9
:109CC000284601F05BF84646304602B0BDE8F08118
:109CD0004146E6E73B7913F0070235D07B7913F074
:109CE000070331D084F86C2084F86D3094F82D315E
:109CF0001BBB94F82C31012B1FD094F8753094F8CD
:109D00006C20D91E012998BF04239A4226D194F8C9
:109D10007430DA1E012A94F86D2098BF04239A4209
:109D20001CD16B68022283F82C21B4F87230B4F88D
:109D30007020A4F82E21A4F83031232384F88F302A
:109D4000284601F01BF8BFE73946284602B0BDE8B7
:109D5000F04101F063B84FF02008B4E72846F0F76F
:109D6000CFF9EAE70126AFE770B5446894F88F5061
:109D7000A5F12103062B06464DD92F2D4BD0002DE2
:109D800047D194F88E30262B45D00B7913F007037A
:109D900035D04A7912F0070231D084F86D2084F86A
:109DA0006C3094F82D3113BB94F82C31012B1ED05C
:109DB00094F8753094F86C20D91E012998BF0423BB
:109DC0009A4222D194F87430DA1E012A94F86D2058
:109DD00098BF04239A4218D10223B4F8702084F863
:109DE0002C31B4F87230A4F82E21A4F8303123239A
:109DF00084F88F30304600F0C1FF284670BD3046F1
:109E0000C978BDE8704000F0F6BF3046F0F778F949
:109E1000EDE70125F1E72025EFE713B5446894F855
:109E20008E30212B22D10B7913F007021AD04B79F7
:109E300013F0070316D00021ADF806108DF80420AA
:109E40008DF80530019AD4F82E11FFF7F5FE0123A5
:109E500084F8CA3000202523A4F8C60084F88E3088
:109E600002B010BD0023A4F80A32F0E70120F7E7A2
:109E700010B5436893F88F20B3F80A12232A0446DA
:109E800015D181B983F88F1093F82C31012B01D1B2
:109E9000F0F7D4F86368002283F82C212046BDE84F
:109EA000104000F07CBF262283F88F20F6E793F85D
:109EB0008E20252A0DD141B983F88E10F0F7BEF817
:109EC0006368002283F8CA2010BD262283F88E2002
:109ED000F6E74FF47771AE20E7F796F908B54368D7
:109EE00093F88F20232A05D022B140F2EA31AE2028
:109EF000E7F78AF9242283F88F2008BDF0F7FAB932
:109F0000704730B542401C7808785D7860404C78E6
:109F10006C4020449D788C786C402044DD78CC786F
:109F20006C4020441D790C795B7949796C40204460
:109F30004B4018441044B0FA80F0400930BD02464E
:109F400000200139C9B2FF2900D17047535C83F06A
:109F500001030344D8B2F4E708B5F0F787FA0828FC
:109F600007D0F0F7A5FA082803D0F0F7B7FA0120D8
:109F700008BD0020FCE708B5F0F778FA082803D000
:109F8000BDE80840F0F794BA08BD08B5F7F722FA23
:109F900018B1BDE80840F7F743BA082008BDF7F745
:109FA00019BA38B50C4600210546E7F7D1FD6060C7
:109FB00018B100232370002038BD02212846E7F79E
:109FC000C7FD606008B10123F4E70220F4E770B533
:109FD00004460D4659BB4FF41872FDF7EDFA012304
:109FE00084F896306FF0360384F8E130042384F867
:109FF000E2306FF03B0384F8E3306F2384F8E43001
:10A000006FF03C0384F8E5306FF07F0384F8E730AD
:10A010002B2384F8E030FE2384F816317F2384F864
:10A020008D30202384F8E65084F8F13170BD012989
:10A030000CD140F6B833C269A0F8BC30C38C1146CD
:10A0400004F18000BDE87040F0F7BCBD0229EDD1FD
:10A05000B0F81A32D0F81422C169F1E770B503796B
:10A060001F2B0FD8461E051D002416F8010F00F007
:10A070001CFEAE420444E4B2F7D1012C94BF002090
:10A08000012070BD0020FCE701440023884203D179
:10A09000B3FA83F04009704710F8012B1343F5E73A
:10A0A000F8B5D0E9047605460C46FBF7AFF820B9C1
:10A0B00040F207112920E7F7A7F8ECB1D5E904230E
:10A0C000D21B63EB0603012A73F100014FF000017C
:10A0D00014DB6FF001009042994102DA40F2111155
:10A0E000E8E7631E1344B3FBF4F35C43E41946F161
:10A0F0000006C5E904461C462046F8BD0C46FBE7B1
:10A10000CB1E012B10D803290CBF96234FF41673D6
:10A1100003F5BC730CBF10224022984210D9C01A1C
:10A1200090FBF2F080B27047022904D13C2807D995
:10A1300080100F38F6E7702802D9C0100E38F1E70A
:10A140000020704738B50D460446EFF749FF2B78DD
:10A15000002B08BF034684F870306B78002B08BFD3
:10A16000034684F871306B88A4F8723038BD022938
:10A1700008B5034615D006D801290AD040F2891146
:10A180002920E7F741F803390129F7D840F6A660FE
:10A1900008BD40F6C41040F2E242002B08BF104652
:10A1A000F6E740F6C410F3E710B5029C801AE738D2
:10A1B0008842226894BF091A491A02EB51022260B0
:10A1C0001A680129A2EB51021A6094BF00200120F5
:10A1D00010BD07B5002301A80193F9F7FBFA019818
:10A1E00010F0030018BF012003B05DF804FBC2B2F9
:10A1F00092FAA2F2030A93FAA3F31B0E100E40EA9E
:10A200000320704770B50131C9B20530002210F843
:10A21000013F8B4216D310F8054C0023012505FAA7
:10A2200003F626421CBF01F1FF31C9B269B1013307
:10A23000082BF4D10132D2B2052AE8D19921462067
:10A24000E6F7E2FFC91AC9B2F4E703EBC200C0B2F5
:10A2500070BD0B6870B5C0F801300B7903F01F03B7
:10A26000437100230446C3720546461D15F8010FCD
:10A2700000F01BFD6871E37AB5421844E072F5D135
:10A2800070BD70B581EA11418CB20546C17A0326D2
:10A2900082EA0400FFF7ABFF013E00EB001022183A
:10A2A00016F0FF0690B2F5D144402522B4FBF2F33C
:10A2B00002FB1343C3F3C4022A44D8B2567803F016
:10A2C0000703012202FA03F31E4207D16143284625
:10A2D000C1F30741BDE87040FFF794BF70BDF8B50A
:10A2E00090F821506B1E242B044654D80AB9002044
:10A2F000F8BD807D18B1012844D01F20F8E794F8FC
:10A30000233094F8221002FB01322523B2FBF3F133
:10A3100003FB1123DBB204EBD30284F82330D17D9D
:10A3200003F007060122B240114202D084F8243023
:10A33000DDE7B3FBF5F205FB1233013303F0FF0356
:10A3400004F11B0111F8012F934218D811F8055C94
:10A350000022012606FA02F72F4208D0013B13F033
:10A36000FF0304D102EBC00284F82420BFE70132CE
:10A37000082AEFD10130C0B20528E3D1BDE79B1A0E
:10A38000DBB2F7E72289096A04F11600FFF779FFCB
:10A3900084F82400ABE71220AAE7034612EA010082
:10A3A00003D013F03F0018BF01207047D0F80330EE
:10A3B0000B60B0F807308B8070470378890123F079
:10A3C000400301F040010B43037070470078C0F375
:10A3D00080107047037803F07F0343EAC1130370D2
:10A3E00070470078C00970471F2A38B505461446E3
:10A3F00003D9B7212A20E6F707FF09300634FDF715
:10A400001BF96C7038BD1F2A38B50546144603D9B0
:10A41000D9212A20E6F7F8FE09300634FDF70CF9B9
:10A420006C7038BD037803F00F03032B02463ED057
:10A43000052B42D1C37F90F82000034392F82100FE
:10A44000034392F82200034392F8230000F01F0018
:10A45000184333D05378222B2FD1B2F81930B1B131
:10A46000B3F5506F13D940F607518B4225D8B2F897
:10A470001B30B3F5FA7F20D2B2F81D000A3880B243
:10A4800040F6764398428CBF002001207047991F08
:10A4900089B240F67A4081420FD8917D481E072844
:10A4A0000BD8994209D2B2F817109942DEE74078EA
:10A4B000A0F10C0358425841704700207047F8B58E
:10A4C000C77817F03F060D4600F08780072900F295
:10A4D0008480DFE801F0040E172029323B44017923
:10A4E00001223846FFF759FF00280CBF0020052045
:10A4F000F8BD017902223846FFF74FFF0028F7D058
:10A5000005245AE0017904223846FFF746FF002867
:10A51000EED0052448E0017908223846FFF73DFFD8
:10A520000028E5D0052439E0017910223846FFF7EC
:10A5300034FF0028DCD0052429E0017920223846A8
:10A54000FFF72BFF0028D3D02C4618E001794022DA
:10A550003846FFF722FF0028CAD0052406E001791B
:10A5600040223846FFF719FF441DE4B22022384646
:10A57000FFF713FF00EBC00004EB4004E4B210222D
:10A580003846FFF70AFF00EB40000444E4B208221B
:10A590003846FFF702FF04EB4004E4B204223846D9
:10A5A000FFF7FBFE0444E4B202223846FFF7F5FE53
:10A5B00000EB400004EB4004E4B201223846FFF710
:10A5C000ECFE00EB400004EB4000072DC0B28FD141
:10A5D000031FB342C8BF00208AE7002088E770B598
:10A5E0000C46064611461D4624B940F2E1212A20B8
:10A5F000E6F70AFEFFF763FF10B940F2E221F6E743
:10A60000031F2B443F2B02DD40F2E321EFE72A46F4
:10A6100021463044BDE87040FDF70EB810B5044641
:10A62000FFF74DFF00B1204410BDC37803F03F0396
:10A6300043EA8113C370704730B5C1F38003C1F39F
:10A6400080142344C1F3001404EB44042344C1F3F5
:10A65000401404EBC404C1F3400503EB4403C1F30D
:10A6600000042C4404EB4404C1F3C0052C441344FF
:10A6700003EB440313F0FF031CBF01330171C178E6
:10A6800018BFDBB221F03F0103F03F042143C1704A
:10A69000591C41701AB104339B1A013AC25430BD9F
:10A6A0004378C278013B02F03F02981AC0B270476B
:10A6B000F8B5174606460D461946FFF7F1FF441A4E
:10A6C000E4B2BC4228BF3C464DB1F27802F03F02F2
:10A6D00004321144314422462846FCF7ADFF20469F
:10A6E000F8BD2DE9F047C678017901223046FFF721
:10A6F00054FE022205463046FFF74FFE20228246D6
:10A700003046FFF74AFE082207463046FFF745FE6F
:10A71000102281463046FFF740FE042204463046B0
:10A72000FFF73BFE402280463046FFF736FE07EB40
:10A73000C70705EB0A03B94404EB4404804403EB68
:10A7400043034B4404EB080000EB430010F0FF0010
:10A750001CBF0130C0B2BDE8F08738B5C578AB0981
:10A76000032B04461ED0437805F03F05AB4219D9B0
:10A77000FFF7B7FFA84215D895B12379DB060FD5AF
:10A7800004212046FFF74AFF48B1037803F03F0356
:10A79000242B07D880785F288CBF0020012038BD8B
:10A7A0000120FCE70020FAE70278437802F00F026C
:10A7B000072A12D8DFE802F0080408111111080E68
:10A7C0000C3B584258417047063B1F2B8CBF002062
:10A7D000012070470BB1FFF7C0BF0020704702781F
:10A7E00002F00F02072A0AD0082A0AD0042A0ED142
:10A7F000407806381F288CBF002001207047FFF7E3
:10A80000ACBF4078A0F10E03584258417047002079
:10A810007047037801F0030123F003030B43037037
:10A8200070470078C0F3800070470078C0F3C00024
:10A8300070470078C0F3001070470B788370704742
:10A840001B2A08B504D940F24D412A20E6F7DCFC6A
:10A850004270BDE808400330FCF7EEBEB0F80730A8
:10A86000B1B1B3F5506F13D940F6075293421FD8D8
:10A87000B0F80930B3F5FA7F1AD2B0F80B000A38F5
:10A8800080B240F6764398428CBF0020012070478A
:10A890009A1F92B240F67A418A4209D80279511E33
:10A8A000072905D89A4203D2B0F805209A42DEE77C
:10A8B00000207047043001F1200351F8042B40F8C8
:10A8C000042B9942F9D10B880380704738B515469F
:10A8D0000446FFF7EFFF2B68C4F826306B68C4F816
:10A8E0002A3038BD037843B1406890F8D23123B1A3
:10A8F000002380F8D231F2F751BC704708B5017AD5
:10A9000019B101290AD0002008BD0368C2880221BC
:10A910008088F0F7A7FA20B10120F5E70368C28824
:10A92000F6E7F0F7A9FCF7E702230B7001238B7021
:10A930007047F0F71DBC10B521B94FF4107110200D
:10A94000E6F762FC4A600B72EFF3108472B6031DE7
:10A950000B6042681AB1127A012A08BF03600368CB
:10A960001960016004B962B6BDE81040F0F74ABC56
:10A970000222F0F76FBC0322F0F76CBC0422F0F760
:10A9800069BC0222F0F7AABC0322F0F7A7BC14238B
:10A990000B706FF4A57318440388A1F80330B0F866
:10A9A0004830A1F80530B0F84C30A1F80730B0F8C5
:10A9B0004A30A1F80930B0F84E30A1F80B3070479A
:10A9C00008B5CB1E012B04D8800100F5747080B24D
:10A9D00008BD012902D10E30C000F8E7022902D1DA
:10A9E0000F308000F3E74FF42E710620E6F70CFCE1
:10A9F00030B587B004460D46F0F788FA90B3A4F559
:10AA0000AA74694624882046FEF7FAFA20B14FF46A
:10AA100084712C20E6F7F8FBBDF80630ADF80E3057
:10AA2000BDF80830ADF81030BDF80230ADF8123086
:10AA300003A8BDF80430ADF80C40ADF81430FEF7B3
:10AA4000BDFA10B140F21111E3E7ADF80C009DF82A
:10AA50000C30002063F307009DF80D3063F30F20E6
:10AA600007B030BD2B46312203F8032BD4F8092060
:10AA7000C5F80320D4F80D205A60B4F811201A81CB
:10AA80000423ADF80C30E2E7406870470339012930
:10AA90008CBFC08A4FF42960704770B590F874601D
:10AAA0008D880C89033E012E04D943B11678033EEC
:10AAB000012E04D8B5F5296F38BF4FF4296590F8F9
:10AAC0007560033E012E04D943B15378033B012B3B
:10AAD00004D8B4F5296F38BF4FF42964CB884A886D
:10AAE000A0F85C20A0F86030A0F85E50A0F86240AA
:10AAF00070BD8383BDF8003001834283C3837047F8
:10AB00001B2200290CBF4FF4A4734FF429634FF0AC
:10AB10001B1182840284028502F1A472C0E905211E
:10AB2000C160C3844384C3838383438203827047A9
:10AB300038B5CB1E012B044610D9C58B438C9D42E2
:10AB400028BF1D46207AFFF73BFF6389AB4228BF31
:10AB50002B46984238BF184680B238BD4FF429655D
:10AB6000F0E72DE9F84307460E4680899DF82080DE
:10AB7000194614469946FFF723FF494605463846CD
:10AB8000FFF7D6FF854228BF05464146B88AA8F19F
:10AB90000308FFF715FFB8F1010F8CBFFA8A4FF4D5
:10ABA000296290420346ADB228BF1346A01D15FA94
:10ABB00083F330441844BDE8F88313B5028F03468D
:10ABC0003C3049B9D98E93F87540009493F87430AD
:10ABD000FFF7C7FF02B010BD998EF4E770B50C46C1
:10ABE000154619464BB9868EFFF7E7FF28443044D7
:10ABF000A04294BF201A002070BDC68EF4E738B57D
:10AC00000D4611460446FFF7D8FF2844206438BD9E
:10AC1000C369C06B984228BF184601F19C03834268
:10AC20003DBF401A9C38400800207047002803DBD5
:10AC3000884204DB08B202E049428142FADC7047F4
:10AC400000F05533400800F05530034403F0333230
:10AC50009B0803F033331A4402F00F33120902F059
:10AC60000F32134403F0FF101B0A03F0FF131844C4
:10AC700000EB1040C0B2704745F2555200EA0203A3
:10AC800002EA5002981843F2333300EA030203EA5F
:10AC900090031A4440F60F7302EA030003EA12130A
:10ACA000184400EB1020C0B2704700F05503400874
:10ACB00000F05500034403F033009B0803F0330316
:10ACC000034403F00F0000EB1310704780EA6000AC
:10ACD000FFF7B6BF40F34E039BB25840FFF7CCBF1F
:10ACE00032280CD006D8162818BF012894BF01209E
:10ACF00000207047A0F13E035842584170470120A0
:10AD0000704708B50246FFF7EBFF40B10846FFF772
:10AD1000E7FF20B18A420CBF23202A2008BD8A42C7
:10AD20000CD1A2F13003DBB20B2B07D840F6210087
:10AD300020FA03F3DB070CD52320EFE73E2901D1EE
:10AD4000262A0ED03E2A04D126290CBF2A20002014
:10AD5000E4E73B2901D11F2AF7E73B2A03D11F294A
:10AD6000F3E72A20DAE70020D8E74368002283F8D7
:10AD70008E2083F8CA20A3F8C62070470378426863
:10AD80002BB9A2F8CC30012382F8CE3070470023D3
:10AD9000A2F8CC3092F8CE3001335BB2F4E708B5BC
:10ADA0000378426813B982F8CE3008BD92F8CE30ED
:10ADB000013B5BB2002B82F8CE30F6DA52214A20FA
:10ADC000E6F722FA436883F8131183F812217047DB
:10ADD000A0F10B03042B0CD9A0F14403012B08D9DB
:10ADE000A0F121032F2818BF062B94BF01200020BB
:10ADF0007047012070474268D2F8803010B513F0D8
:10AE0000080409D143F00803C2F8803082F8101119
:10AE1000FFF7B4FF204610BD0120FCE710B54368E2
:10AE200093F88F404CB9CA7883F81021032283F835
:10AE30008F20FFF7A3FF204610BD0124FBE7C26966
:10AE400041F64B539A429CBF4AF6C873B3FBF2F3E8
:10AE5000828C408E88BF0623134410FB03F080B21F
:10AE60007047436893F89020073A012A81BF0A7916
:10AE700083F89120072283F89020002070474268D1
:10AE800092F89030073B012B84BF082382F8903062
:10AE9000704770B5426892F88F50F5B9B1F8093033
:10AEA000B2F88860A2F8A032013B9B1B9BB247F628
:10AEB000FD76B34206D9282382F8B130F0F7D4FEEC
:10AEC000284670BD4B68C2F8A2320B7A82F8A632CF
:10AED00043680B2283F88F20F2E70125F0E708B5DD
:10AEE000436893F88E201AB12A215520E6F78CF991
:10AEF0000C2283F88E2008BD2DE9F74F06468946BF
:10AF000090460193FFF79BFFD6F8E47104465FB9C2
:10AF10000023C8F80030B6F8883023449CB2019B67
:10AF20001C8003B0BDE8F08FF1F7F0F90028EFD1F5
:10AF3000D6E97232D6F81CC00CFB04FE1EEB030EE1
:10AF4000D7E902130B44D7E9001542F100025B1860
:10AF500045F10005734575EB020114D2BEEB030108
:10AF60006FF0010B62EB050A8B4570EB0A0A03D206
:10AF700039215620E6F748F93869471E3944B1FBB4
:10AF8000F0F1E0FB0135B3EB0E0365EB02056FF06A
:10AF900001029A424FF00002AA4101D24421E8E79F
:10AFA000B3FBF9F209FB1233B3FBFCF291B20CFBD9
:10AFB0001133C8F80030B6F888301C441444A4B2E9
:10AFC000ADE70B46082203F8032BD0F80920C1F89F
:10AFD0000320D0F80D205A60427C1A720023CB70F7
:10AFE000704770B5436893F88F5006460C46002DA5
:10AFF00061D193F87D102046FFF730FC014628B957
:10B00000E1783046BDE87040FFF7F5BE7268B4F8ED
:10B010000D30B2F88800A2F8A032013B1B1A9BB297
:10B0200047F6FD70834207D9282382F8B1303046B5
:10B03000F0F71AFE284670BDB4F807306FF4506080
:10B040001818062895BFA3F5506340F2E2414FF46B
:10B050007A704B4398BF4343C2F8A83288BF294651
:10B060002379E1B103EB830303EB83039B00A2F895
:10B07000A232B4F80530D9B164214B43C2F8A432EE
:10B08000B4F80930A2F8AC32B4F80B30A2F8AE3202
:10B09000002382F8B4320E2382F88F30CAE7C3EB64
:10B0A000431003EB800303EB83035B009BB2DEE7FB
:10B0B00040F2E241E1E70125BCE708B5436893F8B7
:10B0C0008E201AB197215620E6F79EF80E2283F8BB
:10B0D0008E2008BD37B50C4609891A29054619D9AD
:10B0E0006389B3F5A47F15D3A2881A2A12D9E08800
:10B0F000B0F5A47F0ED36C68009004F13C00FFF71C
:10B10000F8FC6968204601F24B11F0F7F3F80120D2
:10B1100003B030BD0020FBE708B5436893F88E20EC
:10B120001AB12621A320E6F76FF81E2283F88E209D
:10B1300008BD38B5456895F88E301E3B022B044695
:10B140000CD8FFF7C7FF18B160680421F4F74AFF75
:10B15000002085F8CA0085F88E0038BD0120FCE784
:10B16000F7B50446406890F88F50002D3CD10E8909
:10B170001A2E03D94B89B3F5A47F05D2204603B01C
:10B18000BDE8F040FFF74ABE8A881A2AF6D9CF8870
:10B19000B7F5A47FF2D3009731463C30FFF7A9FC06
:10B1A000636893F88E201E2A09D16368202283F8F1
:10B1B0008F202046FFF7E2FD284603B0F0BD93F84C
:10B1C0002331002BF1D1636893F82231002BECD1AD
:10B1D00062681F23114682F88F3031F83C0B02F56C
:10B1E000AA72F0F7EBF8E4E70125E5E710B543684C
:10B1F0000446002283F88F20A3F8CC20FFF7CFFD70
:10B2000060680421BDE81040F4F7ECBE38B545682D
:10B2100095F88E301E3B022B04460CD8FFF75AFFE0
:10B2200018B160680621F2F733F8002085F8CA00EB
:10B2300085F88E0038BD0120FCE74268D2F88030E6
:10B24000D90610B5044603D4B021A320E5F7DCFFEE
:10B25000990601D5B121F8E723F01003C2F8803038
:10B26000FFF79DFD60680621BDE81040F2F710B8B9
:10B270000B230B70D0F80930C1F8023070470B4631
:10B280000C2203F8022BB0F809204A80C27A9A7087
:10B29000704710B50446406890F88E30182B14D1D2
:10B2A00000F1F80200F50A71052300F50E70FBF7B6
:10B2B000B7FF6368002000210122C3E93A0183F847
:10B2C00093201A2283F88E2010BD0220FCE74368E9
:10B2D00093F88E20152A0ED14A68C3F830228A6866
:10B2E000C3F834224368CA68C3F80C21182283F8D3
:10B2F0008E200020704702207047436893F88E200C
:10B30000112A01BF0020142283F8930083F88E20B5
:10B3100018BF0220704708B5436893F88E20142A9E
:10B3200004D04FF486711F20E5F76EFF012283F8E9
:10B33000D020132283F88E2008BD38B5436893F8D7
:10B340008F40054634B1123C0B2C8CBF01240824DD
:10B35000204638BD93F89420002AF9D0D3F81C3148
:10B3600033B9FFF70BFD6B68122283F88F20EFE7EC
:10B370000C220A21FFF726FD6B68322283F88F200A
:10B380002846FFF7FBFCE3E708B5436893F88F20F6
:10B39000162A04D04FF4BD711F20E5F735FF0122B6
:10B3A00083F8CF20172283F88F2008BD436893F8D5
:10B3B0008F20132A03BF1422002083F88F2002203D
:10B3C000704710B5436893F88F30192B044607D1A6
:10B3D000FFF7E5FC63681D2283F88F20002010BD75
:10B3E0000220FCE708B5436893F88F20122A04D0A6
:10B3F00040F2A3111F20E5F707FF012283F8CF20B9
:10B40000132283F88F2008BD08B5436893F88F2076
:10B41000172A04D040F2AB111F20E5F7F5FE1922E0
:10B4200083F88F2008BD08B5436893F88E201A2A48
:10B4300004D040F2DB111F20E5F7E6FE1C2283F862
:10B440008E2008BD08B5436893F88E2022B140F2E3
:10B45000E1111F20E5F7D8FE012283F8CF20112249
:10B4600083F88E2008BD08B5436893F88E203AB162
:10B4700093F8D02022B94FF4F4711F20E5F7C4FEF1
:10B48000012283F8CF20152283F88E2008BD0B46B9
:10B49000072203F8032BD0F80920C1F80320D0F8C5
:10B4A0000D205A60B0F811201A81C27C9A72704740
:10B4B00008B5436893F88E201AB1DD211C20E5F70A
:10B4C000A3FE042283F88E2008BD08B502784368E5
:10B4D0003AB983F88F20A3F8CC20BDE80840FFF7E5
:10B4E0005EBCD3F88020D10703D4EB211C20E5F704
:10B4F0008BFE22F00102C3F88020EEE70E23A0F5B8
:10B50000A1700B7003884B8070474368017893F8F3
:10B510008E2051B9052A01BF002283F8BE2083F88E
:10B52000CA2083F88E2000207047102AF3E738B530
:10B530000578446855B994F88F305BB9FFF71EFC65
:10B5400055B9022384F88F30002038BDD4F88030FC
:10B550005B07F3D50120F8E7D4F8803043F004030B
:10B56000C4F88030F0E7037833B14268D2F8803015
:10B5700023F00403C2F88030FFF711BC08B543681C
:10B5800093F88E201AB170214B20E5F73DFE02782A
:10B59000002A14BF1022052283F88E2008BD10B5A2
:10B5A000D0E90D42A24206D38B8C498E05334B4322
:10B5B000121B934202D3012380F83E3010BD0123B9
:10B5C0000B7000238B7030F8D23CA1F80330437A23
:10B5D0004B714389CB8083890B81704710B54468D8
:10B5E00094F8D12092070ED494F88E301BB17421B8
:10B5F0004020E5F709FE012284F88E2084F8CA2055
:10B60000A4F8C63010BD037843B994F88F300BB955
:10B61000FFF7C5FB002384F83231F3E7D4F880301C
:10B620009B07F7D5FFF7BBFBD4F8803023F002036C
:10B63000C4F88030EEE710B50B794C790A68012820
:10B6400043EA042108BF41F48031104610BD07B51C
:10B65000FFF7F1FF0DF10702F0F78EFD03B05DF883
:10B6600004FB037C0BB900207047037C012BFAD04C
:10B67000007C073818BF01207047037C012BDAB229
:10B6800001D0FFF7EEBF1046704710B5FEF7A1FDE1
:10B69000002814BF14240024FCF792F8404200F064
:10B6A0001400204410BD30B585B01546089BC01A63
:10B6B000099B61EB0304002C214602DA404264EB53
:10B6C000440103AB00932A4602ABFBF7F7FE002CC4
:10B6D000039801DA00B1281A05B030BD38B5054627
:10B6E000F7F7CEFD00F55F4341334FF47A72B3FBB9
:10B6F000F2F4FFF7CAFF033D00F1D003012D8CBF28
:10B70000002028202344184438BD10B5044690F882
:10B710007500FFF7E3FF012201462046BDE8104017
:10B72000FFF76DBA13B5002380F80432A0F8583241
:10B730001A46009319460446F0F720FF20B140F264
:10B740001D213020E5F760FD012384F80432C4F8A0
:10B750000002C4F8F801A4F81A02A4F8180284F848
:10B760001D02B4F88830A4F85A02013BA4F88830CE
:10B7700002B010BDF8B50D46D0F814110023D0E981
:10B78000526780F81831044681F8D62180F8583184
:10B790000121D0F81401EFF73DFAD4F81401C0E903
:10B7A000906794F8103180F82032C0E99467C0F8AF
:10B7B0005C52FFF7B7FFF6F7BBFFBDE8F840F9F7BB
:10B7C000A5BBD0F81401704710B5044690F8583165
:10B7D000EBB1FF2380F86031012100F017FB94F8F2
:10B7E0005831A3B194F81001F9F7E6FC94F8100170
:10B7F000F9F71CFE94F81001F9F79EFB20B940F20E
:10B8000009213020E5F700FD002384F8583100209D
:10B8100010BD08B590F8602142B990F8182142B1E6
:10B82000D0E94731994202D9F2F734FF002210469D
:10B8300008BD0122FBE710B50446FFF726FF00F222
:10B84000DB112046FFF7E4F9B0F5296F28BF4FF46C
:10B85000296080B210BD70B5044621B1012977D0AE
:10B8600040F6280171E000F04BFA94F85931054692
:10B870000E46DBB150EA010318D0D4E94A32D4E9CC
:10B880005201C01A61EB020133462A46FBF722FE41
:10B8900005FB01F300FB0633A5FB00021344D4E9CA
:10B8A0004A21121843EB0103C4E94A23E08C30B16A
:10B8B000EFF7A4FDE38CB0FBF3F202FB1300D4E935
:10B8C0004A32ED1846EB02062D184FF0000346F100
:10B8D00000060222C4E94A56C4E9525684F83831B7
:10B8E000A4F8402184F8593194F8603103F0FF0145
:10B8F000DBB9D4E954026FF000439A4208BFB0F1BB
:10B90000FF3F18D02046D4E9525600F0B8F9D4E9E8
:10B910005432E5305B1B62EB06021B1A62F1000237
:10B92000002A08DA2046F2F7B5FEF6F701FFBDE877
:10B930007040F9F7EBBA94F8100104F59C71F9F72F
:10B94000A7FB0028F1D14FF4EA613020E5F75CFC59
:10B95000002380F81831E8E790F85801003818BF44
:10B96000012070470B46062203F8032BB0F809208C
:10B97000A1F80320C27A9A7070470B46172203F889
:10B98000032BD0F80920C1F80320D0F80D205A600D
:10B990007047352301F8033B00F10903293053F8C0
:10B9A000042B41F8042B8342F9D11B880B8070478C
:10B9B0008B88F7B513F0180506460C461FD10868AA
:10B9C00020B940F2CF312D20E5F71EFC00F0B4FA8B
:10B9D000217C677CF1F7AAFDA388009301462B46E2
:10B9E0003A463046F1F7C2FDD4E90223BB30824229
:10B9F00073F100032CBF0120002003B0F0BD012033
:10BA0000FBE738B50B46132203F8032B0C4600F175
:10BA10000902293052F8041B43F8041B8242F9D171
:10BA200012781A70A5880123A37102212846E6F72F
:10BA30008FF870B1E37863B10088EEF767FC0221FC
:10BA40002846E6F79BF820B140F22B212D20E5F7A0
:10BA5000DBFB38BD70B504460D46963019461646D8
:10BA6000FEF7F7FB84F8745084F87550FF2384F8D0
:10BA70007630E91E01298CBF0021012104F13C0030
:10BA8000FFF73EF831462046EFF72AF994F87E306A
:10BA9000002B14BF4D239623E386A3860023238720
:10BAA00070BD38B5CB690446A3F57A75104641F2EE
:10BAB000707295429DBF4FF47A72B3FBF2F303F5B7
:10BAC000506340F2E24288BFB3FBF2F39BB2A4F8AA
:10BAD000AC308B8CA4F8AE30CB8CA4F8B03091F89D
:10BAE0007F3084F8B230637F04F1A00263B394F82E
:10BAF0006830012B28D194F86E3003F0C003402B3E
:10BB000022D1D4F86930C4F8A030B4F86D309380F5
:10BB1000236A9A7884F89920082803F1030504F130
:10BB2000A601D3F8033004F19A0218D0C4F8A63065
:10BB3000AB888B8004F19901EEF7D2FE40B940F654
:10BB4000BB312D20E5F760FB0023C4F8A030DEE711
:10BB500094F8993043F0020384F8993038BDC4F862
:10BB60009A30AB8893800023C4F8A6308B80F5E729
:10BB70000B46162210B503F8032BD0F80920C1F8A4
:10BB80000320427B1A71CB78BBB130F8B43C1B0761
:10BB900013D4B1F8054002212046E5F7D9FF60B182
:10BBA0000088EEF7B3FB02212046E5F7E7FF20B15E
:10BBB00040F26B212D20E5F727FB10BD0121F2F7A4
:10BBC0006BB9FFF7FBBF08B590F894300BB10120BB
:10BBD00008BD90F8CC30002BF9D190F8BE3003F0BE
:10BBE000FF00002BF4D0EEF7B7F980F00100C0B2EF
:10BBF000EEE730B54FF4B47285B004460D4600212F
:10BC0000FBF7DAFCFF2323701323638042F21073E7
:10BC1000E384E6F7A9F800220146E0646846E6F707
:10BC2000E9F8E06C00220121FCF7FEFCE16C042243
:10BC30006846E6F7DFF80022E06C1146FCF7F4FCFA
:10BC400004F13000E57400F021F902A8EFF79CF848
:10BC500020B940F20B312D20E5F7D6FA02A904F104
:10BC60003600FEF7F6FA05B030BDFF23C86C0B7046
:10BC7000FCF7A6BC0078FF3818BF01207047F7B565
:10BC8000044630300E4600F057F96188CA06074670
:10BC900005D52822F2F73CFD6D3003B0F0BD8B07CF
:10BCA000E06C0FD5FCF769FD217905463846F1F7C0
:10BCB0003DFC638800930146627933462846F1F7DC
:10BCC00055FCE9E7FCF749FDEEE7034630B55A8835
:10BCD00012F0180F87B0084610D1D3E9024503F1DE
:10BCE000300100919B88ADF804206946CDE90245FA
:10BCF000ADF81030FFF75CFE07B030BD0120FBE768
:10BD0000D0E9020170470B68C0F816308B88438376
:10BD1000012303777047438813F0100005D013F018
:10BD2000040F14BF00201F2070479A0704D4DB07BC
:10BD300001D4E6F747B8EE20704708B5FFF7EBFFF0
:10BD4000003818BF012008BD4FF40043A0F8483068
:10BD500043881D2B08BF00214174704790F91300E0
:10BD60007047408800F0010070478078C0F34000C1
:10BD700070478078C0F3C000704710B54488C06C2D
:10BD8000E30654BFC4F340040024FCF7DDFC84F058
:10BD900001042043C0B210BD8078C0F3001070478A
:10BDA0004088A0F109035842584170474079C31EAA
:10BDB000012B05D8B1F87230012B14BF04200320E9
:10BDC000704710B50446EFF719FBC0F30B00A04213
:10BDD000F9D010BD10B50446F2F796FB20460021BD
:10BDE000F2F75AF82046BDE81040F1F749BD90F847
:10BDF000683001624B72D0F86930C1F80A30B0F88F
:10BE00006D30CB8170477047F1F75CBF80F88810C8
:10BE10007047FF2380F88B30704780F8241080F83B
:10BE2000252070478278034612F0010002D0D978AD
:10BE3000C90710D5900702D5D97889070AD512F01D
:10BE4000040008D0D878C0F3800080F001008000A2
:10BE5000C0B2704702207047C0F34002C0F38003B5
:10BE6000134400F0010018447047022808B507D0B9
:10BE7000042807D0012807D039212E20E5F7C4F97E
:10BE8000262008BD2720FCE72520FAE70023C0F87C
:10BE9000023001234370037070478170704710B502
:10BEA0004270017080781446FFF7D6FF10FB01F056
:10BEB00010FB04F2FE2A03DD5C212E20E5F7A4F935
:10BEC00010BD0023C37043710371704710B5044661
:10BED000FFF7A8FF637962780133DBB29A4263719E
:10BEE0000FD1E378A1780343DBB29942E37008BF36
:10BEF00023794FF0000208BF0133627104BFE27082
:10BF00002371BDE81040FFF7B0BF38B50146807817
:10BF1000FFF7A2FF0446C8784D78FFF79DFF0A7926
:10BF20000B789B1A13FB05F34A7913FB04F39B1A56
:10BF300000FB1530C0B238BD08B501468078FFF768
:10BF40008BFF4B780A7813FB02F313FB00F0C0B2AF
:10BF500008BD40F2EF20704740F25A335843704713
:10BF600008B590F81631FE2B04D040F6B30131200D
:10BF7000E5F74AF9002380F8161180F8173112B955
:10BF8000A0F8CC2008BDA0F8C630012380F8CA3044
:10BF9000F8E708B5436893F88F20172A04D040F2D9
:10BFA00052513120E5F730F91B2283F88F2008BD6C
:10BFB00008B5436893F88F20322A06D1002283F80F
:10BFC0008F20BDE80840FEF7EABE172A03D11B22E6
:10BFD00083F88F2008BD40F267513120E5F714F94E
:10BFE000037D63B9C37BA3F11102032A07D990F83B
:10BFF000500028B11D2B8CBF00200120704701206C
:10C000007047037D63B9837BA3F11102032A07D92B
:10C0100090F8500028B11D2B8CBF002001207047E4
:10C020000120704738B553680E3814460D4693F812
:10C030008E2009283FD8DFE800F0053E3E3E0F3E47
:10C04000173E3E26042A05D12046FEF78EFE2046E6
:10C05000EFF7BCFF002038BD102AFBD1204600219D
:10C06000BDE83840FFF751BA1E2AF3D12046FEF74B
:10C070007CFE002DEED0626892F8E03023F02003C1
:10C0800082F8E030E6E793F88F20242AE2D10025F9
:10C0900083F88F502046FEF782FE636893F82C31B8
:10C0A000012B03D129462046EDF7C8FF6368002223
:10C0B00083F82C21CEE740F256213120E5F7A4F891
:10C0C00002464068097990F88E301E2B16D00DD8A4
:10C0D000042B15D0102B15D090F88F00242815D0E4
:10C0E000302B0CBF2620FE20F2F73CBD292B0BD0B5
:10C0F0002F2B01D0222BEFD11620F5E71420F3E7E8
:10C100000E20F1E71220EFE72320EDE71720EBE701
:10C11000024640680B4690F8E01041F0040180F8B8
:10C12000E01059791879F2F71DBD38B50D4604466F
:10C13000D1E90501E5F7BCFD95F8200220280FD0D4
:10C14000F9F73AF895F82002F9F770F995F8200216
:10C15000F8F7F2FE20B940F61D113120E5F754F84A
:10C160000D212046E5F70AFD0E212046E5F706FDE4
:10C1700010212046E5F702FD0F212046E5F7FEFCE1
:10C1800011212046E5F7FAFC20461221BDE838408F
:10C19000E5F7F4BCE6F7A6BB0022A0F88E2080F8F5
:10C1A000922090F8D33113B10221F1F771B8032135
:10C1B000FBE738B50446084694F8903213B10C25D5
:10C1C000284638BD94F88F30163B012BF7D894F8E9
:10C1D000C03203F0FF05002BF1D191B194F8EE319C
:10C1E00023B940F699213120E5F70EF8052304F133
:10C1F000F80204F5EF71FBF713F8012384F890328D
:10C20000DEE70223FAE7EFF769BA10B5044690F8C3
:10C21000751090F87400F3F7E7FC00220146204601
:10C22000BDE81040FEF7EBBC10B5044686B01346DF
:10C230000A4601466846F3F7F3FC94F8F1016946B3
:10C24000F8F726FF20B940F2FD213520E4F7DCFFA6
:10C25000B4F888300133A4F8883006B010BDF3F785
:10C260007FBCC0F8D011704710B50446FFF70DFA37
:10C2700000F5C6712046FEF7CBFCB0F5296F28BF4C
:10C280004FF4296080B210BD10B5044686B020B9C5
:10C2900040F2B3113520E4F7B7FF90F8F02102F037
:10C2A000FF0312B14FF4DA71F4E790F8F121202A7C
:10C2B00002D140F2B511EDE7014601226846F3F7DD
:10C2C000AFFC94F8F1016946F8F7E2FE10B940F2CC
:10C2D000B911DFE706B010BD034690F8CA0028B1D7
:10C2E000B3F8C610B3F8C82091421ED293F9CE20FD
:10C2F0002AB1B3F8CC10B3F8C820914214D2B3F8E5
:10C30000C220B3F8C41091420ED2B3F8C00093F823
:10C31000923023B9052894BF002001207047824243
:10C320008CBF00200120704701207047436893F8BC
:10C3300018212AB1002283F88E2083F8CA20704782
:10C3400083F88F20FEF72BBD436893F88E20032AD5
:10C3500005D1002283F8CA2083F88E207047FEF7AB
:10C360001EBDA1F11303012B0AD910B9172902D858
:10C370007047132906D91C298CBF00200120704763
:10C38000012070470020704738B55368142893F88F
:10C390008E300D4614460BD0162819D0122830D1F5
:10C3A000052B13D1BDE8384000211046FFF7ADB88A
:10C3B0001E3B022B0AD81046FEF7D7FC35B1626847
:10C3C00092F8E03023F0200382F8E030002038BDFE
:10C3D000212BFBD11046FEF7C8FC6DB1626892F8C4
:10C3E000E13023F0010382F8E130626892F8E13035
:10C3F00023F0080382F8E1301A212046EDF71EFEF3
:10C40000E4E740F25A413620E4F7FEFE436809793A
:10C4100093F88E300246A3F111000C280BD9292B7A
:10C420000BD01E2B0BD0052B0BD0212B0CBF1620B5
:10C43000FE20F4F705B80320FBE72320F9E71420DA
:10C44000F7E71220F5E7024640680B4690F8E01047
:10C4500041F0040180F8E01059791879F3F7F0BF42
:10C4600038B50C460546D1E90501E5F721FC94F8FD
:10C47000F10120280FD0F8F79FFE94F8F101F8F7AA
:10C48000D5FF94F8F101F8F757FD20B940F6A21155
:10C490003620E4F7B9FE04F5E4742046EFF74EFFCA
:10C4A00010B12046EFF758FF0D212846E5F766FB4F
:10C4B0000E212846E5F762FB10212846E5F75EFBD2
:10C4C0000F212846E5F75AFB11212846E5F756FBD0
:10C4D00028461221BDE83840E5F750BB00207047E0
:10C4E000EEF7F8BFEFF7B6B8EFF7E0B870B5468EE5
:10C4F00090F89220B0F8C0300146B60012BBC3F1EC
:10C5000006039D1B91F8BE301BB191F88E30052BB0
:10C510001DD101F18000FFF774FDD0B1D1E92D34B8
:10C52000E41AA41BAC420888A8BF2C4600F041F8CE
:10C5300020B1C389043B9C42B8BF1C4624EAE47086
:10C5400080B270BDB0F8C250ED1AAD1BDAE700241E
:10C55000E8E72C46E6E770B50D4604210646E5F708
:10C56000F7FA044648B906213046E5F7F1FA20B15A
:10C5700015B190F8BD3003B90446204670BD1D23A7
:10C5800010B5C3700446EDF751FD207110BD1E2398
:10C5900010B5C3700446EDF749FD207110BD0123AD
:10C5A0004380038000238380C3804FF4486303816A
:10C5B00070470E21E5F7CCBA73B569460546FDF71D
:10C5C000F0FC044618B11F215420E4F71DFE284654
:10C5D000019EFFF7EEFF28B1012373868481448119
:10C5E0000482C48102B070BD3C2303804FF4FA433F
:10C5F00043800123C38083800023038143814FF460
:10C6000048638381704708B5F5F7D4FBF5F7A2F8C6
:10C61000F4F760FEBDE80840F4F71CBF08B5FAF770
:10C62000B1FEBDE80840F9F7D7BC801A00F3070057
:10C6300038B540B20D4659B21446F9F7BDFC002397
:10C6400028706B70204440B238BD002303607047EF
:10C650007047002070474FF0FF3070474FF0FF30B9
:10C66000704770474FF0FF30704700207047002040
:10C6700070470023037070479DF800300022FFF7D9
:10C68000D4BF4FF0FF307047002070474FF0FF30AD
:10C6900070474FF0FF3070477047C0B208B520B9FF
:10C6A0004FF0804301221A6008BD5121B520FAF7EE
:10C6B00069FC0020F9F7E8BC4FF08043D3F8080488
:10C6C00000F0010070474FF08043D3F8140400F0ED
:10C6D000010070474FF08043D3F81C0400F00300C2
:10C6E00070474FF08042D2F81834D2F81824C3F3C0
:10C6F000004302F00302824214BF002003F0010055
:10C7000070470020F9F73ABD0020F9F765BD002019
:10C71000F9F7BABC38B5054691F82B000C46F8F786
:10C720000BFC18B9F6216A20FAF72CFC00232385AC
:10C7300084F82A300921236A2846984718B10378DB
:10C740000BB1FA21EFE738BD08B5426A0346114440
:10C750001A785962012AA1F1500006D1F8F780FD3C
:10C7600040B9DA216A20FAF70DFCF8F779FD08B92B
:10C77000DF21F7E708BD70B5FAF77AFB002405461C
:10C780002646E0B2854200D870BDFAF777FB013447
:10C79000068580F82A60F4E7F8B504460D46FAF7F6
:10C7A00067FB00270646F8B2864204D8082D0CD94C
:10C7B0006FF0150008E0FAF761FB90F82A300137B6
:10C7C000002BF0D04FF0FF30F8BD2CB129462046A9
:10C7D000BDE8F840FAF75EBB21462046F8E710B501
:10C7E0000446FAF74BFB014688B190F828308BB924
:10C7F00090F82A3073B1013B012B04D82046FFF793
:10C8000089FF002010BD012380F82830F9E76FF080
:10C810000100F7E76FF02200F4E770B50D46FAF774
:10C820002DFB0446002848D090F82A60731E012B87
:10C8300049D8002D44D02846FAF7F0F800283FD018
:10C840002B78FBB9012323702B79003B18BF012300
:10C8500063726B79002B14BF042302232372AB682D
:10C860006F336360EB682361032394F82B0084F833
:10C870002A302146F8F70CFC40BB40F2E2216A2046
:10C88000FAF780FB022E1ED1002323702B79003B88
:10C8900018BF012363726B79002B18BF0426267220
:10C8A000EB68A9686F336360D4E906325B1842EB2A
:10C8B000E172C4E904320423D7E76FF0010070BDD0
:10C8C0006FF01500FBE76FF02200F8E70020F6E7B5
:10C8D000F8B5037904461BB11B219D20FAF752FBE2
:10C8E0004679017126B901234371217909B9617132
:10C8F000F8BD276826712046B84702280546F4D1BE
:10C9000003212046B84708B12F21E6E723682946CE
:10C91000204698470028E8D03021DEE7034600682B
:10C92000884204D109B10A681A600846704728B9DC
:10C930007047884202D10A681A60F6E70346006829
:10C940000028F6D170470346002018707047EFF3B7
:10C95000108272B603780121DBB2017002B962B6AF
:10C96000012B0CBF6FF0220000207047EFF3108303
:10C9700072B60022027003B962B600207047FAF75F
:10C98000DBBCFAF723BDFAF721BD00280CBF6FF01E
:10C990001500002070470020704707230370002017
:10C9A0007047002070470020704710F8012B11F8E5
:10C9B000013B012A28BF9A42F7D0D01A704703469C
:10C9C00011F8012B03F8012B002AF9D17047034617
:10C9D00013F8012B002AFBD1181A013870472DE9F2
:10C9E000F04786468C460846089E1546744619460A
:10C9F000002B40F0C2808542B2FA82F245D94AB19A
:10CA0000C2F1200300FA02FC2EFA03F3954043EA38
:10CA10000C0C94404FEA154EA8B2BCFBFEF8230C58
:10CA20000EFB18CC08FB00F943EA0C43994528D9C2
:10CA3000EB1808F1FF3704D2994502D9A8F1020793
:10CA40002B44A3EB0903A4B2B3FBFEFC0EFB1C3387
:10CA50000CFB00F044EA0344A04214D92C190CF159
:10CA6000FF3304D2A04202D9ACF102032C44241AB1
:10CA700043EA07401EB1D440002334607360BDE830
:10CA8000F0874746DDE76346F1E792BB431B012190
:10CA90004FEA154EAFB2B3FBFEFC200C0EFB1C336D
:10CAA0000CFB07F840EA0343984562D9EB180CF1F8
:10CAB000FF3004D2984502D9ACF102002B44A3EB1D
:10CAC0000803A4B2B3FBFEFC0EFB1C330CFB07F700
:10CAD00044EA0344A7424ED92C190CF1FF3304D287
:10CAE000A74202D9ACF102032C44E41B43EA004004
:10CAF000C0E7C2F1200320FA03F1954090402EFADE
:10CB000003F303434FEA154EAFB2B1FBFEFC0EFB3D
:10CB10001C10190C0CFB07F841EA0041884504FA87
:10CB200002F422D969180CF1FF3004D2884502D9E9
:10CB3000ACF102002944A1EB08019BB2B1FBFEFC61
:10CB40000EFB1C110CFB07F743EA01439F420ED971
:10CB5000EB180CF1FF3104D29F4202D9ACF1020173
:10CB60002B44DB1B41EA004192E76046E3E7614664
:10CB7000F7E76046A3E76346B7E7834206D916B9ED
:10CB8000002108467BE7C6E900E0F9E7B3FA83F73E
:10CB90008FB9834201D3724508D8BEEB020460EB23
:10CBA000030301209C461EB9002168E73846FAE7D6
:10CBB000C6E9004CF8E7C7F1200CBB4022FA0CF4A0
:10CBC0001C432EFA0CF120FA0CF3B84001434FEA53
:10CBD00014490EFA07F5B3FBF9F81FFA84FE09FBB6
:10CBE00018300B0C08FB0EFA43EA00439A4502FA90
:10CBF00007F240D9E31808F1FF3004D29A4502D970
:10CC0000A8F102002344A3EB0A0389B2B3FBF9F8AD
:10CC100009FB183308FB0EFE41EA03418E452CD96F
:10CC2000611808F1FF3304D28E4502D9A8F102033E
:10CC3000214443EA0040A0FB0298A1EB0E014145CC
:10CC4000CE46434602D306D14D4504D2B9EB020E7F
:10CC500068EB04030138002EA6D0B5EB0E0261EBA1
:10CC6000030101FA0CFC22FA07F34CEA0303F94032
:10CC7000C6E9003198E74046C5E74346D9E70000DA
:10CC8000F0B5002285B0114602AF40F6034008F02F
:10CC90005FFD044600285BD107F062FE21463A1D85
:10CCA00041F2030008F054FD0446002850D17A6890
:10CCB000C34DD168D1F80100D1F8051005F1780312
:10CCC00003C3104606F022FF21463A1D41F201003F
:10CCD00008F03EFD044600283AD17868C3685A78C7
:10CCE00085F870205A88A5F872201A7985F8712085
:10CCF000B3F80720A5F87420B3F80530A5F876300E
:10CD000006F004FF21463A1D41F2020008F020FD22
:10CD10000446E8B9D7F804C0DCF80C2005F1800619
:10CD2000531C413218685968344603C4083393428F
:10CD30002646F7D1604606F0E9FE95F87C305B06A2
:10CD40000AD4A04AA048012121F056FE6FF0120437
:10CD500020460C37BD46F0BD3A1D002142F20300CB
:10CD600008F0F6FC04460028F2D17A68974BD168A7
:10CD7000D1F80100D1F8051003C3104606F0C6FE35
:10CD800021463A1D42F2020008F0E2FC0446002867
:10CD9000DED17E68F468B4F801309AB292B1E278DC
:10CDA00082B1A5F80431E378032B06D00322009268
:10CDB0008548874A022121F048F9E27885481146E2
:10CDC00025F058FA304606F0A1FE95F87C601F2346
:10CDD00016F02006A5F8203119D14FF0FF304FF0A2
:10CDE000FF3108F043F90446002800F09D8002213D
:10CDF0000C3007F017F801230370467021463246C5
:10CE000040F66D4008F0A4FC04460028A0D195F837
:10CE10009C301E0712D53A1D002142F21C0008F07A
:10CE200097FC0446002893D17868C368D3F80120A2
:10CE3000D3F80530C5E9382306F068FE95F8D830F8
:10CE40005C0610D53A1D002142F22A0008F080FC51
:10CE5000044600287FF47CAF7868C3685B7885F867
:10CE6000223106F053FE4FF0FF304FF0FF3108F053
:10CE7000FDF80446002857D008210C3006F0D2FFF8
:10CE800095F8D81011F0400F024640F2022308BF77
:10CE9000032388074CBF43F02C0043F00C008B06A3
:10CEA00095F8D93048BF40F0400013F0090F18BF83
:10CEB00040F40060CE0748BF40F01000002121F090
:10CEC000C4FD2146002242F2010008F041FC044664
:10CED00000287FF43DAF95F87C30B5F80411980632
:10CEE00025D4C9B93A1D41F2050008F031FC0446C9
:10CEF00000287FF42DAFB5F804317C684BB9E368A6
:10CF0000B3F80120A5F804219A883248114625F08B
:10CF1000B1F9204606F0FAFD4FF0FF304FF0FF3137
:10CF200008F0A4F8044660B96FF0680410E700291F
:10CF3000F2D1294A2448012121F05EFD6FF004045A
:10CF400006E708210C3006F06DFF95F8D830D907B8
:10CF500002462AD421484FF0005121F076FD2146A7
:10CF6000002240F6014008F0F3FB044600287FF45D
:10CF7000EFAE01463A1D4FF6014008F0E9FB88B3D9
:10CF8000174A1148022121F037FD21F073FF0446B2
:10CF900000287FF4DDAE0CF057F8044600287FF43B
:10CFA000D7AE08F035FA0446D2E603A1D1E9000174
:10CFB000D3E700BFAFF3008090880002008000201C
:10CFC000900C0020D4790400643A0400680D00201D
:10CFD000F8790400980D00203E7A040010880002C1
:10CFE000617A04007B68DC68B4F80130032B96BFDB
:10CFF000434A444952F823106E468AB002AA424876
:10D00000D3614FF400731384404BC2E9050142F829
:10D01000103F3F484FF4135121F008FDB4F80120B0
:10D02000B4F80330022AB54649D1052B47D8394A0E
:10D0300052F823106E468AB002AA3748D3614FF4E3
:10D0400000731384314BC2E9050142F8103F4FF4DD
:10D0500013512F4821F0EAFC637994F806C0D4F804
:10D060000900032BB54698BF2C4AB4F8076094BF5B
:10D0700052F8231023496C468CB002AADFF8A0E0D6
:10D08000C2E9073C4FF400739385264BC2E905E1E2
:10D09000C2E909604FF4735142F8103F1C4821F077
:10D0A000C5FCA546786806F031FD3A1D00214FF613
:10D0B000024008F04DFB044618B11B4A61E71149D4
:10D0C000B8E77868C368B3F80130A5F8C13006F056
:10D0D0001DFD95F8C1305B077FF557AF3A1D21461E
:10D0E0004FF6034008F034FB08B1104A49E778686E
:10D0F000C3685B7885F8C03006F008FD45E700BFDF
:10D1000080420400504E0400857A040004000001AF
:10D11000643A0400684204009E7A04005842040005
:10D12000B67A040007000001E37A04000C7B0400D7
:10D130000B46024A0248022120F049B86C4B040019
:10D14000C43A0400024A0348032120F042B800BF59
:10D15000984B0400C43A0400024A0348022120F01C
:10D1600038B800BFAA4B0400C43A0400014818F0C4
:10D17000A9BE00BF600E002008B50548054A03217E
:10D1800020F027F8BDE80840034818F09BBE00BF18
:10D19000C43A0400BC4B0400500E002008B50846F9
:10D1A0000AF0B6FD014B186008BD00BF70500020AA
:10D1B00037B5204B04461868002837D01E4B1B7823
:10D1C00053B9282C12D11D4A1D48032120F001F823
:10D1D0000025284603B030BD1A4B1B88A34205D159
:10D1E000194A174803211FF0F2FFF1E7174BADF87A
:10D1F00000401B88ADF80430694640F277134FF4C5
:10D200007A72ADF802406343B3FBF2F3ADF8063037
:10D2100022F044F8054630B103460D4A0848022181
:10D220001FF0D5FFD5E70B4A2346DAE76FF07F05FD
:10D23000CFE700BF7050002084700020EF4B040047
:10D24000C43A0400E21100202E4C0400546F002068
:10D250005C4C0400844C040030B5134D0FCD89B0F4
:10D2600003AC0FC42B6823600124104B10490094B9
:10D27000022203A809F000FC10F1780F034607D141
:10D280000C4B0D4A1C700D4803211FF0A2FF05E056
:10D2900030B10B4A094821461FF099FF09B030BD53
:10D2A000044B084A1C70EEE7103C04008840040060
:10D2B000904004008B6F0020AD4C0400C43A040081
:10D2C000C84C0400ED4C040013B500238DF8073062
:10D2D000204B1B7833B1204A204803211FF079FFEF
:10D2E000002409E021F086F9044640B11C4A0346B7
:10D2F0001A4801211FF06BFF204602B010BD04F058
:10D30000E5FE2046174904F05DFE044610B1164ABA
:10D310000346EDE79DF80730144943F001030DF192
:10D3200007028DF8073012F01BF921469DF807001F
:10D3300004F0FEFE044610B10D4A0346D8E7012072
:10D3400005F030F8044610B10A4A0346D0E70A4A0D
:10D35000C2E700BF8A6F00200E4D0400C43A0400EB
:10D360003A4D04005B4D04006B4D040069DC010084
:10D37000904D0400B54D0400D74D040007B50529B4
:10D380004FF000020B46019209D0062915D00C4A35
:10D3900002210C481FF01BFF03B05DF804FB0223C1
:10D3A00001A98DF807308DF8063021F02EFF0346D5
:10D3B0000028F1D0044A0121EBE70123F0E700BF88
:10D3C000E44D0400C43A0400FC4D040008B5044ACE
:10D3D000044803211FF0FDFE034B06221A7008BD0E
:10D3E000204E0400C43A0400FE11002008B50F4B83
:10D3F00001221A700E4B00221A700B78012B08D0F4
:10D40000022B0AD0BDE808400A4A0B4803211FF04E
:10D41000E0BEBDE80840FFF7D9BF084A064803212F
:10D420001FF0D7FE064B05221A7008BD877000203A
:10D4300086700020444E0400C43A0400324E0400BA
:10D44000FE110020F0B5104B87B001AA054603F18C
:10D450001007164618685968144603C40833BB42BF
:10D460002246F7D11B782370084A094B31462846DB
:10D4700004F0C2FC034620B1064A074801211FF010
:10D48000A6FE07B0F0BD00BF243C0400440E0020FF
:10D490002C500020584E0400C43A0400034B1B6873
:10D4A000834201D1FFF7CEBF704700BF705000200C
:10D4B00013B50B46044621BB154A164803211FF03D
:10D4C00088FE204623F0F1F8134A03460321114851
:10D4D0001FF07DFE204623F0E8F8104B1860204630
:10D4E000FFF7DCFF0E4B019301A9204621F077FEE8
:10D4F000034620B10B4A074801211FF068FE02B025
:10D5000010BD094A034802211FF061FEE7E700BF92
:10D51000904E0400C43A0400A24E0400700E002095
:10D52000FB009042CE4E0400AF4E0400024A034876
:10D53000002303211FF04BBEEE4E0400C43A04004A
:10D5400010B50E4B1A780446B2B90D4901221A7073
:10D550000C4B0B600FF04CF8034648B10A480B4ADD
:10D5600002211FF034FE2046BDE81040FFF796BFB1
:10D57000BDE81040FFF7DABF10BD00BF896F002083
:10D5800028500020B1D40100C43A04000E4F04001A
:10D5900008B50548054A03211FF01BFE044B186817
:10D5A000BDE80840FFF7CCBFC43A04002B4F04008D
:10D5B0007050002000B50C4B18688DB048B101A91F
:10D5C0000BF02AFB034638B1084A094802211FF034
:10D5D000FEFD0DB05DF804FB9DF80530002BF8D181
:10D5E000FFF7D6FFF5E700BF70500020624F040040
:10D5F000C43A04000346024A024802211FF0E7BD74
:10D60000894F0400C43A040010B5064A06480221B6
:10D610001FF0DFFDBDE81040044840F267620023C0
:10D6200018F066BFA04F0400C43A0400B02A0020DE
:10D63000F8B50C4600AF6D468AB00888E388898843
:10D640006A46164EC2E907130523C2E905604FF486
:10D65000235142F8103F12481FF0BFFD2388052BCD
:10D66000AD4603D96388B3F5C87F07D90D4A0C4886
:10D6700002211FF0AEFD0020BD46F8BDA3880BB10E
:10D68000094AF4E7E3880A3B9BB240F676429342AC
:10D6900001D9064AEBE70120EEE700BFC94F0400BD
:10D6A000C43A0400135004003450040055500400E0
:10D6B000B0B500AF8AB00D888C884888CB886A46A0
:10D6C000074953620623C2E90515C2E907404FF432
:10D6D000435142F8103F03481FF07FFDBD46B0BDE7
:10D6E00076500400C43A040098B50D4801800D48F6
:10D6F00002800D4800AF01248AB0047068460B4CCC
:10D70000C0E9072302460523C0E9054142F8103F5E
:10D7100007484FF423511FF060FDBD4698BD00BF80
:10D72000E2110020546F002084700020AD500400EE
:10D73000C43A040008B530201BF00CF838B10023BF
:10D740008385011DBDE8084003481FF049BDBDE8C1
:10D750000840FFF759BF00BF9C36040038B5144697
:10D76000084D4FF0FF324FF0FF33284617F084FF8B
:10D77000054B1A6814441C602846BDE8384017F071
:10D78000F7BE00BF881400207450002070B50378E5
:10D790008AB004460E4607AD032B20D8DFE803F01D
:10D7A00002191B1D11492846FFF709F905956378F1
:10D7B0000493A3780393E378029323790193637925
:10D7C0000093A3790A4A1E2130461FF0FBF90AB0E4
:10D7D00070BD0849E7E70849E5E70849E3E7084A73
:10D7E0000A2128461FF0EEF9E0E700BFF1500400DF
:10D7F00013510400F8500400FF50040009510400C4
:10D80000469C040090B589B000AF0C4621F0E1FCC5
:10D810003946FFF7BBFF8AB06A46094BD461C2E9BB
:10D820000537084B1362084B5362084B42F8103F10
:10D8300007484FF442511FF0D0FC2437BD4690BD3D
:10D840003651040053B20400000202040500000235
:10D85000C43A040080B588B000AF21F0BAFC394664
:10D86000FFF794FF88B06A46084B0948C2E90537BC
:10D870004FF400739383074B42F8103F4FF4E65187
:10D880001FF0ABFC2037BD4680BD00BF5C510400DB
:10D89000C43A04000300000190B589B000AF0C4603
:10D8A00021F097FC3946FFF771FF8AB06A46094BB1
:10D8B000D461C2E905374FF400731384064B42F874
:10D8C000103F06484FF413511FF087FC2437BD4624
:10D8D00090BD00BF7251040004000001C43A04006E
:10D8E00090B589B0036800AF186839461446FFF751
:10D8F0004DFF8AB06B46094ADC61C3E905274FF446
:10D9000000721A841A46064B42F8103F05484FF43D
:10D9100013511FF062FC2437BD4690BD94510400A2
:10D9200004000001C43A04002DE9F04194B000AFB6
:10D930000E461546044621F04CFC391DFFF726FF24
:10D94000391DFDB96D468AB06A46224BD661C2E9DF
:10D9500005314FF4007313841F4B42F8103F1F48EA
:10D960004FF413511FF039FC07F12401AD46204656
:10D970000BF052F997F82530012B26D15037BD46D0
:10D98000BDE8F081E8468CB06B46154A1348C3E900
:10D990000521144A5A62144A9A621A46C3E9076575
:10D9A000124B42F8103F4FF462511FF016FC07F182
:10D9B0002401C54620460BF02FF997F82530012B9E
:10D9C000DCD02046FFF76AFDD8E72046FFF7B8FD18
:10D9D000D4E700BFC151040004000001C43A0400B0
:10D9E000DF51040053B204000002030506000002E8
:10D9F000F0B589B000AF0C46064621F0EAFB394687
:10DA0000FFF7C4FE6D468AB06A461D4BD461C2E979
:10DA100005371C4B13621C4B53621C4B42F8103FE2
:10DA20001B484FF443511FF0D8FB1A4B1A4A0024ED
:10DA30001C7006231360AD46184A194D13702B68ED
:10DA40009E4215D1174818F059FD174B28681C70D5
:10DA5000164B1C70164B28221A80164B1C800AF09D
:10DA600085F9154B2C601B782BB9144818F02AFA4D
:10DA70002437BD46F0BD124B12481C70F6E700BFBC
:10DA80000652040053B20400000202040500000222
:10DA9000C43A040088700020740E0020FE1100209B
:10DAA00070500020802A0020896F002084700020A0
:10DAB000E2110020546F00208A6F00209050002057
:10DAC0008B6F0020805000202DE9F04395B000AF0F
:10DAD0003C1D0D46064621F07CFB2146FFF756FE15
:10DAE00035B3E8468AB06A46454BD561C2E905348C
:10DAF000444B1362444B5362444C454B42F8103F35
:10DB000044484FF443511FF068FB23689E42C546CA
:10DB10000AD130460AF02AF9002323603E4B1B78D5
:10DB200013B93E4818F0CEF95437BD46BDE8F0832E
:10DB30003B4B4FF001084146284683F8008014F023
:10DB4000F7F907F1240130460BF066F8054618B1E5
:10DB5000344A0346022136E097F82510324A334B07
:10DB6000E9468AB0002908BF13466A463049D361A6
:10DB7000304B1362304B2748C2E9051442F8103F7E
:10DB80004FF423511FF029FB97F82530012BCD4688
:10DB90001FD12A4A1F482A4D03211FF01AFB304685
:10DBA0000AF0B6F8194B18602B78002BBCD000286F
:10DBB000BAD0244C2088FFF7FBFA034638B92388F3
:10DBC000214A2870032113481FF001FBACE71F4ACC
:10DBD000C0E71F4B1F481D701F4B1D701F4B282295
:10DBE0001A801F4B41F69A121D80002318F080FC0A
:10DBF00020F000FD0346002896D01A4A4146E2E78D
:10DC00003C52040053B20400000202047050002091
:10DC100005000002C43A04008A6F002090500020E2
:10DC200088700020624F0400295204003152040021
:10DC30005F52040000020103040000027752040056
:10DC400083700020E0110020A6520400D45204008A
:10DC5000896F0020802A002084700020E2110020BB
:10DC6000546F002009530400B0B588B000AF0546DA
:10DC70000C463946FFF78AFD294600200AF014FFBA
:10DC800020B10AF073F82037BD46B0BD2946022006
:10DC900004F098F998B16C468AB06A46134BD76184
:10DCA000C2E9053040F201331384114B42F8103FB2
:10DCB00010484FF411511FF090FAA546E3E76D4666
:10DCC00088B06A460C4B0B48C2E905374FF4007325
:10DCD00093830A4B42F8103F4FF4E6511FF07DFA50
:10DCE000237843F00203AD462370CCE726530400AB
:10DCF00004000001C43A0400525304000300000170
:10DD000010B50B78052B00F29580DFE803F0038057
:10DD10002C6172468B68002B00F08C8048680028CC
:10DD200000F08880444A1368DBB1181F0023136099
:10DD3000424A136024F03EFC41480022002317F0C1
:10DD40008DFB002876D0828D011D3E481FF051FAD0
:10DD500000286FD03C4A3D48BDE8104002211FF02A
:10DD600038BA0438E6E74A68CB68108D034438486F
:10DD70009BB213850278002A5CD14A68134413F8D9
:10DD8000013C0A2B01D00D2B54D1012303702D48E7
:10DD90008368BDE810405B6918472D4B0024302094
:10DDA0001C701AF0D7FC30B18485011DBDE810400D
:10DDB00024481FF015BA274A244802211FF009FA07
:10DDC000BDE81040244840F26762002318F090BB81
:10DDD00030201AF0BFFC014648B100238385194862
:10DDE0008368BDE810401B69282204311847194A8E
:10DDF000B1E74B68191F1B8D23B1BDE810401748D0
:10DE000024F01FBABDE81040084624F0D3BB0A4AEC
:10DE100013680BB94B68136008488B6801680B44A2
:10DE2000116803600A8D0748BDE81040D21A1944F2
:10DE30001FF0DFB910BD00BF24500020205000208B
:10DE4000BC1400209C3604006B530400C43A040048
:10DE5000886F0020A04F0400B02A0020A0140020EA
:10DE600037B50E4A04460D460D4803211FF0B1F99F
:10DE70002946204604F0F6FA284604F0AFFB204677
:10DE800020F09CFB00220023CDE9002305484FF43D
:10DE9000403200231AF0A2FA03B030BD89530400C7
:10DEA000C43A0400601200202DE9F04385B04FF021
:10DEB000FF324FF0FF331C481C4D1D4E1D4FDFF845
:10DEC000788017F0D9FB1D4A1D482B6803211FF0ED
:10DED00080F900242B683288033B012BB8BF012353
:10DEE00099B292B2914288BF33883A7888BF9BB288
:10DEF000002AEFD04FF00009CDE901991148CDF883
:10DF00000090114AB8F8081000689BB20FF06EF943
:10DF100040B10E4A009023460948022120F095F8AE
:10DF20004C46D7E70134D5E740140020700E00209E
:10DF3000E4110020887000202C500020A55304001C
:10DF4000C43A0400705000208C6F0020C6530400B7
:10DF5000014817F00DBB00BF4014002010B5084A5F
:10DF600008480C4603211FF034F9074817F000FB5E
:10DF700024B12046BDE81040FFF73CBB10BD00BFF8
:10DF8000DE530400C43A0400581400207FB56D48E5
:10DF90000BF028F838B16C4A6C4801211FF019F9D0
:10DFA000002004B070BD13F0A1FF034620B1684A01
:10DFB000664801211FF00BF966480BF02DF808B1F7
:10DFC000654AE9E707F0B0FC044630B1634A03460E
:10DFD0005E4801211FF0FBF8E2E7614A5B4803213C
:10DFE0001FF0F7F85F49604817F044FE5F4960484A
:10DFF00018F0EEF85F4817F0BBFA20F0CCF85E4E50
:10E00000304624F0B0F840B95C4A504801211FF076
:10E01000E0F86FF012035A4ADAE730201AF09AFB60
:10E02000054648B384855749574818F0D1F8B36876
:10E030001B6823B3554922463046984703460028BB
:10E04000E9D1291D30461FF0CBF803460028E2D164
:10E050004F4B039001934F484F4B029301A920F07F
:10E06000EDFA044670B103464C4A384801211FF0CE
:10E07000AEF84B4A2346ABE76FF00B03CBE76FF0EC
:10E080005703C8E7474A314803211FF0A2F8464822
:10E0900004F0B6F9034608B1444A99E70123CDE9F3
:10E0A0000100039001A88DF8083004F043F94048BE
:10E0B00003F078FF3F49404817F0DCFD3F4A234812
:10E0C00003211FF086F8FFF7FFF8054600287FF4CC
:10E0D00067AF3B4A1D4803211FF07BF830201AF040
:10E0E00039FB0446A0B9374A012118481FF071F8DE
:10E0F000354C237803F0FF0023B9013505F0010109
:10E1000013F016FF00214FF4004019F0F7FAF0E782
:10E110002E4B011D1A889B78828003268685324605
:10E120008B7015481FF065F8034640B1284A074830
:10E1300001211FF04CF8204624F03CFAD8E7254A8C
:10E140003146D2E7180E0020E9530400C43A040017
:10E1500015540400080E00203054040062540400DA
:10E160008154040059D2010080500020B5D501002F
:10E17000802A0020101400209C36040097540400CC
:10E18000AD54040035D70100B02A002001DD0100A4
:10E19000F5E101002C5000205DDF0100C7540400B0
:10E1A000F154040011550400380E00202F550400CE
:10E1B000300E0020D7D10300905000204B550400B2
:10E1C000635504008B55040088700020BF5804007C
:10E1D000B2550400DF55040010B5054C022021782B
:10E1E00013F0A6FE237883F00103237010BD00BF57
:10E1F000FF110020F8B50C461D491E4813460A6859
:10E200001A4400AF0A601C4A03211EF0E0FF6D466D
:10E210008AB026786078A178E3786A46DFF85CC037
:10E2200053620623C2E90701C2E905C6114842F854
:10E23000103F4FF443511EF0D0FF2378242BAD46FE
:10E240000FD16378532B07D163880D4A5BBA9BB219
:10E2500013600120BD46F8BD4C2B02D1FFF7BCFF77
:10E26000F7E7084A034802211EF0B3FFF1E700BFB9
:10E2700074500020C43A0400FE55040034560400D3
:10E28000700E00205056040007B544F62443ADF844
:10E2900004300B4B186850B1022201A904F0BCF8FD
:10E2A000034638B1074A084802211EF090FF03B028
:10E2B0005DF804FB054A044803211EF08AFFF6E7D7
:10E2C0007050002072560400C43A040097560400AF
:10E2D00013B50E4B0446186890B147F2243304225C
:10E2E000ADF804300DEB020163BAADF8063004F06E
:10E2F00093F8034630B1064A022106481EF067FF34
:10E3000002B010BD044A23460321F6E770500020F6
:10E31000AA560400C43A0400D056040084B02DE983
:10E32000F04F8DB002AF07F1500484E80F00A64B08
:10E330006D461B68BB608AB0B7F87C3002AAA3495F
:10E34000A348C2E9051340F20133138407F15404D2
:10E35000A04BD4614FF4135142F8103F1EF03DFF23
:10E360009D4B0122AD461A7020F044F9034638B1A6
:10E3700010F1780F04D0994A954802211EF027FF2A
:10E38000974B1B7813B9974817F09CFD96490422C8
:10E39000204625F000F838B9FFF71EFF2C37BD46A0
:10E3A000BDE8F04F04B0704790490322204624F0A6
:10E3B000F2FF10B9FFF768FFF0E78D49062220460B
:10E3C00024F0E9FF40B98B4B01221A708A4A0321DD
:10E3D0007F481EF0FEFEE1E788490822204624F02F
:10E3E000DAFF18B9834B864A1870F0E72046854952
:10E3F000022224F0D0FF0446002840F0DA8082494F
:10E4000007F1200207F1560025F01BF8C7E9034485
:10E41000C7E9054401462646A346A146A046A246B2
:10E42000FC61002944D00846024610F8015B202D0B
:10E43000FAD0092DF8D0002D00F0BB805278002AC8
:10E4400000F0B780102207F1240178601EF0E6FB8F
:10E450007A6A7B68934200F0AC80643D0C2D00F238
:10E46000A880DFE805F007A616A6A61BA6A6A6208C
:10E47000A6A6120001238346FB61634907F120022F
:10E48000002024F0DEFF0146CBE701230646BB61F6
:10E49000F3E701231FFA80FA7B61EEE701231FFAFD
:10E4A00080F83B61E9E701231FFA80F9FB60E4E7AC
:10E4B000FB697960002B7CD0BB69002B79D07B692C
:10E4C000002B76D03B69002B73D0FB68002B70D0FB
:10E4D0001FFA8BF50A2D28BF0A25B8F5C87F28BF7B
:10E4E0004FF4C878B8F1060F38BF4FF00608B9F1FD
:10E4F000F70F28BF4FF0F709B9F1170F434B38BF9B
:10E500004FF01709BAF1010F1D6038BF4FF0010A33
:10E510004FF4005200233E48CDE9002319F05EFF7E
:10E5200079683C4A084646FA00F303F001031354A5
:10E5300001300728F7D1244B1968515C19B9115DD6
:10E54000002939D01C601A68B968334C8A4205D05A
:10E55000206818B11968C9B2FEF710FF2F4B0022CE
:10E5600048461A60FFF7B4FE2D4BEB468CB0A3F87B
:10E57000009002AA2B4B1648C2E905350723C2E9D1
:10E58000076AC2E909894FF4635142F8103F1EF04F
:10E5900024FE2368DD469BB9234B0D48A3F8008079
:10E5A000224B01221A700321214A43461EF00FFE1E
:10E5B000F4E6204A02210BE70134072CBFD1C2E761
:10E5C0004046FEF7F5FDE9E6740E0020F95604001A
:10E5D000C43A0400040000018A6F002015570400AB
:10E5E0008B6F002080500020325704003757040002
:10E5F00040570400857000203C5704004B5704002E
:10E60000475704005457040057570400785000201F
:10E6100098120020F7110020705000207450002044
:10E62000E41100206E570400E011002083700020E8
:10E630009F570400595704002DE9F04794B04FF05C
:10E64000FF324FF0FF332748DFF89CA008AF17F0E8
:10E6500013F830220021384624F085FE4FF00009DF
:10E660004FF0FF334FF0FF32504616F0F7FEBDF883
:10E670004C40838DC4F128049C42064628BF1C46AA
:10E680004FF000081CB9304623F094FFE8E7BDF8CE
:10E690004C0008F10401043022463144384424F08F
:10E6A0003AFEBDF84C3023449BB2ADF84C305033A9
:10E6B0006B440CAD03F82C9C0FCDA0446C460FC4EA
:10E6C00095E80F0084E80F0097E80F00FFF726FE9B
:10E6D000B48DADF84C90A4EB0804282C28BF282456
:10E6E000D0E700BF10140020A014002070B506462B
:10E6F00030200D461AF02EF86DBA0422FF23037164
:10E7000082854671C5808118044608481EF071FD57
:10E71000034648B10648074A01211EF058FD20462D
:10E72000BDE8704023F046BF70BD00BF9C360400BA
:10E73000C43A0400D75704002DE9F043544B554C1C
:10E7400083B025681A68511C196053490968B2EBF7
:10E75000810F02AF1DDB514A127802F0FF01C2B9EE
:10E76000196023684E480133072193FBF1F2C2EB95
:10E77000C2029B1A23602368C35C002B6AD0236803
:10E78000052B70D0062B70D1464A474803211EF056
:10E7900020FD2368454E9D4203D1327823689A427A
:10E7A00065D02368424A4048009303212B461FF05E
:10E7B0004CFC21683F4BC9B21868FEF7DFFD4FF0F3
:10E7C00001094FF0FF324FF0FF333B4816F054FF82
:10E7D0003A4B00221C681A60394D374816F0C8FEC3
:10E7E00064013178374A95F800C04FF47A73B4FB6E
:10E7F000F3F4354BE8468AB0BCF1000F18BF13465E
:10E80000C9B2A0B202AADFF8C4C0C2E9070340F24D
:10E81000024393842E4B2448C2E905C142F8103FBD
:10E820004FF433511EF0D9FC2B78C546DFF8A48095
:10E8300003BB98F80030EBB93078A1B2FFF756FF70
:10E84000B9F1000F02D0012388F800300437BD462B
:10E85000BDE8F0832368013393FBF1F2C2EBC202FF
:10E860009B1A236087E71C4A8FE71C4A8DE74FF00D
:10E870000009A6E72B7898F80020DBB2D2B20A484C
:10E8800000920321164A1FF0E0FB00232B70D7E70C
:10E890007C500020740E00207850002085700020ED
:10E8A000F7110020F4570400C43A0400FE110020C0
:10E8B0005758040070500020881400207450002025
:10E8C00087700020EA57040053B204007658040011
:10E8D000050000018670002013580400325804001F
:10E8E0008E580400F8B50F4600293BD00668304624
:10E8F0001EF0BFFC01220146044630461EF081FC9A
:10E90000C3070DD4184A19491948AF231EF0BFFE9A
:10E91000394618481EF0BBFEAF2113481EF0AEFE6C
:10E92000214630461EF083FC251829460022304639
:10E930001EF067FC2D1AAC420BD00B4A0E490C4856
:10E94000B7231EF0A4FE39460C481EF0A0FEB721E6
:10E95000E3E7214630461EF070FC2146BDE8F84052
:10E960001EF0A5BDF8BD00BFF85804001B590400F7
:10E970002C5904004959040081590400A759040086
:10E98000B2F5802F2DE9F04110D2042A28D845494C
:10E99000454A464840F21A231EF079FE44481EF0CC
:10E9A00076FE40F21A2140481EF068FE0823D21A73
:10E9B000CC1D114424F0070421F00701091B17297D
:10E9C0004FEAD1060ED83B49374A384840F2232354
:10E9D0001EF05DFE36481EF05AFE40F22321E2E7AB
:10E9E0000423E4E7002504603146A660E560204684
:10E9F0001EF049FCB6F5004F2CBF08230423421D2E
:10EA000092000833D11DDB0803EBD103B3424FEA78
:10EA1000D10739D80130A2F110022946B8BF2A46E1
:10EA200004F1100024F09FFC3A46294620461EF0CF
:10EA30001CFC2B462A46294620461EF0EDFBA6EB81
:10EA400007082046294601221EF0F7FB42463946B8
:10EA50001EF00BFC3B462A46394620461EF0DCFBE6
:10EA6000314620461EF001FC43462A4631462046E8
:10EA70001EF0D2FB3146204601221EF0DEFB394655
:10EA8000BDE8F0411EF0D1BC0B49074A07484FF4DE
:10EA90000E731EF0FCFD06481EF0F9FD4FF40E71DA
:10EAA00081E700BFE3590400F85804002C59040022
:10EAB000045A04001D5A0400465A04002DE9F04F80
:10EAC00091B00546009302F004030193C2F3C20320
:10EAD000013304938307DDF8689002920E4640F0FC
:10EAE000FC81041D30B1072909D86FF01B0011B05B
:10EAF000BDE8F08F01F007063444C6F10806009B1C
:10EB00004FF000084FF0040B591ECDF80C8047461B
:10EB100043464FF0FF32DA460DB10098206004986A
:10EB2000002800F3DF809B48DDF800C0844503D354
:10EB300099488445C0F0D680DDF808C0A4EB050EE6
:10EB40001CF0020F4FEA9E0000F0E7804FF0000C2F
:10EB5000D1E07A2862D84B280FD847285ED82928D8
:10EB60002DD8252859D059D820287DD0A0F12309A7
:10EB7000D9F1000343EB090376E04C382E284DD839
:10EB8000DFE800F0724C4C4C4C4C4C4C4C4C4C4C18
:10EB90004E4C4C4C4C4C4C4C4C5C4C4E4E5C5C5C6F
:10EBA000724E6F4C724C184E184C4C817E4E4C4C31
:10EBB0004E4C7E00002000234FF0040B3CE02A382E
:10EBC0004FF0010EC0B20EFA00F04FF6DA7E10EAF6
:10EBD0000E0F49D110F0625E30D110F0010343D026
:10EBE0007046013C5C44B4FBFBF40BFB04F4002DC9
:10EBF0005ED0AAEB050EA644B6453FF676AF0028D8
:10EC000068D1BAF1040F43D1E14659F8040B2060F2
:10EC10000434CC464FF0040A26E0013A002323E0F6
:10EC200011F8013C6C2B30D111F8023C00206C2B08
:10EC30000346C1D14FF0080BDA46D2E70CF10709C1
:10EC400029F0070C0734FCE802AB24F0070435B1C7
:10EC500005982044B0423FF648AFC4E900AB083401
:10EC600000234FF0080BDA4611F8010F002800F0DE
:10EC7000BC80002B7FF46DAF2528F5D10132012334
:10EC80004FF0040BEFE7184695E700200346A8E78E
:10EC9000BAF1080F40F09B800CF1070929F0070C2E
:10ECA000FCE8029AC4E9009A08344FF0080ADBE74E
:10ECB00080B9BAF1040F02D10CF10409A8E7BAF146
:10ECC000080F40F084800CF1070929F0070909F1C9
:10ECD000080CE9E70498E1460138049059F8040B60
:10ECE000009019E70298800748D5A4EB050E4FEA7B
:10ECF0009E004FF0010CBEF5007F1DD32749284A26
:10ED000028484FF41F731EF0C2FC27481EF0BFFCBA
:10ED10004FF41F7122481EF0B1FC0F2F0ED8002DAA
:10ED200046D007F1400CEC440CF8200C0CF8102CE9
:10ED300003980130039020E00F2F0CD91749184A8F
:10ED4000184840F281231EF0A2FC18481EF09FFCD8
:10ED500040F28121DEE7BDB107F1400EEE44C0B2C2
:10ED60000EF8200C0EF8102CBCF1000FE0D060F073
:10ED70007F000EF8200C08F101080137C5F10800EA
:10ED80000434CC4605906FE7BCF1000F10D001367B
:10ED9000F3E700BF1C35040074BD040031B004006B
:10EDA000715A04002C5904009F5A0400C05A0400F0
:10EDB000019802360028E0D100980592CDE906318D
:10EDC000FDF705FEDDE90631059A0644D5E7444A1C
:10EDD0004449454840F2C6231EF059FC5146434879
:10EDE0001EF055FC40F2C62194E7631BB3F5806F1B
:10EDF0000CD33C493A4A3C4840F2D2231EF047FC2F
:10EE00003B481EF044FC40F2D22183E71DB9A6F135
:10EE10000804E0186BE6019A28609B082B709DF8A7
:10EE20000C30C2B1EB7085F80280B8F1000F05D04C
:10EE300008A80022C5F1010C97420ED1C5F10103CB
:10EE40000DF120094FF0000A02930DF1300B5745E8
:10EE500012D1601B4BE66B70E5E710F8013B190619
:10EE600008D50CEB040EB64503F07F033FF63DAE2C
:10EE700004F8013B0132DFE7B8F1000F03D099F944
:10EE80000020002A17DB019BD3B11AF80B2004F8ED
:10EE9000012B0022029B18191044B0423FF625AE08
:10EEA00099F8000004F8010B00990392204624F021
:10EEB00032FA039A14440AF1010A09F10109C6E77A
:10EEC00099F8002055F822300093019B45F8223034
:10EED0000098FDF77CFD421CDCE76FF00D0006E6B4
:10EEE000715A040031B004002C590400DA5A0400AD
:10EEF000EF5A04002DE9F04F97B000AF8946D7F8DC
:10EF000080B0FA623B62044658B9A849A84AA948A9
:10EF100040F299331EF0BBFB40F29931A4481EF039
:10EF2000ADFBCBF3C00390F802A07B6141B94578FB
:10EF300000780AEB800020444D4517D8A0EB040967
:10EF4000E378FB61BAF1000F02D01BF0010F16D17C
:10EF5000FB6953BBFB6A1BB13A6A49462046984796
:10EF60004D4628465C37BD46BDE8F08F461C30460E
:10EF7000FDF72DFD0130304409F10109DCE723786C
:10EF800062687A62FA6A9900B96104EB8301002A27
:10EF900040F001814D460E4601EB0A094FF0000892
:10EFA0004E454CD101EB0A0610E01BF0020FD1D008
:10EFB00023789A00BA6162687A62FA6A04EB830184
:10EFC000002A77D14D4601EB0A0690461BF0050F4B
:10EFD0000CBF02230123FB62FB6906EB430A0BF023
:10EFE0000203BB625645BCD016F8021B16F8013C62
:10EFF00054F82390704B994502D3704B994536D302
:10F000007B69002B40D0786A1EF002FB00283BD0C1
:10F01000E9468AB06A466A4B53617B6AC2E90631A7
:10F020004FF400731384674B42F8103F6648002387
:10F030004FF4125101F0F8FD023DCD46D2E716F82B
:10F04000013BF96254F82300FDF7C1FCD7F8843086
:10F05000F96A01304BB1D7F8883098453EBFD7F8F0
:10F06000843023F8180008F10108054498E77B690B
:10F0700023B1786A1EF0CCFA0028C9D11BF0010F29
:10F0800005D1FB6AED1AADE7BB6A002BAAD0484652
:10F09000FDF79DFCD7F8843053B1D7F888309845F8
:10F0A0003FBFD7F88420431C22F8183008F101082C
:10F0B000054497E7BAF1000F73D01BF0040673D034
:10F0C000D046002607F1480052463B61B96224F061
:10F0D00022F9B96A3B6901EB0A02BA62FA69F96975
:10F0E0005200FA60BA6A02EB41023A610BF0020286
:10F0F000BA60BA6A39698A4268D162787A621BF06A
:10F10000020F32440CBF4FEA580100211BF0010FDF
:10F11000D2B240F0E4801BF0040F14BF4046002040
:10F120007B616270A070E1703A6AB969FB6A20463F
:10F130009847051EFFF615AF7B6923707B6A6370E5
:10F14000FB69E37041463A6AFB6A84F802A007F162
:10F1500048009847B0F10008C0F2F580BB693A6AF0
:10F16000A9EB0A01C91AFB68C91AD7E90A0398472B
:10F170000028C0F2EA80A84408EB00054FF0000B1D
:10F1800007F1380AB345C0F0AC8000213A6AFB6A47
:10F1900008469847E5E656464FF0000807F1380064
:10F1A00092E75646D04696E7B04694E7065B0400E1
:10F1B000715A04002C5904001C35040074BD04006D
:10F1C000215B040004000001BC3A0400BA6A12F892
:10F1D000021BBA6212F8015C5D4A54F825009042A5
:10F1E00002D35C4A904218D37A693AB1786A7B605C
:10F1F0001EF00EFA7B6800287FF47BAFBA68002A05
:10F200004CD00F2E40D95449544A554840F24D43F2
:10F210001EF03DFA40F24D4180E67A693AB1786AD3
:10F220007B601EF0F5F97B6800287FF462AF1BF06D
:10F23000010F0BD00F2E27D94749484A484840F2C2
:10F2400043431EF024FA40F2434167E61BF0040FEB
:10F250003FF44FAFB8F10F0F09D942493F4A404838
:10F2600040F246431EF013FA40F2464156E608F1DA
:10F27000280207F1300008F1010102EB000808F84C
:10F28000105C5FFA81F834E706F1280207F13000DC
:10F29000711C161806F8205CCEB22AE7B8F10F0FE1
:10F2A00009D930492D4A2E484FF48A631EF0EFF9F0
:10F2B0004FF48A6132E608F1280207F1300C08F1B8
:10F2C0000100944407F1580252FA80F008F1020854
:10F2D0000CF8101C5FFA88F800F8105C09E70020B1
:10F2E0001EE71BF80A3087F8373054F82390D7F818
:10F2F00084302BB3D7F888309B4521D2D7F884309F
:10F3000033F81B803A6AFB6A012107F137009847FE
:10F3100000281ADB0544B8F1000F06D14846FDF776
:10F3200056FB00F101081FFA88F83A6AFB6A414669
:10F3300048469847002808DB05440BF1010B21E7FC
:10F340004FF00008DEE745460BE6054609E600BF3C
:10F350001C35040074BD0400C45B0400715A040031
:10F360002C590400E35B0400014B1860704700BF98
:10F37000780E002080B505460E461746984618F0D0
:10F3800059FA034624F0C0F8DFF81890044649F80B
:10F390000030424630463946A84754F8090003F089
:10F3A00003FE00BF0800000038B50D4604462022C9
:10F3B000002123F0D8FFEB68E361AB68A3612B6801
:10F3C00023626B6863620022A2622A6923B1591E1C
:10F3D000194208BF42F0010222610122002104F11A
:10F3E0002C0022F047FF48B105490648064A2F2362
:10F3F0001EF04DF904482F211EF040F938BD00BF22
:10F40000039B04002C590400145C04002DE9F04F08
:10F4100089B0CDE90123436A00278B420446884620
:10F4200005970797BA4654D300F11406EFF31185F8
:10F43000402383F31288BFF36F8F3046A94618F03C
:10F440006FFC58B94D4A4E494E4888231EF01FF9AB
:10F4500031464D481EF01BF9882163E0304618F014
:10F4600083FC079A2AB1394620461EF0F8F900239A
:10F47000079306A920461EF017F9069941458346D1
:10F4800030D32268236A13F8221021F0030103F815
:10F49000221003EB820A2168424620461EF028F91A
:10F4A000E3682060984218D04FF0000B304618F007
:10F4B00045FC50B389F31188BFF36F8F059929B1CB
:10F4C000A2690AB12046904700230593BBF1000FC3
:10F4D000ACD1504609B0BDE8F08F236943F0080372
:10F4E0002361E1E718B120461EF01CF9DEE7DDE9F3
:10F4F0000132134339D0039122F031FF0399A0BBAD
:10F500009DBB304618F01AFC78B91C4A1F491D48AB
:10F510004FF49A731EF0BBF831461D481EF0B7F841
:10F520004FF49A7115481EF0A9F885F31188BFF3BE
:10F530006F8FDDE9012304F12C0016F09DF883465E
:10F54000EFF31189402383F31288BFF36F8F3046A6
:10F5500018F0E6FB00283FF475AF3046BBFA8BFB92
:10F5600018F002FC4FEA5B1BA0E707AB05AA204698
:10F5700027681EF0F4F8834698E700BF3A5C040061
:10F58000675C04002C5904007C5C0400925C04005D
:10F59000A95C04002DE9F0410446C36908460E4603
:10F5A000984704F114050746EFF31188402383F3CD
:10F5B0001288BFF36F8F284618F0B2FB68B91B4A58
:10F5C0001B491C4888231EF062F829461A481EF081
:10F5D0005EF8882115481EF051F8284618F0C4FB43
:10F5E000337843F00103337061683A4620461EF0D9
:10F5F0007FF8606020461EF04DF9284618F09EFB0B
:10F6000068B90A4A0D490B484FF49A731EF03FF847
:10F6100029460B481EF03BF84FF49A71DAE788F35D
:10F620001188BFF36F8FBDE8F08100BF3A5C040022
:10F63000675C04002C5904007C5C0400925C0400AC
:10F64000A95C04002DE9F843044600F11407EFF328
:10F650001188402383F31288BFF36F8F384618F068
:10F660005FFB054668B9354A3549364888231EF0A0
:10F670000EF8394634481EF00AF888212F481DF04C
:10F68000FDFF384618F070FB2369A26813F0080FDD
:10F6900002D163689A4200D9636A9B1A002B3FD05B
:10F6A000216A11F8223013F0030001EB82093AD0ED
:10F6B000022803D151F82260B60805D1D8071FD41B
:10F6C000E369484698470646A168324620461EF040
:10F6D0000FF83146A06020461EF018F8384618F0A2
:10F6E0002DFB10BB154A194916484FF49A731DF0AB
:10F6F000CEFF394616481DF0CAFF4FF49A71BDE798
:10F7000043F0020301F822304846E369A5689847B0
:10F710002946024620461DF0EBFF0025A060DDE7EC
:10F720001D46A946DAE70546FBE788F31188BFF3D3
:10F730006F8F002D8BD14846BDE8F8833A5C0400FA
:10F74000675C04002C5904007C5C0400925C04009B
:10F75000A95C04002DE9F0410446C36908460D4642
:10F76000984704F114060746EFF31188402383F30A
:10F770001288BFF36F8F304618F0D2FA68B9284A62
:10F780002849294888231DF082FF314627481DF06B
:10F790007EFF882122481DF071FF304618F0E4FA00
:10F7A0002B786FF300032B7023699B0705D5E26864
:10F7B000236A03EB82039D4222D12B786FF341032E
:10F7C0002B70D4E90231994204D13A4620461DF00B
:10F7D0008FFFA060394620461DF098FF304618F094
:10F7E000ADFA90B90E4A12490F484FF49A731DF0C2
:10F7F0004EFF31460F481DF04AFF4FF49A71C9E79A
:10F800002B6867F39F032B60E8E788F31188BFF349
:10F810006F8F04F12C00BDE8F04115F0A9BE00BFC8
:10F820003A5C0400675C04002C5904007C5C040012
:10F83000925C0400A95C040070B5044600F1140554
:10F84000EFF31186402383F31288BFF36F8F2846AE
:10F8500018F066FA68B91B4A1B491C4888231DF03A
:10F8600016FF29461A481DF012FF882115481DF081
:10F8700005FF284618F078FA2369A06813F0080FEE
:10F8800002D16368984213D9646A241A284618F092
:10F8900055FA78B90B4A0F490C484FF49A731DF08A
:10F8A000F6FE29460C481DF0F2FE4FF49A71DDE792
:10F8B0001C1AEBE786F31188BFF36F8F201E18BF69
:10F8C000012070BD3A5C0400675C04002C59040000
:10F8D0007C5C0400925C0400A95C04002DE9F84FF4
:10F8E00004460846A38B1907154612D4022803F0D4
:10F8F000070165D120461EF053F888B1013804286D
:10F9000000F23781DFE810F05C0035018200D4009E
:10F91000040101280CBF43F0100143F02001A18332
:10F920001434204618F00AFA002840F09D819A49C4
:10F930009A4A9B484FF49A731DF0A9FE2146B1E004
:10F9400003F00702501F01281ED80020062A27684E
:10F95000C4E9000014D13A4603E0E08B0130E083B3
:10F960001268002AF9D123F0070343F00202A283B0
:10F9700020461EF015F890B342F02002A2832EE03C
:10F9800023F007039AB2F2E7042A33D123F00703E6
:10F990009AB2A28320461EF003F810B142F0200272
:10F9A000A283A38B03F00709894540F0EC80A18B6B
:10F9B000CA0640F1508121F01003A38301F0070132
:10F9C000D4F81880A38BB8F1000FB9DA00222768A9
:10F9D00023F00703C4E9002243F00103A383A38BB0
:10F9E00003F00709894540F0CF80002FDFD00026C3
:10F9F000B24644E06B496C4A694840F21B131DF063
:10FA000046FE40F21B1168481DF038FE49B16749B7
:10FA1000654A63484FF4AB731DF039FE4FF4AB7188
:10FA2000F1E723684BB962495F4A5D4840F25713DA
:10FA30001DF02DFE40F25711E5E723691E684EB90F
:10FA40005C49594A56484FF4AD731DF020FE4FF4FF
:10FA5000AD71D8E7A38B23F0070343F006039BB2F5
:10FA6000A3830F4688464FF00609A268002A40F09B
:10FA70008D80002F40F08D80002E98D0BA4643F044
:10FA8000080304F1140BA383584618F057F9002813
:10FA900040F09A804049414A41484FF49A731DF022
:10FAA000F6FD594644481DF0F2FD4FF49A71ADE061
:10FAB000022909D041493C4A394840F25D131DF002
:10FAC000E6FD40F25D119EE7E78B4FB13C49364AB7
:10FAD00033484FF4AF731DF0DAFD4FF4AF7192E786
:10FAE00023695E684EB933492F4A2D4840F26113AD
:10FAF0001DF0CDFD40F2611185E7A38B23F00703D4
:10FB000043F004039BB2A383B8464FF00409ACE76B
:10FB1000012909D02B49244A21484FF4B2731DF022
:10FB2000B6FD4FF4B2716EE723684BB920491E4A07
:10FB30001B4840F265131DF0AAFD40F2651162E713
:10FB400023699E684EB91B49174A15484FF4B47390
:10FB50001DF09DFD4FF4B47155E7A38B23F007030F
:10FB600043F005039BB20027A383B8464FF0050975
:10FB70007BE70C490C4A0A4840F26B131DF087FDE5
:10FB800040F26B113FE7002700266EE74FF0010AB5
:10FB900075E7924673E700BF925C04003A5C04008C
:10FBA0002C59040031B00400BE5C0400E35C040086
:10FBB000EF5C0400125D0400A95C0400295D0400F0
:10FBC0003F5D04004E5D040085F31188BFF36F8F25
:10FBD000BAF1000F1CD177BB16B126492046B047B9
:10FBE000EFF31185402383F31288BFF36F8F5846DC
:10FBF00018F096F838BB204A2049214888231DF088
:10FC000046FD59461F481DF042FD88211A48FBE673
:10FC1000A1680029DFD00D680029DCD0D1F804A04C
:10FC200043464A462046D0471DB12B6829461D460B
:10FC3000F2E72B46FAE7394643464A4620463F68F4
:10FC40001DF0DAFEC7E7584618F08EF8A38B23F0B4
:10FC50000803A383ABE68B067FF562AE21F0200399
:10FC6000A38301F0070145E685F31188BFF36F8F89
:10FC7000BDE8F88F89FC01003A5C0400675C040071
:10FC80002C5904007C5C0400F8B504460D4600F1D4
:10FC90001406EFF31187402383F31288BFF36F8FAD
:10FCA000304618F03DF868B90C4A0D490D488823D4
:10FCB0001DF0EDFC0C4831461DF0E9FC0748882199
:10FCC0001DF0DCFC304618F04FF8A5613A4620469E
:10FCD0000121BDE8F840FFF701BE00BF3A5C040017
:10FCE000675C04002C5904007C5C04002DE9F0479B
:10FCF00004460F461DF070FE051E68DB04F1140972
:10FD0000EFF3118A402383F31288BFF36F8F4846C5
:10FD100018F006F8804660B9384A394939488823CE
:10FD20001DF0B5FC494638481DF0B1FC8821334828
:10FD300042E0484618F018F8E38BA68B4FF6FF72A6
:10FD4000934206F0070645D0022E15D10133E38316
:10FD50003546484617F0F2FF002841D1274A2B4983
:10FD600028484FF49A731DF092FC494628481DF02C
:10FD70008EFC4FF49A71DAE7062E13D8DFE806F00E
:10FD8000092D1212090409006FF085054FF00008D3
:10FD9000DFE700233B60636883B9C4E9007786B17D
:10FDA0003546F3E71B4917481B4A4FF4E4731DF02F
:10FDB0006EFC19484FF4E4711DF060FC1F60676031
:10FDC000EDE7524602212046FFF788FD35462846DA
:10FDD000BDE8F0876FF00A05D8E76FF00405D5E7B6
:10FDE0008AF31188BFF36F8FB8F1000FEFD00023B3
:10FDF0003246394620461DF0FFFDE8E73A5C040034
:10FE0000675C04002C5904007C5C0400925C0400D4
:10FE1000A95C04004E5D0400BE5C040008B54268A5
:10FE2000816002F00302022A03460AD0032A4FF03F
:10FE3000000103D0012A0AD1596006E01868596010
:10FE400008BD186800225A6058B90020F8E7064932
:10FE50000648074A45231DF01AFC054845211DF0B8
:10FE60000DFC18F081FBF0E731B004002C590400C0
:10FE7000645D04002DE9F7430F4606460821C06A79
:10FE8000DFF850901DF060FE3C68241A80463C600C
:10FE900004EA0905AC4203D8002003B0BDE8F083B2
:10FEA00008236A46214630461DF0E4FD0028F4D1BF
:10FEB000694630461DF052FE40B1BDF80230BDF833
:10FEC00004203C6005EA090513441D44A4EB080422
:10FED000E0E700BF0000FFFF73B504460821C06AD9
:10FEE000124E1DF031FE4FF6FF726368ADF8002030
:10FEF0008DF80620E268191833401344181A0025BB
:10FF000060606846ADF80210ADF804501DF013FEB5
:10FF1000694620461DF0E2FE2046211D1DF0E3FD4E
:10FF2000636828463340A36002B070BD0000FFFF45
:10FF30002DE9F04704468AB000F11407384622F054
:10FF400060F9A06A8368DB689847E06250B98D4A1F
:10FF50008D4801211DF0D4FD6FF0150528460AB02B
:10FF6000BDE8F087A06A8368DB6898470368013BB7
:10FF70001F2B01D9854AEBE7E368B3F5803F08D929
:10FF80004FF4803200928048814A01211EF05DF8D2
:10FF9000E2E7A06A216807AA21F079F908B17D4A51
:10FFA000D6E7E5682DB1089BB5FBF3F203FB1255CC
:10FFB0000DB1794ACCE7238A012B01D8774AC7E7EC
:10FFC000E36A029593F805904FF0FF334FF0FF324C
:10FFD000384614F0BBFFE06A08211DF0B5FDA846C5
:10FFE0000646238A1FFA85FA534508D8238A4345D3
:10FFF00023D1384615F07AF86FF02C05AEE7E168AA
:020000022000DC
:100000002B04891B13FA81F14A46082320460291EA
:100010001DF03EFD78B102A920461DF064FD08F1F7
:100020000108029908234A4620461FFA88F81DF065
:100030002FFD0028DAD00135D3E79A450BD102997C
:1000400008234A46891B20461DF022FD18B902A943
:1000500020461DF048FD02A92046FFF70BFF05468C
:1000600018B1384615F042F878E7029B63604FEA12
:1000700013484FEA0848C4F80880D4E901139942AC
:100080000FD3082303AA20461DF0F4FC05460028E0
:10009000E7D103AB13F8012B91453DD10135082D74
:1000A000F8D163681B0C1B0402A9204602931DF0C3
:1000B0001AFDE36802994A4620461DF0E9FC051E38
:1000C000CFDB63687ED006EB03084FF6FF79E36869
:1000D000CDF808801FFA88F29B1B9A4238D3304A29
:1000E000294803211DF00CFD616820461DF00AFD22
:1000F00005460028B5D163682A4AE16813400B44DD
:10010000A3EB460363601340A36020461DF00EFE80
:100110000546002D72D0A4E703A920461DF01EFD60
:10012000626810B9921B6260A7E7BDF81050BDF875
:100130000E10E06AC4F8088029441DF005FD404413
:100140009042A060EED1002DECD06FF01C0580E055
:10015000082305AA414620461DF08CFC05460028D0
:100160007FF47FAF05A920461DF0F8FC38B1BDF83B
:1001700014304B4503D1BDF81830002B6FD0B0447C
:10018000A5E700BF9E5D0400F43A0400C05D0400D2
:10019000DD5D0400065E04001E5E0400325E0400A5
:1001A000A45E04000000FFFF5B1A4A4620461DF0D3
:1001B0006FFC051EFFF655AF08D0E26AA36812680F
:1001C0001344A360D4E901318B42EDD86168E36840
:1001D00001EB46029A429CD1DFF8A880A26801EAAE
:1001E00008039A4295D020461DF08CFC0546002855
:1001F0007FF437AF636803EA0803A360E368A2886B
:10020000A3EB46039A4220D0384614F06FFF012337
:10021000A374E268238A1C48009203211B4A1DF044
:1002200014FF63689AB200921748194A1B0C032105
:100230001DF00BFFA3689AB200921348154A1B0CDD
:1002400003211DF002FF002588E620461DF057FD22
:100250000546384614F04AFF002DD8D07EE60E4AF7
:10026000094803211DF04CFC63681B0C1B0402A908
:10027000204602931DF037FC029920461DF042FCF7
:1002800046E700BF0000FFFFF43A0400555E04009B
:100290006C5E04007E5E04008F5E04002DE9F04F6A
:1002A0001D4691B0837C02910446009253B9644A82
:1002B000644801211DF024FC6FF00C06304611B09B
:1002C000BDE8F08FC26A082110461DF03DFC2946AA
:1002D000019010461DF038FCE368019AA3EB8203FD
:1002E000AB420746C0F0A9801DB1009B002B00F077
:1002F000A4806368059306AA05A92046DDF814A02A
:100300001DF069FC06460028D8D1BDF81830029AC5
:10031000934206D06268059B9A42ECD1002D36D1FB
:10032000CCE706A920461DF019FC0028F2D0BDF844
:100330001A80BDF81C3045B39D4228D1E36ADDF830
:1003400000B01B684FEA1A4A5B424FEA0A4A03F0C0
:100350002003D0440393AA46DDF80C90D14528BF72
:10036000D1464B4608AA414620461DF083FB002893
:100370004AD14A4608A9584622F0FDFF38B9BAEBDF
:10038000090AC844CB44E7D198E7002B96D0002F48
:100390003DD1B84604F1140A4FF0FF324FF0FF335D
:1003A000504614F0D3FD238A9E4243D0A168626870
:1003B00008EB01039A422FD3029BADF82030FF23B4
:1003C0008DF82630009AADF822102B462046ADF865
:1003D00024501DF04AFC29460746E06A1DF0B4FB94
:1003E000A3680344A36057B908A81DF0A4FB08A99B
:1003F00020461DF073FC002814BF07462F465046C8
:1004000014F074FE3E4659E7C1DC064656E7019BF0
:100410001F441FFA87F8BDE72046FFF75DFD07463A
:100420000028ECD120461DF081FC07460028E6D1CB
:100430000136B8E76FF01B07E1E76FF015063DE7FF
:100440008A5D0400F43A04002DE9FF471E46837CD0
:10045000BDF8309004460F4690464BB92C482D4AC3
:1004600001211DF04DFB6FF00C0004B0BDE8F087DA
:10047000C06A08211DF068FBE368A3EB4003B342A8
:1004800043D3D4F804A0CDF804A000254D4551462F
:10049000DDF804A009D9636853451ED1BDF80830C2
:1004A000BB421AD06FF00100DFE702AA01A9204683
:1004B0001DF091FB0028D8D1BDF80830BB4206D111
:1004C00002A920461DF04AFB08B10135ADB26268B1
:1004D000019B9A42DAD15146E0E7BDF80C30002B7F
:1004E000E0D0A945DED8BDF80A00090CB3424FEAB6
:1004F000014128BF33460144424620461DF0BAFA66
:100500000028B2D1BDF80C00AFE76FF01500ACE7E2
:10051000F43A04008A5D040030B51049104889B0EF
:10052000002221F0DCFF0F4D0F4900220023CDE90E
:10053000062300240E23CDE90334CDE901440B4BFF
:1005400000944FF40062284616F0F4F90849284652
:1005500021F00BFF204609B030BD00BFBD060200F0
:10056000682F0020E02A0020C07D0020110A020030
:10057000D25E04002DE9F047DFF8588004460746B4
:100580004FF0010914B93846BDE8F08794FAA4F594
:10059000B5FA85F509FA05F32E0108EB05156FEAA2
:1005A000030A24EA03042B7B002BEBD058F8063017
:1005B0001B694BB94644042273682846196807EA48
:1005C0000A071DF0BFFCDDE7284698470028D9D16F
:1005D000F0E700BF6C3B04002DE9F047DFF8BC906A
:1005E0002F4CA9EB04038F2B80460F460BD92D49C6
:1005F0002D4A2E484FF4A6731DF049F84FF4A6710A
:1006000029481DF03BF82A481DF07CFC064678B3CB
:1006100000252846BDE8F087237B83B12368DB688B
:100620000BB120469847636883F806A023681B69CE
:10063000B3B963680422196820461DF083FC0136B3
:1006400010344C4518D91B49174A18484FF4AC735D
:100650001DF01DF818481DF01AF84FF4AC71CFE7E3
:10066000204698470028E4D00AFA06F31D43E6E73F
:1006700005464FF0010AE4E7CED3B8F1000FC8D029
:10068000002DC5D02846FFF775FF0546002FF7D08F
:1006900000214FF4A47017F031F8F1E77C3B04001F
:1006A0006C3B0400075F0400DA5E04002C59040070
:1006B000B4500020375F0400585F0400014814F074
:1006C00057BF00BF28140020014B53F8200070478B
:1006D000B440040008B5034608462BB1044A136031
:1006E00000F0BEFD002008BD6FF01500FBE700BF65
:1006F0007C0E002010B5044C237813B9034814F085
:1007000037FF0123237010BD8970002028140020BA
:1007100010B504460B481DF0F5FB5CB1BFF35B8FD1
:10072000094B53E8001F013943E80012002AF8D1B1
:10073000BFF35B8F054821F0DEFE0548BDE81040A1
:1007400014F016BFAC500020B0500020682F0020DD
:10075000281400200020064BBFF35B8F014653E8AE
:10076000000F43E80012002AF9D1BFF35B8F7047F6
:10077000AC50002070B5FFF7EDFF104C104E054651
:10078000B44219D90F49104A10484FF403731CF0B2
:100790007EFF0F481CF07BFF0B484FF403711CF0E9
:1007A0006DFF63685B792BB123685B6813B12946E1
:1007B000204698471034E3E7F3D370BD6C3B040048
:1007C0007C3B0400375F0400DA5E04002C5904000F
:1007D000585F040010B5044C04492046FEF7E4FDC0
:1007E000034B1C6010BD00BF18120020A040040085
:1007F000A0500020154A1648002310B51370154A62
:100800001360154A4FF400411360FFF763FFFFF7D1
:10081000E1FF124B124918468B4215D91149124A71
:10082000124840F227131CF032FF11481CF02FFF32
:100830000D4840F227111CF021FF1A1A5C681211B2
:10084000013222711033E7E7F7D310BD8A70002020
:1008500001DF0300AC500020B05000206C3B0400CE
:100860007C3B0400375F0400DA5E04002C5904006E
:10087000585F04000146002201480023FEF7C6BD70
:10088000181200200148FEF7DDBE00BF181200203C
:10089000024B01461868FEF75DBF00BFA050002064
:1008A0000148FEF7C9BF00BF1812002070B5314BD8
:1008B000187800285DD0FFF7E5FF0546002844D1F1
:1008C0002D4B2E4C1B68002B19DD21F0C0FD4FF481
:1008D0007A72A0FB020302FB0131C30BD4E90020B2
:1008E00043EA41439B1A4FEAD13140F2E93261EBCE
:1008F0000001934271F1000101D3FFF73BFFD4E9FE
:10090000003213F57A7342F10002C4E90032BDE807
:100910007040FFF7C5BF63685B7923B12368294640
:100920001B68204698471034B44211D91449154A1F
:1009300015484FF400731CF0AAFE14481CF0A7FEE3
:1009400010484FF400711CF099FE114C114EEBE76A
:10095000E1D32846FFF79CFFBFF35B8F0E4B53E8B4
:10096000001F013943E80012002AF8D1BFF35B8F62
:10097000A6E770BD89700020AC500020602F0020D9
:10098000375F0400DA5E04002C590400585F04004D
:100990006C3B04007C3B0400B050002070B5154D4A
:1009A000297829BB0120FFF717FE134C134EB442E0
:1009B00017D91349134A144840F2C5131CF067FEB7
:1009C00012481CF064FE0F4840F2C5111CF056FEA0
:1009D00063685B791BB1236820469B689847103495
:1009E000E5E7F5D3FFF762FF0028FBD101232B7069
:1009F00070BD00BF8A7000206C3B04007C3B04008B
:100A0000375F0400DA5E04002C590400585F0400CC
:100A10002DE9F047304B314FFB1A1B090BD1304900
:100A2000304A314840F2A9331CF031FE40F2A9317E
:100A30002C481CF023FE00210846FFF7CDFD04469C
:100A400050B340F267684FF0000922F05DFD274B7C
:100A5000274A1B58136033B1264B1B68092B02DD54
:100A6000254814F085FDDFF890A0002544B120460C
:100A7000FFF780FD044618B94FF0FF384FF0FF39FB
:100A8000FFF714FF064628B95DB942464B4650466B
:100A900014F0F2FD3546E9E74FF0FF384FF0FF392B
:100AA000D3E70D4D08E0F0D22B689B691BB1002203
:100AB0001146284698471035BD42F4D90F49094AD6
:100AC000094840F29D331CF0E2FD0D481CF0DFFDAB
:100AD00040F29D31ACE700BF6C3B04007C3B04005E
:100AE000775F0400DA5E04002C590400080000005F
:100AF000A8500020B050002028140020375F0400C8
:100B0000585F040013B52C481DF0FCF92B4B1B78E3
:100B1000002B35D0EFF31184402383F31288BFF309
:100B20006F8F274817F0FCF868B9264A26492748EE
:100B300088231CF0ACFD224925481CF0A8FD882123
:100B400020481CF09BFD1E4817F00EF9FFF7AEFE83
:100B50001B4817F0F3F868B91A4A1E491B484FF4AE
:100B60009A731CF094FD16491B481CF090FD4FF43D
:100B70009A71E5E784F31188BFF36F8F02B010BD5F
:100B8000164B1B68002BF9D050B900220023CDE989
:100B9000002313484FF40042002317F01FFCEDE739
:100BA0000928EBD10E4821F0A6FC0E4802B0BDE8A2
:100BB000104014F0DDBC00BFB05000208A7000204F
:100BC000A45000203A5C0400675C04002C59040027
:100BD0007C5C0400925C0400A95C0400A850002026
:100BE000682F00202814002010B5064B1B6804460F
:100BF00098472146A0600448FEF7CCFCBDE81040B1
:100C0000FFF780BF7C0E002018120020044A054B1D
:100C10009B1AB1EBD30F34BF52F83100002070475C
:100C20001C3A04006C3B04002DE9F04F8FB004AF78
:100C3000C1F34A28B8600D4691467B600C0DB8F1AF
:100C4000000F68D0002607F114034FF0040B4FF09B
:100C50000A0AC7F80C80C7E907667E620193CDF8DF
:100C600008B0CDF800A007F11C03F96832464846E9
:100C7000FEF740F9B0F5006F03461CD36C468AB00E
:100C8000D9F8041004AB2C48C3E9050140F2FF7108
:100C9000D9611A464FF400711984284B42F8103F6D
:100CA000274833464FF41251FFF7BEFFA5462C37B5
:100CB000BD46BDE8F08FC0F30A0804F117001844E0
:100CC00020F0070080083B60FFF7D4FD68F3532550
:100CD000044640B33B681B4AC7E9083600F11001DF
:100CE00007F11403F961CDE900A3CDF808B0F96864
:100CF00007F11C034846FEF7FDF8002813DA1249F5
:100D00001248134A4FF4A3731CF0C1FC10484FF46F
:100D1000A3711CF0B3FC04F1170020F00700800859
:100D2000FFF7A8FD044668F353257B68B9682A4697
:100D300020461DF027F9BAE7A05F04000400000177
:100D4000FC3A040057DF03000C6004002C59040037
:100D5000DF5F04002DE9F04F87B0DDE91279DDE9AE
:100D6000106A044603919346984627B3CDF8009045
:100D70003B46524610210020CDF81490FDF79EFE10
:100D8000051E0BDA2649274A274840F265131CF056
:100D90007EFC40F2651123481CF070FCB5F5006F35
:100DA0000ADB224A224840F2FF73022107B0BDE865
:100DB000F04F1DF040B93D4606F11700284420F0E1
:100DC000070004F007048008FFF754FD0BF0070B41
:100DD000E40044EA8B1444EA452444EA06540646F7
:100DE000A0B19FB1CDF800903B4652462946103045
:100DF000FDF764FE002809DA09490A4A0A484FF457
:100E0000C4731CF044FC4FF4C471C4E70399434617
:100E10002246304607B0BDE8F04F1DF0B3B800BF22
:100E20000B600400DF5F04002C590400156004000F
:100E3000FC3A0400406820B1034BC01A40F3CF00D5
:100E400070474FF0FF3070471C3A04000EB403B5F2
:100E500003AB014653F8042B0448019302F0FCFB5A
:100E600002B05DF804EB03B0704700BF8D0E0200C6
:100E7000CA0605D48B064CBF02490349FFF7E6BFFB
:100E8000704700BF52B204004D60040038B54B6893
:100E90001A68CB689A4205460C4602D108461DF0F6
:100EA000EEF86368BFF35B8F53E8002F511C43E8F3
:100EB00000100028F8D1BFF35B8FA3689D546368CE
:100EC0001A68E3689A4209D905490648064A722316
:100ED0001CF0DDFB044872211CF0D0FB002038BD63
:100EE0007F6004002C590400506004002DE9F04F8D
:100EF00089B09B46149B06939DF84CA0159B0593C7
:100F0000169B179E049304460D469046BAF1000FB7
:100F100000F0AD80BAF1040F0BD9A349A34AA4484D
:100F200040F246231CF0B3FB40F246219F481CF0E0
:100F3000A5FB06F4807307931DF002F806F0020982
:100F4000024600283FD09B492046FFF77FFF074617
:100F5000B9F1000F08D016F0440F36D196492A4651
:100F60002046FFF773FF074406F0010353B1934B8C
:100F7000934953F82A20934B2046002A08BF1A466B
:100F8000FFF764FF06F48073002B4AD006F00803D5
:100F9000002B64D1B8F1000F67D08B494246204640
:100FA000FFF754FF0546069B3D44002B6ED1049B82
:100FB000002B40F08380F30700F1F080314620469B
:100FC000FFF756FFE4E00746C2E7804B18680028A9
:100FD000C9D07F4B4FF47A791B68B5FBF3F54FF41A
:100FE0006163B5FBF0F100FB115509FB05F54FF00E
:100FF0003C0CB1FBF3F203FB1211B5FBF0FEB1FBAD
:10100000FCF300FB1E550CFB131109FB05F50091C9
:10101000B5FBF0F56F49CDE901E52046FFF716FF76
:10102000A1E706F00803EBB16B4B6C4953F82A209B
:101030002046FFF70BFF0546B8F1000F05D06249C7
:1010400042462046FFF702FF0544BBF1000FAAD03D
:1010500063495A462046FFF7F9FE0544A3E74FF0DF
:10106000000BE1E706F00805E6E745469BE7BBF124
:10107000010F069B06D1DBB9049B002B00F0888092
:1010800000251BE0002BF7D0564812E05648069B7F
:10109000564922461CF08BFA00280CDA5449434A80
:1010A00043484FF428731CF0F2FA4FF428713DE7DF
:1010B0004D485546EBE7049B002B65D0DFF83481A3
:1010C000DFF83491049F3146102F204628BF1027A7
:1010D000FFF7CEFE4FF0000B5D4542DC059B494615
:1010E0001A782046FFF7B2FE4FF0010B1BF0070FF6
:1010F00003D141462046FFF7A9FE5F4538D9059B3D
:10110000494613F80B202046FFF7A0FE0BF1010B18
:10111000BBF1100FEAD1394920464FF0000BFFF721
:1011200095FE5A46059B9A5CA2F120015F2928BFD3
:101130002E2233492046FFF789FE0BF1010BBBF14C
:10114000100F1AD01BF0070F03D141462046FFF7BE
:101150007DFE5F455A46E5D841462046FFF776FEBC
:10116000EBE741462046FFF771FE0BF1010BB3E7B9
:1011700024492046FFF76AFEC8E7059B3B440593D8
:10118000049BDB1B04939DD1BAF1000F7FF413AFD6
:10119000204609B0BDE8F04F1CF071BF094A08496C
:1011A0002046FFF753FE09E7B460040050600400D6
:1011B0002C590400BF600400C3600400C440040054
:1011C00012570400AF600400E8600400BC50002027
:1011D000B8500020CC600400D8400400EC6004004B
:1011E000F260040099E003008D0E020059360200FF
:1011F000F760040008610400006104000A61040053
:101200000C6104000661040073B542F20F738B4257
:1012100028BF0B4605680F4A0446052168461BF0A7
:10122000D1FC63680C495B6806460B2228461CF01B
:1012300018FF63683246694628465B681CF011FF58
:10124000636806495B681B2228461CF00AFF02B04F
:1012500070BD00BFBC5804002B6104000F61040086
:10126000074A00210123904206D8064A01B901230A
:101270001360054B1860704740085B000121F2E7DE
:1012800040420F00B8500020BC500020014B01220A
:101290001A7070478B700020014B00201960704756
:1012A000D45000200148FFF7AFBF00BF0841040041
:1012B00010B5064B18680C46FFF706FA21460346A0
:1012C000BDE8104002480F22184700BFD45000204C
:1012D00008410400F8B5094D094B0A4ED5E900470D
:1012E00001221A700CB92C60F8BD214630463A46EE
:1012F00000F01EF8241A0644F4E700BFC85000208E
:101300008C7000208D70002010B9074B187070474A
:10131000064B1B781BB141F2883020F020BFA4207F
:10132000002116F0EBB900BF8B7000208C700020FC
:101330002DE9F047DFF878901E4F80460E460424D2
:1013400099F80050A5B920F0FDFE3246824641468C
:10135000284613F05FF90546504620F0FBFEE5B144
:1013600001233B7099F8003073B93046BDE8F0872F
:1013700032464146002013F04DF90546EFE720467E
:10138000FFF7C2FF651E2C46002013F087F90028E6
:10139000EBD03B78002BF2D1E7E73B78002BE4D091
:1013A000013C2046FFF7B0FF3B78002BC8D1DCE7BB
:1013B0008C7000208B700020014B03600020704770
:1013C0001841040070B5104B1C680D46B4B10F4BAA
:1013D000196800238B4202DB6FF0010070BD2246CA
:1013E00012F8106B864202D001331446F2E7E0682F
:1013F00020F0B9FE28B12C600020EFE76FF00C0060
:10140000ECE76FF01200E9E7140F0020BC41040084
:1014100010B588B0436802938368C068CDE9033291
:101420000A680023CDE906230C4601AA0449059366
:101430001FF031FF079808B9059B236008B010BD65
:1014400021E103002DE9F0410C4B1C6805460E46D6
:1014500017467CB100F09AF963682046D3F81080F3
:1014600032463B462946C047044600F099F92046DB
:10147000BDE8F0816FF00104F9E700BFD85000200B
:1014800000230360044B5A6812B9C3E90000704797
:1014900010605860704700BFDC500020014B18609E
:1014A000704700BFD850002030B585B00023CDE98B
:1014B00002330546019000F069F9094B1C6844B9F4
:1014C000284600F0EBF8044600F06AF9204605B023
:1014D00030BD636820461B6801A998472468EEE781
:1014E000DC5000201FB5CDE90101039200F04EF958
:1014F000074B1C6824B900F053F9204604B010BD16
:10150000636820461B6801A998472468F2E700BF7A
:10151000DC500020024B0022C3E90022704700BFCC
:10152000DC500020024B0022C3E90022FFF7F2BF8B
:10153000E45000202DE9F74307460C4609B100238B
:101540000B60264DDFF8989000264D4524D925499B
:10155000254A26489D231CF09AF825481CF097F848
:1015600021489D211CF08AF8D5F8008001AA414647
:1015700038461CF017FE50B116B954B92E4606E095
:101580003168002240461CF00DFE0028F5D11835C8
:10159000DBE7019B2360F1E7E6D3164B1D68C5B17D
:1015A00055F8188C01AA41463846183D1CF0FAFD42
:1015B00050B116B954B92E4606E0316800224046B3
:1015C0001CF0F0FD0028F5D1AD69E8E7019B236030
:1015D000F1E7304603B0BDE8F08300BF7C3B040078
:1015E0000C3C040095610400636104002C59040064
:1015F000585F0400E45000202DE9F04784B002AFAA
:101600000446D7F8289078600D4616469846B9F1FA
:10161000000F07D0D9F8001031BBD9F804A0BAF1F7
:10162000000F28D1391D2046FFF784FF08B3D0F8FA
:101630000C907868434632462946C847C8B16D4683
:101640008AB002AA124BD061C2E905344FF400738C
:101650001384104B42F8103F0F4800234FF41151F0
:10166000FFF7E2FAAD4604E03A1D1CF09BFD0028AE
:10167000D3D1002007E0D9F80830009378684346BA
:1016800032462946D0470837BD46BDE8F08700BF3F
:10169000BD61040004000001543B04002DE9F04743
:1016A000DFF8CC90DFF8CCA080464FF00047002652
:1016B000314C3D464C4530D93049314A31484FF4E0
:1016C00089731BF0E4FF30481BF0E1FF2C484FF416
:1016D00089711BF0D3FF2F46EAE7B8F1000F03D161
:1016E00022694AB91834E5E72068002241461CF017
:1016F00059FD0028F4D1F5E76368BB4205DDAF4230
:1017000009D09D42A8BF1D46ECE7EBD19047002EC3
:1017100008BF0646E6E71D46E4E7DED3DAF80040F8
:1017200004B3183CB8F1000F03D122694AB9A46987
:10173000F6E72068002241461CF034FD0028F4D171
:10174000F5E76368BB4205DDBD4209D09D42A8BFF5
:101750001D46ECE7EBD19047002E08BF0646E6E7B2
:101760001D46E4E7AF42B6D13046BDE8F08700BF82
:101770000C3C0400E45000207C3B04009561040014
:10178000636104002C590400585F040003484FF0C3
:10179000FF324FF0FF3313F0D9BB00BFE813002036
:1017A000014813F0A3BC00BFE813002038B5094D71
:1017B000FFF7ECFF2B783BB9FFF7B4FE00F06AF8B7
:1017C000044610B901232B700024FFF7E9FF2046DF
:1017D00038BD00BF9D7000202DE9F047048FDFF871
:1017E000B0A0013498B006468946A4B200F10807BB
:1017F000651EADB2B5F5004F47D04A2305AA29466C
:1018000038461CF064FB04F57F543F34A4B2804694
:10181000214601230DF10B0238461CF058FBB8F1AC
:10182000000F014610DC002810DC338FAB4209D1D9
:1018300032466B1E22F8383F4FF4004102233846EF
:10184000FEF72CFD2C46D3E7002808DC2946384655
:101850001CF039FB214638461CF035FBE5E708F162
:1018600060030DEB0308002308F84C3C5246CDF80A
:10187000009003AB05A80397ADF81040FFF7BCFE3E
:101880000028DFD018B0BDE8F0870020FAE700BFDD
:1018900015E203007FB50125694628460195FFF74B
:1018A00091FD044660BB02AA01A928461CF05AFC1F
:1018B000044610B110F10C0F22D10399B1F5803F0D
:1018C00023D2009A002394681846084484421AD30D
:1018D0000133082BF9D10E4D69612B835368AB603E
:1018E0002846D368EB631CF02DFD044640B9094E31
:1018F0006E602846FFF7C4FD28466E60FFF7CEFDF8
:10190000204604B070BD9BB2E5E76FF02004F7E716
:10191000EC500020800E002008B504481BF0A1FE0A
:10192000BDE8084002481BF09CBE00BFE261040015
:101930001762040030B50B4D0B4B87B000242846CE
:101940000393CDE9044414F0B9FB03AB009328469C
:1019500006490A234FF4A86214F0CAFB204607B0D8
:1019600030BD00BFA02F002045620400008600208B
:1019700008B5034A034801211CF037FD002008BDCB
:10198000536204005C3A040038B5C51C25F0030519
:10199000782D09D917491848184A70231BF077FE8B
:1019A000164870211BF06AFE154CD4F8503123B153
:1019B000D4F858312B44782B19D97C21012020F000
:1019C00000FE78B100230360D4F854215AB9C4E969
:1019D0005400C4F85831D4F858311A1D1D4410442D
:1019E000C4F8585138BD1060C4F85401F1E7D4F878
:1019F0005401F0E7956204002C5904006A62040067
:101A00002C5100200A48BFF35B8F50E8003F43F0A1
:101A1000020340E80032002AF7D1BFF35B8F436A2C
:101A20001B68A0F59C700BB141681847704700BF58
:101A300064520020022801D9FFF79ABF014B185CBD
:101A4000704700BF416604002DE9F041184CD4F8FE
:101A50003431222B05460E4609D9164A1648012173
:101A60001CF0C3FC4FF000084046BDE8F08103685D
:101A70001878FFF7DFFF07463044FFF785FF08B906
:101A80000E4AEBE7D4F834315A1C0333DB0003F180
:101A90000408C4F83421A0441C442A8A22816B8A99
:101AA000A3723044606029683A4621F034FCDBE7D9
:101AB0002C510020DF6204005C3A0400FB62040049
:101AC00070B5054638B90B4A0B4801211CF08DFC56
:101AD0000024204670BD0078FFF7ACFF0646FFF7F4
:101AE00053FF044608B9054AEEE73246294621F07D
:101AF00012FCEEE7186304005C3A04002C63040057
:101B000010B5BFF35B8F50F82C3CBFF35B8FDB0746
:101B100006D4BDE810400D4A0D4802211CF065BCFA
:101B2000A0F5B274A0F5AE7120680AF0B9FD0346C5
:101B300058B10748074A01211CF07DFA20466FF092
:101B40000B01BDE810401CF078BC10BD41630400DF
:101B50005C3A0400576304000329F7B5044600F01B
:101B6000AE800ED802291BD17249734A73484FF4D4
:101B7000F9731BF08CFD72481BF089FD4FF4F9716D
:101B80003AE00529F0D1002875D16E49D1F83431F9
:101B9000012B60D90B8C01330B8203230B7664E09D
:101BA00028B968481CF05FFC002003B0F0BD082194
:101BB000C668FFF749FF002705464FF42053206809
:101BC0008DF800706946ADF802301CF059FEB0B1D6
:101BD00042F6010320688DF8047001A9ADF80630C3
:101BE0001CF04EFE58B15849534A544840F24B132A
:101BF0001BF04DFD40F24B114F481BF03FFD55B916
:101C0000524A534801211CF0F0FB6FF00B014D4884
:101C10001CF013FCC8E728461CF039FC044648B900
:101C20004C49454A454840F25F131BF030FD40F2F5
:101C30005F11E1E733680360736843600068FFF792
:101C40003FFF206008B9444ADBE73E49A388CB82C6
:101C5000AA889A4202D1FFF7D5FEA5E700238B6040
:101C600005230B76AB8801330B8201F5B2713B483B
:101C700020F065FB98E7002542F6030300688DF825
:101C8000045001A9ADF806301CF0FAFD50B9082146
:101C90002046FFF7D9FE04461CF019FC23680360B8
:101CA000012082E729462046FFF7CEFE0028F7D123
:101CB000238A2B4A264801211CF0BDF9A5E70028FC
:101CC000C9D000238DF80430006842F6030301A94F
:101CD000ADF806301CF0D4FD48B12249164A174829
:101CE0004FF4DE731BF0D3FC4FF4DE7184E7218ADE
:101CF00014481CF05CFB10B96FF0020187E7E5683F
:101D00001CF0E5FB044648B917490B4A0B484FF451
:101D1000E4731BF0BCFC4FF4E4716DE72B680360C7
:101D20006B6843600068FFF7CBFE20600028B7D1E6
:101D30006BE700BF31B004006A6204002C59040054
:101D4000ED6504002C5100207863040091640400C8
:101D50005C3A0400BA640400D9640400A02F002097
:101D60000765040045650400D065040010B50B4C00
:101D7000034608462168994204D1BDE81040117C11
:101D8000FFF7EABE064A074801211CF02EFB204659
:101D90006FF00D011CF051FB002010BD2C510020F4
:101DA000036604005C3A040070B505460E46002444
:101DB000214628461CF0A3FB0446A0B11CF087FB7B
:101DC00058B90A490A480B4A4FF40F731BF05FFCDD
:101DD00008484FF40F711BF051FC016830461CF0AD
:101DE0004FFD0028E4D1204670BD00BFD965040036
:101DF0002C5904006A620400F8B506460D4619B174
:101E0000097811F0FD0F50D1002A4ED0BFF35B8F3F
:101E1000294C54E8001F41F0010044E80007002F5E
:101E2000F7D1BFF35B8F11F0010141D1A4F59C7490
:101E3000002DC4E9006314BF01230023C4E9541139
:101E400084F86031C4F85C21C4F83411C4F8581126
:101E50000AD02878FFF7EEFD2946024604F59E7069
:101E600021F059FA04F59E75144BE3604FF6FF73A9
:101E7000A560E382124913480023012523762582B9
:101E800013F0F8FE104930460AF00AFC044650B13F
:101E90000E4A034629460E481CF0CDF806486FF05E
:101EA00001011CF0BBFA2046F8BD6FF01504FAE7FB
:101EB0006FF07704F7E700BF645200206D1D020049
:101EC000011B0200905200203451002025660400BE
:101ED0005C3A04001FB5094A1068516801AB03C39E
:101EE0009068074A01AB044603CBC2F84640C2F8EB
:101EF0003E00C2F8421004B010BD00BF383C0400E0
:101F0000A8520020054B1822A3F84A202822DA64A0
:101F10004FF4C872A3F85020704700BFA8520020A9
:101F20002DE9F0470378092B05460C461CD1114FCB
:101F300097F82130C3B197F820A090F801800026CF
:101F4000564511D207EB461969684246484621F0CA
:101F500022FA60B96378C4F81890013363700123E2
:101F600084F81C802375A3700120BDE8F08701363A
:101F7000E6E700BFA8520020F8B5094B1C680546EB
:101F80000E46174654B154F8043C1B68043C1BB180
:101F90003A463146284698476468F3E7F8BD00BFE3
:101FA000A052002050B100234360054B5968021D28
:101FB00011B9C3E9002270470A605A60704700BF38
:101FC000A052002070B5054692B00C4600296AD098
:101FD0004FF0FF324FF0FF33344812F0B7FF052DBA
:101FE0005ED8DFE805F0035A1E5A5A5A304E96F86A
:101FF0002050002D51D12046FAF7E9FC431E1F2B3B
:1020000002464DD82146304621F085F996F8203019
:10201000013386F82030254813F068F8284612B0BE
:1020200070BD234D95F82B30002B36D120686862A7
:10203000A379A2882A8585F82A30237807AE032B56
:1020400025D8DFE803F0021E20221A493046FAF7AD
:10205000B6FC059663780493A3780393E378029320
:102060002379019363790093A379134A1E210AA867
:102070001AF0A8FD95F82B30013385F82B30002598
:10208000C9E70E49E2E70E49E0E70E49DEE70E4AEE
:102090000A2130461AF096FDDBE76FF00B05BAE730
:1020A0006FF01505B7E76FF01505B7E7D4130020FB
:1020B000A8520020F150040013510400F85004000D
:1020C000FF50040009510400469C040010B50D4C5B
:1020D0004FF0FF324FF0FF33204612F037FF0A4B2C
:1020E000002283F8202083F8222083F82B2083F815
:1020F000302083F8342083F836202046BDE8104095
:1021000012F0F4BFD4130020A8520020074B002285
:1021100083F8212083F8232083F82C2083F83120B2
:1021200083F8352083F83720704700BFA85200207D
:1021300008B5830625D0FFF7E9FF134B10F0020F17
:102140001CBF012283F82C20C20744BF012283F860
:102150002120C20644BF012283F82320420744BF46
:10216000012283F83120020744BF012283F8352081
:10217000820644BF012283F8372083F838100020FC
:1021800008BD6FF01500FBE7A852002070B586B0BF
:1021900000230E46054601931CF02CFA154B0FCB7D
:1021A00002AC84E80F0001AB134A2146304606F02A
:1021B000B3FD0835114B50B11C68C4B154F8043C50
:1021C0009B68043C0BB1284698476468F5E7019E7C
:1021D0001C684CB154F8043CDB68043C13B1314634
:1021E000284698476468F4E7019805F0BFFD06B0FB
:1021F00070BD00BF443C0400F2520020A0520020F9
:102200002DE9F04F464D95B0064650220C466846E3
:10221000002121F0A8F895F82C1095F838308DF8A9
:10222000033095F821203389002936D1002A56D170
:1022300003F001038DF8043020461CF0A2FA39495E
:10224000B4F8048007466A46204602F0DDF9A36828
:10225000A4F8048013FA87F7334B2760CDE90334E1
:102260009DF80330346802969DF80460002B45D039
:102270009DF801209DF800309A4243D1324605A9CD
:1022800002A8FFF779FE95F83C301BB1214668465D
:10229000FFF77CFF15B0BDE8F08F0121D6F8008074
:1022A0008DF800100ABB0B4095F82BA01F4F8DF83E
:1022B00004304FF00009D145BED2394607224046CE
:1022C00021F059F8BB460737A8B90123CDF830B043
:1022D0008DF801308DF82C308DF80230ACE79DF888
:1022E000002001328DF80020A2E702228DF80020A4
:1022F00003F00103D8E709F10109DCE79DF802309A
:10230000002BBBD10A4B1C68002CC3D054F8043CF2
:102310005B68043C13B1314602A898476468F3E750
:10232000A8520020211F0200F2520020CC520020AF
:10233000A052002038B5184C0546184805F022F880
:102340003C220021204621F00EF8EDB12B7984F8D3
:102350003C302A688AB11368C4F83E305368C4F828
:1023600042309368C4F84630AA684AB11368C4F88A
:102370004A3053680A4A536038BDFFF7ABFDF3E7B4
:10238000BDE83840FFF7BEBDFFF7A4FDFFF7BAFD7B
:1023900084F83C50F0E700BFA85200209C0E0020BB
:1023A000F2520020034608B1012805D1044800215B
:1023B00000F83E3F04F08EBF6FF01500704700BF7D
:1023C000A8520020034B9B681BB1481E18BF012078
:1023D00018477047FC52002010B51C46034B1B6881
:1023E00011460BB122469847204610BDFC520020F2
:1023F000024B5B6803B11847704700BFFC520020D6
:1024000030B1044B02681A6042685A6082689A6070
:1024100000207047FC52002070B586B00E4615466D
:10242000002104461822684620F09DFF0B490C4B02
:10243000ADF80C50CDE9011604932CB9694620463D
:1024400009F0A2FF06B070BD0122204609F0BCFCD5
:102450000028F3D16FF01500F4E700BF40410400FD
:10246000F12302002DE9F04397B00C4605461CF01D
:1024700044F81CF00CF8504BD0F800C011AA03F13E
:10248000100E174618685968164603C60833734578
:102490003246F7D11B783370394660461CF0F0F9AC
:1024A000064628B16FF08506304617B0BDE8F083C8
:1024B0004FF0FF33A360A381404B02AA03F1100940
:1024C0009646186859689446ACE8030008334B45B3
:1024D0006246F6D11B788CF8003071462846FFF72B
:1024E00063FC804638B9364A364801211BF09AFD14
:1024F0006FF01506D8E70DF11C0C304B62461868DA
:102500005968E646AEE8030008334B45F446F6D179
:102510001B788EF80030414628461CF03DF808B97B
:10252000294AE1E78388638100238DF8043001AAFA
:1025300042F6021341462846ADF806301CF02CF84E
:1025400008B9224AD0E78388A381214B0CAA03F162
:1025500010089646186859689446ACE8030008339A
:1025600043456246F6D11B788CF800307146284608
:10257000FFF71AFC844608B9164AB5E7144B3A46E9
:10258000186859689646AEE803000833434572461A
:10259000F6D11B788EF800303A46614628461BF08B
:1025A000FBFF08B90C4A9FE78388238128461BF06C
:1025B000A2FF206078E700BFFE3F04000F40040048
:1025C000B76604003C3B0400D666040009670400BB
:1025D000204004002F6704004E67040070B5051DFD
:1025E000BFF35B8F55E8003F43F0020245E800214E
:1025F0000029F7D1BFF35B8F9B072FD4194B0361E1
:1026000043890383012683894383868300F1200362
:10261000BFF35B8F53E8001F314343E80012002AE9
:10262000F8D1BFF35B8F00F1100100680AF060FE83
:10263000044688B10C4A034631460C481BF0FBFCAB
:10264000BFF35B8F55E8003F23F0020345E80032FB
:10265000002AF7D1BFF35B8F204670BD6FF077047F
:10266000FAE700BFF9E50300816704003C3B040082
:10267000014817F089BE00BF9041040038B50446F8
:1026800018B90F4B0F485B6898476168B1F5683F10
:1026900010D0B1F5680F0DD00B4DA9420AD011F43E
:1026A0006861206807D00146084812F06FFB0023DC
:1026B0002360656038BD142220F055FEF9E700BFA5
:1026C0007C110020A16704002C5F5CA90858002041
:1026D00008B520B34368B3F5683F10D10122036801
:1026E000BFF35B8F53E8001F002903D143E80020AC
:1026F0000028F7D1BFF35B8F0DD1002008BD094A38
:1027000093420AD000684FF0FF324FF0FF3312F0CF
:102710001DFC0028F1D00448F0E70448EEE76FF410
:10272000E040EBE72C5F5CA9E98FFFFFEA8FFFFF3A
:1027300008B5D8B14368B3F5683F10D100220368EB
:10274000BFF35B8F53E8001F012903D143E800204A
:102750000028F7D1BFF35B8F0BD1002008BD074ADB
:10276000934208D0006812F0C1FCF6E76FF4E04035
:10277000F4E70348F2E70348F0E700BF2C5F5CA9E9
:10278000E98FFFFFEA8FFFFF10B5044618B91D4B14
:102790001D485B6898476368B3F5683F2FD0B3F571
:1027A000680F2CD0194A934219D1236803BB1848EB
:1027B0004FF0FF324FF0FF33214612F05BFA08B9B9
:1027C00023681BB90F4B13485B6898472068142295
:1027D000002120F0C8FD4FF46863636008E0B3F5A2
:1027E000683F0DD83A2B03D040F6BA629342DED14F
:1027F00020681FF006FD636843F03A03636010BD74
:10280000054AF3E77C110020A16704002C5F5CA956
:1028100008580020C76704003A00003A08B5064986
:102820000648402314221FF0D5FCBDE808400449A7
:10283000044817F06DBE00BF085300200858002060
:1028400098410400AC41040008B50348034A002144
:10285000121A1BF015FF08BD6016002040750020FD
:102860000748084A084908B5121A1BF00BFF074829
:10287000074A0849BDE80840121A1BF003BF00BF11
:10288000C0040020601600207CBD0400B8040020B5
:10289000C004002074BD04002DE9F047064600AFD7
:1028A0000C46002936D0E9468AB0D1E90012A36867
:1028B0006D462148A8464FF0050AC5E90501C5E95E
:1028C000072348F810AF1D48424600234FF421511A
:1028D000FEF7AAF9CD46D4E903126369AD4618485C
:1028E000C5F810A0C5E90501C5E907231348002371
:1028F00042464FF42151FEF797F9CD46E369114A5C
:102900000E4801211BF097FBA3690F4A0B480121D8
:102910001BF091FB012E07D1EFF305830B4A07480B
:10292000103B31461BF087FB2146304611F016FF65
:10293000BD46BDE8F08700BFF4670400443B0400D7
:102940002368040052680400616804008F68040072
:1029500030BFFFF7FDBF00BF2DE9F0410B4EDFF8A0
:10296000308006EB0807CC1B054632460949204655
:1029700020F0D1FCA01942460021083C20F0F3FCD5
:102980006C6707F10800BDE8F08100BF000000009F
:10299000080000000C3C0400054B5A699B689A42F1
:1029A0001FBF044A536843F080535360704700BF11
:1029B000905E002000ED00E070B5294C06460D4603
:1029C000284829491BF06BFEA36AD9043CD5254849
:1029D00026491BF064FE1720A36A1A0504D5214876
:1029E00023491BF05CFE18201D4CA36A9B0512D5E1
:1029F0001C4820491BF053FEA36BA26A100409D5A2
:102A00001D4A184801211BF016FB1EB1A36A23F4CE
:102A10000043A3621920124CA36A590504D511483A
:102A200016491BF03CFE1A20A36ADA050ED50D48A4
:102A300013491BF034FE1B20094A936A43F47F4379
:102A4000936200232B7070BD1620C5E7A36A9B0418
:102A5000F2D504480B491BF022FE1C20ECE700BF16
:102A600000ED00E0443B0400A2680400B8680400E4
:102A7000C9680400DC680400F56804000A69040001
:102A8000256904003D69040010B5204C2049214807
:102A90001BF005FEA36A990136D51E481E491BF09E
:102AA000FEFD1E20A36ADA0104D51A481B491BF05B
:102AB000F6FD1F20154CA36A1B0304D515481849C1
:102AC0001BF0EDFD2120A36A590304D511481549D7
:102AD0001BF0E5FD22200D4CA36A9A0304D50D4896
:102AE00011491BF0DCFD2320A36ADB0304D5094850
:102AF0000E491BF0D4FD2420044A936A6FEA034375
:102B00006FEA1343936210BD1D20CBE700ED00E098
:102B10006C690400443B0400846904009769040064
:102B2000B1690400CF690400F46904000E6A04006E
:102B30002DE9F8433F4D804689463F483F491746B7
:102B40001BF0ADFDAB6ADA0627D53D493A481BF0CC
:102B5000A6FD1124AB6A1B0704D53A4936481BF081
:102B60009EFD1224334DAB6A9E0718D53649324874
:102B70001BF095FD6E6BAB6A1C0646D5334A2E489A
:102B8000334601211BF057FAB9F1000F03D0AB6AAD
:102B900023F08003AB62132403E01024DAE76FF024
:102BA0001506244DAB6AD80704D5294922481BF0E5
:102BB00076FD1424AB6A990604D526491E481BF0FD
:102BC0006EFD15241B4DAB6ADA0602D4AB6A9B0777
:102BD0000AD56B68180507D54146304600F0E0FA83
:102BE000B0B180F309880224124B9A6A920642BF60
:102BF0005A6A22F400525A629A6A42F0FF029A62BA
:102C000000233B702046BDE8F8836FF01506C2E74D
:102C1000AB6AD906E8D51049104A114840F227138B
:102C20001AF035FD0F481AF032FD0C4840F227111A
:102C30001AF024FD00ED00E0443B0400396A040072
:102C40004F6A0400C9680400826A04009A6A04009A
:102C5000B06A04003D690400016B0400CF6A0400FF
:102C60002C5904004B6B0400F0B5794B8BB0044633
:102C7000586800AFC0F30803002686F31188BFF33D
:102C80006F8F02F07F45B5F17F4F07D102F00C0541
:102C9000082D12D16F4970481BF001FD6F49704A31
:102CA000704840F214431AF0F2FC6F481AF0EFFC3F
:102CB00040F214416A481AF0E1FC15074CBF0C467B
:102CC0000126002CEAD00022FA71DA1E092A00F24D
:102CD0009E80DFE802F0059497779C9C9C9C9C9AD0
:102CE00062495D485A4D1BF0DAFC0023FB71EB6A28
:102CF0009A0705D55E4958481BF0D1FC002329E00E
:102D0000EB6A002B01DA5B49F5E7EB6A5B0069D5FA
:102D1000594951481BF0C3FC6B69A26943F48073A5
:102D20006B61BFF34F8FBFF36F8F6B6932F8022C6B
:102D300023F480736B61BFF34F8FBFF36F8F4DF63A
:102D400002739A4227D123684C4A434801211BF061
:102D500072F92368FA79DAB907F1080504F1200C51
:102D6000206861682A4603C2083464451546F7D1D5
:102D70007A6A002E67D0C2F3080121B96FEA5222A5
:102D80006FEA42227A6207F108011846FFF784FDD4
:102D90002C37BD46F0BDAB6ADBB233B1FA1D012161
:102DA0002046FFF7C5FE0346D4E7AB6A13F47F4F16
:102DB00004D0F91D0120FFF7FFFDF4E7AB6AB3F57E
:102DC000803F02D3FFF760FEEDE72D49244A2548F6
:102DD00040F2ED231AF05BFC2A481AF058FC40F24E
:102DE000ED2167E726491E4A1E484FF43C731AF04E
:102DF0004EFC25481AF04BFC4FF43C715AE7FA1D83
:102E00000021CDE7F91D0020D5E7204973E7204ACE
:102E1000204910F4F87F6D468AB018BF11466A4603
:102E2000103BD3611C484FF4007313841B4BC2E961
:102E3000050142F8103F084800234FF41151FDF7F7
:102E4000F3FEAD465AE722F4FF7222F0010299E741
:102E500000ED00E09C6B0400443B0400C76B0400E1
:102E6000CF6A04002C590400DA6B0400186C0400CB
:102E70002F6C0400506C04005E6C04007D6C040038
:102E800031B00400996C0400BD6C0400ED6C0400CA
:102E9000836B04006E6B0400116D040004000001DC
:102EA000044B5A6942F010025A615A6922F0080232
:102EB0005A61704700ED00E0EFF30880EFF30981FD
:102EC00001B57246FFF7D0FE01BD00BF002080F3C0
:102ED0001488BFF36F8F0F4880F3088810F0ECF868
:102EE00000200D490860BFF34F8F00F02BF8402001
:102EF00080F3118809484FF40461401880F3098871
:102F0000EFF314800221084380F31488BFF36F8F1E
:102F100000F016F900B2002094ED00E040A000207F
:102F20000749D1F890200023C2F3072218469342A4
:102F300000DB7047C1F89830C1F8A0000133F6E714
:102F400000ED00E008B572B6002383F31388FFF7A5
:102F5000E7FF144B4FF0FF32C3F88020C3F8842002
:102F6000C3F88820C3F88C20C3F89020C3F89420BD
:102F7000C3F89820C3F89C20C3F88021C3F88421AB
:102F8000C3F88821C3F88C21C3F89021C3F8942199
:102F9000C3F89821C3F89C2162B6BFF34F8FBFF3EB
:102FA0006F8F08BD00E100E0084B9B6883420BD1A6
:102FB000EFF3058343B1064B5A6842F080525A60E2
:102FC0005A6A22F400425A6214F03ABC905E002021
:102FD00000ED00E014498A684FF030001044EFF330
:102FE000098C80E8F01F402080F31288BFF36F8FB8
:102FF0000E4F4FF000664A698A603E60506F0C4C7D
:103000002060906F0023936780F3118804B5104609
:1030100000F02AF9BDE8044002F1300090E8F01F0A
:103020008CF3098870470000905E002004ED00E0FA
:10303000285800201EF0040F0CBFEFF30880EFF3B8
:103040000980816911F8021C0229FFD001B572467E
:103050001BF01AFB01BD00BF40B2002807DB044A89
:103060004109012300F01F00834042F821307047DE
:1030700000E100E040B200280CDB4309064900F003
:103080001F0020330122824041F82320BFF34F8FDD
:10309000BFF36F8F704700BF00E100E0054B4209AE
:1030A00000F01F0053F82220012303FA00F0104023
:1030B000704700BF00E100E038B5D30704460D4675
:1030C00012D48B1C072B10D9114A124912486B23BA
:1030D0001AF0DDFA11482946062322461AF0D7FADB
:1030E0000B486B211AF0CAFA002360B20028ACBF6B
:1030F00000F160400A4A4FEA4313B8BF00F00F00E6
:10310000DBB2AABF00F56140135480F8003338BD2C
:10311000246D04005B6D04002C590400766D0400DE
:1031200014ED00E0044B054A23F07F039360BFF3E6
:103130004F8FBFF36F8F70470000000000ED00E07D
:1031400008B5FFF7EFFF074AD2F8883023F4700381
:10315000C2F88830FFF778FBFFF782FB00F05AF8DF
:1031600011F05AFC00ED00E042F8203C009B42F8D0
:103170001C3C0A49019B42F8183C029B42F8143C53
:1031800021F001014FF0807342F8043C42F8081C22
:103190000023203A02658367704700BF75F3010082
:1031A000094A0346906870B113F1160F406E05D0BE
:1031B000A0F140029A4205D8834203D2814228BF3F
:1031C0000020704700207047905E002008B515462B
:1031D0000B4A0C4B9060426F1A600E4600F044F8A8
:1031E0002C4686F309880020034B9847204600218F
:1031F00000220023014C2047B5E6030075F30100CF
:10320000905E002028580020014B10221A61704760
:1032100000ED00E0044800234021C2180133302BA8
:1032200082F80013F9D1704700E100E008B5EFF330
:103230000583064A103B02EBC30152F8330049688C
:103240008847BDE80840FFF7A7BB00BF1C37040054
:10325000024B034A0348012100F08AB80000042011
:1032600000000020E0410400426E054B403A1A6025
:10327000044A4021C3E901121846012100F09EB81A
:103280002C58002000000B1508B503461048D0F854
:103290009020C2F30722013A934207D90D480E4A03
:1032A00001211AF0C8FE6FF0150008BDC0F8983073
:1032B0000A6822F01F021A4342F01002C0F89C2054
:1032C0008A6842F00102C0F8A0201846EDE700BF6E
:1032D00000ED00E0143B0400BA6D0400F0B50E46AA
:1032E00085B01F4604460025B5420DDA606810B36C
:1032F00097B1431E18420AD0104A11482B460121AB
:103300001AF099FE6FF01502104605B0F0BD1F28A7
:10331000F2D921680B42EFD1236801931BF0EDF93C
:10332000A36801A90343D0B20393FFF7ADFF10F1E7
:10333000160FE7D0421C01350C34D5E7E06D0400D0
:10334000143B0400044B0522C3F89420BFF34F8FB5
:10335000BFF36F8F704700BF00ED00E0BFF35F8FDA
:10336000024B0022C3F89420704700BF00ED00E03C
:1033700038B50D4D01232A780C46FFF7AFFF2870B2
:1033800016300FD1094A0A490A484FF4BF731AF0A0
:103390007EF9094821461AF07AF904484FF4BF71C2
:1033A0001AF06CF938BD00BF9E700020036E040057
:1033B00031B004002C590400326E040010B5144AD8
:1033C000002312780C46FFF789FF10F1160F08D082
:1033D000104A0021D2F89030C3F30723984210DB43
:1033E00010BD0D4A0D490E4840F29D131AF04FF9D9
:1033F0000C4821461AF04BF9074840F29D111AF08B
:103400003DF9C2F89800C2F8A0100130E2E700BF11
:103410009E70002000ED00E0036E040031B0040057
:103420002C5904005E6E04002DE9F04F7B4C7C4962
:10343000D4F890300D68C3F307239D4285B013D9AB
:10344000784A7949794840F2F7131AF020F9D4F80C
:10345000902077482946C2F307221AF018F940F263
:10346000F71170481AF00AF9FFF778FF496800224F
:10347000954201F10C012DD16E4C6F4F25706846BD
:10348000FDF79AFFDFF8B481DFF8B4910646002516
:10349000AE4232D1237861490020D1F89020C2F3A6
:1034A00007229342C0F2AF80FFF74CFFD1F8903073
:1034B000C3F30723082B00F0AC806249594A5B48EC
:1034C00040F269231AF0E3F85F481AF0E0F840F29E
:1034D0006921C6E7C4F8982051F80C3C23F01F037B
:1034E000134343F01003C4F89C3051F8043C43F0FC
:1034F0000103C4F8A0300132BAE7009A02EB0513C9
:103500002901D3F80CA00AEA0700B0F5000F60D03B
:103510000AD8B0F5001F38D0B0F5800F4ED0B0F506
:10352000801F12D00135B3E7B0F1807F5CD0B0F1DD
:10353000007FF7D19868D3F804A052581BF0DDF84B
:10354000CDE901A240F480200BE09868D3F804A0F4
:1035500052581BF0D2F8CDE901A240F0885040F457
:1035600030200390207801A9FFF78EFE002846DA6C
:103570002D492C4A2D4840F221231AF088F833486F
:103580001AF085F840F221216BE79868D3F804B06F
:1035900052581BF0B2F81AF0010F40EA0800CDE9CA
:1035A00001B20390DED02A491E4A204883231AF034
:1035B0006EF828481AF06BF8832152E79868D3F820
:1035C00004A052581BF099F8CDE901A240EA090085
:1035D000C7E79868D3F804A052581BF08EF8CDE9DD
:1035E00001A240F08270BCE79868D3F804A052585A
:1035F0001BF083F8CDE901A240F08870B1E7237891
:10360000013323708EE7C1F89830C1F8A000013370
:1036100043E7002005B0BDE8F08F00BF00ED00E0FB
:10362000EC410400036E040031B004002C59040086
:103630008B6E04009E7000200000F0FF0000081157
:10364000000002023E6F04008E6F0400146F04003D
:10365000BF6E0400E56E0400F0B587B007460E4665
:1036600014460021102268461D461FF07CFE0223EE
:103670008DF802302A46054B019321466846CDE974
:10368000047619F031FB07B0F0BD00BF1BE7030063
:1036900008B5024819F076FAFEE700BFBE6F0400D5
:1036A00008B5024B1B689847002008BD3858002019
:1036B000034B044A1860937843F0020393707047F9
:1036C00038580020180F002008B50649064821F098
:1036D0000701C1F1005202F58022FBF751F90020E9
:1036E00008BD00BF53F200203C58002070B541696E
:1036F000867A0B4D044659B1437ADB0706D434234E
:1037000003FB0653DB6A1B689B68984700236361D1
:103710003420214606FB0050BDE870401EF09CBDE1
:10372000F4140020024B342202FB0030704700BF2B
:10373000F4140020827A074B342101FB02331A6B08
:1037400093F824301B33801A23F00303B0FBF3F00B
:10375000704700BFF414002038B5074B827A342438
:1037600004FB0233DB6AD3E901240C601568FFF720
:10377000E1FF04FB005038BDF414002008B5437A83
:103780004BB10C490C4A0D485A2319F080FF5A21BD
:10379000094819F073FF43683BB10949064A0748D5
:1037A0005B2319F074FF5B21F2E703824369C36076
:1037B00008BD00BFE86F0400C36F04002C5904006B
:1037C000F96F04002DE9FF47054668460391174647
:1037D0001C461EF03EFEDDE9008955B95D495E4A92
:1037E0005E484FF4817319F052FF4FF481715A48CB
:1037F00018E005F11C06EFF3118A402383F31288C9
:10380000BFF36F8F304614F08BFA68B9544A5549AC
:103810005248882319F03BFF3146534819F037FFCF
:1038200088214F4819F02AFF304614F09DFA6B8C1E
:10383000002B5CD02A8C9A4239D9002200232846DA
:1038400011F00CFE0446002831D0304614F076FA10
:1038500068B9434A454941484FF49A7319F017FF34
:103860003146434819F013FF4FF49A71D9E78AF3B0
:103870001188BFF36F8F039D002D5BD042464B46EE
:1038800068461EF00BFEA27A3A4B342101FB02334C
:103890002046DB6A1B6803A91E68DDE90023B047E8
:1038A0006061002839D12046FFF720FF30E06C8CA2
:1038B000631E6B84304614F041FA0028C9D08AF3A5
:1038C0001188BFF36F8F95F824302A8C1B33121B9D
:1038D0002C6B23F0030302FB0344264B264AEB1A0E
:1038E0009B105343A37295F82430E372C3E730462C
:1038F00014F024FA0028ACD08AF31188BFF36F8F3C
:1039000023463A46284611F0A9FD04460028B2D1C4
:103910000024204604B0BDE8F087039B9D420AD9ED
:1039200016490D4A0D4840F2571319F0B0FE40F207
:1039300057115CE76561012300212381039BE27A33
:103940006160638204F118001FF00DFD2046FFF74F
:1039500015FFDEE70C8E0400C36F04002C59040031
:103960003A5C0400675C04007C5C0400925C040028
:10397000A95C0400F4140020C54EECC413700400CC
:1039800070B50C46054658B92849294A29484FF4CC
:10399000CF7319F07CFE4FF4CF71254819F06EFEFD
:1039A00049B92549224A234840F29F1319F06FFE76
:1039B00040F29F11F1E7EFF31186402383F3128861
:1039C000BFF36F8F1D4814F0ABF960B91C4A1D4955
:1039D0001848882319F05BFE18491B4819F057FE58
:1039E00088211748DAE7154814F0BEF90023236050
:1039F0006B689BB9C5E90044104814F09FF980B981
:103A00000F4A12490B484FF49A7319F040FE0B49C4
:103A10000F4819F03CFE4FF49A71E2E71C606C60AD
:103A2000EAE786F31188BFF36F8F70BDF37E040061
:103A3000C36F04002C590400F2750400485800209C
:103A40003A5C0400675C04007C5C0400925C040047
:103A5000A95C040070B5044658B923492348244A98
:103A600040F2AB1319F013FE214840F2AB1119F0EC
:103A700005FEEFF31186402383F31288BFF36F8FA7
:103A80001C4814F04DF960B91B4A1C49174888239B
:103A900019F0FDFD17491A4819F0F9FD882116485B
:103AA000E5E7144814F060F925682DB162682B68C9
:103AB0002360954208BF63600E4814F03FF968B96F
:103AC0000D4A104909484FF49A7319F0E0FD09496D
:103AD0000D4819F0DCFD4FF49A71E0E786F3118888
:103AE000BFF36F8F284670BDF37E04002C5904008D
:103AF000C36F0400485800203A5C0400675C04006F
:103B00007C5C0400925C0400A95C0400F8B50546E6
:103B100098B1194E34272C466D68237ACBB9174AD1
:103B2000174918484FF4E17319F0B1FD21461648C2
:103B300019F0ADFD4FF4E17108E014490F4A114846
:103B40004FF4DE7319F0A3FD4FF4DE710B4819F04A
:103B500095FD013BDBB2237253B9E3606360A37A46
:103B600007FB036320469B6A1BB19847002DD2D107
:103B7000F8BDFFF7BBFDF9E7F4140020C36F0400A4
:103B8000247004002C5904002D700400F275040008
:103B900008B558B907490848084A40F2E71319F030
:103BA00076FD064840F2E71119F068FD027A01320D
:103BB000027208BDF27504002C590400C36F0400A2
:103BC00008B5034658B908490848094A40F2322363
:103BD00019F05DFD064840F2322119F04FFD1846FC
:103BE0005B68002BFBD108BDF27504002C59040062
:103BF000C36F040070B50D46044658B90F49104A0A
:103C0000104840F23D2319F042FD40F23D210C489E
:103C100019F034FD49B90C49094A0A4840F23E23DB
:103C200019F035FD40F23E21F1E746681EB1084625
:103C3000FFF7C6FF4660656070BD00BF3B730400C0
:103C4000C36F04002C5904004270040038B50546C7
:103C50000C4659B90C490D480D4A40F2492319F058
:103C600016FD0B4840F2492119F008FD20B9BDE8C6
:103C700038400846FFF78CBFFFF7A2FF2146FFF749
:103C8000B9FF284638BD00BF427004002C5904001B
:103C9000C36F04002DE9F84F07460D461646FFF79F
:103CA0008FFFDFF880B004464FF000084FF0340A71
:103CB0000C3420461AF069FD85421BD320461AF0C9
:103CC00064FD1FFA80F931464A4620461AF065FD28
:103CD000B5EB0905C8444E4420D00C9B6BB1DDE91F
:103CE0000A010D9A98470446C0B101463846FFF7CD
:103CF000ADFFDDE71FFA85F9E5E7BB7A03FB0AB004
:103D0000C36A9B6843B1AB4228BF2B461946DDE925
:103D10000A23FFF757FDE6E72946F8E74046BDE8E6
:103D2000F88F00BFF414002008B548B90B490C4ABD
:103D30000C482B2319F0ABFC2B21094819F09EFCF1
:103D400083883BB10849064A06482C2319F09FFC9A
:103D50002C21F2E783680B44036008BDF275040070
:103D60004F7004002C5904007B70040008B5034612
:103D700000689A68821A91420BD9094909480A4A8F
:103D800040F2551319F083FC074840F2551119F021
:103D900075FC9A88401A11441860998008BD00BFCC
:103DA0009A7004002C5904004F70040008B58288F2
:103DB0008A4203460BD2094909480A4A40F2C31312
:103DC00019F065FC074840F2C31119F057FC521A6C
:103DD000828000680844186008BD00BF8A70040033
:103DE0002C5904004F70040008B5034600689A88F7
:103DF0008A420BD208490948094A40F2CF1319F008
:103E000046FC074840F2CF1119F038FC521A014421
:103E10009A80196008BD00BF8A7004002C59040004
:103E20004F700400F8B5858803680E4604465F1994
:103E30001AF0ABFCB04209D206490748074A3E23B4
:103E400019F025FC05483E2119F018FC3544A580E1
:103E50003846F8BDBE7004002C5904004F700400B1
:103E60000E4A0123C2F840354FF080424FF0805196
:103E7000C2F87835D1F83001082808D1D1F83411CA
:103E8000052904D80648415C09B1C2F838364FF01C
:103E900080430122C3F880250020704700E00140E4
:103EA000F170040048B1054B054A1B68B3FBF2F3FF
:103EB0005843044B43F0010318477047501100204A
:103EC00040420F007040040008B50448044A3F23F4
:103ED000C0E900230FF0CEF9002008BD4C580020A7
:103EE000FFFF01000E4B402970B528BF40210D4C4B
:103EF00046181D46B04203F1020304D1002305F821
:103F00001130074870BD02781209A25C03F8022C38
:103F100010F8012B02F00F02A25C03F8012CE9E774
:103F2000BD7000201571040030B503788BB00446D5
:103F300007AD032B21D8DFE803F0021A1C1E12493B
:103F40002846F8F73CFD059563780493A37803931E
:103F5000E37802932379019363790093A3790B4A61
:103F60000B481E2118F02EFE09480BB030BD094940
:103F7000E6E70949E4E70949E2E7094A0A21284650
:103F800018F020FEDFE700BFF150040013510400D9
:103F90009F700020F8500400FF50040009510400F5
:103FA000469C04002DE9F341234DBFF35B8F9846F7
:103FB0002B68BFF35B8F1746DA07044620D538B964
:103FC0001E4A1F4801211AF02DF86FF0010018E079
:103FD00001A91AF00BF91B49024620461FF0DBF934
:103FE0000028F2D1BFF35B8F2B68BFF35B8FC3F365
:103FF000C0061B0708D5144A114802211AF012F80E
:10400000002002B0BDE8F081A5F1D40407222146CA
:104010004046B84706280AD80C4A094801211AF038
:1040200001F845F8D46CE671C4F80360E8E70723AB
:10403000B0FBF3F0E071E3E7640D00202D710400A4
:10404000AC3A0400065104004E7104007271040081
:104050002DE9F04188B09C79DDF838805D791E79D2
:10406000DF7893F802C093F801E01B78B8F1000FF5
:104070000ED0CDE90638CDE904CE1346CDE902676E
:10408000CDE90045084A18F09DFD08B0BDE8F08173
:10409000CDE905E3CDE9037C1346CDE90156034A9A
:1040A000009418F08FFDF0E797710400BB710400D5
:1040B00010B5FDF77BFB044628B1044A03460121F5
:1040C000034819F0B8FF204610BD00BFDC710400A2
:1040D000AC3A040070B504468CB01E461546A2B139
:1040E00029B10A4602A8042119F0E1FB02A90091B6
:1040F0002B462246242103A8FFF7AAFF109A314637
:1041000003A8FDF79FF90CB070BD0346044A2421B3
:1041100003A818F057FD0028F0DA6FF01500F2E759
:104120000172040007B50B4B0B48DA79C2EBC202EF
:10413000009200221146FFF7CDFF034638B1074A2F
:104140000748012103B05DF804EB19F074BF03B018
:104150005DF804FB900C0020065104000772040077
:10416000AC3A040030B504468DB0154692B129B181
:104170000A4602A8042119F09AFB02A900912B46D5
:104180002246242103A8FFF763FF03A81AF006F8CC
:104190000DB030BD0346054A242103A818F012FDD6
:1041A0000028F2DA6FF01500F2E700BF0172040098
:1041B00007B5009313460A4601460348FFF78AFFF6
:1041C00003B05DF804FB00BFB49804000A46014642
:1041D0000148FFF7C7BF00BFB498040007B50093BC
:1041E00013460A4601460348FFF774FF03B05DF823
:1041F00004FB00BFAE98040007B5009313460A46BF
:1042000001460348FFF766FF03B05DF804FB00BFFB
:10421000BC96040007B500220346009103481146EE
:10422000FFF758FF03B05DF804FB00BFA698040039
:1042300008B5024811F046FE002008BDB80F002066
:10424000F8B51E4DBFF35B8F2B68BFF35B8F13F088
:10425000010F2E462FD015F8CD3CA5F1D4078BB910
:1042600002F0AAF9044630B1154A1648012119F0A6
:10427000D9FE2046F8BDFB7923B902F0ADF904461A
:104280000028F1D1BFF35B8F2B68BFF35B8F5A0718
:1042900001D401F009F8BFF35B8F56E8003F23F427
:1042A000006246E800210029F7D1BFF35B8F1B05B0
:1042B00001D5FFF7BDFF0024DBE700BF640D002040
:1042C00022720400AC3A040007B5009313460A4674
:1042D00001460348FFF7FEFE03B05DF804FB00BF94
:1042E000F59E04000A4601460148FFF73BBF00BFA8
:1042F000F59E040030B50B4D0B4B87B000242846CB
:104300000393CDE9044411F0D9FE03AB0093284692
:1043100006490A234FF4E86211F0EAFE204607B08E
:1043200030BD00BF4030002055720400808B00205B
:104330000146014811F0D0BF40300020014601483D
:104340001DF0FDBF403000200378012B30B513D0A5
:10435000022B27D07BB9194B0A4603F1100453F8FE
:10436000045B42F8045BA342F9D11B7813704388C5
:104370004B731B0A8B7330BD104B0A4603F11004BC
:1043800053F8045B42F8045BA342F9D11B78137025
:1043900043684B73C3F307221B0CCB731B0A8A734E
:1043A0000B74E8E700F1100350F8042B41F8042BDC
:1043B0009842F9D103780B70DDE700BF5E7204000C
:1043C00010B51AF0C8FA1DF0CAFF0E4C30B1BFF399
:1043D0005B8F2368BFF35B8F7BB910BD12F06AFF60
:1043E000BFF35B8F2368BFF35B8F1BB9BDE8104041
:1043F00012F0D2BF0A209847F8E7BDE810400A2023
:10440000184700BF54580020811EC9B21E2938B574
:10441000044604D81A4820FA01F1C9070CD41949F6
:10442000194A1A487A2319F032F9194819F02FF964
:1044300015487A2119F022F916481AF07AF905463A
:10444000D0B1082C1AD00CD8022C10D0042C15D0C6
:1044500011490E48114A522319F019F90F485221F7
:10446000E8E7102C01D0202CF2D1052100E0042136
:1044700005F10C001AF09DF9284638BD0221F7E736
:10448000410000409E7204006F7204002C59040029
:10449000E3720400F815002031B004000373040037
:1044A000054BBFF35B8F53E8002F43E80001002961
:1044B000F9D1BFF35B8F7047545800200F2810B517
:1044C0000CD80D280CD90A481AF033F9044618B153
:1044D00004210C301AF06DF9204610BD1328F2D0DB
:1044E00009B10448F0E7BDE810400220FFF78CBF97
:1044F0002C1600205C15002038B50B6805460C46CC
:104500004BB90E490E480F4AFA2319F0C0F80D486E
:10451000FA2119F0B3F84A68DA600B684A895A82BE
:104520000868FFF7F3FA2046102200211EF01BFF57
:104530002846BDE838401AF00EBA00BF35730400B3
:104540002C5904006F7204002DE9F84305460C460F
:104550001F4616464AB92649264A2748D62319F047
:1045600096F8D621234819F089F838B92349214A09
:104570002148D72319F08BF8D721F3E701F10C0973
:1045800048461AF0FEF838B91D491A4A1A48DB2382
:1045900019F07DF8DB21E5E720461AF0F4F98046B2
:1045A00038B11849134A1448DD2319F070F8DD2199
:1045B000D8E705F10C0148461AF0C5F848461AF04C
:1045C000E0F8012310FA86F068826B722E82314681
:1045D0004846FFF7EBFBE3687B60638AC4F80C8016
:1045E0007B81A4F812803C602846BDE8F88300BFB8
:1045F000BA7004006F7204002C5904004273040066
:104600004773040064730400F0B5054685B00E4698
:104610001746AB88012B0ED928461AF0A2F804469B
:1046200048B1AB88984208D90E4A0093022103464C
:104630000D4819F00AFD05B0F0BD28461AF091F8B2
:10464000013C2B688DF80800394602A88DF8094016
:104650000393B0470028EED021462846FFF7A6FB7B
:10466000D7E700BF84730400443A0400C368034AD8
:104670001B78034802211AF0D0B900BFAF730400C1
:10468000643A040070B5C6683378B6F80140A3B93F
:104690000F21204603F00AFDF178054670B90C4A57
:1046A000138813B1538843B901236FEA04506FEAAA
:1046B000105022F81300074AD15470BD0173012134
:1046C00003F0D6FB2846BDE8704003F04FBB00BFA7
:1046D000566F00203E71002070B5C3681D787DBB09
:1046E000B3F801600F21304603F0E0FC044638B90E
:1046F0003346144A1448BDE8704001211AF08DB9C0
:10470000294603F0B5FBA378012B04D02046BDE871
:10471000704003F02BBB201D1AF068F9C307F5D5D4
:104720000321204603F0A4FB03201AF006FC0346F5
:104730000028EBD0054A044802211AF06EF9E5E79B
:1047400070BD00BFD7730400643A0400FD73040019
:1047500010B501210C30FFF747FBBDE8104003788E
:10476000024A034801211AF058B900BF237404001B
:10477000643A0400014610B50848FFF701F90849FA
:1047800008481DF0DCFD031E06DABDE81040064AAD
:10479000064801211AF041B910BD00BFDC0D002010
:1047A000D80F0020E030002045740400643A040073
:1047B0002DE9F14FC5682E880121304603F076FCC3
:1047C000044640B9294A2A483346012101B0BDE8D0
:1047D000F04F1AF022B9B5F80280EE88AF882D8923
:1047E0001FFA88F3A3F11B02E02A1FFA86FA1FFAC8
:1047F00087F91FFA85FB04D91E4A1D4802211AF0C9
:104800000CF9AAF11B03E02B05D91B4A18485346A3
:1048100002211AF002F9A9F5A4739BB244F24812DE
:10482000934205D9154A12484B4602211AF0F5F871
:10483000ABF5A4739BB244F24812934205D9104AD7
:104840000B485B4602211AF0E8F82046A4F8AA803B
:10485000A4F8AC70A4F8AE60A4F8B05003F0A0FFC8
:10486000204601B0BDE8F04F03F080BA6274040046
:10487000643A040086740400AF740400D874040021
:10488000FF74040010B5084C0146062294F86F002E
:1048900004F094F938B994F86F000449BDE8104069
:1048A000052204F08BB910BD900C0020FB700400B1
:1048B000024A034801211AF09FB800BF2675040080
:1048C000643A0400B0B50B460D8A00AF0446294691
:1048D000D868FFF707FB8AB06A46094BC2E905347E
:1048E00040F202439384074BC2E907504FF4325120
:1048F00042F8103F04481AF099F8BD46B0BD00BF19
:104900004075040005000001643A040070B5C568F4
:10491000B5F801600121304603F0C8FB044638B900
:1049200033460D4A0D48BDE8704001211AF075B8B4
:104930002B783BB9D5F80330C0F89930D5F807305B
:10494000C0F89D30201D4FF400311AF057F8204672
:10495000BDE8704003F00ABA62740400643A0400CF
:1049600008B502F03DFB084B18461AF03FF8BFF3BC
:104970005B8F00F00B0053E8002F43E80001002993
:10498000F9D1BFF35B8F08BD640D00202DE9F3471B
:10499000DFF82C91BFF35B8F07468846164600234D
:1049A00059E8004F49E80032002AF9D1BFF35B8F84
:1049B00044B9444A44483B46012102B0BDE8F047AF
:1049C0001AF02BB82046FEF7B5FE404D4FF00C0A0A
:1049D0000AFB00504388BB4224D02046FEF7AAFEC3
:1049E0000AFB005043883A4A009337483B4601216E
:1049F00019F02BFBBFF35B8F59E8003F49E80042F9
:104A0000002AF9D1BFF35B8F002B56D031493248D1
:104A1000324A40F6042318F03AFE304840F60421AA
:104A200018F02CFEA64208D02046FEF7A7FE328AD8
:104A3000F16804F10C0019F0B0FE2046FEF77AFE92
:104A40000C2606FB00504368ABB1B8F1000F12D141
:104A50002046FEF76FFE06FB005001214268D2E9B6
:104A60000003127A03F01F06B1405B09FAB100EBB4
:104A7000830019F0C3FF2046FEF75CFE0C2606FB00
:104A8000005083686BB12046FEF754FE704305F872
:104A900000802046FEF74EFE06FB0055A86810F089
:104AA00067FD204602B0BDE8F047FFF72FB8C943C5
:104AB00000EB830019F0BDFFDDE702B0BDE8F08731
:104AC000D80D002062750400643A04005858002094
:104AD0008A750400F17504002C590400BD750400AA
:104AE00037B502EBC303044608469A4202D16FF081
:104AF0005E0010E0114611F8085BA54211D1038A4F
:104B00005178994209D90848084A0094012119F0BE
:104B10009CFA6FF0150003B030BD53689847002031
:104B2000F9E70A46E1E700BF643A0400F6750400BD
:104B30002DE9F8430C4612F0BDFBE168238A0A78A0
:104B4000022A71D0042A0BD013463C483C4A01216A
:104B500019F063FF2046FEF7D9FF6FF015040AE055
:104B6000022B0DD8374A3548012119F056FF20464F
:104B7000FEF7CCFF002412F00FFC2046BDE8F883BE
:104B800048783E280AD1032B01D12F4AEBE7CB7896
:104B9000012B01D00A2B47D1032604E019F014FFA2
:104BA0000646F0073ED504F10C05284619F0E9FD4C
:104BB000012107462846B4F81090FFF7F7F80221C4
:104BC0002846FFF711F9804600783E2816D1E368A1
:104BD0001B78012B2CD00A2B2AD002251B4A1C49FA
:104BE0001C4841F2451318F052FD002383F311884D
:104BF000BFF36F8F0323184602DF04E019F0E4FED1
:104C0000C1070546EAD5144A98F800000623214654
:104C100019F02BFFAA070DD56369A4F8109013FAB9
:104C200087F7E760B307A5D52046FFF7A3FDA1E707
:104C30000325E8E72046FEF769FFF3E7643A04003E
:104C40006D7604001876040034760400BD75040007
:104C5000547604002C5904009042040010B5012140
:104C600004460C30FFF7C0F82146034A0078BDE83F
:104C70001040022319F0F9BEC042040073B53E484B
:104C8000FEF7E8FE0446002873D000F10C05284624
:104C900019F067FD0228034603D0042847D0374A9D
:104CA00003E0238A032B05D8354A3648012119F041
:104CB000B4FE13E004212846FFF796F8FF2342884C
:104CC00006882376238AC6F30B009A42608309D0B4
:104CD0002C48009201212C4A19F0B7F92046FEF722
:104CE00015FF12E00F2103F0E1F9054610B9638BBF
:104CF000264ADAE703F010FA320B207621462846DE
:104D000002F08CFF284603F031F8214BD3F84C31E8
:104D10007BB3204920481DF012FB031E29DA1F4AED
:104D20001848012102B0BDE8704019F076BE28464F
:104D30000221FFF759F8054600783E2812D019F0F5
:104D400043FE10F002060DD1154A1649164840F6EA
:104D5000A84318F09CFC86F31188BFF36F8F0323E0
:104D6000184602DF114A28780623214619F07DFEF5
:104D7000B4E702B070BD00BFDC0D00201677040060
:104D800081760400643A0400A2760400C67604002A
:104D9000900C0020D80F0020E03000204574040063
:104DA000BD750400E87604002C590400D0420400CC
:104DB00010B5012104460C30FFF716F82146034ACE
:104DC0000078BDE81040092319F04FBE00430400ED
:104DD000F8B5012100AF04460C30FFF705F806785E
:104DE000114A002321463046FFF77AFE5F3018D182
:104DF000258AE0682946FFF775F86C468AB06A464E
:104E00000A4BC2E9053640F202439384084BC2E9DB
:104E100007504FF4325142F8103F064819F006FE91
:104E2000A546BD46F8BD00BF484304002A770400EC
:104E300005000001643A04002DE9F04F83B0D0F87A
:104E40000C80018A98F80040012303EB84038B4215
:104E500000AF7CD96D468AB06A463F48C2E9073147
:104E60000523C2E905044FF4215142F8103F3B48A5
:104E700019F0DCFDAD460C37BD46BDE8F08F374874
:104E80004B465A46012119F0C8FD013598F800300B
:104E90009D42F0DA08EB85030F21B3F80190B3F8D7
:104EA0000360484603F002F904460028E7D000F109
:104EB000CC091EB9204602F059FFE6E7636983B9C1
:104EC000274A2648012119F097FD2649264A2748F6
:104ED00040F29D2318F0DBFB40F29D21224818F0A0
:104EE000CDFBA1691A6862618B4208BFA2612046AE
:104EF0007B6002F017FE10F03BFB7B68C3F800A05C
:104F0000226A8AB9C4E90733484619F06FFD013EA9
:104F1000B6B260B91649144A144840F2A62318F0F4
:104F2000B6FB40F2A621D9E713602362ECE7BFF39A
:104F30005B8F59E8003F013B49E80032002AF8D175
:104F4000BFF35B8F0021204602F0F8FDB1E700259A
:104F5000DFF820B0AA4699E75C770400643A0400C1
:104F6000A377040031B00400BD7504002C5904007F
:104F7000BA7704008777040073B5C568B5F8016097
:104F80000121304603F092F8044640B92C4A2D48DE
:104F90003346012102B0BDE8704019F03EBD2B78C8
:104FA0001A2B00F1040619D1C378012B2DD14FF42F
:104FB0008041304619F022FD42040FD4D4F88C30E1
:104FC00000936946D4F894300193204604F060FBC6
:104FD000204602B0BDE8704002F0C8BE2B78A3B9ED
:104FE000B5F8033040F2E2425343C4F88830B5F8D4
:104FF0000530A4F89030B5F80730A4F892306FF47B
:105000008051304619F015FD15E0304619F0EEFCE0
:10501000C304F4D52B78202BF1D194F89830002BD1
:10502000EDD0013B84F898304FF42032002304F196
:10503000400011F0D5F9204603F04AFBC8E700BF55
:1050400062740400643A040010B5C1E900239DF8BD
:1050500008300B720C46FEF76DFB034B0C2202FB73
:1050600000335C6010BD00BF58580020F8B5024600
:105070000B46104819F05DFB0446C0B104210C300A
:10508000FEF752FE2046FEF755FB0B4D0C2707FBA3
:105090000050002646802046FEF74CFB07FB0050E0
:1050A00086602046FEF746FB07FB00556E602046F3
:1050B000F8BD00BFC4150020585800200138C0B208
:1050C00002289ABF014B185C00207047AB7C04009B
:1050D00070B5C568B5F801600121304602F0E6FF01
:1050E000044638B933460C4A0C48BDE870400121EB
:1050F00019F093BCE878FFF7E1FF84F8A80028795D
:10510000FFF7DCFF84F8A900204603F087FB204668
:10511000BDE8704002F02ABE62740400643A0400E4
:1051200029289ABF014B185C09207047817C040034
:1051300070B5C368B3F801601D780F21304602F0E6
:10514000B5FF044638B93346184A1948BDE87040DF
:10515000012119F062BC65B12846FFF7E1FF29463D
:105160000246204603F034FC2046BDE8704002F0C1
:10517000FDBD8678012EEFD10AF0D8F8204619F04F
:105180000BFC0028E8D10520FFF7CAFF05210246E5
:10519000204603F01DFC3146064A054819F02CFC58
:1051A0000521204603F044F8DEE700BFD773040072
:1051B000643A0400D37704002DE9F041C668B6F8DC
:1051C000017035780F21384602F070FF044638B977
:1051D0003B46214A2148BDE8F041012119F01DBCA0
:1051E00045B12846FFF79CFF29460246204603F0BA
:1051F000EFFB08E0F278C37A934209D1184A1748C6
:10520000022119F00AFC2046BDE8F04102F0AEBDD3
:105210008378C272012B05D00020FFF781FF0021A7
:105220000246E3E70AB10AF081F8204619F0B4FB20
:105230000028F1D10520FFF773FF05210246204623
:1052400003F0C6FB074A0548012119F0D5FB0521EB
:10525000204602F0EDFFD6E7D7730400643A04005D
:10526000F9770400D377040010B592B004460749DB
:10527000442201A81EF04FF8102C9BBF12AB03EB89
:105280008404034854F8440C12B010BD543C04008C
:10529000504E0400034B0146D3F8700182689268B7
:1052A000104700BF900C00202DE9F84F042100AFFB
:1052B000464819F0A3FB6D4601F092FE88B06A469D
:1052C000434B5361434B93614FF400739383424CC0
:1052D000424B42F8103F4FF4E6514148414E19F01D
:1052E000A5FB414BE279AD462046012A88BF1E4608
:1052F000FEF71AFE8AB06A463C4BD061C2E9053619
:105300003B4B13623B4B42F8103F35483A4EDFF8B7
:10531000EC80DFF8CC904FF4235119F087FBA346C3
:10532000AD460125E3799D420BF1070B38DB94F87C
:1053300070502846FFF798FF6E468CB0B4F8721094
:10534000B4F876306A46DFF8B8C05362C2E9075154
:105350002C4B4FF40075C2E905C015854FF453512D
:1053600042F8103F1E4819F061FBB54694F8716091
:105370003046FFF779FF8AB0B4F874306A462249A4
:105380009584C2E90763214BC2E9051042F8103F3A
:1053900013484FF4335119F049FBBD46BDE8F88F6F
:1053A0005846FEF7C1FDEA468AB06A4640F201332C
:1053B000C2E90565D06113844FF4135142F8108F90
:1053C000484619F033FB0135D546ABE7640D0020A4
:1053D0002C7804003E780400900C002003000001AB
:1053E000643A040053B204002878040042780400B0
:1053F00000020103040000025178040004000001CF
:105400006278040006000001A07804000500000195
:1054100008B50848C37933B9074A0848032119F089
:10542000EBFA002008BD0821D43019F0E7FAFFF7A5
:105430003BFFF6E7900C0020C7780400643A0400B4
:10544000004870475B4D0400014810F03BBD00BFB1
:10545000C80F002070B505460C4659B94FF0FF3013
:105460004FF0FF31FFF702FE044618B96FF06805F0
:10547000284670BD2046FEF75DF9194B0C2202FB51
:105480000033A61830465D8019F07BF903280BD94C
:1054900003213046FEF76AFC0580238A033B8370B4
:1054A0000121304619F056F940F635439D420FD19F
:1054B0002046FFF7EFFE05460028D9D00346094AEB
:1054C0000948012119F0A9FA2046FEF71FFBCFE792
:1054D000064821461CF0B5FE0025FFF7B5FFC7E7DB
:1054E00058580020F4780400643A0400E40D0020C9
:1054F000F0B5C5682F88BCB287B00121204602F004
:10550000D5FD064640B9284A28482346012107B060
:10551000BDE8F04019F081BA02ACD5F80220D5F808
:1055200006300194698900911BF00DFC48B34FF0DF
:10553000FF304FF0FF31FFF799FD054648B91C4A8F
:105540001A48012119F058FA304602F00FFC07B052
:10555000F0BD12210C30FEF765FC0346224623F80D
:10556000027B06AF144603CCBC4218605960224649
:1055700003F10803F6D1294642F21A00FFF76AFF49
:10558000E2E74FF0FF304FF0FF31FFF76FFD0446C9
:105590000028D4D002210C30FEF744FC21460780BD
:1055A00042F21B00EAE700BF62740400643A0400A0
:1055B0001679040073B5C368D9789A781E8842EAD0
:1055C0000122ADF8002059791A7942EA0122ADF89A
:1055D0000220D9799A7942EA0122ADF804201A7A98
:1055E0005B7AB4B242EA032301212046ADF80630CB
:1055F00002F05CFD054658B91D481E4A01212346AC
:1056000019F00BFA0221204619F066FA02B070BDBB
:10561000694603F041F938B91E21204619F05CFAB9
:10562000284602F0A3FBF1E74FF0FF304FF0FF31C7
:10563000FFF71CFD04460028F2D00E210C30FEF7C7
:10564000F1FB00230680C0F80A30BDF8003043802B
:10565000BDF802308380BDF80430C380BDF8063049
:105660000381214642F22000FFF7F4FED8E700BF95
:10567000643A04006274040038B502460B462B4DB0
:10568000D5F8541109B9002038BD05F598700FF010
:10569000F3FF0028F7D10022002305F5AA700FF0D0
:1056A000DDFE044668B9224A2249234840F6B84341
:1056B00017F0EDFF84F31188BFF36F8F03231846B3
:1056C00002DFD5F848315BB11C4A1D48012119F0B1
:1056D00093F9D5F84801FEF719FA0023C5F84831C7
:1056E0002046FEF755FAC5F848012046FFF7D2FDDF
:1056F0000346C8B1134A1248012119F08EF9124825
:105700000FF036FF2046FEF715F8104B0C2202FB77
:105710000033588818B122461F21FFF737F9204679
:10572000FEF7F4F9FFF790FE0120ADE7900C0020A2
:10573000BD750400F27504002C5904002D79040095
:10574000643A0400F4780400C00D0020585800208A
:105750002DE9F04F87B0064600AF90460C4671B970
:105760004FF0FF304FF0FF31FFF780FC0446C0B927
:105770006FF0680528461C37BD46BDE8F08F887A73
:10578000FDF7D0FF514B83420BD051495148524A4B
:1057900040F2C51317F07BFF4F4840F2C51117F0D8
:1057A0006DFF0122002138461CF064FD2046FDF704
:1057B000C1FFDFF828B10C2303FB00B0876020464F
:1057C000FEF7E6F901463046FFF744FE054618B1FC
:1057D0002046FEF79BF9CDE71DF096FE404B1A5888
:1057E000404B9A421ED140481CF040FD00218246A9
:1057F0004FF4A020FFF740FF814688B9364A3B4965
:1058000034484FF4F97317F042FF3948314617F026
:105810003EFF89F31188BFF36F8F0323184602DF21
:105820005445E0D14FF4A022002338460FF024FF66
:10583000814698B14FF4FC73274A2E49254817F04A
:1058400026FF2D484A46314617F021FF002383F3F7
:105850001188BFF36F8F0323184602DF2046FDF740
:1058600069FF0C2358431BF80090B9F1000F23D0B7
:105870006D468AB06A46214BC2F81C90C2E90536D3
:105880001F4B136240F2024393841E4B42F8103FB9
:105890001D484FF43251A9F1090919F0C7F8204603
:1058A000AD465FFA89F9FEF731F9B9F1090F09D868
:1058B000164B13F909505DE7B8F1000F88D0C8F80E
:1058C000004057E76FF0040554E700BFC4150020FF
:1058D00031B004002C590400BD7504005858002054
:1058E00008000000E04E0020E40D0020487904008C
:1058F00050790400039B040070790400B57904001A
:1059000053B2040005000001643A0400777C0400EF
:1059100010B5F7F7B5F9034B1B6813B1BDE810409C
:10592000184710BD6458002073B52D4D0646D5F8B4
:1059300070011CF018FC48B92A4A2B48012119F0C3
:105940005BF86FF01204204602B070BD6FF00201E8
:1059500005F1D40019F06DF8012119F04FF8C307D3
:105960003AD4FEF7A5FB04460028ECD11F4B1E607D
:105970000122114605F598701CF07CFC05F5AA7013
:105980001CF052FC1A4810F099FB1A491848009470
:105990006FF0070340F6980210F0AAFB164914486E
:1059A0001CF0E3FCD5F87001144983681B68984724
:1059B000044630B10346124A0B48012119F02DF874
:1059C000C1E726B902B0BDE87040F7F759B905F153
:1059D000C40010F077FAB6E76FF07704B3E700BFC2
:1059E000900C0020357B0400643A040064580020C9
:1059F000E0300020009300204D7B0400314B02007A
:105A0000567B0400F0B587B006460DF10B0100206F
:105A100000F04EFE0546002845D14FF0FF304FF014
:105A2000FF31FFF723FB074600283FD019210C3038
:105A3000FEF7F8F92946044619221DF094FC1D4A88
:105A40009DF80B30237392F8231192F8223199427A
:105A500094BF06F1700106F17E01601D18F0DFFFB2
:105A600093892380D3896380B6F88C30A4F80D30F5
:105A7000B6F88E30A4F80F30B6F89030A4F8113094
:105A8000B6F89230A4F8133001230B4A009303A90F
:105A900007233846FFF7D8FA0022394642F20D00B4
:105AA000FFF756FE0546284607B0F0BD6FF06805C3
:105AB000F9E700BF900C0020640D0020F8B53C28E9
:105AC00000AF05461AD100F0D3FF6FF4807110309B
:105AD00018F0AFFF0020FEF7D5FE044630B9324A79
:105AE0003248012118F088FFBD46F8BD057300213A
:105AF00002F0BEF9204602F039F9F5E702283ED15E
:105B000000210246084603F059F8044680B9284AA5
:105B10002648012118F070FF032019F00EFA034601
:105B20000028E1D0234A2148022118F076FFDBE764
:105B3000043018F05BFFC30707D50321204602F0AD
:105B400097F9204602F012F9E6E704F1400010F060
:105B50006BFB10F00C0607D12946174A134818F0C2
:105B60004BFF25733146E9E72046FFF74BFF00283E
:105B7000E7D0124A0D48012118F03EFFE1E76C46DC
:105B80008AB06A460E4BC2E905300E4BD36140F233
:105B9000013313840C4B42F8103F04484FF4125168
:105BA00018F044FFA5469FE7727B0400643A0400A6
:105BB000937B0400FD730400B17B0400D77B0400D9
:105BC000F37B040053B204000400000130B54FF031
:105BD000FF3087B04FF0FF31FFF748FA044670B14D
:105BE0000025084A009503A90723FFF72DFA2A4646
:105BF000214642F20E00FFF7ABFD07B030BD6FF05B
:105C00006800FAE7640D00202DE9F04385B00478C0
:105C100000AF05465CB178497848794A40F297531D
:105C200017F035FD764840F2975117F027FD754A79
:105C3000B0F80180118848F47043994200F0A680C2
:105C40005188994240F0A4800123002122F81310CA
:105C50006D4A12F8039000F029FBEB78012B08BF86
:105C60006A4B05F10406304608BF93F86F4018F000
:105C70006EFE3146002800F08D8007F1080018F014
:105C80005BFED5F81130C7F80130B5F81530A7F82C
:105C9000053001233B70E878002840F0888002221C
:105CA00007F1080102F08AFFEB78044623B958484F
:105CB0006FF0800118F0BDFE002C7AD02046B5F8B8
:105CC000013020F8703B07F1080118F0A8FEB5F884
:105CD000173040F2E2425343C4F88830B5F8193027
:105CE000A4F89030B5F81B30A4F892300022EB787D
:105CF0002273484AC4F8A8204732C4F8AC20012BCC
:105D00004FF4A472E370A4F8B0200FD1394604F127
:105D1000770018F084FE00F0ABFE217A3B4BC1EB1C
:105D2000C101194404F17E0018F079FEE3786BB9E3
:105D3000394604F17E0018F072FE217A334BC1EB34
:105D4000C101194404F1770018F069FE07212046CB
:105D500002F08EF8B9F1000F05D084F80C90012103
:105D6000204602F085F8204602F052FA204601F063
:105D7000FDFFE378B3BB032019F0DFF8034688B3D7
:105D8000254A2648022118F048FE2BE023465CE70E
:105D9000A14660E7204619F013F8014607F1080014
:105DA00018F03DFE3146384618F039FE73E70128F9
:105DB0001CD03046FEF7B8F86C4688B06A46184BDF
:105DC000C2E905304FF400739383164B134842F831
:105DD000103F4FF4E25118F029FE1321A54640462A
:105DE00018F098FE1437BD46BDE8F08307F10800AF
:105DF000FEF748FD58E700BF0F7C04002C59040053
:105E0000BD750400566F00203E710020900C0020EC
:105E1000640D002001011B00FD730400643A0400BE
:105E2000237C04000300000100B5C168087889B034
:105E300020B109B05DF804EBFFF740BEB1F80130C6
:105E4000ADF80130CB788DF800008DF80330B1F853
:105E50000B30ADF81730B1F80D30ADF81930B1F89E
:105E60000F30ADF81B304B7C8DF81D30043101A88C
:105E700018F0D5FD084B68461A689B88CDF80B20B2
:105E8000ADF80F30CDF81120ADF81530FFF7BCFE9E
:105E900009B05DF804FB00BF0F71040038B50421A0
:105EA00004460C30FDF7A0FF034640885D7818B12A
:105EB00019782246FEF76AFD35B104480FF058FB09
:105EC000BDE83840FFF7C0BA38BD00BFC00D0020A4
:105ED000B0B50321044600AF0C30FDF785FFE36841
:105EE0000578B0F80100197840F63543984215D18D
:105EF0006C468AB06A460F4B0F48C2E905310F4B1A
:105F0000D36140F2013313840D4B42F8103F4FF43C
:105F1000125118F08BFDA546BD46B0BD10B122460A
:105F2000FEF734FD002DF7D006480FF021FBFFF7F8
:105F30008BFAF1E73F7C0400643A040053B204009A
:105F400004000001C00D0020F8B50A4DEF790646A7
:105F50000024E3B29F4202D86FF0010007E0294617
:105F6000304618F06CFE0735631C08B12046F8BDBA
:105F70001C46EEE7900C002037B504460D46B9B13B
:105F80001649284618F05BFE90B91548C4EBC404C6
:105F90002946204418F05DFE124818F061FE4307C0
:105FA00003D5FEF745F918F069FC002003B030BDB9
:105FB000684618F0B3FC0028F8D16846FFF7C4FF24
:105FC0000028F5DA064BC4EBC4001844694618F003
:105FD00040FE002DE0D001462846DBE702710400B8
:105FE000900C0020640D002070B51A4E0622314638
:105FF00005461DF0C0F938B34FF0FF304FF0FF31C8
:10600000FFF734F8044608B3062229460C3018F08E
:10601000C4FB2146002242F20500FFF799FB04462B
:1060200048B110F10D0F04D10B4A0C48022118F0B1
:106030000EFE204670BD33462A6843F86929AA88B7
:10604000B280012283F868200024F2E76FF0680430
:10605000EFE700BFF90C0020BD7D04006C3A04009E
:1060600038B505460C4659B92049214A214840F225
:10607000D73317F00CFB40F2D7311D4817F0FEFA6A
:10608000086848B91C491A4A1A484FF4767317F041
:10609000FEFA4FF47671F0E74DB91849144A1548E5
:1060A00040F2D93317F0F3FA40F2D931E5E7037A39
:1060B0005A0709D512490E4A0E4840F2DB3317F051
:1060C000E6FA40F2DB31D8E74B686BB90B7A13B9CB
:1060D0002B7A5B0708D52A7803789A4204D02946A0
:1060E00018F031FE00B1656038BD00BFFA7D0400D4
:1060F000CC7D04002C590400127E0400357E04007F
:106100004D7E040008B528B1054818F0A9FD030626
:1061100001D5012008BD024818F0A2FDF9E700BF33
:10612000640D0020084BBFF35B8F53E800CF4CF4A5
:10613000806C43E800C2002AF7D1BFF35B8F037A7B
:1061400019430172704700BF640D00202DE9F3412F
:10615000002104460222084602F030FD054648B1FF
:1061600020460121FFF7DEFF284602B0BDE8F041DE
:1061700001F0FCBD424818F073FD2946C0F34016FB
:10618000404800F06FFC16B1284600F041FF3E4D3C
:1061900095F823319BB1002018F0A5FD78B13B4A5A
:1061A00002213B4818F053FD16B1012000F030FFEA
:1061B0003848002102B0BDE8F04100F053BC95F82A
:1061C000232195F822319A4218D1334A30480221CE
:1061D00018F03DFD0022114642F22900FFF7B8FAFF
:1061E00010B12E4A0121DCE795F82331013385F8FF
:1061F0002331237A43F004032372D5E7224604F1C6
:10620000010812F82A0B414618F030FD074610B17C
:10621000234A01210EE095F82331013385F823311B
:10622000237A43F00403237295F8A7305B0708D460
:106230001C4A0221164818F00AFD012018F053FDEF
:10624000B2E74146684618F004FD01234FF0FF30E5
:106250004FF0FF318DF80730FEF708FF044660B1BC
:10626000082269460C3018F098FA3A46214642F264
:106270004E00FFF76DFA0028DFD00B4AC9E700BFD8
:10628000640D002089ED0300900C0020827E040044
:106290006C3A040019ED0300A77E0400D87E0400C8
:1062A000F87E0400187F0400427F04000A4BBFF30D
:1062B0005B8F53E8002F22F4806143E80010002830
:1062C000F7D1BFF35B8F530504D5044900220220A8
:1062D00009F078B9704700BF640D002055EE030047
:1062E0001FB50023CDE9023301908DF80C1001AAEF
:1062F0000349022009F066F9029805B05DF804FB35
:106300006160020010B4034670B10A4991F822415D
:1063100091F823210CB1944208D2013281F8232153
:106320001A7A42F004021A7210BC704710BCFFF7D0
:106330000DBF00BF900C00202DE9F843044660B368
:106340004B4D95F8222195F8233192B101329342B9
:106350001CDC00210222084602F030FC0646F0B1A7
:1063600020460221FFF7DEFE3046BDE8F84301F08B
:10637000FDBC5BB93F494048404A40F2DF4317F05B
:1063800086F93E4840F2DF4117F078F9013B85F885
:106390002331237A23F004032372BDE8F88305F147
:1063A000D40018F05DFC3146C0F34018344800F0CA
:1063B00059FBB8F1000F02D0304600F029FE002052
:1063C00018F091FC0646B8B12E4A034601212E482A
:1063D00017F031FE95F8233113B1012018F083FC3A
:1063E000B8F1000F02D0012000F012FEBDE8F84322
:1063F0002648002100F036BB95F8233195F822217C
:106400009A420CD2013B85F82331237A204923F0AC
:10641000040302462372022009F0D4F8DAE74FF0B1
:10642000FF304FF0FF31FEF721FE04F1010907466E
:1064300068B107210C30FDF7F5FC494618F009FC5E
:106440003246394642F22800FFF782F928B1114A54
:106450000D48012118F0FBFBBCE795F82331013B07
:1064600085F82331237A23F004032372B2E700BFB7
:10647000900C00205D7F04002C590400CC7D0400AA
:1064800089ED0300767F04006C3A040019ED0300E7
:10649000D1EC0300A37F040070B50446B1B9C0B1CC
:1064A0001F4918F0CCFBA0B92046FFF74DFD00288E
:1064B0002FDA2378012B04D1A37903F0C003C02B7A
:1064C00007D0184A1848012118F0C1FB6FF01500D9
:1064D00070BD164DEB79012B1ED005F1D40018F0DC
:1064E000BFFBC30707D4002CF0D00D49204618F09D
:1064F000A6FB0028EAD1EE792146731C3046EB71E9
:10650000FFF73AFD08B93046E2E7EB79013BEB7162
:10651000DEE76FF07700DBE76FF00B00D8E700BF36
:1065200002710400C87F04006C3A0400900C002043
:106530002DE9F341044640B91A4A1B48022118F0DC
:1065400086FB002002B0BDE8F08101AA002141F2E3
:106550000900FFF7FDF8054608B1144AEDE7019E72
:106560001349D6F80C8008F10107062238461CF0C2
:1065700002FF28B10F49062238461CF0FCFE18B96C
:106580003046FDF7C3FADCE7D8F80130C4F8013033
:10659000BB88A4F8053030462570FDF7B7FA012016
:1065A000D0E700BFF67F04006C3A04000F800400BF
:1065B0000F7104000971040007B56846FFF7B8FFC2
:1065C000044BD87118B169460020FFF7D5FC03B021
:1065D0005DF804FB900C0020F0B5304DEC7989B0EB
:1065E000002C53D195F8C26016F0010610D12C4A48
:1065F0002C48022118F02BFBEC71162600240127F1
:10660000EB79E0B298422CD3002B3FD000203BE046
:106610006A4621464FF60940FFF79AF808B1224A28
:10662000E6E7DDF800C0DCF80C104B7823B96046D3
:10663000FDF76CFA1D4ADBE78B1C02AA01F112047C
:1066400018685968174603C70833A3423A46F7D17A
:10665000186838609B88BB806046FDF757FA34465F
:10666000CAE708AB06FB0033694653F8182C33F829
:10667000143CCDF80120ADF805308DF80070FFF71F
:106680007BFC01340028BBD009B0F0BD00210846D6
:1066900009B0BDE8F040FFF7FFBE00BF900C00203E
:1066A0002D8004006C3A04005980040079800400B5
:1066B00038B50C4661B108480578012D04D1013088
:1066C000FFF792FC08B138BD002525700020FAE7DD
:1066D0006FF01500F7E700BF900C002010B50C46D6
:1066E00031B300F0C5F998B100F11003184618F065
:1066F000B7FAC1050CD5184618F0B2FAC20407D58E
:106700000D4B1B78012B11D10123237000200CE0CD
:1067100000F0AEF920B1103018F0A2FAC305F3D49E
:10672000002018F061FB0028EED010BD0023ECE73C
:106730006FF01500F9E700BF900C00202DE9F04143
:106740000E4617461D46044650B14BB10A03037866
:1067500013D54C0709D53B4A3B48012118F077FA7D
:106760006FF015042046BDE8F08118F053FB044695
:106770000028F7D101232B70F4E7B1072FD033485D
:106780000FB1B20608D4C3EBC302825C012A13D056
:1067900002B92A700024E5E790F8D82051064ED5BA
:1067A000C3EBC302825C012A06D002B92A702B789F
:1067B00043F002032B70EDE74FF00108072111FBB6
:1067C00003810144204618F007FB04460028C9D184
:1067D00085F80080002FDDD0B206DBD5E7E716F0A4
:1067E000040213D01949C3EBC3028F5C012F0AD1F5
:1067F000072212FB0373194418F0EEFA044600282E
:10680000B0D12F70E8E7002FE6D1FAE7104818F072
:1068100027FA830604D4204618F0FCFA0446A9E7B8
:10682000104600F0F5FB0646204618F0F3FA044641
:1068300001202870002E95D100F0EAFB92E76FF05E
:1068400085048FE7A28004006C3A0400900C0020BD
:10685000640D00202DE9F74F8A4601904FF0FF317B
:106860004FF0FF30FEF702FC044600284ED02021F6
:106870000C30FDF7D7FA2022002180464FF00009A6
:106880001CF071FDDAF8007008F1010B4D46DAF8E2
:106890000420914509D3019888F800500022214630
:1068A00003B0BDE8F04FFEF753BF7A7897F800C009
:1068B000A81C81181F2915D9BCF1090FC0F11F02AE
:1068C00001D1002A0CDC134A1348012117F0AAFB5E
:1068D0002046FDF71BF96FF0150003B0BDE8F08FFF
:1068E0004FF0080CD6B2711C0BF80510691CC9B228
:1068F00002360BF801C079685BFA80F02E441CF078
:106900000AFDF5B209F101090837C0E76FF0680028
:10691000E3E700BFC78004001C3A0400F8B54568EF
:106920006905064635D4046914B115F0030330D067
:10693000194F3078FB7983422BD9C0EBC00017493F
:10694000072238441CF017FDA8B115F0030306D147
:1069500097F87020082A02D8B2689F2A19D915F032
:10696000300F09D0ACB1EA060AD405F46035B5F5AC
:10697000603018BF0120F8BDEB0601D4002CF4D123
:10698000D6E902239A4204D81F2A02D9B3F5804FD0
:10699000EBD90020EFE700BF900C0020027104004B
:1069A000F7B5CDE90001694642F208009DF8207074
:1069B00016461D46FFF74EFF044668B97FB9BFF380
:1069C0005B8F0C4B53E8001F41F0040143E80012B9
:1069D000002AF7D1BFF35B8F204603B0F0BD6946B4
:1069E00042F20900CDE90065FFF734FF0028E6D048
:1069F0000446F1E7B80C0020F8B50446164B14F82D
:106A0000097B83F86F7005460E460722134920461E
:106A10001CF0B1FC70B91249384602F019F804466E
:106A200010B96FF00B00F8BD052101F021FA3460B8
:106A30000020F8E72146384602F05CF840B92146CC
:106A4000287802F005F804460028EAD00621ECE791
:106A50006FF01500E7E700BF900C00200271040002
:106A6000FB70040003460148184700BFA80C002033
:106A700000487047A80C00202DE9F04F8E4ED0F84A
:106A800010B089B09A460023BBEB0304054630469C
:106A900018BF0124039318F0FEF90F4641079146F1
:106AA00040F1EA802846FFF739FF60B96FF015041E
:106AB0003846002340F20111994540F0E680204617
:106AC00009B0BDE8F08F2846FFF71CFB8046002880
:106AD000ECD0A6F1AC0018F0DEF9C205C0F300233B
:106AE00000F1CD80CDE90533CDF81B30AB68686887
:106AF000ADF81030EB68ADF8123018F0BDF98DF834
:106B00001D00BFF35B8F56E8003F23F4807346E817
:106B10000032002AF7D1BFF35B8F2A7806F8BC2C2D
:106B200006F8652C696822460DF11503A6F1BC0034
:106B3000FFF704FE04460028BAD1A6F1B303BBF167
:106B4000000F11D02A69116846F8B31C918899800A
:106B500092799A716B689E074AD1980502D4BAF16E
:106B6000000F59D002230BE0544A116846F8B31CB9
:106B70009188927999809A716B689C07EDD05B46F9
:106B80008DF814304FF0FF304FF0FF31FEF76EFA02
:106B90000446002876D00F2204A90C3017F0FDFD22
:106BA0002146002242F20600FEF7D2FD04460028EC
:106BB0007FF47EAFBBF1000F32D06B6899073BD1F9
:106BC0003F48012118F088F9044600283CD03D4A8E
:106BD0003D48012117F026FA039D002D3FF468AFD0
:106BE0002846002101F044F9284601F0BFF85FE78C
:106BF00013F0100F0CBF012304238DF814302B6900
:106C00001A68CDF816209A88ADF81A209B798DF86D
:106C10001C304FF00008B5E703238DF81430F8E777
:106C2000129BCDF80080524649463846FFF7B8FE21
:106C300004460028C1D03BE7214803A9FFF7DCFE4A
:106C400004460028BCD033E7039808B101F08EF861
:106C50006A681E4812F0030218BF0122092118F0C9
:106C600020F942460A2118F01CF96A680C21C2F387
:106C7000800218F016F91BE76FF00A0418E76FF0AE
:106C8000770415E76FF0680412E702888A4204D19E
:106C9000426812B11278D20702D4013308300BE7F0
:106CA0000B490C480FF094FA4FF470220023094866
:106CB0000FF01EFC03E700BF640D0020027104000A
:106CC000A80C0020E08004001C3A0400B80C00204E
:106CD000716D0200C00C002010B51E4818F024F998
:106CE0001D4818F0D8F8C1052ED51B4818F0D3F868
:106CF000820515D519491A4807221CF03CFB194991
:106D00000346087E1BBB1849052201F057FF0446C5
:106D100030B10021017301F0ABF8204601F026F8F4
:106D20000C48002118F0D8F8044670B90F4818F044
:106D3000B2F8830608D5204600F06AF9204618F01C
:106D400053F8012000F064F90024204610BD06220B
:106D50002131DAE7A80C0020B80C002002710400F1
:106D6000B10C0020900C0020FB700400640D00208A
:106D700010B5FFF7B1FF034630B1044A0448BDE83F
:106D80001040022117F057B910BD00BFFB8004006E
:106D90001C3A040070B5054686B00E464FF0FF3031
:106DA0004FF0FF31FEF762F90446A0B102210C302A
:106DB000FDF738F8094A4670057003A9204600958A
:106DC0000523FEF741F90022214642F20C00FEF7AE
:106DD000BFFC06B070BD6FF06800FAE7640D0020DC
:106DE00008B50C4B0246400903EB800018F09FF8F1
:106DF00002F01F0340FA03F313F0010006D122B999
:106E0000054818F094F840F3C01008BD6FF0770003
:106E1000FBE700BF68580020640D00200A4ABFF35A
:106E20005B8F430902EB830200F01F0001238340C4
:106E3000DB4352E8000F184042E800010029F8D176
:106E4000BFF35B8F704700BF6858002030B587B034
:106E50005D48002200230EF079F8002840F092806F
:106E60005A485A4D18F063F810F0010345D02B1D15
:106E700093E8070006AB03E90700554818F057F8F8
:106E8000C0F34013514818F052F8014600286BD067
:106E900073B10C224F490DEB02001CF06CFA002874
:106EA0006BD000210846FFF775FF0446002865D126
:106EB00000239DF80C00ADF80930BDF80E30ADF898
:106EC0000530BDF81030ADF80730431E8DF80400D2
:106ED00058420DF109015841FFF700FC0446002813
:106EE0004CD14FF0FF304FF0FF31FEF7BFF80546B1
:106EF000002849D16FF0680440E03548364A18F060
:106F000016F810F0800F0ED09089D1891269ADF873
:106F10000E004FF48074ADF80C40ADF81010ADF8D1
:106F200012300592A9E72D4C2068616803AB03C3BA
:106F3000A068186092F8D930180748BF0523234885
:106F400048BF8DF80D3017F0F2FF810706D53023CA
:106F5000ADF810306023ADF80E308EE71B4817F007
:106F6000E6FF4207F3D488E73BB1FFF713FF04467F
:106F700020B9184B2861C3E90100002412480EF023
:106F8000B5F8204607B030BD072201A90C3017F034
:106F900004FC2246294642F20B00FEF7D9FB0446C8
:106FA0000028EBD19DF80D10012001F00101FFF741
:106FB000F1FE04460028E1D106AA12E90700054BBC
:106FC00083E80700D9E700BF8458002068580020F4
:106FD000640D002078580020900C00207E3F0400B3
:106FE00010B5094C4422002120461CF0BCF904F1E4
:106FF0001C001BF006F904F130001BF002F9034BF2
:1070000000221A6010BD00BF68580020B45800204C
:10701000044B597C003801F0010118BF0120FFF733
:10702000B9BE00BF68580020032838B5054603D113
:10703000BDE83840FFF70ABFFFF7D2FE0446C8B9E3
:10704000BFF35B8F0C4B6A0903EB820305F01F0152
:1070500001228A4053E8000F104343E80001002951
:10706000F8D1BFF35B8FFFF7F1FE044610B128465D
:10707000FFF7D4FE204638BD685800202DE9F04FB8
:1070800000F10C068DB00446304617F06AFB019003
:107090008848DFF824A217F04AFF00F00103854872
:1070A000049317F044FFC0F380030393019B13B9CB
:1070B0000DB0BDE8F08F049B13B9039B002BF7D0F4
:1070C000238A082B07D87D4A7D4801210DB0BDE8F1
:1070D000F04F16F0A7BF09213046FCF785FE037A72
:1070E000228A01339A420546EDD30123ADF82C30B4
:1070F0007F238DF82630037A034400F101085B7A80
:107100008DF82530FF238DF824300023ADF82A3088
:1071100002788DF82720042A9CBF6A4B9B5CADF84F
:107120002830037A6348029317F001FF00F001074B
:10713000604817F0FCFE81466FB1BDF828305A0751
:1071400009D5297A30460131FCF730FE019B013B1D
:10715000DBB20193AAE7404617F0F9FB00284ED0B6
:10716000414606A817F0E8FB17B919F0040F5CD1E7
:10717000DAF80030B3B1304617F003FB029BB4F8E5
:1071800010B0DAF800702382814633469DF827203C
:107190009DF9251006A8B8476369A4F810B013FA42
:1071A00089F3E36006AB0893474B1A68002A3AD08C
:1071B000136803B1083B52F8081CB9B11F46A2F18D
:1071C00008033046059317F0DCFA029BB4F810B0C0
:1071D0002382059B81461B68314608A8984763694E
:1071E000A4F810B013FA89F3E3603B46DBB19F6863
:1071F0001A68B7B1083F002AE3D13B46F7E76B783E
:10720000FF2B09D1314B186806909A889B798DF82D
:107210001E30ADF81C20A7E7414617F0D1FD03460C
:10722000F1E7002ACDD1002308932248BDF8283089
:1072300017F07DFE10F0010783D1DB0781D5032213
:1072400006A9384601F0BAFC814600283FF479AF20
:10725000022017F072FED5F80130C9F87E30B8F878
:107260000430A9F8823098F8063089F8843048460E
:1072700017F04EFCA8B11F2389F80C303946484658
:1072800000F0F6FD484600F071FDFFF7DFFD034614
:1072900000283FF456AF0E4A0948022116F0CBFEF3
:1072A0004FE74846022100F0E3FD484600F05EFD4E
:1072B00047E700BF68580020B4580020218104002F
:1072C000943A04003A810400AC5800200271040092
:1072D000FD730400F8B50546224817F028FE430761
:1072E0000F463CD52A78012A03D96FF015042046B1
:1072F000F8BD6B780F2BF8D86888031F9BB243F654
:10730000FC74A342F1D8A9880B1F9BB2A342ECD80E
:107310008842EAD37AB91448002200230DF016FE01
:1073200004460028E3D1FFF75BFD044640B10E4858
:107330000DF0DCFEDBE717F084FD0028EBD1D4E78D
:1073400028686968094E0A4B03C6A8683060204661
:107350001F60FFF769FE044606F12400E8E76FF0BE
:107360000A04C4E7640D0020985800206C580020DF
:10737000B4580020024B0020186017F0DEBD00BF9B
:10738000B45800200A4B196800F1080231B9816035
:10739000596839B9C3E90022002070478A4204D0F5
:1073A0000968F3E70A605A60F6E76FF0100070476B
:1073B000AC58002008B5034817F0B9FD00F00100F3
:1073C00008BD00BF68580020884208B501F12003BD
:1073D00010D9984213D20E490E4A0F4840F2B323F7
:1073E00016F055F90D4816F052F90A4840F2B3214B
:1073F00016F044F9EFD000F120029142EAE701389B
:1074000013F8012D00F8012F8B42F9D108BD00BF00
:10741000718104003F8104002C590400C8810400DC
:1074200070B59AB0414B02931822002103A81BF0BB
:107430009AFF44F2010309A8099317F087FD099BFD
:10744000049369463A4B059302A81BF0CCFB034614
:1074500038B3384A3848012116F0EDFD1F25374B67
:10746000BFF35B8F53E8001F21F0010143E80012D6
:10747000002AF7D1BFF35B8F314E0FF01BFF34684A
:10748000002C4BD0002DA4F104042E4D18BF002574
:1074900023680BB1284698476468002C3ED0043C12
:1074A000F6E701AB0098412209A91BF06EFA0346EA
:1074B00008B1254ACEE7254A0DF125030DF16501F6
:1074C00053F8040B42F8040B8B42F9D101AB20496D
:1074D000009820221BF007FA034608B11D4AB9E7BD
:1074E000009811F0F5FD054610B11B4A0346B1E7BF
:1074F00016491448FFF768FF18491948FFF764FF59
:10750000BFF35B8F174B53E8001F41F0100143E8B6
:107510000012002AF7D1BFF35B8FA0E70023C6E972
:1075200000330FF039FF1AB070BD00BF12710001B7
:1075300000000209FA8104004C3A0400B858002007
:10754000C0580020A0710020188204006071002043
:10755000407100203B8204005F82040080710020A3
:10756000C0710020640D002030B5A7B004233D2277
:10757000002116A815931BF0F6FE324B0693182235
:10758000002107A81BF0EFFE44F201030DA80D93A4
:1075900017F0DCFC0D9B08932B4B09932B4904AB94
:1075A000202206A811F0D6FD034600B3284A294838
:1075B000012116F040FD6FF004040FF07BFE264B16
:1075C0001D6885B100201860244BBFF35B8F53E822
:1075D000001F21F0020143E80012002AF7D1BFF397
:1075E0005B8F44B3A8470FF0D7FE27B030BD1C4BCC
:1075F0000DF1550203F14000194653F8044B42F8CF
:10760000044B8342F9D105AB02932023CDE900134B
:107610000D480499412315AA1BF097FA034608B1B7
:10762000104AC4E7049811F053FD04460028C4D062
:107630000D4A0346BBE70DA80949FFF7C5FE0DA893
:10764000D0E700BF12710001000002094071002064
:107650007F8204004C3A0400BC580020B858002037
:1076600060710020B5820400D182040008B504498D
:1076700040221BF080FEB0FA80F0400908BD00BF38
:107680003983040010B59AB0182204461B4B0293AC
:10769000002103A81BF067FE4FF4804309A809935B
:1076A00017F054FC099B0493154B059321460423C2
:1076B0000DF125008DF82430FFF786FE04F120013E
:1076C0000DF14500FFF780FE01AB412209A902A898
:1076D00011F040FD044602A81BF0FDFA2CB90198F8
:1076E00011F0F6FC01201AB010BD0648064A2346E8
:1076F000012116F0A0FC0020F5E700BF12410001B7
:10770000000002094C3A0400EE82040010B5002883
:107710003FD0234A136823B1043B98423CD05B68B6
:10772000F9E7204BBFF35B8F1968BFF35B8F8907C5
:1077300007D51D481D4A022116F074FC6FF00F009A
:1077400010BD14684460011D5068116000B951609B
:10775000BFF35B8F53E8002F42F0010143E80010B4
:107760000028F7D1BFF35B8FD30701D50020E7E7EF
:107770000F4BBFF35B8F53E8001F21F0100143E86C
:107780000012002AF7D1BFF35B8F0A48FCF7D6FD41
:10779000ECE76FF01500D3E76FF07700D0E700BF9C
:1077A000C0580020B85800204C3A0400128304004E
:1077B000640D0020F80F0020054BBFF35B8F1B68A2
:1077C0000448BFF35B8F13F0100F08BF0020704711
:1077D000640D0020A071002070B505461E480368A6
:1077E0008B4232D0BFF35B8F1C4B1B68BFF35B8FA8
:1077F000DA062DD5036813B16FF00F0070BD184A7B
:10780000BFF35B8F1368BFF35B8FDB07F4D4BFF369
:107810005B8F52E8003F43F0020442E80046002E2E
:10782000F7D1BFF35B8F13F00204E5D101600D487F
:107830002946FFF7C9FD0C4805F12001FFF7C4FDFB
:107840000A48FCF77BFD2046D8E76FF07700D5E7C4
:107850006FF07C00D2E700BFBC580020640D002010
:10786000B85800206071002080710020E80F0020CF
:1078700010B50446FBF75EFF044901EB00112046FA
:10788000FCF73AFEBDE81040FDF7DEBDC858002009
:1078900070B5144B1C68054644B154F8243C243C94
:1078A00013B1297B28469847646AF5E70E4C0F4EC2
:1078B000B44215D90E490F4A0F4840F2797315F0BA
:1078C000E6FE0E4815F0E3FE0A4840F2797115F025
:1078D000D5FE236813B1297B284698472834E7E76B
:1078E000F7D370BD0C590020B4390400043A0400E9
:1078F000B0830400808304002C590400585F040006
:1079000070B5044649B90E490E480F4A4D2315F08B
:10791000BEFE0D484D2115F0B1FED1E90156002201
:10792000C1E9012209481AF08CFC3DB131462046DC
:107930002B466FF06D02BDE87040184770BD00BF68
:10794000CB8304002C59040080830400D814002049
:1079500010B50C46817801290BD00C490C480D4A12
:1079600040F2F13315F093FE0A4840F2F13115F080
:1079700085FEA1691160E2691A60E27A04F11800DB
:107980000021BDE810401BF0EEBC00BFCE83040018
:107990002C5904008083040010B517F0DFF803466B
:1079A00030B1BDE81040034A0348012117F0F1BA95
:1079B00010BD00BFE0830400343A040038B5437BB7
:1079C000072B044618D1051D4FF48061284617F097
:1079D000E2FA410510D4284617F0D5FA82030BD4F9
:1079E000E37823B1054B93F8D8301B0704D5204624
:1079F000BDE83840FFF7D0BF38BD00BF900C002075
:107A000070B505461748002200230DF035FE38BB3F
:107A1000154B1C6834B154F81C3C243C03B1984706
:107A2000646AF7E7114C124EB44213D91149124A55
:107A3000124840F27B6315F02AFE114815F027FE2C
:107A40000D4840F27B6115F019FEA36803B1984719
:107A50002834E9E7F9D32846BDE870400EF032BA81
:107A600070BD00BF701400200C590020B439040010
:107A7000043A0400B0830400808304002C590400FD
:107A8000585F04002DE9F843204B04461BF03CFDF1
:107A9000D3F880201E4B1B589A4211D1DFF8748016
:107AA00040270025EFF3118387F31288BFF36F8F10
:107AB000E16989B983F31188BFF36F8FBDE8F8835B
:107AC00015491648164A4FF4937315F0E0FD144813
:107AD0004FF4937115F0D2FD206A0A68E261814289
:107AE00008BF226283F31188BFF36F8FD1E9016968
:107AF0004046C1E901551AF0A4FB1EB100224946D7
:107B00002046B047FDF7A0FCCCE700BFE04E0020C8
:107B100008000000D8140020018404002C5904003F
:107B2000808304000448B0F80431002B00F5847011
:107B300008BF0020704700BF900C002070B50446BD
:107B40001BF0E2FC164A0E4616490858D2F880107F
:107B500088428AB005D120460AB0BDE87040FFF7E0
:107B600091BF2434214610461AF0E9FB051E0FDAB6
:107B70000D4A0E490E484FF4AF7315F088FD0D48BD
:107B8000294615F084FD08484FF4AF7115F076FDD5
:107B90001EB1694620460EF09BF90AB070BD00BFC9
:107BA000E04E00200800000080830400F76004001D
:107BB0002C5904004784040038B5002204468A4248
:107BC00002D10024204638BD04F1D4030120BFF3C4
:107BD0005B8F53E8005F002D04D143E8000CBCF13B
:107BE000000FF6D1BFF35B8F02D0D8340244E6E732
:107BF000002CE6D0D422002120461BF0B4FB04F177
:107C0000400004490EF0E4FA034904F124000EF0A8
:107C100031F8D7E77D8E0200B5EF0300F7B51646C1
:107C20000D4601210446FFF789FF012E23D0022EC5
:107C300050D123693BB13048304A012116F0F2F9A6
:107C4000204617F0D5F9256121690B8A012B51D9FE
:107C5000CA681288043292B293424BD341D9264863
:107C600000920121264A16F0F0F9204603B0BDE843
:107C7000F04017F0BDB9206940B9224A1E4831468C
:107C800016F0D0F9204617F0B3F901E02F8A2FB98A
:107C9000284603B0BDE8F040FBF738BF0C3016F0C3
:107CA00074FD87420CD9184A1348314616F0BAF9C8
:107CB00021690022204601F0BFFC00232361E7E791
:107CC00020692A8AE9680C3016F067FD2846FBF720
:107CD0001DFFB9E70D4A08483346012117F059F94D
:107CE000D0E7002301222046236103B0BDE8F04025
:107CF00001F0A2BC03B0F0BD343A04006284040079
:107D0000E28404007F8404009D840400C484040091
:107D100010B50346B0B100F1D402104617F033F9A4
:107D2000E0B1BFF35B8F411C52E8004F844204D1A5
:107D300042E8001CBCF1000FF6D1BFF35B8FECD121
:107D4000184610BD06490748074A40F2B95315F0D6
:107D50009EFC054840F2B95115F090FC0346EFE750
:107D6000398804002C5904008083040010B50446AF
:107D700070B92349234A244840F2E15315F087FCA7
:107D8000224815F084FC40F2E1511E4815F076FCC3
:107D90002430D4340DF0E4FFBFF35B8F54E8003F90
:107DA0005A1E44E800210029F8D1BFF35B8F002B55
:107DB0000CDC1749134A144840F2F35315F067FCE2
:107DC000144815F064FC40F2F351DEE7012B15D1A5
:107DD00060B111490B4A0C4840F2FC5315F057FCB6
:107DE0000E4815F054FC40F2FC51CEE70C480DF063
:107DF000BFFBBDE810400B480EF064B810BD00BFDB
:107E000039880400808304002C590400FD84040098
:107E10001C85040024850400428504005685040066
:107E2000701400201810002010B50446FFF770FFF2
:107E30000FF040FA0C4BD3F8243104F1C8012BB9F0
:107E40000A4817F090F80FF0A7FA06E0994208D117
:107E50000FF0A2FA2046FFF789FFBDE81040FDF7BA
:107E6000F3BA1B68EBE700BF900C0020B40D0020B4
:107E7000F8B5457B8D4200AF04460E461AD1082D59
:107E800096BF6B4B6B4B53F825306C4688B06A46F7
:107E90006949C2E905134FF400739383674B42F8B5
:107EA000103F674800234FF4E451F8F7BDFEA546A4
:107EB000BD46F8BD4173DDB1022D1CD0637B082B9C
:107EC00000F2B28001A252F823F000BF357F020019
:107ED000CF7F02009F7F0200B17E0200B17E0200D0
:107EE000B17E0200B17E0200057F0200B17E020079
:107EF000FFF70EFFE2E78378012BDFD140300EF071
:107F0000FDFADBE74F48002110F02EFB0023C4E907
:107F10000D33E378012BCBD1A378012B04BF0323CE
:107F200084F898304FF42032002304F140000EF022
:107F300057FABDE7082DBBD8DFE805F02A05211761
:107F40002626212A2A0004F1400528460EF0D6FAFA
:107F500001212046FFF7F2FD204617F049F80022E4
:107F6000002328460EF0C4FAA2E7022016F0E5FF2F
:107F7000034620B1344A3248022117F00AF8237B25
:107F800013B12046FFF784FC2046FFF7EFFE8FE792
:107F90002E4A33462A48022116F0FBFF88E7A378D1
:107FA000012B85D12A4B9D8A002D81D00A235D4368
:107FB0004FF4004640F2E73000214FF47A7200237C
:107FC000C5FB0601EFF708FC02460B46ADE7237B35
:107FD0003E2B0FD16D4688B06A461E4BC2E9053470
:107FE000032342F8103F164800234FF4C451F8F71A
:107FF0001BFEAD46164D05F58476616911B9FDF796
:1080000023FA55E7A2690B686361914208BFA36137
:108010002046FFF775FCB5F80431002B14BF30463D
:1080200000200DF0A5FAE8E70B4A3346B2E700BF9F
:108030005C4304008D850400978504000300000163
:10804000343A040028100020A8850400D9850400D3
:10805000900C0020F0850400178604002DE9F047FD
:10806000DFF834A006460F46904600254FF0D809A9
:1080700009FB05A0FFF74CFE044620B183781E42A1
:1080800006D1FFF773FE0DB1BDE8F0870125EFE7DC
:108090004146B8472046F4E78031002002490022DB
:1080A0000120FFF7DBBF00BFBD7902002DE9F041E1
:1080B000164F05460E464FF000083846FFF728FEDB
:1080C000044658B1437B012B02D0073B012B03D858
:1080D0002388AB420DD02046FFF748FED837B8F1D1
:1080E000000F03D000242046BDE8F0814FF00108C6
:1080F000E3E7A3781E42F6D1054A06482B46022143
:1081000016F047FF2046FFF731FEEBE780310020F5
:1081100033860400343A040008B5114B98420AD360
:1081200003F5D872904206D2C01AD822B0FBF2F3FF
:1081300002FB130373B10B490B4A0C4840F21A635C
:1081400015F0A5FA0A4815F0A2FA074840F21A619C
:1081500015F094FA074BC0105843C0B208BD00BFD9
:10816000803100204A860400808304002C590400DA
:10817000C987040013DA4B682DE9F84305460F461A
:1081800016461C46904699461AF0E9F858B1184927
:108190001848194A40F2366315F079FA164840F249
:1081A000366115F06BFA34430DD0144B1BF0ACF96B
:1081B000D3F88020124B1B589A4207D1114A12481B
:1081C000022115F02FFF4FF00008C1460F4942462B
:1081D0004B46002D14BF2846084616F0AAFA04465E
:1081E00018B1791D0C30FBF79FFD2046BDE8F883E0
:1081F000E38704002C59040080830400E04E002033
:1082000008000000F2870400343A0400F41400204F
:1082100010B5044605480DF055FE204601F0B2F8B1
:108220002046BDE81040FFF733BB00BF0810002018
:1082300010B5437B023B0446062B35D8DFE803F03C
:108240000D0434343427320001730021FFF710FE8F
:10825000BDE810400220FEF7E7BE8378012B06D16F
:1082600040300EF04BF9BDE81040FDF7AFBC104AAE
:108270001049114840F2637315F009FAA1780F48CC
:1082800015F005FA0A4840F2637115F0F7F9008815
:1082900016F040FC38B9637B072B03D10821204638
:1082A000FFF7E6FD002010BD6FF07F00FBE700BF89
:1082B0008083040031B004002C5904001B880400A2
:1082C0002DE9F04F87B000AF0023FB607B619D4B31
:1082D0005A8C3AB19C4DD5F824413CB91C37BD4667
:1082E000BDE8F08F1B68002BF4D1F7E754F8C839CC
:1082F00003B1C83B9549002613E01346B5F80421A5
:10830000002A00F0D381D5F81021C2B904F1C806C3
:10831000002BE3D0D3F8C8201C46002AEDD0A2F1F0
:10832000C8039C42EAD18A498A4A8B484FF46F734A
:1083300015F0ADF94FF46F71864815F09FF90A6892
:10834000002AE3D0D4F8B420002ADFD0D4F8B82033
:10835000002ADBD0D4F8BC20002AD7D0637B072BBF
:1083600041D12046904700283DD004F1CC0016F0C2
:108370000AFE022837DC2046FFF7CAFC0446002824
:10838000ACD0637B072B40F08E81D4F8B430B5F8C5
:10839000041107F11002204698478046002800F09B
:1083A0007081B5F804213B699A4208D30146D4F89C
:1083B000B86007F1140307F10C022046B0473B698F
:1083C0007B60B8F81030D7F80CA0D7F81490002BC9
:1083D0003BD162495F4A60484FF4247315F057F966
:1083E0004FF42471A8E704F1C803B34209D15C49F2
:1083F000584A594840F2D93315F049F940F2D93179
:108400009AE7D4F8C820C6B9D5F82811C5F82421B0
:108410008B4201D1C5F828210023C4F8C83020467A
:10842000D4F8BC3098470028ABD0637B072B40F0D2
:108430003A812046FFF7F8FCA3E73260D5F82821FF
:10844000934208BFC5F82861E6E7404616F09BFA5C
:1084500048B142493F4A404840F2972315F017F986
:1084600040F2972168E7B5F804313E48002B08BF79
:108470000020002200230DF0FFF860B13749354A93
:10848000354840F2A72315F002F9374815F0FFF8F8
:1084900040F2A72150E72D48002200230CF0DEFF18
:1084A000064660B92D492B4A2B4840F2B22315F0FD
:1084B000EEF82E4815F0EBF840F2B2213CE7C0E9A7
:1084C00001A97B68B5F804B15B4598F8083098BFFE
:1084D000B7F804B0013B012B09D925491D4A1E48B4
:1084E00040F2D22315F0D3F840F2D22124E74046DF
:1084F00016F049FA814638B11E49164A1648AC238F
:1085000015F0C5F8AC2117E7014600220D480023FD
:10851000FBF758F9824658B1FBF70CF9164B414668
:1085200003EB00135A465046FCF70EF8804638BB62
:108530001249084A084840F2DB2315F0A8F840F237
:10854000DB21F9E690150020900C0020D8140020C3
:1085500032880400808304002C59040031B00400E8
:108560003E880400980D0020598804006E8804009D
:108570007E880400A6880400C8580020C088040033
:108580007B68B5F8042194F8D0B093428CBF4FF0CB
:1085900001090BF1020384F8D09098BF5FFA83FBC6
:1085A00004F1CC09BFF35B8F59E8002F013249E891
:1085B00000210029F8D1BFF35B8F04F11403314689
:1085C00018467B6016F0CFFC94F802A0BAF1010FB8
:1085D0005BD108F10C02042110467A60FBF7C6FB60
:1085E00021887A680BF0FD0341EA03330380B8F871
:1085F0001030043B43800221104616F0ABF8404691
:10860000FCF748FE00284ED07860BFF35B8F59E836
:10861000002F013A49E800210029F8D1BFF35B8F10
:10862000314604F1140016F0C8FC7B68204A21484A
:10863000514616F0AEFC4046FBF768FA204631463C
:10864000FFF75EF9B5F804311B48002B08BF002086
:108650000CF08EFF6D4688B06A46184B53616FF080
:108660000403C2E90634042342F8103F11484FF4D2
:1086700001510023F8F7D8FA1321AD462046FFF741
:10868000D7FD2046FFF772FB28E60D4A0D490E483C
:1086900040F2FF2314F0FBFFA1780C4814F0F7FF21
:1086A00040F2FF2148E6FCF7CFFEEAE79368FFDEE1
:1086B000F4780400343A0400980D0020F188040096
:1086C0008083040031B004002C590400D4880400D5
:1086D0002DE9F04140F2E243D0F88860B6FBF3F6B2
:1086E000031D0446184616F04EFC8204B6B217D598
:1086F000B4F88C20B24213D8B4F88E20B2420FD313
:10870000D4E9241291420BD1BFF35B8F53E8001FD1
:1087100021F4005143E80012002AF7D1BFF35B8F28
:10872000184B1D6865B155F8147C243D37B1B4F879
:108730009230B4F8902031462046B8476D6AF1E790
:10874000114DDFF84880454519D91149114A1248A1
:1087500040F2BF7314F09BFF104814F098FF0D48CF
:1087600040F2BF7114F08AFF2F6937B1B4F892302C
:10877000B4F8902031462046B8472835E3E7F3D3D4
:10878000BDE8F0810C590020B4390400043A04001B
:10879000B0830400808304002C590400585F040057
:1087A000F8B5174B1C6805465CB1243C00F1AA06DD
:1087B000236A13B1314628469847646A0CB1243CB9
:1087C000F6E7104C104E05F1AA07B44215D90F492F
:1087D0000F4A10484FF4FA6314F059FF0E4814F092
:1087E00056FF0B484FF4FA6114F048FF236A13B1A7
:1087F0003946284698472834E7E7F7D3F8BD00BF45
:108800000C590020B4390400043A0400B083040079
:10881000808304002C590400585F0400F8B5174BFE
:108820001C6805465CB1243C00F1A806E36913B15D
:10883000314628469847646A0CB1243CF6E7104C50
:10884000104E05F1A807B44215D90F490F4A104838
:1088500040F2E17314F01BFF0E4814F018FF0B48B0
:1088600040F2E17114F00AFFE36913B1394628467A
:1088700098472834E7E7F7D3F8BD00BF0C5900202C
:10888000B4390400043A0400B08304008083040077
:108890002C590400585F04002DE9F04107460846B2
:1088A0000D4616F00CF9064618B900263046BDE80C
:1088B000F0811C4B1C6884B154F8183C243C0BB963
:1088C000646AF8E72946384698470028EDD02846DC
:1088D00016F0F5F80028F3D1E7E7134CDFF84C80E9
:1088E000444518D91249134A13484FF4006314F051
:1088F000CEFE124814F0CBFE0E484FF4006114F087
:10890000BDFE2946384698470028CED0284616F0A6
:10891000D6F820B9C9E7C9D2E368002BF1D12834D1
:10892000DEE700BF0C590020B4390400043A04000B
:10893000B0830400808304002C590400585F0400B5
:108940002DE9F041C37804468BB900F17E06194B3E
:108950001D687DB1243D04F170076B691BB13A4677
:108960003146204698476D6A25B1243DF5E700F170
:108970007706ECE7104D114F04F17008BD4216D98F
:108980000F49104A104840F68E1314F080FE0F482D
:1089900014F07DFE0B4840F68E1114F06FFE6B69EB
:1089A0001BB142463146204698472835E6E7F6D3C4
:1089B000BDE8F0810C590020B4390400043A0400E9
:1089C000B0830400808304002C590400585F040025
:1089D000F8B5437A83720546164616F009FD154B25
:1089E0001C684CB154F80C3C243C1BB1697A3246EB
:1089F00028469847646AF4E70F4C104FBC4216D9DA
:108A00000F49104A104840F6EA1314F040FE0F4890
:108A100014F03DFE0B4840F6EA1114F02FFEA36956
:108A20001BB1697A3246284698472834E6E7F6D3E0
:108A3000F8BD00BF0C590020B4390400043A04000A
:108A4000B0830400808304002C590400585F0400A4
:108A500038B505460C460F480221FFF7ADF8C0B106
:108A6000057223680367A388A0F87430A37980F89F
:108A700076300123437283728370074BC0F8B430A1
:108A8000064BC0F8B830064BC0F8BC30054BC0F8F8
:108A90008C3038BD803100203192020051790200C3
:108AA0007BEF0300180028002DE9F041104D064629
:108AB0000F464FF000082846FFF72AF9044620B178
:108AC0008378012B0CD0FFF751F9D835B8F1000F9E
:108AD00003D000242046BDE8F0814FF00108EAE70A
:108AE0003A46314616F055FB0028F3D12046EAE716
:108AF00080310020B0B500AF0D46FFF7D5FF04462A
:108B000008B32846FBF710FA637B082B96BF0F4A81
:108B10000F4B52F823306D468AB06A460D49C2E9C0
:108B200007030D4B53620D4BC2E9051442F8103F89
:108B30000B4800234FF44251F8F776F82046AD4633
:108B4000FFF714F90120BD46B0BD00BF5C4304002F
:108B50008D8504001489040001030204050000024D
:108B6000343A040038B50446134816F00CFA4207AC
:108B700002D46FF00A0038BD084615F0A0FF10B906
:108B80006FF01500F7E7FEF715FC0028F1D10A4851
:108B900016F0F9F90306C0F3C0150AD416F051F91E
:108BA0000028EDD021462846FFF7A4FF0028E2D098
:108BB000E6E76FF07700DEE7640D00202DE9F0476F
:108BC000DFF850A005460E46904600274FF0D80922
:108BD00009FB07A0FFF79CF8044620B18378012B1E
:108BE00006D0FFF7C3F80FB100240FE00127EFE72D
:108BF00036B13246294616F0CCFA08B92046F0E7DD
:108C0000637B4345FAD1237AAB42F7D12046BDE8D6
:108C1000F08700BF8031002038B583780B70C378AF
:108C20004B70037A8B70457B082D04464DD8344B2E
:108C30005B5D81F82830002381F82B308278012A8F
:108C400000D1437A81F82930204616F031FA81F8B4
:108C50002A00A378012B4FD104F170038B60237A93
:108C6000284AC3EBC30313444B60E07804F17E034E
:108C700004F1770210B1184613460246C1E90323F6
:108C8000D4F888304B6140F2E242B3FBF2F30B833D
:108C9000B4F890304B83B4F892308B8304F1A8037E
:108CA0000B6204F1AA034B62D4F8A4302BB15B7BB6
:108CB000DA0644BF012381F82B30D4F8A43013B175
:108CC0005B7B9B0611D4002038BD0F4A0F4910482A
:108CD00040F6FC2314F0DBFC0E48294614F0D7FCC8
:108CE000094840F6FC2114F0C9FC91F82B3043F000
:108CF000020381F82B30E6E76FF01500E4E700BFD0
:108D00001C8A0400900C00208083040031B0040011
:108D10002C5904004D8904002DE9F04104460F460A
:108D200015469846002B67D01B6823B1354A364854
:108D3000022115F077F929462046FFF713FF064672
:108D4000002838D12046294616F0FAF904460028B2
:108D500055D097E80F002D4D05F1080C8CE80F0059
:108D6000AB8A002B08BF4FF49673AB822B8A03B9F2
:108D7000AB892B826B8A03B9EB8995F823216B822F
:108D800095F822319A4219D903212046FFF770F84D
:108D90000220FEF749F9054658B1022016F0CDF839
:108DA00020460021FFF764F82046FEF7DFFF2E463D
:108DB00001E0C8F800403046BDE8F08102212046BD
:108DC000FFF756F8204615F0A3FE05460028F0D020
:108DD000002121732046FFF74BF82046FEF7C6FF1F
:108DE0000320FEF721F903460028E0D0084A064890
:108DF000022116F0CEF8DAE76FF01506DBE76FF028
:108E00000B06D8E765890400343A0400900C002072
:108E1000FD73040038B5044608460D4615F04FFEB4
:108E200038B3154B93F8D830990707D4E37873B16A
:108E300029462046BDE8384000F02ABC94F8993015
:108E40009A07F3D5201D16F09EF84304EED4294668
:108E5000204616F0FAF958B92B88A4F88C306B88A4
:108E6000A4F88E30AB88A4F89430EB88A4F8963040
:108E700038BD6FF01500FBE7900C0020F7B510F837
:108E8000333C0446A0F140068BBB304616F053FA43
:108E9000484B1D684DB155F8203C243D1BB114F8DA
:108EA000341C304698476D6AF4E7434D434FBD424A
:108EB00016D94349434A44484FF4F16314F0E7FBA1
:108EC000424814F0E4FB3F484FF4F16114F0D6FB44
:108ED0006B681BB114F8341C304698472835E6E718
:108EE000F6D3304603B0BDE8F040FEF73FBF10F8C0
:108EF0003E3C012B5BD110F83D3C8BB9FCF766FE84
:108F0000693054D1324A3348022115F08BF84FF4BE
:108F1000A4720023204603B0BDE8F0400DF0E8BA8B
:108F2000A0F13C05BFF35B8F55E8003F23F40052EE
:108F300045E800210029F7D1BFF35B8F990423D5C1
:108F4000E36C00936946636D01933046FFF762FF5F
:108F5000034698B9BFF35B8F55E8003F23F4805375
:108F600045E80032002AF7D1BFF35B8F4FF4006170
:108F7000284603B0BDE8F04016F00DB8164A154873
:108F8000022116F006F8F1E7144A4FF42813694657
:108F90003046CDE90023FFF73DFF034628B94FF4E3
:108FA0008051284615F0F7FFE0E70D4AE7E703B0E8
:108FB000F0BD00BF0C590020B4390400043A04008D
:108FC000B0830400808304002C590400585F04001F
:108FD0009A890400343A0400CD890400180028005E
:108FE000F28904000B4B58B11A6862B902693AB9A8
:108FF00002685AB942684AB982683AB942692AB9DC
:109000001860002070476FF0770070476FF0150010
:10901000704700BF1C59002008B568B1094B1A6899
:1090200000F10C0122B9074815F09DFF104608BD5C
:10903000914204D01268F5E76FF01500F7E76FF082
:109040007700F4E71459002038B51F4819F0ECF800
:109050001E491D4819F0F5F81D491B4819F0F1F893
:109060001C49194819F0EDF816F0FBFD06F004FA5A
:10907000054608BB16F026FA1748FEF749FE0446D7
:1090800038B1043015F07FFFC20717D42046FEF731
:109090006DFE1248FEF73CFE044668B1043015F040
:1090A00072FFC30705D50023237203212046FEF774
:1090B000DFFE2046FEF75AFE284638BD2572032102
:1090C0002046FEF7D5FEE1E7D8140020E85800203E
:1090D000F458002000590020803100205832002030
:1090E00010B50268D2F8C0305BB90D490D480E4A80
:1090F00040F2FA2314F0CBFA0B4840F2FA2114F0B4
:10910000BDFAD2F8C4401968C2F8C010A34200F1F9
:109110004C0008BFC2F8C4108342E6D110BD00BFA6
:10912000DF8A04002C590400AE8A040008B5034607
:10913000034A0448012114F07EFF002008BD00BF4F
:10914000F98A04007C3A040080B500AF88B06A4612
:10915000074BC2E90530032342F8103F05480023BE
:109160004FF4C251F7F760FD6FF00B00BD4680BDB4
:10917000218B04007C3A0400074B1A6822B15A6D17
:109180000AB1FFF7E1BF0122542000FB0233034A7A
:109190005A6000200B60704720590020A84304004B
:1091A00070B5044652EA03000AD01AF0ADF9074D33
:1091B000074ED5F880503058854204BF0022134630
:1091C00020460431BDE87040FEF7D6BFE04E0020D7
:1091D0000800000073B5054618462B680BB35B7B8F
:1091E000072B1ED1002A0E7A14BF022301239E42B0
:1091F00009DD0D4A0D480096012114F026FF6FF09D
:10920000150002B070BDCB7A072BF8D9C8618A610E
:1092100005F1300019F015F8284616F06CF800201A
:10922000EFE76FF07F00ECE7488B04007C3A040026
:109230002DE9F047D0F8C04000AF80460E46914679
:109240004CB14C3C236B6BB104F1300A504619F021
:109250000DF8054658B9FCF7F7F800252846BD4635
:10926000BDE8F0872046FFF73BFFE46CE8E798F89D
:109270000D30072B0BD03C493C4A3D484FF47873E6
:1092800014F005FA4FF47871384814F0F7F915F036
:109290007AFB80B16C4688B06A46364BC2E9053528
:1092A000032342F8103F344800234FF4C251F7F72C
:1092B000BBFCA546D1E72846FAF76AFC236D0546B4
:1092C000B3B9A38CB0F81080403B9BB23F2B03D8BE
:1092D000238D984528BF9846042105F10C00FAF724
:1092E00045FDA0F80080A38C438008F104032365AA
:1092F000236D2A8AB3420ED8934215D0A38C403BEB
:109300009BB23F2B2CD92046FFF7EAFE236B13B10B
:10931000204615F0F0FF236DC9F800309E4234BF9F
:109320009E1B0026266599E70022002350460CF07C
:1093300095F8854209D011490C4A0D4840F2124374
:1093400014F0A5F940F212419EE7FAF7DFFBA38C77
:10935000A3F140023F2AD6D8094AAA61EB61D2E7BD
:1093600000221346F9E700BF688B0400AE8A0400B0
:109370002C590400898B04007C3A0400A18B040062
:1093800075F403002DE9F341424D434F04464FF07D
:109390000008BD4279D94149414A42484FF4D77348
:1093A00014F075F9404814F072F94FF4D77110E0D9
:1093B00029884B1E3E2B0FD9394A3C49394840F287
:1093C000B11314F064F92988394814F060F940F2B7
:1093D000B111334814F052F9204616F041F8064610
:1093E000019068B12E4A33492E4840F2B51314F06B
:1093F0004EF92988304814F04AF940F2B511E8E7EF
:109400006B6801A920469847002839DB019B2A8810
:109410009A829A8403F11002BFF35B8F52E8001F17
:1094200042E800600028F9D1BFF35B8FDE641E655F
:109430009E60A16B03F1080221BBC4E90D221C60F0
:10944000C3F80C8003F1300018F0EEFE0198436879
:109450001B6803B19847019BBFF35B8F103353E840
:10946000001F41F0010143E80012002AF7D1BFF3C9
:109470005B8F01984368DB6913B100F110019847D5
:10948000083586E70A60A263D9E791D302B0BDE848
:10949000F08100BF9C390400B43904004A8C0400F8
:1094A000AE8A04002C590400585F0400B18B0400FC
:1094B000E08B04000B8C04001F8C0400F0B50D46FB
:1094C00085B00646042105F10C00FAF78DFC2A8AC6
:1094D00043889342044607D000931346464A4748C0
:1094E000012114F0B2FD10E0417839B9444A01215C
:1094F000424805B0BDE8F04014F094BD0278122A4D
:109500000BD0132A03D0012A5DD105B0F0BD022B88
:10951000FBD0022200923B4AE1E7082B3468EA685C
:1095200003D008220092384AD9E7637B072B02D088
:10953000364A0221DCE7E778A7B10222012015F0C4
:1095400074FF05460028E0D002210C30FAF76AFCCF
:109550000023037043702946204605B0BDE8F04063
:1095600015F095BF1388ADF808305388ADF80A3070
:109570009388ADF80C30D388ADF80E30022213205A
:1095800015F053FF05460028BFD002A92046FFF77B
:1095900083F90221064605F10C00FAF743FC56B1A7
:1095A000077047702946204615F071FF02A9204632
:1095B00015F04BFEA9E701230370467029462046AB
:1095C00015F065FFA1E70D4813460221104A14F07B
:1095D00032FD617835680222012015F026FF04462D
:1095E000002892D002210C30FAF71CFC00230370F3
:1095F000437021462846B0E7718C04007C3A040091
:10960000928C0400B38C0400DE8C0400108D0400E6
:109610001E8D040008B50B8A032B06D8044A0548A2
:10962000012114F0FFFC002008BDFFF747FFFAE717
:10963000468D04007C3A040038B50B8A032B05469E
:109640000C4609D80F4A1048012114F0EBFC2046C3
:10965000BDE83840FAF75ABA042104F10C00FAF7D1
:10966000C3FB4188284615F023FF30B9074A064856
:109670000B46022114F0DFFCE9E7436821465B69F1
:109680009847E4E7648D04007C3A0400818D04006F
:1096900070B5124B0C4619780131C9B2012938BF97
:1096A0000121054608221220197015F0BEFE06465B
:1096B00088B108210C30FAF7B5FB22880280628855
:1096C0004280A2888280E288C28031462846BDE876
:1096D000704015F0DCBE6FF00B0070BDE071002033
:1096E00023281FD81A2804D8431E182B0ED9062069
:1096F0007047A0F11B03082B1ED8DFE803F0051DFF
:109700001B231D19251D0500032070470F4A012347
:1097100083401A40C2B90E4A1A40002A14BF0120E1
:109720000620704700F07F03522B05D100207047C0
:10973000012070470520704710F0400F0CBF062035
:10974000002070470420704702207047AAAA8A02AE
:1097500054554501011F01480BF018BBF0120020C1
:1097600010B50446807AF9F7DDFF0B4B83420BD02E
:109770000A490B480B4A40F2211313F088FF0948AD
:1097800040F2211113F07AFF2046F9F7D3FF064B80
:10979000182202FB003010BD28150020E58D0400C2
:1097A0002C590400B68D0400C85900202DE9F0475B
:1097B000074608460C46FFF7D3FFE368D0F8089049
:1097C000BFF35B8FBA6DBFF35B8FD207064609D438
:1097D000294A2A48012115F098FE6FF01505284600
:1097E000BDE8F087228A5AB925492648264A40F220
:1097F0006D1313F04CFF244840F26D1113F03EFF3F
:10980000E26812780271002202601B78D22B0FD11D
:109810003B682146186817F008FB054640B11B4A13
:109820001648012115F071FE2046FAF76FF9D6E7C8
:1098300004F10C0014F0A5FF0023B4F810A0B760E9
:1098400080461A462146381DFFF7C4FC054600280D
:10985000C5D010F1690F04D10D4A0848012115F057
:1098600054FE6369A4F810A013FA88F3E360C6F805
:1098700008903560B3E700BF118E0400243A04005D
:109880002B8E04002C590400B68D0400518E040068
:10989000648E0400024A0348012115F036BE00BF61
:1098A000878E0400243A040070B503788AB0044619
:1098B0000E4607AD032B20D8DFE803F002191B1D6D
:1098C00011492846F3F77BF8059563780493A3784C
:1098D0000393E37802932379019363790093A37947
:1098E0000A4A1E21304613F06DF90AB070BD0849CE
:1098F000E7E70849E5E70849E3E7084A0A21284677
:1099000013F060F9E0E700BFF150040013510400C8
:10991000F8500400FF50040009510400469C040064
:109920002DE9FF4105460E464FF000084FF4205345
:10993000006817688DF8088002A91446ADF80A304F
:1099400014F09EFFA0B142F6010328688DF80C8048
:1099500003A9ADF80E3014F093FF48B123691BB191
:109960005A88B24200D25E80012004B0BDE8F08186
:109970006168286814F084FF10B100232361F3E7C5
:10998000E368A0681A786AB1B7F81AC0798D038ABB
:109990008C4594BFC3EB0C03C3EB0103934201DA84
:1099A0000020E2E704210C30FAF73CFA206106803F
:1099B00023695E80074B00930194A2680023294627
:1099C000384615F0F6FE0028EADB2069003818BF9B
:1099D0000120CAE7E7F6030010B500F1540304467E
:1099E000BFF35B8F53E8001F41F0010143E8001211
:1099F000002AF7D1BFF35B8F201F15F0A1FD04F102
:109A00007C0004490CF0E4FB2068BDE8104003F042
:109A1000FDBD00BF2DAA020073B50E46438D418BDC
:109A20008B4202F1010228BF0B469A42054609D932
:109A30001B48009202211B4A14F007FB0024204619
:109A400002B070BD3046FFF74BFE022812D004284A
:109A500010D019F059FD144B1958144BD3F880301D
:109A600099421BD0124B1B685A1A18BF4FF0FF3295
:109A7000134602E04FF4702200230E480021FFF746
:109A80008FFB04460028DAD0FFF76AFE01218560CB
:109A900004F10C00FAF7C6F90670D0E70022E7E7F8
:109AA000243A0400A48E040008000000E04E0020C8
:109AB000A85B00202815002070B5044601F10C00B9
:109AC0000D4614F056FE26682B8AEA680146306877
:109AD00016F028FF1E2100222046FFF79DFF0146B9
:109AE00030B9054A0548012115F00FFD002070BD71
:109AF000204615F037FEF9E7C98E0400243A040029
:109B0000F0B51D4603680E46003987B0044618BFFD
:109B100001211868174616F016FF40B904F15800E5
:109B200015F007FF002846D0002007B0F0BD002D3B
:109B300043D018220021684619F015FC6FB10022AD
:109B400039462046FFF768FF019030B91C481D4A8E
:109B5000012115F0DAFC1120E7E723681A4A1B6897
:109B600000930023ADF812300C9B0393BDF8343002
:109B7000ADF8103001238DF8143029466B46284685
:109B80008DF8086015F048FD9DF8143063B1002F82
:109B9000CAD00198F9F7BAFF9DF814302A46314629
:109BA000204615F0D5FEBFE701990029BCD020461C
:109BB00015F0D8FDB8E71220B7E70120B5E700BFE0
:109BC000243A0400E68E0400A7F503002DE9F347CC
:109BD00017680546894600685168D7F804A01446FE
:109BE00014F04EFE804600284BD19522294650465F
:109BF00016F05DFD0646207540B1E3681B780BB199
:109C000084F81480002002B0BDE8F0872946504651
:109C100016F0D2FE10B908232375F3E7A068267565
:109C2000F9F7CEFF02210C30FAF7FCF8164B206151
:109C3000A0F8009000930194A26833462946384664
:109C400015F0B7FD002807DA10F1FF0F26BF4042DC
:109C5000C0B20E202075D5E72369002BD2D0A068B2
:109C600015F03BFC7B8D7A8B9A4294BFC0EB0200CF
:109C7000C0EB0300E3681B78984294BF00200120EA
:109C8000C1E70120BFE700BFEBF40300F7B50B8A83
:109C9000076804460D463BB9284A2948012115F0BA
:109CA00034FC002003B0F0BD012105F10C00FAF7EF
:109CB0009BF87B7B072B0646F3D154F8043C002B22
:109CC000EFD003781F48043C002210F832709F4206
:109CD00000EBC2010FD12A8A48788F78904220D9B0
:109CE0001748009301211346174A14F0AEF9012FCB
:109CF000D7D104231EE001321C2AE6D11048134AB2
:109D0000022114F098F931780846FFF7E9FC0028A1
:109D1000C7D00528C5D006230022204615F018FE1E
:109D2000BFE74B68204629469847012F0346B8D124
:109D30000028B6D031780022EFE700BFFF8E040084
:109D4000243A0400D0430400348F04001A8F040026
:109D50002DE9F04F91B0166880460F46002542F677
:109D600001030068D6F804908DF82C500BA9144616
:109D7000ADF82E3014F084FD002870D04FF420533D
:109D8000D8F800008DF82C500BA9ADF82E3014F047
:109D900077FD38B1A3681BB15A88BA4200D25F8000
:109DA00001200EE06168084615F097FB728D738BF9
:109DB0009A4294BFC0EB0200C0EB0300032803D813
:109DC000002011B0BDE8F08F0846F9F7F9FE05460E
:109DD000606815F082FB728B738D05F10C0B9A4253
:109DE00094BFC0EB020AC0EB030A584614F0CDFC46
:109DF000824537D2606815F070FB728D738B9A4282
:109E000094BFC0EB0200C0EB030070B96368987A9E
:109E1000F9F788FC0022002314F08BFC054600288B
:109E2000CED001466068F9F711FF00230093D8F8FF
:109E30000460102302AA41464846B047061E0EDBC6
:109E4000227CE068B2422BD001460BA814F046FDFC
:109E500060B9237C144A1548022114F0ECF8002361
:109E6000A3609DE7584614F090FCCEE7F2B202A939
:109E700006A814F033FD10B90D4A3346EBE706A9E6
:109E80000BA814F0FDFC0028E9D100236374042121
:109E900005F10C00F9F7C6FFA0600780A3687EE714
:109EA00002A919F068FAEEE7538F0400243A04007F
:109EB000728F0400F8B54FF47022074600230F4854
:109EC0000D4614F036FC044638B90D4A0D482B46B1
:109ED000012114F0B0F82046F8BD00F10C0609216C
:109EE0003046F9F721FF2046FFF73AFC0121876051
:109EF0003046F9F797FF0570EDE700BF2815002001
:109F0000F98A0400243A04002DE9F0410E8A043E47
:109F1000F6B2022E04468CB0084601D0102E64D151
:109F200004210C30F9F760FF0DF108080588478817
:109F3000011D3246404614F0D1FC002857D09DB395
:109F4000002687B3AF422FD34FF4205301A94046D8
:109F50008DF80460ADF8063014F092FC40BB14227A
:109F6000002107A819F0FFF911212046FFF7A2FFF1
:109F70000990002837D001210C30CDE90748F9F7C6
:109F800051FF00230A901B4A037039460B93284661
:109F900007AB15F041FB0A9B1B78FBB90998F9F751
:109FA000B5FD0A2301E03D4601232A4610210EE0BB
:109FB00042F6010307A940468DF81C60ADF81E303B
:109FC00014F05EFC0028CAD010232A461946204609
:109FD00015F0BEFC00200CB0BDE8F08109992046C8
:109FE00015F0C0FBF6E71120F5E70420F3E70E209B
:109FF000F1E700BF219902002DE9F043036885B025
:10A0000004460D461868012116F09DFC40B904F184
:10A01000580015F08EFCB0BB122005B0BDE8F083EF
:10A0200010220021684619F09EF921212046FFF7F1
:10A0300041FF029048B3DFF85890009405F10C07F7
:10A040004FF001082B8A012B04D80299204615F005
:10A0500089FB18E0384614F08CFB6B464A460146F3
:10A0600006468DF80C8015F0D7FA9DF80C30002BC1
:10A07000E8D00298F9F74AFD9DF80C3032462021CD
:10A08000204615F065FC0020C7E71120C5E700BF9A
:10A090003FFA03002DE9F043036885B004460D46FE
:10A0A0001868012116F04FFC40B904F1580015F072
:10A0B00040FCB0BB122005B0BDE8F08310220021A7
:10A0C000684619F050F90F212046FFF7F3FE029081
:10A0D00048B3DFF85890009405F10C074FF00108E1
:10A0E0002B8A012B04D80299204615F03BFB18E07F
:10A0F000384614F03EFB6B464A46014606468DF84C
:10A100000C8015F089FA9DF80C30002BE8D00298ED
:10A11000F9F7FCFC9DF80C3032460E21204615F074
:10A1200017FC0020C7E71120C5E700BFDFF90300D7
:10A13000F0B51D46036885B004460E461868012137
:10A14000174616F000FC38B904F1580015F0F1FB81
:10A1500048BB122005B0F0BD65B31022002168464F
:10A1600019F001F939462046FFF7A4FE029018B312
:10A17000BDF82830ADF8043001238DF80C300F4ABB
:10A1800000946B462946284615F046FA9DF80C3097
:10A190005BB10298F9F7BAFC9DF80C302A463146BB
:10A1A000204615F0D5FB0020D4E70299204615F093
:10A1B000D9FAF8E70120CDE71120CBE7DFF903005A
:10A1C0002DE9F0410E8A043EF6B2022E04468CB010
:10A1D000084601D0102E76D104210C30F9F704FE88
:10A1E0000DF1040805884788011D3246404614F0E9
:10A1F00075FB002869D085B377B3BD422DD8606860
:10A20000012116F0A0FB064678BB8DF8000042F64F
:10A21000020369464046ADF8023014F031FB20B32A
:10A2200042F6030306A940468DF81860ADF81A30CF
:10A2300014F026FBC8B1012D03D14FF6FF739F42E6
:10A2400013D004F1580015F074FB002814BF00204F
:10A2500012200CB0BDE8F0813D4601232A460821BA
:10A26000204615F075FB0020F3E7182200210DEBC6
:10A27000020019F078F809212046FFF71BFE08902C
:10A28000F8B101210C30CDE90648F9F7CBFD0023E8
:10A29000099003700A238DF82C300D4A06AB39461D
:10A2A000284615F0B9F99DF82C302BB10898F9F72C
:10A2B0002DFC9DF82C30D1E70899204615F052FA74
:10A2C000D1E71120C5E70420C3E70E20C1E700BF96
:10A2D000CD9B02002DE9F0430F4687B004460621CE
:10A2E00007F10C00F9F780FD0588B0F8028082883C
:10A2F000D7F80C90C5B10023B8F1000F13D0454535
:10A3000012D88DF800308DF8043001A94FF4205395
:10A310006846ADF80220ADF8063014F0B1FA0646F2
:10A3200060B10A2301E0454601232A460621204662
:10A3300015F00EFB002007B0BDE8F08301461422A3
:10A3400001A83F7C19F00FF807212046FFF7B2FD66
:10A350000290D8B10A238DF815300D4A019401AB53
:10A3600041462846CDE903698DF8147015F054F97B
:10A370009DF815302BB10298F9F7C8FB9DF8153000
:10A38000D3E70299204615F0EDF9D3E71120D2E783
:10A39000519D02007FB5CB681D885E88044685B15B
:10A3A00076B1B5420DD810220021684618F0DBFFC7
:10A3B00005212046FFF77EFD019058B9112007E0E6
:10A3C000354601232A460421204615F0C1FA002013
:10A3D00004B070BD6B46094A00943146284615F01A
:10A3E0001BF9029B23B90198F9F790FB0A23E9E7CF
:10A3F0000199204615F0B6F9E9E700BF2FF60300F2
:10A400002DE9F04182B000AF044688463E48002264
:10A41000002339460AF02EFC0546B0B16D4688B0DF
:10A420006A463A4BC2E90534032342F8103F3848E4
:10A4300000234FF4C251F6F7F7FBAD466FF00B0661
:10A4400030460837BD46BDE8F08119F05DF8314B64
:10A450003E681A58304B29461A60301D2C2218F0DD
:10A4600082FF34603C682D487D60C4E90155C4E931
:10A470000A5500220023391D0AF0FCFB064688B16C
:10A4800023686C4688B06A462549C2E90513032350
:10A4900042F8103F1E482B464FF4C451F6F7C4FB58
:10A4A000A546CBE77B680146B822184618F05BFF4B
:10A4B0001C4A8260603017F0B7FE7B68BFF35B8F89
:10A4C000583353E8002F43E800610029F9D1BFF366
:10A4D0005B8F7B681C60A36A7D681BB904F10C006C
:10A4E00017F0A2FEA26AC5F8B020E26A05F1B00337
:10A4F000A36202B9E3627B6817225A855A83043348
:10A50000C8F800309CE700BFD0120020918F0400F3
:10A51000243A040008000000A85B0020F01200208C
:10A52000B68F04003810002008B5437B072B06D0F7
:10A530000C4A02210C4814F0E8FF002008BD042159
:10A5400014F0B6FF10B9094A0121F3E7BFF35B8F9E
:10A55000436DBFF35B8FDB0701D4054AF4E750F886
:10A56000040CEBE7108D0400243A0400DB8F040098
:10A57000118E04002DE9F14F0546FFF7F1F8002197
:10A580001822D0E90246D0F800A090F80490C788BD
:10A59000D0F8108018F0E7FEA87AF9F7C3F86969D7
:10A5A000834651B16B7AD80705D4DBF82C301B6891
:10A5B00028469B68984700236B612946584617F048
:10A5C0004BFEB9F1000F4CD0002C4AD02368002B71
:10A5D00047D01B68002B44D0BAF1000F08D02F4A97
:10A5E0002F485346012101B0BDE8F04F13F023BDC1
:10A5F0004846FFF775F80546201D15F0AEFA052D03
:10A600003CD80123AB4013F014092AD113F0090FF1
:10A610001DD113F0220F31D0BFF35B8FA36DBFF3B9
:10A620005B8FDA0707D41F4A1D48012101B0BDE83E
:10A63000F04F14F06ABFE36D9BB14FF4702200231A
:10A6400004F1800001B0BDE8F04F0BF051BF23686A
:10A650001D68BFF35B8FA36DBFF35B8FDB07E2D594
:10A660003EB901B0BDE8F08F41462846B04709F138
:10A6700001091FFA89F3BB42F6D3F2E70A4A0B49F4
:10A680000B4840F2CF2313F002F80A48294612F093
:10A69000FEFF054840F2CF2112F0F0FFF68F0400D4
:10A6A000243A0400118E0400B68D040031B0040079
:10A6B0002C59040015900400F8B50F461646FFF714
:10A6C00033FFB0B1846A20461CB150F8B04904B1E0
:10A6D000B03C731C194638B1428D458BAA4228BF45
:10A6E0002A469A4207D264B90A4A0B48022113F05B
:10A6F000A2FC0020F8BD32463946BDE8F840FFF71D
:10A700008BB9D4F8B05005B1B03D20460B462C466D
:10A71000E2E700BF2E900400243A040007B50B4680
:10A720000246002118F0F0FE01910F4909580F4828
:10A730000068884204D00E48D0F88000884201D1D9
:10A740000022134601A90B480AF094FA014648B9C1
:10A75000019B1C22184618F006FE0346184603B05B
:10A760005DF804FB0023F9E708000000A85B002067
:10A77000E04E00201013002010B50446806818B188
:10A78000F9F7C4F90023A36021460248BDE8104050
:10A790000AF0FCBA101300202DE9F347044680307C
:10A7A0000E4617461D460BF0A9FEE06D58B9184835
:10A7B000184A022114F0A9FE204600F017F90020E3
:10A7C00002B0BDE8F087144B98424FF0000805D165
:10A7D0002068C4F85C8015F0F5F9F0E7D0F8049033
:10A7E000C0F80480E06DD0F818A0FFF7C5FF20681E
:10A7F000C4F85C8015F0E6F9B9F1000FDFD02068ED
:10A80000CDF800A000683B4632462946C847D6E747
:10A81000243A040049900400AC5B002070B5C36D7D
:10A82000CA68044643B319498B4225D0D5781DB375
:10A83000052D406806D00F2D1FD1437A012B1CD85F
:10A84000022107E0437A012BFAD9022B12D0032B05
:10A8500013D1042114F039FC08B110300DD104F1EA
:10A8600080000BF04BFEE26D137C43F00103137488
:10A87000002070BD0321EDE70E2500222B46204667
:10A880001146BDE87040FFF787BF00BFAC5B0020FA
:10A8900070B5054650F8043C55F804690446002B91
:10A8A0003AD039B1836D002B36D01B7CDA0733D513
:10A8B00005231BE0304602F011FF737A012B2BD0E9
:10A8C000A46D4CB3237CDB0726D5E368002BEFD0C7
:10A8D0006269617C2846FFF79FF8064668B9637C89
:10A8E0000E4A0F48012113F0A6FB0E230022284632
:10A8F0001146BDE87040FFF74FBFD4E90512E36889
:10A90000984718B13046F9F701F9EEE73146284685
:10A91000FEF74CFF0028F5D170BD00BF6090040029
:10A92000243A0400F7B550F8044C0546002C59D0E1
:10A9300000F1AC0104F1280014F0E2FF2E1F05F134
:10A940005C070022002338460AF088FD024678BBE7
:10A95000AB6D2BB101466FF067033046FFF71CFF6C
:10A96000002345F8043C05F15403BFF35B8F53E823
:10A97000001F21F0010143E80012002AF7D1BFF3C4
:10A980005B8FA36A73BB04F10C06002200233046E0
:10A990000AF064FD78B9666886B9134826602146D6
:10A9A0000AF0F4F9286803B0BDE8F04002F0F0BE08
:10A9B000F9F7ACF8C5E7F9F7A9F8E6E7A268336854
:10A9C0006360964208BFA36077683FB1B3690093A4
:10A9D000002320681A466FF06701B8473046FFF73A
:10A9E000CBFED8E703B0F0BDD012002030B505464D
:10A9F00089B055F8043B0446186814F0EAFB694630
:10AA0000FEF752FF2846FFF78DFF60681321FDF720
:10AA10000FFC034620B1034A0348012113F00BFB4E
:10AA200009B030BD80900400243A0400B0B504465B
:10AA300088B054F8803D00AF186814F0CAFB39465E
:10AA4000FEF732FF6D4688B06A460B4BC2E9053708
:10AA50004FF400739383094B42F8103F00234FF4E7
:10AA6000E2510748F6F7E0F82046AD46FFF7BEFF93
:10AA70002037BD46B0BD00BF9E900400030000011A
:10AA8000243A040070B50E4658B92149214A22489B
:10AA900040F67F7312F0FBFD40F67F711D4812F007
:10AAA000EDFD49B91D491B4A1B484FF4786312F06C
:10AAB000EEFD4FF47861F1E7FFF736FD044628B963
:10AAC0003046F9F723F86FF07F0070BD00F10C05F8
:10AAD0002846314617F0B5FBA06A38B150F8B049A6
:10AAE00004B1B03C294614F04BFE20B90020ECE73D
:10AAF0001C466FF00100002CF8D0D4F8B03023B918
:10AB00000230F5D020461C46ECE7B03BF8E700BF2A
:10AB100039880400B68D04002C590400F275040035
:10AB200038B50C46054658B91849194A194840F62F
:10AB3000947312F0ACFD40F69471154812F09EFD2E
:10AB400049B91549124A134840F6957312F09FFD12
:10AB500040F69571F1E70CF0ADFB2846FFF7E4FCF9
:10AB600020B90CF019FC6FF07F0038BD0023236082
:10AB700083683BB9C0E9014415F024F80CF00CFCE3
:10AB80000020F2E71C608460F6E700BF398804000B
:10AB9000B68D04002C590400CA90040010B50C4670
:10ABA00020B319B3FFF7C0FC00B3836AC3B153F8F5
:10ABB000B02902B1B03AD96D8C420AD082B11346A5
:10ABC000D2F8B020002AF6D0D96D8C42A2F1B002A2
:10ABD000F5D1074ADA652046BDE81040FFF7CCBD45
:10ABE0000430214614F08CFE2046F5E710BD00BF6E
:10ABF000AC5B002008B517F050FF38B10346044A9B
:10AC00000448012115F002F96FF0040008BD00BFEF
:10AC1000D5900400543A040010B50849144618466B
:10AC20001022A047041E07DA054A064823460121E0
:10AC300015F0ECF8204610BD0024FBE79833002007
:10AC4000EB900400543A0400F8B50B4D06460F464D
:10AC5000002415F8013CB34207D12946384615F0C7
:10AC60002AF910B105482044F8BD1034302C05F104
:10AC70001005EED10020F7E7F95B0020F85B00201B
:10AC8000F8B50B4D06460F46002415F8013CB342BB
:10AC900004D12946384615F00EF930B90C34242C6D
:10ACA00005F10C05F1D10020F8BD02482044FBE776
:10ACB0003133002030330020F8B50B4D06460F46E7
:10ACC000002415F8013CB34207D13946284615F057
:10ACD000F2F810B105482044F8BD0C34242C05F1DD
:10ACE0000C05EED10020F7E7636F0020626F0020B3
:10ACF00070B5204B144682689A420FD1A568C66889
:10AD000075B922792168304615F0DDF8024628B180
:10AD10001949013015F012F915701581012070BD27
:10AD2000E0680028FBD02B888B420AD0F6D2E0687E
:10AD3000A36801380433E0600038A36018BF012025
:10AD4000EDE7256822792946304615F0BCF8024621
:10AD500060B90949304615F0B6F802460028E6D039
:10AD60002946013015F0EAF823791370A3685B884F
:10AD70001381DCE7CDB302000271040010B507486F
:10AD80001021F9F747FA034630B1BDE81040044AF4
:10AD90000448012115F03AB810BD00BF88330020E7
:10ADA0000C910400543A04002DE9F0410D4CDFF8F9
:10ADB0003880054600262746621C6DB9414610467C
:10ADC00015F079F828B90136032E04F11004F2D1F8
:10ADD00000273846BDE8F0812178284614F0D9F9DB
:10ADE000F0E700BFF85B00200271040038B54A1C90
:10ADF0000C46054668B90E49104615F05CF830B9A6
:10AE00000B4904F10B0015F056F870B10A342046D6
:10AE10000CE0097814F0BDF90028F8D1A17A04F10A
:10AE20000B02284614F0B5F9EFE7002038BD00BF4B
:10AE3000027104002DE9F0410D4CDFF83880054621
:10AE400000262746621C6DB94146104615F033F8BE
:10AE500028B90136032E04F11004F2D10027384638
:10AE6000BDE8F0812178284614F093F9F0E700BF9F
:10AE7000345C0020027104002DE9F04116460546BD
:10AE80000F4613F020FE394604462846FFF7F8FE29
:10AE90000246002C3FD0E0B9204815F056F8044691
:10AEA00028B31F4815F051F818B31E4815F04DF897
:10AEB00010BB02241823DFF8708003EB0802013373
:10AEC00008EB0300394615F039F80C235C4308F809
:10AED00004500121B14002F1080015F011F8BDE85D
:10AEE000F04112484FF4004200230BF001BB03462F
:10AEF000E1E701240C23DEE70D490E4A0E4840F23B
:10AF0000C95312F0C4FB0D4812F0C1FB094840F2CE
:10AF1000C95112F0B3FBBDE8F08100BF3833002007
:10AF200044330020503300203033002058330020B9
:10AF300062910400329104002C59040074910400C1
:10AF400010B501460246042311F8010B0832F9F747
:10AF50002FF9034630B1BDE81040034A03480121F0
:10AF600014F054BF10BD00BF93910400543A040084
:10AF70002DE9F04180460F4616461D46FFF79CFE20
:10AF8000044680B91549FFF797FE044630B9BDE87D
:10AF9000F041134A1348012114F0DDBF00F8018B82
:10AFA000394614F0CBFF228963896AB973B92681C7
:10AFB0006581214611F8010B13F085FD40B1204653
:10AFC000BDE8F041FFF7BCBF964203D39D42EFD8E6
:10AFD000BDE8F0819D422681EBD9E9E702710400CA
:10AFE000AF910400543A040008B583685BB1094985
:10AFF00009480A4A40F6066312F049FB074840F642
:10B00000066112F03BFBBDE808400549013014F031
:10B0100095BF00BFCE9104002C590400329104006A
:10B020000271040008B5034A0348012114F093FF9C
:10B03000002008BDE5910400543A040038B50F4BD8
:10B04000144682689A420D4615D122792168C0685B
:10B0500014F039FF78B1D4F8C8302F2B03D9BDE8EC
:10B060003840FFF7DFBF04EB83020133158101890C
:10B070005181C4F8C830012038BD00BFCDB30200F3
:10B0800008B5044A0448012114F065FF6FF015006B
:10B0900008BD00BF39920400543A04001FB51046A1
:10B0A000074A19464FF42813CDE9022308230093D9
:10B0B000BDF818206B4415F0BCF805B05DF804FB32
:10B0C0001800280070B50E4B144682689A4214D1BD
:10B0D000C56821686E1C304614F0EDFE18B1616839
:10B0E000304614F02BFF0B352168284614F0E3FEA0
:10B0F00018B16168284614F021FF012070BD00BF1F
:10B10000CDB3020008B513468168074A914209D1C0
:10B110001A791968C06814F0D6FE18B100230360CC
:10B1200043600381012008BDCDB3020002484FF403
:10B13000A47200230BF0DCB92034002008B50421F0
:10B14000084814F0DDFE07486FF0020114F0E7FE36
:10B15000044814F0FAFEC30701D5FFF7E7FF00200B
:10B1600008BD00BF50340020024608B50849013030
:10B1700014F0E4FE002313720C32BFF35B8F52E82D
:10B18000001F42E800300028F9D1BFF35B8F08BDF3
:10B190000271040010B5FFF78FFD044678B1014637
:10B1A00011F8010BF9F712F8034620B1054A0648D9
:10B1B000012114F02BFE002323606360A3600020B4
:10B1C00010BD00BF45920400543A040070B500F170
:10B1D000700605463146007A13F075FC0446314688
:10B1E000287A54B1FFF7D6FF034660B1BDE870403E
:10B1F000054A0648012114F009BEFFF75DFD10B1B4
:10B2000004604460846070BD62920400543A04009B
:10B210002DE9F04385B00E4600AF904699460446AE
:10B2200058B9354A3548012114F095FE6FF01505DF
:10B2300028461437BD46BDE8F08307F1080113F036
:10B24000F9FA054698B16D4688B06A462C4BC2E9BA
:10B2500005344FF4007393832A4B42F8103F27487C
:10B2600000234FF4E251F5F7DFFCAD46DEE7391D70
:10B27000204612F0BBFF786858B10A22294611F027
:10B28000CDFC034628B1204A1C48012114F0BEFD24
:10B29000CCE707F108010020FFF70EFD044620BBB4
:10B2A000002EC5D01949FFF707FD044638B9184AE2
:10B2B0001248012114F04FFE6FF00B05B8E7002390
:10B2C00000F8013B07F1080114F038FE04F1080111
:10B2D00004224846C047041EAADA0E4A07482346FD
:10B2E000012114F093FD2546A2E7002EEED1066061
:10B2F000466086609CE700BF2D710400543A04004C
:10B30000789204000300000194920400027104008A
:10B31000AF920400EB9004002DE9F047284B16464D
:10B3200082689A4207462BD1C568AB8A43B36C1C2E
:10B3300005F115094FF00008B4F807309BB114F877
:10B34000011C2246304613F024FFE0B914F8010C2A
:10B350002146FDF7A9FB30B1437B072B08BF4FF017
:10B360000108FCF703FD0A344C45E5D1B8F1000FA4
:10B3700006D1AB69A5F8148013B141463846984709
:10B380000120BDE8F08706F1700A307A514613F0CB
:10B390009AFB78B90B4B9D4202D13046FFF716FF5E
:10B3A0000949204614F0CAFD002304F8013CA4F822
:10B3B0000730D8E75146204614F0C0FDD3E700BF60
:10B3C000CDB3020088100020027104002DE9F0477F
:10B3D0001F46BDF82030D1F80C9006468846002B59
:10B3E0004ED17B1E012B4ED8012F4946157818BF30
:10B3F0001588FFF7FBFC0446B8B915B93846BDE817
:10B40000F0874946FFF7F2FC044638B91F48204A46
:10B41000022114F0A0FD6FF01000F0E706F17001BA
:10B42000013014F08BFD337A2370D9F81C30DBB96E
:10B43000B4F808A02581B9F81430AB4203D04946CE
:10B44000404614F08AFDAA4505D0307A002206F164
:10B450007001FFF711FD002DD0D10E49601C14F0D2
:10B460006DFD25702581C9E72A464146304698473B
:10B470000028C4DB01380128DAD96FF00D00BEE7DF
:10B480006FF00600BBE76FF00C00B8E7543A040019
:10B49000D19204000271040073B50C4605460821E0
:10B4A00004F11000164614F02BFD12230422CDE9FE
:10B4B00000323146034B2246284614F0B2FF02B058
:10B4C00070BD00BFA304040008B51248012114F0A8
:10B4D00017FD10F0010F104B0AD1104A9A610D4868
:10B4E00014F033FD830713D4BDE80840FFF71EBEF8
:10B4F0001A8B588B012A4FF6FF7205D8904207D05D
:10B500004FF6FF725A83EAE790421983E7D0F7E7D4
:10B5100008BD00BF50340020003400200100FFFFB0
:10B520002DE9F0411F46BDF81830012B0646904624
:10B5300035D83B44012B3D4634DCFFF735FC04464F
:10B5400068B9FFF731FC044648B9194A1948022185
:10B5500014F001FD6FF010052846BDE8F08197B1A9
:10B56000217A98F80020002321FA03F0C70703D5B9
:10B5700022FA03F0C00718D50133032BF4D102F0EF
:10B5800007021143217206F17001601C14F0D6FC11
:10B59000337A23700121204614F0A8FFDCE76FF016
:10B5A0000605D9E76FF00C05D6E76FF01205D3E773
:10B5B000EB920400543A040010B56FF00201044607
:10B5C0000E4814F0ACFC0D4814F0BFFCC20704D5C3
:10B5D0000B48002200230AF08BFF204614F0BAFB30
:10B5E00058B12046FFF7E0FB38B1037ADB0704D5FA
:10B5F000BDE81040012114F079BF10BD5034002087
:10B60000203400202DE9F04385B0894600AF16466E
:10B610009846044658B9424A4248012114F09BFC1E
:10B620006FF0150528461437BD46BDE8F08307F1D5
:10B63000080113F0FFF8054698B16D4688B06A46D8
:10B64000394BC2E905344FF400739383374B42F80A
:10B65000103F344800234FF4E251F5F7E5FAAD46C8
:10B66000DEE7391D204612F0C1FD786858B10A2284
:10B67000294611F0D3FA034628B12D4A2948012161
:10B6800014F0C4FBCCE707F108010020FFF7DCFA57
:10B69000044690B9FFF788FB044638B9254A21488B
:10B6A000012114F058FC6FF00B05BBE7002300F8F4
:10B6B000013B07F1080114F041FCB9F1000F2AD059
:10B6C000022239464046B047061E07DA1A4A154894
:10B6D0003346012114F09AFB3546A3E73B782372E9
:10B6E000022E09D0154A0F48022114F034FC002123
:10B6F000204614F0FBFE95E77B78012B05D9104A14
:10B700000848314614F082FBF1E703F001012046BE
:10B7100014F0DCFE86E72046FFF726FD82E700BF37
:10B720002D710400543A04007892040003000001D3
:10B730009492040017930400EB90040039930400E2
:10B740008D93040037B504460D46FFF77DFA024697
:10B75000C0B1037A8DF804300C3014F0F6FB00F021
:10B7600001008DF80500022301AA29462046F8F7BA
:10B7700035FD034620B1044A0448012114F046FB7C
:10B7800003B030BD0346F0E7DE930400543A0400F2
:10B79000F8B50B4C0B4F0025661C3946304614F0AB
:10B7A0008AFB014630B9204614F090FE20783146DD
:10B7B000FFF7C8FF0135032D04F11004ECD1F8BDEB
:10B7C000F85B00200271040010B52448012114F038
:10B7D00097FBC30740D40221204814F091FB084096
:10B7E0001FD11F491F4A0B881F4CA24216D900B116
:10B7F0000B801E491E4A1F4840F20A6311F047FFA2
:10B800001D4811F044FF1A4840F20A6111F036FF5A
:10B81000506803449BB208320120E6E7F8D300B138
:10B820000B80164916480AF0D3FC4FF4A47200238B
:10B830001348F8F77DFD134913480AF0C9FC0221AB
:10B84000124814F05DFB124812490AF0C1FCBDE831
:10B8500010401148FDF7E0BB10BD00BF285C002080
:10B86000866F0020043A04001C3A04000E94040081
:10B87000329104002C590400585F0400E7050400CD
:10B88000A8330020C5C1020020340020503400201D
:10B89000583300207F060400601000202DE9F0419D
:10B8A000034698B3008A88BB1A49DFF86CE001248C
:10B8B0004FF0140C714528D91849194A194840F21B
:10B8C000867311F0E4FE184811F0E1FE144840F2CE
:10B8D000867111F0D3FED1E90076BB4204D30CFB94
:10B8E0000672143A93420ED93444A2B20831144677
:10B8F000E0E70CFB057843450AD001356219B542F3
:10B9000092B2F6D1F2E70025F8E7E4D3BDE8F08182
:10B910001046FBE7043A04001C3A040007940400B4
:10B92000329104002C590400585F04002DE9F74FB0
:10B93000BDF83050009199464FF6FF73002D08BFB7
:10B940001D462B4B1B8883420746904632D203B0DC
:10B95000BDE8F08F89580193404612F091FF019B9A
:10B9600090B101340AF1010AA4B2736853452CD98D
:10B97000009B31689C42EAD8BC42F2D30BFB0AF22E
:10B980008B18B8F1000FE5D1B9F1000F0BD1013DD3
:10B99000ADB218460E9A0D9B21469847002DD6D081
:10B9A0000028DED1D3E7DA689145DAD1EFE74FF02E
:10B9B000000ADAE70F4E01244FF0140B06E0C6D25E
:10B9C00073682344BB42F2D29CB208360A4B9E42B3
:10B9D000F5D90A490A4A0B4840F64E0311F057FEC2
:10B9E000094811F054FE064840F64E0111F046FE9B
:10B9F000866F0020043A04001C3A040007940400F7
:10BA0000329104002C590400585F040010B518222C
:10BA1000E4B000210DEB0200CDE90111CDE90311E5
:10BA200017F0A1FC4FF41053ADF81430254C8023CF
:10BA3000ADF816304FF48063CDE90734102262ABC5
:10BA400001A905A80DF086FB034630B11E4A1F4828
:10BA5000012114F0DBF964B010BD01464FF4AC7263
:10BA60000CA817F080FC629922460CA817F012F877
:10BA7000034608B1164AEAE7164A0CAB4FF6FF71C7
:10BA8000012014F0A5FD144905AB10220CA817F0F5
:10BA900018F8044662980DF01BFB14B10F4A2346B8
:10BAA000D5E70D4B214603F110020131187812F849
:10BAB000014D03F8014B08291070F6D1084814F025
:10BAC0001FFAC8E70002C00336940400543A040089
:10BAD0005F94040011FE0300883300207D9404006D
:10BAE000503400202DE9F0411849BDF81870044683
:10BAF000A1F1300015461E460AF05CFD144814F012
:10BB000024FA010705D4FFF781FFFFF741FEFFF795
:10BB100035F92046FFF748F968B1037ADA070AD504
:10BB200000F10C04204614F010FAC30703D40221DC
:10BB3000204614F0E5F9102306933A46314628468C
:10BB4000044BBDE8F04114F074BB00BFD8330020B3
:10BB5000503400208833002010B51A4814F0F5F94D
:10BB6000C0F3C00080F0010408B9FFF74FFF15488B
:10BB700014F0EBF90346134814F0E7F9DA061FD581
:10BB8000830606D5E4B1FFF703FEBDE81040FFF7DA
:10BB9000F5B820210B4814F0B3F90B49102288188E
:10BBA00017F0E9FB48B909480AF0A8FCBDE81040C5
:10BBB00004486FF0010114F0B2B9FFF785FCE2E729
:10BBC00010BD00BF503400208833002020340020F6
:10BBD00008B51021034814F093F9FFF7BDFF0020CA
:10BBE00008BD00BF503400202DE9F04FB9B000AFC0
:10BBF0000C4690463749D7F808013A46994612F064
:10BC0000D1FA38B9FFF73CFA05462846E437BD4675
:10BC1000BDE8F08F3E68391D304612F0E7FA3EB9B4
:10BC20002D4A2E48012114F096F96FF015043EE0DC
:10BC30007868F8B907F1080A4FF0000B5146304612
:10BC400087F814B012F0F6FD054600B36C4688B0D4
:10BC50006A46234BC2E905364FF400739383214BA8
:10BC600042F8103F1D485B464FF4E251F4F7DCFF09
:10BC7000A546DAE70A22002110F0D0FF034600288B
:10BC8000D8D0194A1548012114F0C0F8CDE7C7F8FB
:10BC900010A0E4B1C02207F120014846C047041EAD
:10BCA00007DA124A0D482346012114F0AFF8254661
:10BCB000ABE7A40807F12003C7E906340C4A07F1F3
:10BCC00010034FF6FF71012014F082FC9DE723461C
:10BCD000F2E700BF939404002D710400543A04006D
:10BCE000789204000300000194920400EB90040099
:10BCF000F1AC020030B5B5B0002301918DF8080019
:10BD000033930E4A01AB04460D4601204FF6FF71F6
:10BD100014F05EFC339B73B19B0003AA29462046B6
:10BD2000F8F76AFA034620B1054A0648012114F0E3
:10BD30006DF835B030BD1A46F0E700BF3DB00200E7
:10BD40009A940400543A04002DE9F34100F170087C
:10BD5000CDE9001204460F46007A4146164612F01D
:10BD6000B2FE0F4A05466B464FF6FF71012014F0F4
:10BD70002FFC1DB1207A4146FFF7BCFF207A3946DF
:10BD8000FEF762FF40B13146013014F0D7F81DB123
:10BD9000207A4146FFF7D6FC02B0BDE8F08100BF33
:10BDA000C5B0020007B500230193FFF777FD411CE2
:10BDB00089B20846034A01AB14F00AFC019803B0AB
:10BDC0005DF804FBBDFD03002DE9F04387B00C4690
:10BDD00002AF1646804670B97349744A744840F6FB
:10BDE000AD5311F054FC734811F051FC40F6AD51C5
:10BDF0006E4811F043FC61B96F496C4A6C4840F6DB
:10BE0000AE5311F044FC6B4811F041FC40F6AE51CA
:10BE1000EEE7437B072B40F0C28000233B7342F6E2
:10BE200003032068FB8107F10C0112F029FD054690
:10BE3000002843D1D4F80490B9F1000F05D15F4A2E
:10BE40005F48012114F087F8A9E00123009007F171
:10BE500008022146C847031E11DA6E4688B002AABE
:10BE60005849D3610423C2E9051442F8103F5448ED
:10BE70002B464FF40151F4F7D7FEB5468FE0012B66
:10BE800005D0514A4E48012113F0C0FF87E03B7AAC
:10BE900013F0300F00F083802046FFF783FF044645
:10BEA00060B94549414A424840F6CC5311F0EFFB96
:10BEB000464811F0ECFB40F6CC5199E7002320688E
:10BEC0003B7342F60213FB8107F10C0112F0D8FC20
:10BED00088B12046FFF766FF044660B93649334A09
:10BEE000334840F6D25311F0D2FB384811F0CFFB63
:10BEF00040F6D2517CE7002542F6021920683D70D9
:10BF00003946A7F8029012F0BBFC10BB0023206852
:10BF10003B7342F60213FB8107F10C0112F0B0FCF7
:10BF2000054600283BD1D4F80490B9F1000F86D023
:10BF30000090022307F10C0221464046C847031E29
:10BF40008BDB022B9DD1BB891E4214BF0120002038
:10BF500026E020683D7142F60303391DFB8012F094
:10BF60008FFC0028D2D04FF4205320683D727B8193
:10BF700007F1080112F084FC0028C7D042F6010343
:10BF800020683D73FB8107F10C0112F079FC002859
:10BF9000BCD02046FFF706FF04460028AED10020A3
:10BFA0001437BD46BDE8F08339880400329104009F
:10BFB0002C590400B8940400CD940400D2940400D9
:10BFC000543A0400E69404000C95040025950400FE
:10BFD0002DE9F8431546894694226968064614F00F
:10BFE00066FB8046002842D1696802223046FFF78E
:10BFF000EBFE00283ED04FF470200021AF8AFEF700
:10C000008DFB0237044680B11C4B47611D214174F2
:10C01000C0F80C80436085613A463046FEF74CFB21
:10C02000074638B92046FEF7A7FB6FF00B052846F8
:10C03000BDE8F88301234246414613F0B3FEA98AC6
:10C0400007F10C000231F7F7EDFE20F8029BAA8AF7
:10C05000296917F060F9A76021463046FEF760FDB8
:10C0600005460028E3D02046FEF786FBDFE74FF0C9
:10C07000FF35DCE76FF01505D9E700BFC3FD03000E
:10C0800030B505468BB00C4671B94649464A47481B
:10C0900040F6524311F0FBFA454811F0F8FA40F629
:10C0A0005241414811F0EAFA4B6873B90B6863B921
:10C0B00040493D4A3D4840F6534311F0E8FA3C48B8
:10C0C00011F0E5FA40F65341EBE73B4813F03DFF32
:10C0D000420761D515B16B7B072B60D16068059075
:10C0E000FFF7DCFB2268ADF818003AB305A902910E
:10C0F000324901910121002300914FF6FF71059310
:10C10000FFF714FC059B1BB96FF001000BB030BDAD
:10C110006360059B186800238DF8103004A942F66F
:10C120000303ADF8123012F0ABFB70B90598C36889
:10C130009B799B0605D46FF01500E7E70028E8D14E
:10C14000E2E714F0FEF9ADF81800BDF818003DB1B3
:10C1500001230146A37522462846FFF739FFD5E79C
:10C160006FF07F0307930223ADF8203042F60213ED
:10C17000ADF8123005ABA5750293114B0193012365
:10C18000009304AA2B464FF6FF7109948DF81050C6
:10C19000FFF7CCFB0798B9E76FF00A00B6E76FF03E
:10C1A0007F00B3E73B950400329104002C59040052
:10C1B0004295040058950400640D0020F1FD030031
:10C1C000C5C40200F7B500F130050446A0F1200710
:10C1D000284613F0BAFE8307C0F340060ED519496E
:10C1E000194A1A4840F2595311F051FA184811F0FF
:10C1F0004EFA154840F2595111F040FA54F8083CF3
:10C2000001936FF00101284613F089FE114B44F8A9
:10C210001C3C114B44F8183C01AB44F8103C04237F
:10C2200024F8086C24F8066C24F80C3C3946304697
:10C23000FFF726FF18B90221284613F061FE03B06C
:10C24000F0BD00BF75950400329104002C59040024
:10C25000A6950400EC440400B9B502002DE9F84F9E
:10C26000404B1468904682689A4200AF054675D1EB
:10C27000D0F80C9009F1010609F1150AB6F807305B
:10C28000F3B116F8011C3246204612F082FFB8B115
:10C290004FF495722946204614F009FA30B303286A
:10C2A00012D1EB4688B06A462F4BC2E9053542F8F9
:10C2B000100F2E4800234FF4C451F4F7B5FCDD46AF
:10C2C0000A365645DAD149E0052820460CBF4FF022
:10C2D000030B4FF0020B12F02DFF834506D998F89F
:10C2E00004305B45ECD288F804B0E9E749462846BB
:10C2F00013F033FE1E4B994530D1207A04F17001C2
:10C30000FEF7DAFC054648B303890BB943892BB322
:10C310002046FBF701FF174A2B8922F8203002EB59
:10C320008003698959801449144D182303FB0013B5
:10C3300000B202EB800200EB40005D601A61104D1C
:10C340009D60042201EBC00120469A82FFF798FE0F
:10C3500020B10C4A0548012113F0FDFD0120BD4626
:10C36000BDE8F88FCDB30200C1950400543A040033
:10C37000881000205A6F0020C85B0020EC440400A5
:10C3800009050400D595040030B505468BB00C4670
:10C3900071B94449444A454840F6713311F077F980
:10C3A000434811F074F940F671313F4811F066F9D5
:10C3B0004B6873B90B6863B93E493B4A3B4840F64A
:10C3C000723311F064F93A4811F061F940F67231B4
:10C3D000EBE7394813F0B9FD42075DD515B16B7B2A
:10C3E000072B5CD160680590FFF758FA2268ADF81A
:10C3F00018003AB305A902913049019101210023A7
:10C4000000914FF6FF710593FFF790FA059B1BB95A
:10C410006FF001000BB030BD6360059B186800230E
:10C420008DF8103004A942F60303ADF8123012F073
:10C4300027FA70B90598C3689B79DB0605D46FF0BD
:10C440001500E7E70028E8D1E2E714F07AF8ADF844
:10C450001800BDF818002DB101462246284614F0F8
:10C4600061F9D7E742F60212ADF8122005AA6FF083
:10C470007F030292124A07930123CDE90032ADF8FF
:10C48000203004AA2B464FF6FF7109948DF8105006
:10C49000FFF74CFA0798BDE76FF00A00BAE76FF0B4
:10C4A0007F00B7E73B950400329104002C5904004B
:10C4B0004295040058950400640D0020F1FD03002E
:10C4C000C5C402002DE9F84F454B144682689A42D4
:10C4D000814639D1D0F80CA0424B9A451CD1424D2F
:10C4E000424F00263946284613F0E5FC78B915F886
:10C4F000010C07222946FCF761FB40BB236915F8B4
:10C50000010C1A69294653881288FEF731FD01365D
:10C51000032E05F10C05E5D10AF101070AF1150B0F
:10C52000B7F80720A3899A420BD117F8010C3946B6
:10C53000FCF7BAFA054620B1437B072B0AD0FBF77C
:10C5400015FC0A375F45EBD14FF0010844E0FBF7DB
:10C550000DFCDCE7DAF8203023B14946984708B9EA
:10C560002846ECE794224946284614F0A0F8804675
:10C570000028F5D1A389022B15D1B7F8073013F0A5
:10C58000020604D12846FBF7F1FBA660D9E7226931
:10C59000A1882846FFF71CFD0646B8B92269937D9D
:10C5A00001339375EEE7012B05D02846FBF7DEFB40
:10C5B000C4F80880C5E7B7F8073013F00106E1D0EA
:10C5C0002269A188284614F0ADF806462846FBF7F4
:10C5D000CDFB002EA660B4DA4046BDE8F88F00BF60
:10C5E000CDB3020088100020636F002002710400A8
:10C5F00073B50D46044670B92149224A224840F6D7
:10C60000F16311F044F8214811F041F840F6F1616E
:10C610001C4811F033F809B10B6863B91C49194A79
:10C62000194840F6F26311F032F81A4811F02FF869
:10C6300040F6F261ECE7437B072B1AD1061D4FF45D
:10C640008031304613F05CFCC30315D40223CDE9DE
:10C6500000332046104B11492A4613F0E2FE0446EF
:10C6600020B16FF48031304613F059FC204602B0FF
:10C6700070BD6FF07F04F9E76FF07704F6E700BF55
:10C6800039880400329104002C590400B894040045
:10C69000F295040042950400A3FF0300F9FD030096
:10C6A00070B50C4686B0054670B97349734A744834
:10C6B00041F2762310F0EBFF724810F0E8FF41F2F0
:10C6C00076216E4810F0DAFF09B14B6863B96E4904
:10C6D0006A4A6B4841F2772310F0D9FF694810F09D
:10C6E000D6FF41F27721ECE70A890AB1CB8963B919
:10C6F0006649624A624841F2782310F0C8FF6148F7
:10C7000010F0C5FF41F27821DBE79A420CD960496D
:10C710005A4A5B4841F27A2310F0B9FF594810F0A9
:10C72000B6FF41F27A21CCE7437B072B40F0A18092
:10C730000B7C062B10D8DFE803F004045A5A6295EC
:10C7400028000B68CBB11B784BB1022B13D0514A98
:10C750005148012113F05AFB6FF0150009E008233E
:10C760000193062300934D494D4B2246284613F072
:10C7700058FE06B070BD1623F2E710230421CDE960
:10C7800000312246474B4849F0E708680028E3D0CB
:10C790000678002EE0D14FF4245302A98DF80860EA
:10C7A000ADF80A3012F06CF808B342F602132068B4
:10C7B0008DF80C6003A9ADF80E3012F061F8B0B13D
:10C7C00042F6031320688DF8106004A9ADF812300A
:10C7D00012F056F858B142F6041320688DF8146030
:10C7E00005A9ADF8163012F04BF80028B4D1082393
:10C7F0000422CDE900322D492D4B2246B6E70868C8
:10C8000080B300264FF4205302A98DF80860ADF8DC
:10C810000A3012F035F800289ED042F60103206855
:10C820008DF80C6003A9ADF80E3012F029F800283D
:10C8300092D042F6020320688DF8106004A9ADF88A
:10C84000123012F01DF8002886D042F6030320684B
:10C850008DF8146005A9ADF8163012F011F8002813
:10C860003FF47AAF0423CDE900331249124B22463C
:10C870007CE76FF07F007CE7398804003291040088
:10C880002C59040042950400F29504000996040016
:10C890003696040063960400543A0400CF0704005F
:10C8A0004D03040013000400BDC80200E5C90200E6
:10C8B000430004003DCE0200CFFF03002DE9F04706
:10C8C0008EB00746169D16461C4631B16B682A4647
:10C8D00000210EB0BDE8F047184763B93E4A3F4813
:10C8E000022113F038FB6B682A460021384698472E
:10C8F0000EB0BDE8F0871378062B08D0142B05D0B6
:10C90000374A3648012113F081FAECE70221013C55
:10C910004FF000088DF81010A4B206F10109C246CC
:10C920003378A3420CD9002CDDD1B8F1000FDAD056
:10C930002A46414638460EB0BDE8F04713F029BFFD
:10C940001422002109A816F00EFDB9F8002093B2B8
:10C95000002BC8D0B9F802101FFA81F8B8F1000F07
:10C96000C1D04345BFD89DF8103013B3022B25D05A
:10C970002B7CADF80C10002B42F6010308BF4FF4DE
:10C980002053ADF8063004AB029301AB099302AB20
:10C99000ADF834200C938DF804A06B682A4609A9E1
:10C9A000384698470028A3D03378E41AA4B29944B3
:10C9B000B6E7B9F80430ADF81230D9E709F104034D
:10C9C0000DF1110009F1140C53F804EB40F804EBDD
:10C9D0006345F9D1CCE700BF78960400543A0400CF
:10C9E000829604002DE9F04F91B017461A9E8146B9
:10C9F0001C460A4631B173683246002111B0BDE8C9
:10CA0000F04F1847317C022940F084804BB9A34A8B
:10CA1000A34813F0A0FA73683246002148469847AD
:10CA20005CE03B78062B08D0082B05D09D4A9C483B
:10CA3000012113F0EBF9EEE71146013C8DF81810D7
:10CA4000A4B207F1010B002542F6020A3B78A3428B
:10CA50000BD9002CDFD1002DDDD0324629464846C7
:10CA600011B0BDE8F04F13F094BEBBF800801FFA80
:10CA700088F5002DCFD0BBF80200ADF814009DF86A
:10CA80001820BBF80410ADF8161062B1022A15D0B8
:10CA9000316831B306A811F0F3FE10B33B78E41A05
:10CAA000A4B29B44D2E706AA04929BF806209BF806
:10CAB000071042EA0122ADF81A20E9E70A23708143
:10CAC000B181A6F808807849019200933246774BED
:10CAD000484613F0A6FC85B2002DBED111B0BDE8CA
:10CAE000F08F4FF00003102200210CA88DF80C30BD
:10CAF000ADF80EA016F037FC03AA0B9204AA0E9212
:10CB00007368ADF83C8032460BA948469847002828
:10CB1000C4D1E3E7032967D113B9604A022177E75B
:10CB20003B78072B02D0152B80D10222013C8DF8D7
:10CB30001820A4B207F1010800250DF1180A3B786E
:10CB4000A34286D8B8F800B01FFA8BF5002D3FF449
:10CB500062AF9DF8183063B1022B13D03168F1B188
:10CB6000504611F08DFED0B13B78E41AA4B298443F
:10CB7000E5E798F8053098F8062043EA0223ADF877
:10CB80001A30EBE708F105030DF1190208F1150160
:10CB900053F8040B42F8040B8B42F9D1DEE798F806
:10CBA0000230B8F803208DF816304FF00003ADF8CE
:10CBB00014208DF80C30102242F6030300210CA83B
:10CBC000ADF80E30CDF810A016F0CDFB03AB0B93F3
:10CBD00004AB0E93ADF83CB0736832460BA94846DF
:10CBE00098470028C0D179E733681D7835B95B884C
:10CBF0004CB92A4A2A48022113F0ADF9736832462B
:10CC000000214846FAE6B846013C18F8012BA4B2C8
:10CC1000A24200F2E980012C01D8254AEAE7B7F8E0
:10CC20000150002DEAD0A3F52453042BE6D801A22D
:10CC300052F823F095CC0200FDCB020005CD020096
:10CC40005BCD0200E1CD0200B8F80230D6F800A0BA
:10CC5000ADF81830102200210CA816F084FB06ABAA
:10CC60000E93CDF82CA07368ADF83C5032460BA95A
:10CC70004846984700283FF431AF3B78E41AA4B205
:10CC8000A342984400F2B080012CC6D9B8F80050F5
:10CC9000002DB3D0032CD7D8064AABE77896040012
:10CCA000543A04008296040005CE0200BBFF030044
:10CCB00096960400A4960400B8F80230D6F800A0B6
:10CCC000ADF81830102200210CA816F04CFB06AB72
:10CCD0000E93CDF82CA07368ADF83C5032460BA9EA
:10CCE0004846984700283FF4F9AE3B78E41AA4B2CE
:10CCF000A342984478D8012C8FD9B8F80050002D61
:10CD00003FF47CAF032CD7D83B4A73E7B8F8023026
:10CD1000D6F800A0ADF81830102200210CA816F0AB
:10CD200022FB06AB0E93CDF82CA07368ADF83C50F7
:10CD300032460BA94846984700283FF4CFAE3B78CF
:10CD4000E41AA4B2A34298444ED8012C7FF665AFF2
:10CD5000B8F80050002D3FF451AF032CD6D8274A25
:10CD600048E798F802308DF8183098F803308DF8BD
:10CD7000193098F8052098F80430D6F800A043EA56
:10CD80000223ADF81A3098F806308DF81C3098F868
:10CD9000082098F80730002143EA02230CA810224B
:10CDA000ADF81E3016F0DFFA06AB0E93CDF82CA0CE
:10CDB0007368ADF83C5032460BA9484698470028A6
:10CDC0003FF48CAE3B78E41AA4B2A34298440BD84B
:10CDD000012C7FF622AFB8F80050002D3FF40EAFC3
:10CDE000082CBED8064A05E7002C7FF407AF002DBB
:10CDF0003FF404AF31E600BFB2960400C0960400D1
:10CE0000CE96040070B5102B049C054611460BD03D
:10CE1000084A0948012112F0F9FF636822462846B2
:10CE20000021BDE8704018472246BDE8704013F06D
:10CE30001BBD00BF82960400543A04002DE9F04F58
:10CE40008FB00746189D184629B953B9544A55481A
:10CE5000022113F080F86B682A4600213846984773
:10CE60009BE01378012B07D0022B20D04E4A4D486F
:10CE7000012112F0CBFFEEE70B464FF00409013819
:10CE800080B248458DF81030E5D3B0FBF9FB4FF088
:10CE90000008541CCDF80080C24604AEBBF1000F60
:10CEA00008D100992A46384613F073FC75E04FF01C
:10CEB0001209E4E723880193BDF804300093B8F128
:10CEC000000F53D19DF81030002B37D0022B3CD0EF
:10CED0002968002945D12B7C042B4DD14FF42053D8
:10CEE00002A930468DF808A0ADF80A3011F0C8FC50
:10CEF00000283BD042F6010303A930468DF80CA070
:10CF0000ADF80E3011F0BCFC80B342F6020309A963
:10CF100030468DF824A0ADF8263011F0B1FC28B3CE
:10CF200042F6030309A930468DF824A0ADF8263057
:10CF300011F0A6FC00BB4FF0010819E0A378E278DD
:10CF400043EA0223ADF81230C2E7A31C0DF111022F
:10CF500004F1120153F8040B42F8040B8B42F9D18F
:10CF6000B6E7304611F08CFC0028B4D04FF0000832
:10CF70000BF1FF3B4C4491E7102200210AA816F068
:10CF8000F2F9BDF80430ADF8343009966B682A46E2
:10CF900009A9384698470028EAD10FB0BDE8F08FBC
:10CFA00078960400543A0400DC96040007B50A465B
:10CFB00070B92949294A2A4841F2DC3310F067FB4D
:10CFC000284810F064FB41F2DC31244810F056FB95
:10CFD00009B1096861B92449204A214841F2DD3389
:10CFE00010F055FB1F4810F052FB41F2DD31ECE729
:10CFF000437B072B2CD153683BB908234FF0040E19
:10D00000CDE9003E194B1A4909E0012B11D0117BE3
:10D010005B00019341B1202300931649164B13F096
:10D0200000FA03B05DF804FB0E2300931349144B80
:10D03000F5E7538933B10C234FF0040CCDE9003CE4
:10D04000104BE0E70A230221CDE900310E4BDAE76D
:10D050006FF07F00E5E700BF3988040032910400DB
:10D060002C59040042950400F29504009903040031
:10D070008DD00200B1010400A7000400AB00040041
:10D080007F000400FBFF0300E7FF03002DE9F04FE2
:10D0900083B002AF8046BC6A91461D460E4641B938
:10D0A0006BB92568002300932246F1B24046A84799
:10D0B0002EE0B1F5807F256828BF0E26F2E7636871
:10D0C000002B6ED1013D2689B4F80AB0ADB202F151
:10D0D000010A002D4CD099F80030AB4228BF2B46F6
:10D0E000012B0AD83D4A3E48022112F08FFE002350
:10D0F0000093256822460421D8E7BAF80020023BB5
:10D1000091B29BB241B9374A3548012112F023FF51
:10D110000437BD46BDE8F08F8E4201D88B4517D24B
:10D120006D468AB002AA304BC2E905310523C2E937
:10D13000076B42F8103F2A4800234FF42251F3F7BF
:10D1400073FDAD4600230093256822460E21ADE70E
:10D1500022810093D4F800C00AF102032246002184
:10D160004046E0470028D3D099F80030AB4206D9BA
:10D1700021464046FFF71AFF0028C9DAE2E7238973
:10D1800062899A4205D100230093256822461946F8
:10D190008CE70133238199F80030ED1AADB29A443F
:10D1A00097E700951346D4F800C02246E0470028D0
:10D1B000AED0238A013B9D4203DA009625683346B0
:10D1C000E4E763891D44658121464046FFF7EEFE92
:10D1D00000289DDA009625683346B6E7EE960400EF
:10D1E000543A040026970400359704002DE9F04FC7
:10D1F00085B01E46DDE90F899DF838300F4693460D
:10D20000054670B93349344A344841F20D4310F0B1
:10D210003EFA334810F03BFA41F20D412E4810F02F
:10D220002DFA61B92F492C4A2C4841F20E4310F0D7
:10D230002EFA2B4810F02BFA41F20E41EEE7427B1A
:10D24000072A3FD1C27A62BB5BB306F10E02D2213C
:10D25000FDF732FA0446002839D002210C30F6F7E7
:10D26000E1FD4FF0000A0022002307803146CDE99E
:10D270000023CDE902AA5A462046F6F70BFDB0423C
:10D28000074612D0144A1849144841F22A4310F0B4
:10D29000FEF9314615483A4610F0F9F941F22A41B3
:10D2A000BCE7B21C52212846D2E7414620465346ED
:10D2B0004A4612F077FD2146284605B0BDE8F04FFA
:10D2C000FDF7E0BB6FF07F0005B0BDE8F08F6FF0B9
:10D2D0000B00F9E739880400329104002C5904004E
:10D2E000429504002E9704009C970400AC9704001C
:10D2F00070B50D46064670B94249434A434841F26B
:10D30000885310F0C4F9424810F0C1F941F2885135
:10D310003D4810F0B3F909B10B6863B93D493A4A89
:10D320003A4841F2895310F0B2F9394810F0AFF998
:10D3300041F28951ECE78B8963B93749324A334866
:10D3400041F28A5310F0A3F9314810F0A0F941F2EC
:10D350008A51DDE74B8963B930492B4A2B4841F2AA
:10D36000905310F094F92A4810F091F941F290513D
:10D37000CEE7437B072B3BD1FDF75CFD044658B954
:10D38000FDF758FD0446002835D006F17001013044
:10D3900012F0D4FD337A2370A3687BB1143B0022D2
:10D3A0009D422BD018892989884204D19889A9895E
:10D3B000884228BF01225B6973B97AB93046184A9E
:10D3C0002946FEF769F8064640B1A36813B920461E
:10D3D000FDF70AFE304670BD143BE1E7A2686A61C2
:10D3E000E26805F11403A36002B9E3600026F1E7E7
:10D3F0006FF07F06EEE76FF00B06EBE76FF0770656
:10D40000E8E700BF39880400329104002C59040079
:10D4100042950400DD970400F69704000498040088
:10D420002B010400F8B50C46064670B939493A4A52
:10D430003A4841F2EE5310F02AF9394810F027F932
:10D4400041F2EE51344810F019F961B93549324AC8
:10D45000324841F2EF5310F01AF9314810F017F941
:10D4600041F2EF51EEE7437B072B4DD1FDF7E2FC94
:10D47000054600284BD08368002B48D00022143B7F
:10D4800017469C4208D018892189884208BF012785
:10D490005B691BB1143BF4E70122F9E7002A36D09F
:10D4A00004F1100012F051FD430703D52146304628
:10D4B00013F019FA9FB104F1140105F1080012F0FC
:10D4C00086FFAB683BB1002325681A4621463046EB
:10D4D000A8470020F8BD2846FDF786FDF3E7124A6D
:10D4E000A78121463046FDF7D7FF0028F2D104F18D
:10D4F000140105F1080012F06AFFAB68002BE8D1B7
:10D500002846FDF771FDE4E76FF07F00E2E76FF07A
:10D510001500DFE739880400329104002C5904001B
:10D52000429504003B9504002B0104002DE9F843CB
:10D530008C6806469046994654B3256805B1143D5B
:10D5400034F80C3C434520D1143C07E02C466D696F
:10D550002389FDB14345A5F11405F7D1A27B737A68
:10D560009A4212D82768BDF820304A4621463046F4
:10D57000B84750B921463046FFF754FF034620B163
:10D58000064A0748022112F041FC2C46002DDED14C
:10D59000BDE8F8834345E1D0FAE700BF17980400DF
:10D5A000543A0400F0B587B007460E461546FDF71D
:10D5B00041FC0446C8B12A46314603A811F0BDF823
:10D5C000BDF81030042B10D9042103A8F6F70CFC89
:10D5D000BDF8101046880288B14208D2094A0A48AC
:10D5E00000953346012110F030FD07B0F0BD031D5A
:10D5F000214638460096FFF799FF314603A8F6F713
:10D60000F3FBDDE736980400543A040070B58EB0A1
:10D6100000F17005044603900123007A8DF8103064
:10D62000294611F050FA90B1227A52B302AE042189
:10D63000304610F03CF90096134A242105A82B46E9
:10D64000F6F706FD05AA11491046F3F74BFF4FF612
:10D65000FF710F4A03AB012012F0BAFF204611F010
:10D6600069FD9DF81010884209D2204611F02DFD69
:10D67000034620B1074A0848022112F0C7FB0EB04A
:10D6800070BD0092D8E700BFBC960400E9BB020061
:10D690005DC202004F980400543A0400F8B50E4BE6
:10D6A0001B6805460E461746A3B11C6804B1043C2E
:10D6B00053F8043C1BB13A463146284698474CB1D2
:10D6C000234664681B681CB1043C002BF3D1F7E7C8
:10D6D000002BF0D1F8BD00BF2C5C00202DE9F041FB
:10D6E00082B000AF05463860012300F17001007A76
:10D6F0003B7111F0E8F988B94FF6FF710120204A1B
:10D700003B4612F065FF0021284613F01CF908B9CA
:10D71000FDF7DAFE0837BD46BDE8F0812846FDF783
:10D7200089FB0028E8D08468002CE5D0143C04F183
:10D730001003184612F009FC02071FD4184612F015
:10D7400004FC8307C0F3400618D40E4A214628463D
:10D75000FDF7A2FE002811DAE8468AB06A460A4BB5
:10D76000C2E905350523C2E9074042F8103F0748E2
:10D7700033464FF42251F3F757FAC5466469D3E7AD
:10D780005DC20200A50104007B980400543A040025
:10D790002DE9F74F044603463B4A4FF6FF7101203F
:10D7A00004F1700612F014FF207A314612F02DFFBA
:10D7B000207A314611F087F950B1237A8DF8043080
:10D7C000324A00966B464FF6FF71012012F000FFBF
:10D7D0002046FDF72FFB074640B92046FDF7E4FA47
:10D7E000054600283DD103B0BDE8F08F8568002DC7
:10D7F000F3D055F81489B8F1000F01D0A8F114083E
:10D800004FF00009CA4601E04546984605F1100B65
:10D810006FF00801584612F082FB207A314611F071
:10D8200052F980B9A5F80CA02B464A463946204645
:10D8300012F05BFCB8F1000FCFD0D8F81430002BF9
:10D84000E2D0143BE0E7584612F07FFBC307E9D46F
:10D850007B781BB13146781C12F070FB05F114097E
:10D86000E8E7207A314611F02EF928B9284603B0AE
:10D87000BDE8F04FFDF778BC3146681C03B0BDE849
:10D88000F04F12F05BBB00BF19B3020005B10200FC
:10D8900008B50A4B42689A420ED183695BB90849C0
:10D8A0000848094A41F6C2130FF0F1FE064841F656
:10D8B000C2110FF0E3FE198208BD00BF8DD0020037
:10D8C0003B9504002C5904003291040008B5014630
:10D8D000084813F094F850B9074813F090F828B1AD
:10D8E000012306484FF4BC7202FB030008BD00236D
:10D8F000F7E700BF5C340020D43500205834002006
:10D9000010B50C4A11680C4ABFF35B8F00F5B87371
:10D9100053E8004F944204D143E8001CBCF1000FCF
:10D92000F6D1BFF35B8FBFF35B8FD0F87001BFF30D
:10D930005B8F10BD1C5900205834002008B5FFF73C
:10D94000DFFF0346C8B1D0E9001221B9002A0CBF9D
:10D950000320022010E032B1836813B9094B1B7811
:10D9600033B9042008E00749087828B19B6833B927
:10D97000003A18BF0122500008BD0320FCE7012037
:10D98000FAE700BFE171002038B50C46037BC17C8B
:10D9900003EA0102150704D5C27A857C2A43D2071F
:10D9A0000ED4042C0ED80B4313F0040306D0FFF75B
:10D9B000C5FF054B04EB840423441B5C184638BDAB
:10D9C0000523FBE70023F9E7659D040038B505460C
:10D9D000FFF796FFD5F8EC309B7A032B04460AD06C
:10D9E00005D8013B012B8CBF0020012038BD042B42
:10D9F0000FD00020FAE72846FFF7A0FF032806D142
:10DA0000002CF6D0E068003818BF0120EEE70120B6
:10DA1000ECE72846FFF792FF032802D11CB1E46827
:10DA20000CB1024B1C7804F00100DFE7E17100202B
:10DA300030B5037A87B00446052B1ED8DFE803F023
:10DA4000250303251D3290F8DC20D0F8D830D340D0
:10DA500003F0010343F08003134902AD0095096808
:10DA600004F1370204F1570013F019FB78B10F4AA3
:10DA70000F48012112F0C1FF04E00E4A0C480121B9
:10DA800013F06FF8082007B030BD0023E4E7102240
:10DA9000294604F1170015F06EFC003818BF01206C
:10DAA0008000F0E70020EEE7645C0020DB980400D3
:10DAB000B43A0400BF98040008B5034A03480121A2
:10DAC00012F09BFF002008BDF4980400B43A040053
:10DAD000002370B51A460446EC300D46FBF77AFB7E
:10DAE00058B1693004D1094A0948012112F085FF73
:10DAF0002846BDE87040F6F709B804F5A0704FF469
:10DB00007022BDE87040002308F0F2BC648E04006F
:10DB1000B43A040073B50446D0F8EC60FFF7F0FEA9
:10DB2000042105464FF0FF330DEB0100019304F093
:10DB3000F7FFC8B9019B0D4AB3FBF2F102FB1133A9
:10DB40000193C4F8D83084F8DC0055B12B6843B198
:10DB50000B21201D13F014F82B68D4F8D810304690
:10DB60009847002002B070BD0820FBE740420F003C
:10DB700038B5051D04460821284613F001F8084968
:10DB800004F15700F9F728FE48B10821284612F0A1
:10DB9000D9FF0448044A012112F02FFF082038BDA4
:10DBA0007F0F0400B43A04000F99040038B5EC224A
:10DBB0000546002115F0D7FB102105F1270004F0E0
:10DBC000AFFF044648B90521284612F0D9FFF9F7FE
:10DBD000F3FD034B1860204638BD0824FBE700BF67
:10DBE000645C002070B50C21054612F0EEFF04467F
:10DBF000F0B140210C30F6F715F90E4B1B680246C8
:10DC0000014603F1200053F8046B41F8046B834292
:10DC1000F9D1203203F1200153F8040B42F8040B30
:10DC20008B42F9D128462146FFF752FF002070BDF4
:10DC30000820FCE7645C002070B5CD68EB78102B01
:10DC4000044670D12A7990F8E830D0F8EC6013409F
:10DC500080F8E8306A7990F8E930134080F8E930CC
:10DC6000022303742B68C0F81130AB88A0F815307C
:10DC7000AB781A0706D5037B1B0703D505210430B3
:10DC800012F07EFFAB78980606D5237B990603D564
:10DC90001421201D12F074FFAB78DA0714D5237B12
:10DCA000DB0711D50D21201D12F06AFF29782046CF
:10DCB000FFF76AFE2072D6F8A410204612F0DFFEAD
:10DCC00030B90325284670BD0023A4F8E830EDE7FD
:10DCD000204612F009FF05460028F3D1261D052134
:10DCE000304612F08CFE0028EBD02046FFF708FEED
:10DCF00094F8E93084F8E85003F0020384F8E9303E
:10DD00000A4B1B6823B90621304612F039FFD9E7C8
:10DD100020460C2112F034FF0B2112F013FFBDE856
:10DD20007040FFF75FBF0625CCE700BF645C0020B2
:10DD30002DE9F04104468CB01022002108A815F00E
:10DD400012FB237A052B34D8DFE803F00603030621
:10DD50003323D4F8D8300893D4F8EC3004F14702D8
:10DD600004F1C706CDE9016204F1270703F17E0241
:10DD700004F13708009277334246394604F19700A0
:10DD800001F086FEF0B11E4A1E48012112F035FE58
:10DD900014E0D4F8E430002BDED008AD03F1100617
:10DDA000186859682A4603C20833B3421546F7D1AA
:10DDB000D2E7154A1348012112F0D3FE08200CB017
:10DDC000BDE8F081D4F8EC3003F17E02773304AD86
:10DDD000019304F10A0302920093039508AB4246B3
:10DDE0003946304613F080F908B1084ACCE70D21D6
:10DDF000204612F0C5FE294612F023FFDFE700BFE0
:10DE000028990400B43A0400BF9804003D99040026
:10DE10002DE9F043044691B0102200210CA815F022
:10DE2000A2FA237A052B34D8DFE803F006030306B1
:10DE30003323D4F8D8300C93D4F8EC3004F14702F3
:10DE400004F1C705CDE9015204F1370603F17E0262
:10DE500004F12707009277333A46314604F19700E0
:10DE600001F016FEF8B13D4A3D48012112F0C5FD12
:10DE700014E0D4F8E430002BDED00CAD03F1100632
:10DE8000186859682A4603C20833B3421546F7D1C9
:10DE9000D2E7344A3248012112F063FE08252846B1
:10DEA00011B0BDE8F083D4F8EC3003F177027E3393
:10DEB0000DF12008019304F1110302920093CDF8B3
:10DEC0000C800CAB32463946284613F00DF908B1E8
:10DED000254AC9E7237A052B0FD1D4F8E01019B3EE
:10DEE0000B460DF1300C01F1100E186859686246AE
:10DEF00003C2083373459446F7D1D4F8EC3003F1EC
:10DF00007E0277330DF11009019304F10A030292A6
:10DF10000093CDF80C900CAB3A463146284613F0EE
:10DF2000E3F830B1114A9FE710220CA815F01BFA54
:10DF3000E3E71022494604F1B70015F01CFA58B97E
:10DF40004146204612F07DFE05460028A7D101215A
:10DF5000201D12F015FEA2E70B25A0E7289904006A
:10DF6000B43A0400BF9804003D990400609904008D
:10DF70002DE9F041D0F8EC70CE68FD7890B0044601
:10DF8000002D69D1102229460CA815F0ECF9237A4E
:10DF9000052B50D8DFE803F0060303064F3ED4F804
:10DFA000D8300C9307F177030DF1200802937E37E8
:10DFB00004F111030093CDF80C8001970CAB04F130
:10DFC000270204F1370104F1C70013F08DF800288F
:10DFD00036D110223146404615F0CDF9002839D10E
:10DFE000627B237D9A4294BF00920093CDE90600A4
:10DFF000ADF8140004F14703D4F8EC0005AA06A913
:10E0000011F016F8002820DA284A2948012112F0D8
:10E01000F4FC15E0D4F8E030002BC3D00DF1300C47
:10E0200003F1100E18685968624603C2083373453D
:10E030009446F7D1B6E71F4A1D48012112F091FD21
:10E040000825284610B0BDE8F0810121201D12F0FE
:10E0500097FDF6E70B25F4E7012D18D1051D1021DA
:10E06000284612F06FFD314604F1B70306F11002A5
:10E0700051F8040B43F8040B9142F9D107212846CB
:10E0800012F0BDFC28B10921284612F079FD0025C7
:10E09000D7E70A21284612F0B2FC0028F3D1204627
:10E0A00010B0BDE8F041FFF7B3BE00BF8499040093
:10E0B000B43A0400BF98040073B5047A022C0546F4
:10E0C00023D844B190F8DC30D0F8D840DC4004F0DC
:10E0D000010444F080040321284612F076FD064630
:10E0E000D8B110210C30F5F79DFE00901248234660
:10E0F000006805F1270205F1570112F0D0FF044630
:10E1000080B13046F5F702FD07E0032C08D00B4A3A
:10E110000B482346012112F024FD082002B070BDF7
:10E120000024D8E731462846FFF7D2FC281D2146B7
:10E1300012F008FD2046F1E7645C0020BF9804005F
:10E14000B43A040070B5061DCD6804460B21304674
:10E1500012F0F8FC2B4604F1170205F1100153F8F8
:10E16000040B42F8040B8B42F9D1D4F8EC30DB7885
:10E170003BB92046042112F003FDBDE8704012F0C7
:10E1800043BD237A012B09D0022B13D12046042151
:10E1900012F0F6FCBDE87040FFF78EBF0A21304652
:10E1A00012F02DFC0028F1D03046002112F0E8FCDE
:10E1B000002070BD0348044A012112F0D2FC08205F
:10E1C000F7E700BFB43A0400BF98040070B50446F6
:10E1D000FFF796FB261D05460E21304612F00FFC78
:10E1E00070B9264B2022196804F1570015F0C3F8C6
:10E1F00030B9234A2348022112F0FFFB082012E025
:10E200002046FFF7EFFC70B9237A052B30D8DFE802
:10E2100003F003180B032F2C0421204612F0B0FC4E
:10E22000FFF74AFFE0B170BD2046FFF773FC0028FE
:10E23000F9D10321204612F0A3FC0E2112F0A0FC1C
:10E240000EE02046032112F09BFC0E2112F098FCF8
:10E2500030460A2112F094FC6B68D4F8EC00984721
:10E260002046BDE8704012F09FBC04212046E5E73F
:10E27000054A0448012112F074FCBFE7645C0020E9
:10E280009F990400B43A0400BF9804002DE9F341BB
:10E290000E460446FFF734FBF36804F157070546C2
:10E2A0003A4603F1200153F8040B42F8040B8B4269
:10E2B000F9D104F1770203F1200153F8040B42F87D
:10E2C000040B8B42F9D13846F9F7D0F910B3554A0F
:10E2D0005548032112F091FB0E21201D12F050FC35
:10E2E000D4F8EC60D6F8A43033B9307A06F1700176
:10E2F00001F020F9C6F8A400D6F8A430ABB1DA8951
:10E3000002F024028AB15B7B9B070ED4032002B08B
:10E31000BDE8F0813846F9F7B5F930B94248434ACB
:10E32000022112F06AFB0B20F1E7D4F8EC30DB7825
:10E33000002B66D104F104080E21404612F05FFB69
:10E3400068B93B4B20221968384615F014F830B9EB
:10E35000384A3548022112F050FB0820D7E7237ACB
:10E36000052B48D8DFE803F0031E080347280321E4
:10E37000204612F005FC0FE02046FFF7CBFB0028FB
:10E38000C5D10321204612F0FBFB0E2112F0F8FB51
:10E39000FFF792FE0028BAD1204602B0BDE8F04156
:10E3A00012F002BC0A21404612F0EAFB6B68D4F876
:10E3B000EC0098470E21DBE7102104F1270004F060
:10E3C000AFFB06460028C8D155B3EB6843B31A4BE0
:10E3D00001A91B88ADF80430204612F0F3FA40463C
:10E3E000C4E938660C2112F0CBFBEB68D4F8EC00E2
:10E3F00001A99847D0E7114A0B48012112F0B1FB5F
:10E40000ABE70B4B1D682DB9201D062112F0B8FBA0
:10E4100028467CE7204602B0BDE8F041FFF7D6BEB3
:10E42000022074E7BA990400B43A0400DB990400AE
:10E43000645C00209F99040031400400BF980400F0
:10E44000F0B50F4685B00446FFF75AFAFB6804F1B1
:10E4500037060546324603F1100153F8040B42F823
:10E46000040B8B42F9D1D4F8EC30DB78002B56D179
:10E470002046FFF7DDFA00283DD1237A052B34D85A
:10E48000DFE803F03B1C1C03333B03AB6048009305
:10E490000068334604F1270204F1570101F060FBE4
:10E4A00040BB0A21201D12F06BFB092112F068FB12
:10E4B000AB680399D4F8EC00984728E094F8DC3076
:10E4C0000133DBB2142B84F8DC3016D0102104F1B8
:10E4D000270004F025FB68B90321204612F050FB09
:10E4E00005B0BDE8F040FFF7E7BD4A4A4A480121C0
:10E4F00012F037FB082005B0F0BD231D0721184698
:10E5000012F07DFA28B10921184612F039FB0020DB
:10E51000F1E7204605B0BDE8F040FFF709BC237ADB
:10E52000052BE2D801A252F823F000BF71E50200EA
:10E5300089E5020089E5020045E50200EBE40200FE
:10E54000D5E5020003AB32490093096804F12703C3
:10E55000324604F1570001F003FB0028CAD10A211A
:10E56000201D12F00DFBAB680399D4F8EC0098471E
:10E5700020460D2112F004FB201D102112F000FB9B
:10E58000204612F041FBB6E72046FFF751FA00287B
:10E59000B1D10321204612F0F3FA12F035FB002826
:10E5A000A9D194F8DC300133DBB2142B84F8DC30D1
:10E5B00006D10D21204612F0E3FA1021201DA4E718
:10E5C000102104F1270004F0ABFA003818BF012035
:10E5D000C00090E7102104F1270004F0A1FA0646DC
:10E5E000002887D195B1EB6883B10C4B03A91B8838
:10E5F000ADF80C30204612F0E5F90C21C4E938667C
:10E60000201D12F0BDFAEB6803A953E7022072E760
:10E61000645C0020BF980400B43A04003140040058
:10E6200038B512490446A0F1EC05543007F0D0FD8E
:10E63000284612F03BFBBFF35B8F0D4A04F18403C5
:10E6400053E8001F43E800200028F9D1BFF35B8F97
:10E65000BFF35B8F88344FF0FF3354E8002F44E85A
:10E6600000310029F9D1BFF35B8F38BDE5F202001C
:10E6700058340020B0B5D0F8A44000AFC4B9703011
:10E68000F5F752FC6D4688B06A460A4BC2E9053080
:10E690004FF400739383084B42F8103F074823461A
:10E6A0004FF4E251F2F7C0FA0820AD46BD46B0BDC6
:10E6B0000020FBE7F799040003000001B43A0400CE
:10E6C00080B500AF88B06A46074BC2E90530032326
:10E6D00042F8103F054800234FF4C251F2F7A4FA64
:10E6E0006FF00B00BD4680BD0C9A0400B43A0400E4
:10E6F00010B40C4AD2F8EC3033B1D2F8643213B112
:10E7000010BCFFF7DDBF01234FF4BC704343D018AA
:10E71000054CC0F8F040EC331A44002010BC0A60ED
:10E72000704700BF58340020F04504002DE9F04147
:10E730000B4600AF06460D21043012F060F978B3A5
:10E74000DD68D6F8EC3003F17008197A42460220F1
:10E7500001F01EF80446C8B94046F5F7E5FB6D46E2
:10E7600088B06A46114BC2E905304FF400739383B9
:10E770000F4B42F8103F0F4823464FF4E251F2F797
:10E7800053FA0820AD46BD46BDE8F0812B462A3439
:10E7900005F1100253F8041B44F8041B9342F9D10D
:10E7A0003046092112F0ECF90020ECE7319A040020
:10E7B00003000001B43A040038B5174B1B78054636
:10E7C00023B301F00F042846FFF7B8F8134A0328D3
:10E7D0000CBF04F00B0444F0040405F5BA7312787E
:10E7E000BFF35B8F53E8001F013103D143E80020E2
:10E7F0000028F7D1BFF35B8FBFF35B8FD5F874317F
:10E80000BFF35B8F2BB144F0010038BD01F007046A
:10E81000D9E704F0FE00F8E7E171002000120020C3
:10E82000F8B5054612F09FF90446002879D0061D78
:10E830000421304612F0E3F8002875D10221304659
:10E8400012F0DDF8002868D10321304612F0D7F825
:10E8500010B16FF00F00F8BD0121304612F0CFF873
:10E860000028F6D12046FFF7B1F800285FD0D5F890
:10E87000A43033B12046FFF799F970B16FF068000A
:10E88000E9E7287A05F1700100F054FEC5F8A4000C
:10E890000028EFD16FF00B00DDE70121204612F0D8
:10E8A00094F907460028E9D006210C30F5F7BAFAAA
:10E8B000092105462046FFF77FFFA8702046FFF795
:10E8C0003DF81C4B28701B784BBB1B4B1B786B70A7
:10E8D0001023EB70AB7813F0010314BF0322002266
:10E8E0006A712B7184F8E8306B7984F8E930012380
:10E8F00063722B68C4F80A30AB88E381394620463E
:10E90000FFF7E6F82046022112F03AF90B2112F047
:10E9100037F90321304612F033F900209BE7012339
:10E92000D5E76FF07F0096E76FF0040093E76FF094
:10E93000150090E7E2710020E37100202DE9F74314
:10E94000051DD0F8EC40CB6806460221284612F09F
:10E9500056F800286CD10321284612F050F8002800
:10E9600066D10121284612F04AF8002860D1324AC7
:10E970001278002A5ED093F8008018F0080F08F093
:10E980000F0757D0D4F8A43053B1DB8903F0240328
:10E99000BBB92046FFF744FF002841DB0F2144E0CC
:10E9A00004F17009217A4A46202000F035FEC4F8AF
:10E9B000A40030B9217A4A46042000F02DFEC4F8A4
:10E9C000A400D4F8A4100029E3D018F0040F11D04B
:10E9D0004B7BDA070ED43046FEF7B0FF03283B46E8
:10E9E00002D0164A032101E0154A0221154812F00F
:10E9F000B8F8CEE7CB899B0601D43B46F1E70B7B09
:10EA0000009301F1180201F11A032046103110F0B1
:10EA10000FFB002808DA0C4A0A48012111F0EDFF2B
:10EA2000082003B0BDE8F0830121284612F0A8F8C1
:10EA30000020F6E70320F4E7E17100204B9A040080
:10EA4000729A0400B43A040084990400F8B50D46A3
:10EA5000D0F8EC700446FEF753FFED68EB78102B0E
:10EA600040F0A580D7F8A4305BB1261D0F213046B9
:10EA700011F0C5FF88B92046FFF798F868B1C5B214
:10EA800009E0387A07F1700100F054FDC7F8A400DE
:10EA90000028EAD108252846F8BD012363722B68B7
:10EAA000C4F80A30AB88E38102232374A978204696
:10EAB000FFF782FEE0742046FEF740FF10236074EB
:10EAC00023752B7903F0030363756B7903F001035E
:10EAD000A375E37C1A070CD5AB781B0709D5052174
:10EAE000304612F04DF8637D03F002036375002396
:10EAF000A3750521304611F082FF68B32D4B1B78BA
:10EB0000A374E37C980606D5AB78990603D5142147
:10EB1000304612F035F8E37CDA071FD5AB78DB0717
:10EB20001CD50D21304612F02BF8A37D84F8E83077
:10EB3000637D84F8E9300321304612F021F829780A
:10EB40002046FEF721FF2072D7F8A410204611F0CE
:10EB500096FF38B903259EE7174BD0E7002363756E
:10EB6000A375E2E7204611F0BFFF0546002892D1C9
:10EB70000521304611F043FF0028EBD00C21204640
:10EB800011F0FEFF022112F020F80646002881D085
:10EB900006210C30F5F746F9D4F811300360B4F8CB
:10EBA0001530838031462046FEF792FF73E7062535
:10EBB00071E700BFE3710020E2710020F8B5D0F8E2
:10EBC000EC40D4F8A4300646051D002B32D10221BA
:10EBD000404A414811F011FF0721404B5F5CD4F8D7
:10EBE000A4304BB11B7B002B5CD1D4F8A40000F007
:10EBF000F3FD0023C4F8A4300221284611F0FFFEE3
:10EC000040B9072F96BF364B1F21D95D3A462046A3
:10EC1000F9F7DEFE0321284611F0F1FE68B3314B0F
:10EC20001B6853B31D6805B10C3D53F8083C002B1D
:10EC300041D143E081BB0D21284611F0E0FE07469B
:10EC400020B1D4F8A40008B100F0CCFE254B1B681D
:10EC50009BB11D6805B10C3D53F80C3C13B139460E
:10EC6000204698474DB12B46ED681B681DB10C3D01
:10EC7000002BF4D1F7E7002BF1D1304612F016F853
:10EC8000637B072B24D1627AA37A9A4220D0204654
:10EC9000BDE8F84012F0CCB80139C9B20E299CD9B0
:10ECA00009279CE70221284611F0A9FE00289CD1E3
:10ECB000A2E70C3D23B1394620469847002DDCD011
:10ECC0002B46ED685B68002DF3D1002BF3D1D4E720
:10ECD000F8BD00BF2A9B0400B43A0400569D04000E
:10ECE000459D040014590020F8B5031D06460F4643
:10ECF0001846022111F083FE044620B1B6F8E84020
:10ED0000B4FA84F464090321184611F078FE80B146
:10ED100039463046FFF752FFC4B11A481A4A022159
:10ED200011F06BFED6F8EC000521F9F781FA00200E
:10ED3000F8BD0121184611F062FE0028E8D10F212C
:10ED4000184611F05CFE0028E2D1E5E705213046C7
:10ED500011F03BFF054688B101210C30F5F762F850
:10ED6000234607702246294606F1EC00FAF732FAEC
:10ED70000028DCD02846F4F7C9FED8E76FF0680019
:10ED8000D6E700BFB43A0400549B040038B5134CD6
:10ED900000250621201D11F032FE78B1D4F8EC30A8
:10EDA000DB78204683B9FEF71DFF014610B12046EF
:10EDB000FFF79AFF0C21204611F0E2FE04F5BC7427
:10EDC00005B138BD0125E4E7FFF700FA0146002848
:10EDD000F4D02046FFF788FFF0E700BF583400204A
:10EDE0001A4B10B50446186019484FF0FF324FF027
:10EDF000FF3306F0ABF858B11649174A174841F2ED
:10EE00003B330EF044FC41F23B3113480EF036FC2C
:10EE1000134807F087FC0E4806F068F948B10D4921
:10EE20000D4A0E484FF49A530EF031FC4FF49A51AC
:10EE3000EBE734B9BDE810400A4A0B48022111F053
:10EE4000DCBDBDE81040FFF7A1BF00BF645C00203F
:10EE5000C4100020039B0400A19A04002C59040054
:10EE6000D8100020AC9B0400B43A04002DE9F34113
:10EE70000B8A04460E4643B92D4A2E48012111F053
:10EE8000BCFD002002B0BDE8F081012106F10C00BC
:10EE9000F4F7AAFFA4F1EC05E83C0746042120465C
:10EEA00011F0ADFD3B7828B1234A2248022111F030
:10EEB00058FEE6E70E2B01D9204AF6E7DFF88080FE
:10EEC00058F833204AB902211E4A1A4811F049FE67
:10EED00007212846FFF708FFD3E71946284611F017
:10EEE000CFFE3B7860B91348174A022111F039FE72
:10EEF0000321204611F083FD0028C2D00821E8E755
:10EF000008EBC301328A0979914208D001210093AC
:10EF1000084813460D4A0FF098F80A21D9E7314600
:10EF200058F833302846984701460028A9D0D0E742
:10EF3000C59B0400B43A0400E09B0400119C04004B
:10EF400018460400339C04004D9C0400348F0400D8
:10EF50002DE9F04784B090F8E930D1F80C80D0F872
:10EF6000EC6023F0020380F8E93098F8003000AF3D
:10EF7000044606F17009BBB398F8063003F0C003ED
:10EF8000C02B31D04046F4F7CFFF6E4688B06C46B8
:10EF9000734BDFF8D08125464FF4007AC4E9053081
:10EFA000A4F81CA045F8108F00232A464FF4E25124
:10EFB0006D48F1F739FE4846B546F4F7B5FFA5466A
:10EFC0006A4BA4F81CA0C4E90530C4F81080664858
:10EFD00000232A464FF4E251F1F726FE0A20B546F7
:10EFE0001037BD46BDE8F08707224146484614F079
:10EFF000C2F968B1307A414600F08CFB054638B161
:10F000000146204611F03BFD30B3284600F0E4FBFA
:10F010000D21201D11F0F3FC002800F08280317AD0
:10F020004A46022000F0B4FB0546B8B94846F4F75A
:10F030007BFF6C4688B06A464D4BC2E905304FF401
:10F0400000739383474B42F8103F47482B464FF4D9
:10F05000E251F1F7E9FDA5460820C1E7F378002B5E
:10F060003FD106F17E031878012829D19A7902F060
:10F07000C002402A24D1D3F80120C5F83A20B3F8C1
:10F080000530EB8796F87030D3B196F8763003F000
:10F09000C003C02B14D03749FD603A1DC7E9019861
:10F0A000F8F7DCFFD8F80030C5F80130B8F80430C4
:10F0B000A5F8053098F80630EB713046F9F740FCBA
:10F0C00094F8E91011F002010ED02B492B4A2C487C
:10F0D00041F228030EF0DBFA41F2280127480EF036
:10F0E000CDFA06F17703BEE72846F7F7F9F80146AF
:10F0F00030B11D48234A022111F07FFC03206FE745
:10F100002846F7F7EDF848B11F491C4A1C4841F260
:10F110004C030EF0BCFA41F24C01DFE72846F7F74A
:10F12000F1F894F8E9305B0703D50A21204611F085
:10F1300027FDF37823B1B4F8E81061B100204FE760
:10F1400094F8E930002BF6D1D4F8EC00FFF792FAEE
:10F150000028F0D044E72046FFF730FDEEE700BF7F
:10F16000689C040003000001B43A0400049A0400FF
:10F17000319A0400FF0C04007C9C0400A19A040056
:10F180002C590400979C0400D29C04002DE9F04106
:10F190000E460446D0F8EC80FEF7B2FBF668114A42
:10F1A000337801210546271D0F4811F0DAFC0A21AA
:10F1B000384611F065FD38B16DB920463178FFF75A
:10F1C000FDFC0020BDE8F0810B21384611F058FD10
:10F1D0000028F1D1F1E72B69002BEED0404698478B
:10F1E000EBE700BFF49C0400B43A04002DE9F041C1
:10F1F0000546A0F1E80604460F463046012155F8C1
:10F20000EC8911F03DFD00285FD0CFB103213046DD
:10F2100011F0F5FB002858D03846F5F781FF01388A
:10F22000C0B208289ABF2E4B1C5C00240221304635
:10F2300011F0A6FC21462846BDE8F041FFF7BEBC10
:10F2400098F80B30002B40D00321304611F0D7FB4B
:10F2500020B92846BDE8F04111F028BD052130460F
:10F2600011F0CDFBB8B114F8043C1F0707D514F812
:10F27000033C180703D51121304611F081FC14F826
:10F28000043C23F0080304F8043C14F8033C23F086
:10F29000080304F8033C14F8033CD90717D50621EA
:10F2A000284611F06DFC0221304611F069FC98F8F7
:10F2B000033013B914F8033C3BB92068FFF7DAF9BF
:10F2C00018B934F8041C0029B5D0BDE8F0819A07BC
:10F2D00001D50821E4E75B07E5D50A21E0E700BF97
:10F2E0004D9D040037B5A0F5A075A0F59E74BFF341
:10F2F0005B8F2368BFF35B8FBFF35B8F2A68BFF31D
:10F300005B8F084800920121074A0EF09EFE2846B6
:10F310000821FFF753FC0421204603B0BDE830402C
:10F3200011F02EBCB43A0400169D04002DE9F843F8
:10F3300000AF044611F017FC054670B3061D03210B
:10F34000304611F05CFB40B3D4F8A40008B100F0E3
:10F3500043FA04F17009207A494600F0EBF8804640
:10F36000C4F8A400E0B94846F4F7DEFD6C4688B066
:10F370006A463E4BC2E905304FF4007393833C4B21
:10F3800042F8103F3B484FF4E2514346F1F74CFC42
:10F390000821A5462846FFF7A7FCBD46BDE8F8832F
:10F3A0000E21304611F02BFB28B1D4F8A420537B5A
:10F3B00043F0020353732B7A032B11D823B1052199
:10F3C000304611F01CFBA0B9D4F8A420537B23F0E5
:10F3D00020035373D4F8A420537B23F001030DE0E2
:10F3E000053B012BF0D8D4F8A420537B43F0200335
:10F3F0005373D4F8A420537B43F0010353732B7D44
:10F40000697BD4F8A4208B4228BF0B4613730521D7
:10F41000304611F0F4FAD4F8A4305A7B10B342F01D
:10F4200010025A730D21304611F0E9FA0028B4D0C9
:10F43000D4F8A400202100F093F9D4F8A43005F109
:10F4400047021A33573552F8041B43F8041BAA42EB
:10F45000F9D1D4F8A420002313615361D4F8A42077
:10F4600013839AE722F010025A7396E7319A040048
:10F4700003000001B43A040008B5044B044801221B
:10F480001A70F8F743F9002008BD00BFE1710020B1
:10F49000E010002008B558B90B490C480C4A40F25E
:10F4A00006230EF0F4F80A4840F206210EF0E6F8C2
:10F4B000437B5B0607D40121F6F734FEBDE8084024
:10F4C000044806F0FFBC08BDB59D04002C5904009B
:10F4D000859D0400E81000202DE9F041124F3E46C2
:10F4E000054616F8013B83420C464FF0010804D153
:10F4F0000722304613F03FFF88B1B8F1000F05D066
:10F500000A490722304613F036FF58B93D70226889
:10F51000C7F80120064BA2889A80A2799A71024806
:10F52000BDE8F0810020FBE7685C00200271040068
:10F53000695C002008B549B906490748074A6323B2
:10F540000EF0A5F8054863210EF098F8BDE80840D4
:10F55000FFF7C2BFC99D04002C590400859D04001B
:10F56000F7B5054616460C46F9B911491148124A35
:10F57000AA230EF08CF81048AA210EF07FF891B162
:10F58000AA4210D10D4B18689A8800909B798DF88B
:10F59000063031466846ADF80420A0470123F989BA
:10F5A0003A78002BEBD003B0F0BD054F0023F6E70F
:10F5B000DD9D04002C590400859D0400695C002039
:10F5C000685C00200B4610B51146044663B9094932
:10F5D00009480A4ABD230EF05AF80848BD210EF02A
:10F5E0004DF8BDE8104018470548C2892242F8D1BD
:10F5F00010BD00BFDD9D04002C590400859D040052
:10F60000685C002008B5034900220220FFF7DAFFFA
:10F61000002008BD95F40200F8B50E4605461146D7
:10F6200052B10F4CE38920462B4010F8012B4FF0CC
:10F6300000070BD11846F8BD0A490B480B4ACA23EC
:10F640000EF025F80948CA210EF018F8964203D1A9
:10F65000072213F090FE08B13846ECE72046EAE7AF
:10F66000685C0020C99D04002C590400859D04009D
:10F67000F8B506460C4649B920492148214AF323EA
:10F680000EF005F81F48F3210DF0F8FF0B78012B61
:10F6900001D00020F8BD8B7903F0C003402BF8D1D6
:10F6A000194DEF892946BF0711F83A2B4FF0000397
:10F6B00004F1010006D5B24204D1062213F05BFE2C
:10F6C000D0B10023EA89297802F00202002BE0D1B0
:10F6D000002ADED0B142DCD1671C0C4839460FF05D
:10F6E00096F801230028EDD0D4F80130C5F83A305F
:10F6F000074BB4F805209A800348CBE7C99D040066
:10F700002C590400859D0400685C0020925C002058
:10F71000A25C002010B529B10D4C237883420DD096
:10F72000002010BD0B490C480C4A4FF492730DF0A9
:10F73000AEFF0A484FF492710DF0A0FF0722601C43
:10F7400013F019FE00280CBF20460020E9E700BF97
:10F75000685C0020C99D04002C590400859D0400AC
:10F7600008B558B907490848084A4FF49A730DF08C
:10F770008EFF06484FF49A710DF080FFC38919433C
:10F78000C18108BDB59D04002C590400859D04006D
:10F79000F8B506460F4615464AB90C490C480D4ABD
:10F7A000DC230DF074FF0B48DC210DF067FFFFF741
:10F7B00033FF044640B929463846FFF7BBFE0446EE
:10F7C00010B13146FFF7CCFF2046F8BDC99D0400BB
:10F7D0002C590400859D040010B5044658B90E4903
:10F7E0000E480F4A4FF4A2730DF051FF0C484FF42E
:10F7F000A2710DF043FF037A5B0701D5F6F79CFD7C
:10F80000214611F8010BF4F76DFD20464022BDE8BA
:10F810001040002113F0A7BDB59D04002C59040031
:10F82000859D04002DE9F04192B0144602AF0546D3
:10F8300038B9624A624801210EF0F4FB6FF01506F8
:10F8400040E0342207F10C011846A047041E06DAF6
:10F850005C4A23465A4801210EF0EDFBEEE7391DC4
:10F8600028460EF0E7FF064698B16C4688B002AA1B
:10F87000554BC2E905354FF400739383534B42F85F
:10F88000103F4F4800234FF4E251F1F7CDF9A54660
:10F89000D4E7394628460EF0A9FC386838B10A2268
:10F8A00031460DF0BBF9034608B1494AD2E72CBBFB
:10F8B0003A1D21463F20FFF7AFFE40B140222146CE
:10F8C00013F051FD30464037BD46BDE8F081381D8C
:10F8D000F4F72AFB6D4688B002AA3E4BC2E9053018
:10F8E0004FF400739383394B42F8103F344823465A
:10F8F0004FF4E451F1F798F9AD46E3E7391D0020E4
:10F90000FFF7EAFD0546C0B9381DF4F70DFB6C465C
:10F9100088B002AA304BC2E905304FF400739383DC
:10F920002A4B42F8103F26482B464FF4E251F1F79C
:10F930007BF96FF00B06A546C4E7342C0BD03423BB
:10F940000093264A1E48234601210EF07EFB2846DE
:10F95000FFF742FF72E707F10C0300F10C0207F119
:10F960003C0C1C4603CC644510605160234602F1F8
:10F970000802F6D1206810606B7BDA07A2D513F07D
:10F9800030049FD1381DF4F7CFFAE84688B002AAB8
:10F99000134BC2E905304FF4007393830B4B42F8CD
:10F9A000103F074823464FF4E451F1F73DF96B7BD4
:10F9B00023F00103C5466B7384E700BF2D7104007B
:10F9C000743A0400F19D04007892040003000001E1
:10F9D00094920400109E0400339E0400529E040082
:10F9E000709E040010B5024658B90E490E480F4AE1
:10F9F00040F279130DF04BFE0C4840F279110DF0F6
:10FA00003DFE0146342311F8010B0C32F4F75CFC87
:10FA1000044628B1064A0346012106480EF00BFBB6
:10FA2000204610BDB59D04002C590400859D04009E
:10FA3000D59E0400743A0400884210B500EB02031E
:10FA400011D98C18A04211D20D490E4A0E4840F22D
:10FA5000B3230DF01CFE0D480DF019FE094840F2CD
:10FA6000B3210DF00BFEEFD09942ECE7013A1144BF
:10FA700011F8012900F8012B8342F9D110BD00BF14
:10FA8000718104003F8104002C590400C8810400E6
:10FA90002DE9F0479AB01D46DDE923972E4B164617
:10FAA0000CAA84468A4603F1300E904618685968BD
:10FAB000144603C4083373452246F7D118681B79EE
:10FAC000206023716146202204A8FFF7B5FF234878
:10FAD0006B46202204A900F071F80446C0BB102236
:10FAE00051460DF13500FFF7A7FF102231460DF109
:10FAF0004500FFF7A1FF2946062211F8013B8DF8CA
:10FB000055300DF15600FFF797FF2299062211F8A4
:10FB1000013B8DF85C300DF15D00FFF78DFF4B462A
:10FB200035224146684600F049F8044680B9484607
:10FB300011F0A7FA01238DF8303035223B464146BB
:10FB4000684600F03BF8044610B9384611F099FABF
:10FB500020461AB0BDE8F08733400400029F04003D
:10FB600070B598B00E4614460146202204A81D46E2
:10FB7000FFF762FF202231460CA8FFF75DFF10223D
:10FB8000294614A8FFF758FF102221466846FFF7C0
:10FB900053FF6B46502204A9184600F00FF840B9F5
:10FBA000039B054A1BBAB3FBF2F102FB11331C9A0B
:10FBB000136018B070BD00BF40420F002DE9F04146
:10FBC0008EB007460C4615460021182208A81E468E
:10FBD00013F0C9FB4FF41053ADF81C30DFF85C8014
:10FBE0008023ADF81E304FF44063CDE90938102270
:10FBF00005AB394607A809F0ADFA034648B1104AEB
:10FC0000104801210EF017FA6FF004000EB0BDE8A5
:10FC1000F08106AB029310232246CDE900634146F2
:10FC20002B46059812F084FF0446059809F050FA17
:10FC30002043EBD0044A2346E2E700BF0002C003A2
:10FC40001C9F04003C3A0400389F040010B5094C86
:10FC50000A44914200D110BD11F8013B58400309FC
:10FC60000001E35CC0B2434018091B01205CDBB219
:10FC70005840EEE7519F040037B50C460A490B4A3D
:10FC8000411A40230093491105462346084811F0C4
:10FC90007BFA011E05DA2846234603B0BDE8304052
:10FCA000184703B030BD00BFBC5C0020F111040058
:10FCB000FC350400C9B2012908B509D90849094829
:10FCC000094A7E230DF0E3FC07487E210DF0D6FCA7
:10FCD00003690C2201FB0233986C00F0070008BD99
:10FCE0009E9F04002C590400619F040070B5C9B2A6
:10FCF000012903690BD918491848194A40F2D7134A
:10FD00000DF0C5FC164840F2D7110DF0B7FCEFF32B
:10FD10001185402484F31288BFF36F8F0C2606FBF5
:10FD20000134A46C14F0C00408D0A24206D085F3BC
:10FD30001188BFF36F8F4FF0FF3070BD71430B44DC
:10FD400001229A6485F31188BFF36F8F43680B44D7
:10FD50005B6898470020F0E79E9F04002C59040040
:10FD6000619F040070B50D460649411A04464911C9
:10FD700005484022FFF7BAFF2B4601462046BDE862
:10FD800070401847BC5C0020FC3504000022F8B528
:10FD9000012105461046F3F78FF9104803F010F8DB
:10FDA0000446B8B912F026F82F690D4938460DF00F
:10FDB00039FE031E09DB0126BE642D69084905F1E1
:10FDC00020000DF02FFE031E02DA1C462046F8BD6F
:10FDD0006E65FBE76FF00404F8E700BFA1FE0200C8
:10FDE000904604007FB500220123CDE9022304AB35
:10FDF000CDE90433094ACDF800D06B46CDF804D0E4
:10FE000011F0EFF9002805DB4FF48042002368462B
:10FE100005F032FC07B05DF804FB00BFFD110400E3
:10FE200010B5EFF31184402383F31288BFF36F8F73
:10FE3000074A136823F00201DB07116002D4012096
:10FE400002F09EFF84F31188BFF36F8F10BD00BFD7
:10FE5000145D002030B4104B0C2202FB003301462D
:10FE60000020D3E910521864EFF31180402484F38A
:10FE70001288BFF36F8F9C6C04F0C00444F002043E
:10FE80009C6480F31188BFF36F8F1DB12B4603482C
:10FE900030BC184730BC7047BC5C0020FC35040007
:10FEA000012808B506D0032808D098B90F4B9B6CE1
:10FEB0005B0719D1BDE80840FFF7CCBF0C490D4ADC
:10FEC0000D4840F2FE230DF0E2FB40F2FE2109480E
:10FED0000DF0D4FB0649074A07484FF442730DF072
:10FEE000D6FB4FF44271F2E708BD00BFBC5C0020B6
:10FEF00031B00400619F04002C59040010B4EFF3EA
:10FF00001182402383F31288BFF36F8F1748016873
:10FF100041F002040460C80707D482F31188BFF3DC
:10FF20006F8F012010BC02F001BF4FF08041D1F86B
:10FF30000C04D1F80C14C907EFD5EFF3118083F34B
:10FF40001288BFF36F8F0A498B6C03F0C00343F034
:10FF500002038B6480F31188BFF36F8F82F31188E3
:10FF6000BFF36F8F002010BCFFF774BF145D00203B
:10FF7000BC5C00202DE9F0414449BFF35B8F06468D
:10FF8000012251E8003F41E800200028F9D1BFF3E9
:10FF90005B8FA3B93E493F484B60CB608A60EFF767
:10FFA000A5FE00280BDA3C493C4A3D4840F2AA2312
:10FFB0000DF06DFB40F2AA2138480DF05FFB76B3DF
:10FFC000731E012B58D8012E07D14FF08043D3F870
:10FFD0001C3403F00303012B21D012F0C0F90546B5
:10FFE000F8B9304B1B78E3B14FF080430222C3F8DD
:10FFF00008230746DFF8B0804FF08044D4F8182477
:020000023000CC
:10000000D4F81834D20315D503F00303012B01D023
:10001000012E0FD155B387F31188BFF36F8FBDE861
:10002000F081EFF31187402383F31288BFF36F8FC2
:100030000125DFE7ADB138460EF050FBD4F8183596
:10004000002BDBD1D4F80421002AD7D0C4F8043126
:10005000D4F804310123C4F81835C8F88031A360FE
:10006000CCE70021212007F049FBE7E74FF0804370
:100070000222C3F80423D2E70C49084A08484FF487
:100080002F730DF004FB4FF42F7195E7B85C00203F
:10009000A85C0020DC5C0020F7600400619F040085
:1000A0002C5904003D75002000E100E031B004004F
:1000B00008B5074812F057F838B10648F3F7F8FAD0
:1000C0000448EFF751F9002008BD6FF01200FBE77C
:1000D0009C360400D90003000A2838B5074D0446B1
:1000E00004D1AB680D21DB6928469847AB6803480B
:1000F000DB69E1B29847204638BD00BF9C3604005A
:10010000EFF31182402383F31288BFF36F8F0A4B02
:10011000D3F8001161B10021D3F80805C3F800112C
:10012000D3F80031C0B282F31188BFF36F8F7047EC
:100130006FF00A00F7E700BF00D00040F0B50346BB
:1001400010469C7893F803C0EFF31182402585F3A5
:100150001288BFF36F8F1F7893F801E0E41B04EA65
:100160000C04A04288BFA0B23E180CEA06063D4629
:100170001E7082F31188BFF36F8F0A188A4216D15E
:1001800077450CD1EFF31182402181F31288BFF340
:100190006F8F1978597082F31188BFF36F8F1B79B5
:1001A000241AA34222BF064B01221A60F0BD5E1939
:1001B0000135767901F8016B05EA0C05DEE700BF31
:1001C00000D000402DE9F0472D4D0069A8420E46B1
:1001D00014460BD02B492C482C4A40F203130DF047
:1001E00056FA2A4840F203110DF048FADB4313F0A7
:1001F000010504D03030FFF7A1FFBDE8F0879AB3C6
:10020000EFF31188402383F31288BFF36F8F0D2023
:10021000F2F744FF07460D20F2F72CFF88F3118810
:10022000BFF36F8FDFF868A0DFF86880CAF800516D
:10023000DAF800314FF400590123CAF8003025469E
:10024000C8F88091DAF8003183B1FFF759FF031E37
:10025000C8F88091F6DB013DADB27355002DF1D1A8
:1002600017B10D20F2F7F8FE2046C6E7EFF3118034
:10027000402383F31288BFF36F8F0EF02FFAE1E76C
:10028000185D00201DA004002C590400EB9F040001
:1002900000D0004000E100E02DE9F041194B076972
:1002A0009F420D46144605D107F1450864B9204622
:1002B000BDE8F08114491548154AE5230DF0E7F92A
:1002C0001348E5210DF0DAF94FF0FF334FF0FF321C
:1002D000384605F0D1F9224629464046FFF72EFF61
:1002E0000646384605F044F93EB94FF0FF324FF06C
:1002F000FF33084805F0C0F9E6E7A41BA4B2354473
:10030000D4E700BF185D00201DA004002C59040094
:10031000EB9F0400305D002038B5214B04699C42FE
:100320000BD020492048214A40F247130DF0AFF985
:100330001E4840F247110DF0A1F901221146204656
:1003400011F098FF0122002104F1180011F092FF32
:1003500040F20743A4F848304FF0706323630C2346
:1003600084F834300025124B84F84550A4F84650E8
:10037000D3F8042522F00102C3F804250121C3F8B3
:100380000051D3F80021C3F804132A4619600D2048
:10039000F2F792FE0D20F2F75FFE284638BD00BF4F
:1003A000185D00201DA004002C590400EB9F0400E0
:1003B00000D0004010B5FFF7A3FE002820DB174B4C
:1003C00093F8322093F8314093F83310141B31EA3C
:1003D0000404C0B20DD193F8472093F8464093F837
:1003E0004810141B31EA04040BD10D4B01225A6052
:1003F0000EE09C180132114084F8350083F8321069
:1004000010BD9C180132114084F84A0083F847104F
:100410000448BDE8104005F0ABB800BF185D0020EF
:1004200000D00040305D0020F7B50F46164648B9B1
:100430001849194A194818230DF029F918211648A6
:100440000DF01CF9E9B91649134A144819230DF0A7
:100450001EF91921F3E7331BB3F5806F38BF1D4632
:100460002A4601AB3919002009F0C6FF68B9019B83
:10047000AB420AD12C44A642EDD809D0162003B0D5
:10048000F0BD4FF480650024F5E76FF01500F6E746
:100490000020F4E77DA004004DA004002C590400C6
:1004A00095AF0400024B0B6001231360704700BF3F
:1004B0004847040000487047BC4604000268154BDA
:1004C000FF2A08BF4FF0FF32C3F824254268FF2AF5
:1004D00008BF4FF0FF32C3F828258268FF2A08BF03
:1004E0004FF0FF32C3F83025C268FF2A08BF4FF033
:1004F000FF32C3F834250269FF2A08BF4FF0FF32EC
:10050000C3F838254269FF2A08BF4FF0FF32C3F80D
:100510003C2570470090024030B50D46416885B0DB
:1005200069B1D1E900138468B4B1D4E90024A4B15D
:100530009BB19C4205D06FF0150005B030BD0B4655
:10054000F1E75C1C092C03780AD90E4A0E48009486
:1005500002210DF07AFDEEE7224601331C44F1E75B
:100560008DF8083040F20113ADF80A3002A80023DC
:100570008DF809408DF80C308DF80D5003F08EFE8B
:10058000DBE700BFA0A004004C3B04002DE9F04FC6
:1005900091B043685D6B00AF804607F128020021EF
:1005A000284610F077FF041E6FDBBB6A2A681979B2
:1005B000186800F0A7FE041E67DB00220121292035
:1005C000F2F77AFDD8F80490D8F810207749484619
:1005D00003F03AFE041E53DB754D0FCD07F12804DE
:1005E0000FC495E80300002307F1040A7B6084E848
:1005F0000300CAE90133AB233B716E4BD3F82425CA
:10060000D2B23A61D3F82825D2B27A61D3F8302534
:10061000D2B2BA61D3F83425D2B2FA61D3F8382510
:10062000D2B23A62D3F83C35DBB27B6207F12800E4
:10063000FFF744FF012003F0A7FE07F1100605466F
:100640003046FFF73BFF2DBB29465046FFF764FFBE
:10065000041E15DB232011F082FD4FF0030B9F23B6
:10066000C7E90A55C7F810A0C7F814B087F82830B2
:100670003E63294607F12800FFF74EFF041E0CDAFF
:1006800003F0C8FE08B103F0A3FE20464437BD4680
:10069000BDE8F08F6FF00404F2E75A46514609F1C5
:1006A000300012F068FE044618B36C468CB097F820
:1006B00004E097F805C0BE7999F8300099F8311038
:1006C00099F832306A46DFF8F080D3620823C2E935
:1006D000058EC2E907C6C2E9090142F8103F374852
:1006E0002B4644F24001F0F79FFAA5466FF0120442
:1006F000C6E7D8F80420537F023B012B16D992F8A5
:100700001C80A8F10208B8F1020F8CBF4FF000085E
:100710004FF0010810F02FFE051E0ADA284A27487C
:100720002B4601210DF087FC2C46A9E74FF001086C
:10073000F0E7EAB2C5F38015A845A1D00023012156
:1007400082F04002BB623F6179613B6387F8281009
:10075000FE6207F128003B803A70FFF7DDFE041EC1
:1007600007D110F008FE041E04DB14F00104F8D1D8
:1007700086E785DA134A144B6D468AB0B8F1000F4C
:1007800018BF13466A461149D461C2E905134FF4F4
:10079000007313840E4B42F8103F084800234FF4B7
:1007A0001151F0F741FAAD466AE700BFFD120400AF
:1007B000983C040000900240C9A004004C3B040097
:1007C000FBA004002F860400C3A004000BA10400BA
:1007D000040000012DE9F04F824687B00E461C460A
:1007E000904672B17BB10029426803DBD26A0B44A8
:1007F00093420CD93E4A3F480094334601210DF004
:1008000024FC6FF01504204607B0BDE8F08F754258
:1008100005F0030510F09BFDA54228BF2546D8F141
:10082000000303F0030308F0030758BF5F427F4251
:1008300007F00307A74228BF2746631BE41B24F0E9
:10084000030423F00309A145C8BFA14603F0030B2D
:10085000C8BFA3EB040BB9F1000F17D008EB0703D7
:10086000494672191846039311F064FC0446014688
:10087000DAF8100010F048FDA4BBBD4206D0039B7F
:100880004A46194608EB050012F053FD9DB1C5F12B
:1008900004070421F21B04A811F04CFC0446014695
:1008A000DAF8100010F030FDE4B904AB2A46D9198B
:1008B000404612F030FDBBF1000F17D0721908212D
:1008C0004A4404A811F036FC04460146DAF8100048
:1008D00010F01AFD34B909EB05005A4604A940444A
:1008E00012F019FD504610F018FD8CE75C46F9E750
:1008F0001CA104004C3B04002DE9F0430F4685B0D9
:10090000416806461D4690462AB96FF015042046F8
:1009100005B0BDE8F083002BF7D0042B01D9AB075D
:10092000F3D117F00304F0D1002F03DBCA6A7B195F
:10093000934207D9324A334800953B4601210DF0D6
:1009400084FBE2E7304610F002FD204610F02EFD59
:10095000044630B1012010F029FD304610F0DDFCD6
:10096000D5E7032D1BD804213A4603A811F0E2FB7A
:1009700004460146306910F0C7FC002CEAD12A4633
:10098000414603A812F0C7FC3A46042103A811F01F
:10099000CEFB04460146306910F0B6FC21E008F0B9
:1009A0006043B3F1005F02D118F0030F24D0042D8F
:1009B000A94628BF4FF004094A46414603A812F051
:1009C000AAFC49463A4603A811F0B1FB0446014689
:1009D000306910F099FC24B9B5EB0905C8444F44BF
:1009E000E5D1012010F0E2FC0546304610F095FC00
:1009F000002C08BF2C468AE73A4629464046C6E7FF
:100A000065A104004C3B04002DE9F7430B460E465C
:100A1000D0F804C00746C1F30B0115462AB96FF0A0
:100A20001504204603B0BDE8F083C2F30B0252EA7E
:100A30000104F4D1002B04DBDCF82C105A198A4293
:100A400006D9374A3748009501210DF0FEFAE6E74E
:100A500010F07DFC2046D7F8048010F0A7FC044677
:100A6000002858D1D8F82C30AB421ED103F038FD05
:100A7000A94604463869214610F046FC002C3CD1BA
:100A80004E44A5EB090500214FF4A47006F036FE94
:100A900010F071FC041E34DBE307F4D4002DE1D127
:100AA000012010F083FC044635E0B5F5803F09D302
:100AB000B3B253B93146012003F0B6FC4FF480398C
:100AC0000446D7E7B5F5805F09D3C6F30B0030B90C
:100AD000314603F0A9FC4FF480590446CAE7124A94
:100AE00010480095334601210DF0AFFA38696FF0D8
:100AF000150110F009FC6FF015040C4A00953346FF
:100B000002E00B4A00953346064801210DF09DFA9C
:100B1000012010F04BFC384610F0FFFB81E700BFCE
:100B2000AFA104004C3B0400F9A1040034A204006E
:100B300017A20400024B0B6001231360704700BF33
:100B40006C5D0020004870475047040007B503461D
:100B5000054A0091054801210DF077FA6FF0150064
:100B600003B05DF804FB00BF68A20400E43A04008F
:100B700010B5012211460748074C11F07BFB02F02B
:100B80009FF911F0D0FA206011F0C9FA60600020DE
:100B900010BD00BF745D00206C5D00204FF08042EE
:100BA000D2F81015D2F8103501F01E0123F01F0302
:100BB0000B4343F00103C2F81035024B00221A70B8
:100BC000704700BFE47100204FF08053D3F83031FC
:100BD000082B20D14FF08042D2F81015CB071AD540
:100BE000D2F8103501F01E0123F01F030B43C2F8A9
:100BF0001035D2F808315BB1D2F8103523F01F035D
:100C00000B4343F00103C2F810356FF08B007047BF
:100C1000024B01221A700020704700BFE4710020CF
:100C2000F8B5044611F07BFA237B05460BB111F0B1
:100C3000F0F8134F0026FFF7C7FFE8B9606803F02C
:100C400037F8A3685B1BA36063682B4463603B7841
:100C50000BB1FFF7A3FF237B01363BB9A368002B41
:100C6000E9D1A068003818BF0120F8BD304602F075
:100C7000F5F90028F2D0F4E76FF08B00F5E700BF3C
:100C8000E471002070B5037B04460BB111F0C1F88C
:100C9000194E0125A368032B06D8184AD2F8003450
:100CA000DB07FBD5002070BDFFF78EFF08BB236874
:100CB0006068196803F02EF833780BB1FFF76EFF08
:100CC000636804336360236804332360A368043BD0
:100CD000A360237B0135002BDCD0284602F0BEF94F
:100CE0000028D7D0054AD2F80034D907FBD5012017
:100CF000D9E76FF08B00D6E7E471002000E00140F7
:100D0000F0B589B00E46154611F009FA2946074696
:100D1000304610F069FB60B3B6FBF7F307FB1363D3
:100D200023B9B5FBF7F407FB14545CB11F4A0095D7
:100D300033461F4801210DF088F96FF01504204655
:100D400009B0F0BDAF42FAD84FF0FF334FF0FF3299
:100D5000184804F091FC11F050F804AB014660B95A
:100D60001022184612F0FFFACDE90565FFF758FF8B
:100D700016E0114A00953346DBE71022214618465B
:100D800012F0F1FA01228DF81C200C4ACDE9022064
:100D90000B48CDE9056502F09BF802A802F09EF829
:100DA0000446044804F0E4FBC9E700BF85A2040040
:100DB000E43A0400745D002068A20400210C0300E2
:100DC000645E010070B50D4688B019462846164687
:100DD0001C4610F009FB58B91D4A00942B461D48CB
:100DE00001210DF032F96FF01504204608B070BDF6
:100DF00045EA04039B0703D0174A00942B46EEE70D
:100E0000002CF2D04FF0FF334FF0FF32134804F0C4
:100E100033FC10F0F2FF0346CDE9046504A8069404
:100E20008BB101238DF81C300D4BCDE9023041F61A
:100E30004C5002F04DF802A802F050F80446074862
:100E400004F096FBD1E78DF81C30FFF71BFFF5E7A8
:100E500068A20400E43A0400A4A20400745D002027
:100E6000850C030010B5036961B92049204A214867
:100E70004F230CF00CFC20480CF009FC4F211C48BF
:100E80000CF0FCFB486850B91C49194A194850231A
:100E90000CF0FDFB1A480CF0FAFB5021EFE7586804
:100EA000F8B1884219D19C6808685860A14200D105
:100EB0009860002008602AB15A680A609A685960F0
:100EC00002B99960002010E0814206D108682060D4
:100ED00098688142EDD19C60EBE7044600680028E9
:100EE000F2D1002AE8D16FF0150010BD254C0400A6
:100EF000E6A204002C59040022A3040031A304003C
:100F000043A3040008B503685909024614D0012917
:100F100006D103F01F034FF6FF71D940C80713D461
:100F20000B490C480C4A4FF474730CF0B0FB0A48A0
:100F30004FF474710CF0A2FB4FF0FF31D940C90798
:100F4000EED54FF0A04000E00448136008BD00BF9C
:100F50008DA304002C5904005AA304000003005080
:100F600070B54468207C01F01F0545EA4015A06873
:100F700086B000286ED0B2F5001F04D1294602F0D9
:100F800077FD00204AE001A80026B2F5800F019607
:100F9000466032D1B3F1007F14BF052304238DF8DE
:100FA00004300023CDE904030393E368CB40D90761
:100FB00036D4B2F1A07F33D168460095FFF7A2FF87
:100FC000009B03F5E07350F82330DB0728D4A068BA
:100FD0006A46294602F0E6FB163019D0CDF808D053
:100FE000A06803AA294602F075FA002816DBA0685B
:100FF0000122294602F0B8FCC3E7B3F1C06F05D067
:10100000B3F1007F14BF01230223C8E70323C6E71F
:10101000A068694602F088FC0028DFDA06B070BDDF
:10102000A0686A46294602F0BDFB0028D8D19DF889
:101030000010A06802F05CFC0028D1D007490848E5
:10104000084A40F2E5130CF022FB064840F2E51195
:101050000CF014FB6FF08500E0E700BF039B040079
:101060002C590400B0A304002DE9F043466840F277
:101070000635337CD00687B001F01F0702EA05056C
:1010800047EA431754BFC2F340130323B5F5837FE8
:1010900014468DF8033045D00DD8062D16D005D84E
:1010A000A5B1022D40D06FF0150038E0B5F5807F76
:1010B000F9D101250AE040F20222954236D0B5F579
:1010C000407F35D0B5F5007FEDD102250123220305
:1010D00003FA01F12ED57368C3F80815B06878BB20
:1010E00003A80397FFF70EFF039B00EB830084F434
:1010F0008033C3F30043C4F34044D0F8002744EAEC
:1011000043049DF8033022F4E16244EA830422F0B0
:10111000070244EA05231343C0F80037002007B054
:10112000BDE8F0830725D1E70425CFE70525CDE706
:101130000325CBE7630344BF7368C3F80C15CDE701
:101140000DF10202394602F02DFB14F4403F8046B7
:1011500017D1B068394602F0B3FBB8F1000FDDD10A
:101160009DF80210B06802F0C3FB0028D6D01E49DB
:101170001E481F4AF4230CF08AFA1D48F4210CF093
:101180007DFA4FF0000901ABCDE90199CDE90439B1
:10119000CDF80C90B06803AA394602F09BF9484597
:1011A000BCDB14F4003314D084F480349DF8033095
:1011B0008DF80E30C4F300448DF80C508DF80D40BE
:1011C000B0684B4603AA394602F04AFA0028C4DA4E
:1011D000A4E7CDE904330DF103030393B06803AA38
:1011E000394602F077F9F1E7039B04002C5904001B
:1011F000B0A30400420970B5034602D0012A1ED0F4
:1012000070BD144E326951680029F9D003F01F03F4
:1012100001250C689D400029F2D08A682A4012D02E
:101220004B6873B90C490D4A0D4874230CF02FFA22
:101230000C480CF02CFA094874210CF01FFA0A4EE5
:10124000E0E7304698471CB1236821461C46E2E798
:101250002346FAE73C360400DCA30400E6A20400BF
:101260002C59040043A304001C36040038B545681B
:10127000A86890B102F00AFB014670B9A86802F0B4
:10128000C5FA044658B902460649A86802F072FA3F
:10129000224605210620F1F70FFF002038BD6FF030
:1012A0000400FBE7F511030008B50368590902467D
:1012B00014D0012906D103F01F034FF6FF71D94066
:1012C000C80713D40B490C480C4A4FF474730CF044
:1012D000DEF90A484FF474710CF0D0F94FF0FF3189
:1012E000D940C907EED54FF0A04000E00448136094
:1012F00008BD00BF8DA304002C5904005AA30400AC
:10130000000300502DE9F04FDFF8B8B185B0154665
:10131000824600EB810840F2FF19D04503D100203E
:1013200005B0BDE8F08FDAF800305804C3F3C321EC
:10133000C3F3080400F1C080634A4C45575C4FEA90
:10134000136312D0222B1ED94E2B40F0B880C5F863
:10135000144503A80394FFF7A7FF039B012606FA91
:1013600003F3C0F80835334654E0222B09D94E2B3D
:1013700040F0A5804FF0FF33C5F814350AF1040A98
:10138000CBE74FF0FF34222B00F29980DFE803F027
:1013900012171D20232920979797973966979797BB
:1013A0009797979797976974777A9797977D858896
:1013B0008B8E9100C5F80C45631CCAD1DEE7C5F8D9
:1013C0001445621CDAD00026CDE7C5F80845F3E7DE
:1013D000C5F81045F5E7631CC5F80845CED00026D2
:1013E00004E0661CC5F80C45C8D0012603A8039488
:1013F000FFF75AFF0399012303FA01F1C0F80C1516
:1014000008E0C5F80845002FDBD1601CB6D00026E7
:1014100033460627DAF80010019101F40040002855
:1014200018BF002303A8009318BF01260394FFF7F9
:101430003BFF039C0199009B00EB8400C1F3412119
:10144000D0F800473F0247EA81073B4304EA0B0418
:10145000234343EA4603C0F800378FE7C5F80C453D
:10146000D1E7C5F86045611CDAF8003086D0C3F3D7
:101470000043002BB9D06CE7C5F86445F3E7C5F825
:101480006845F0E7C5F86C45EDE7C5F82445621CF2
:101490003FF474AF00230126BCE7C5F828458BE76D
:1014A000C5F83045F3E7C5F83445F0E7C5F83845E9
:1014B000EDE7C5F83C457FE76FF0150030E76FF0CA
:1014C00085002DE7F0F8FCFF04A404002DE9F041AD
:1014D0000022054601210220F1F7EEFD0220F1F77E
:1014E000BBFD6C680121E06810F0D6F86B681A68E3
:1014F0002369C2F82435617D237D0B43A17D0B4315
:10150000C2F86C352C692068A0B16B6838491E6838
:101510000022083010F0E3FF2368DD6320683549BE
:101520000022683010F0DBFF2368C3F89C50324B78
:10153000C6F804336F68D7E9004313F001033DD0C8
:10154000D5F8108004F10C0108F11C0204F590702C
:1015500010F0A0FC061E07DA284A294801210CF0E9
:1015600061FD3046BDE8F08198F81C0001F0A6FE50
:101570000823C4F800353B6AC4F844350023C4F896
:1015800048350123A360D4F85831002BFBD0002349
:10159000C4F800356B68596811F004040CD1D868A0
:1015A000214610F079F86B6821461D68D86810F064
:1015B00073F80823C5F800350026D2E70822C4F8DE
:1015C00000253A6AC4F84425C4F848350123A360CD
:1015D000D4F82031002BFBD00023C4F82031D4F8FC
:1015E00020310123E3604FF48073C4F80433CAE769
:1015F000CF170400251C040014020A000CA40400E8
:10160000643B04002DE9F84304464568884610F021
:10161000A6FE6368A8B92E4A127892B11F684FF0EF
:1016200040096426606810F027F800283ED10120A8
:1016300010F0F3FB013EF5D10021212006F05EF809
:10164000EFE721691F684FF04009EFF3118689F336
:101650001288BFF36F8F606810F00EF808B30B6844
:1016600053B1D3F8A4203AB1D3F8B420002A03DA56
:10167000D7F84C25C3F8B4206B685B0744BF4FF420
:101680008003C7F804332B6A83F80080296A01229B
:10169000204610F062F886F31188BFF36F8FBDE823
:1016A000F88386F31188BFF36F8FCEE7EFF31181D4
:1016B0000E4689F31288BFF36F8F60680FF0DCFF6E
:1016C0000028D9D181F31188BFF36F8FB4E700BF31
:1016D0003D7500202DE9F04F9946D0F804A003692C
:1016E000DAF800401D6885B0064602939AF8083083
:1016F0008846174673B15C495C4A5D4840F21A73EC
:101700000BF0C5FF5B480BF0C2FF584840F21A715E
:101710000BF0B4FF95F86130002B40F0A28095F8F3
:10172000623003F0FF01002B40F09B80B9F1FF3FD6
:101730006FD0B9F1040F6CDDDFF83CE14F4A4FF494
:1017400000404FF0050C99FBFCFCCCFB00E10023B2
:101750007046E6F741F84FF0000BC5E915B0C5E952
:101760001087C5E912BBE965C5F850B0DAF8042066
:10177000520755D5EFF311824021039281F312886D
:10178000BFF36F8F022130460FF0D6FF039A82F32A
:101790001188BFF36F8FDAF80420530740D595F80E
:1017A0006060002E3CD0BE4228BF3E46DAF81C10D6
:1017B0003246404611F0AFFDBF1B2DD195F8602099
:1017C000921BD2B285F86020DAF81C00811911F062
:1017D000B0FD029BBFF35B8F03F1180B5BE8003F8A
:1017E00043F004034BE80032002AF7D1BFF35B8FCC
:1017F00044F30734002C08DB6309214904F01F047B
:1018000001224033A24041F82320002005B0BDE86A
:10181000F08F002001469EE7B9F1FF3F12D1B0449E
:101820000023C4F83485C4F83875C4F81031D4F8EE
:101830001021C4F84C31D4F84C31012385F86130C3
:101840002360E2E7C4F808B1D4F80831D5E91623DB
:1018500000200021CDE9000105F1080006F0BEFDE1
:10186000DDE76FF00F00D1E731B004002BA40400D6
:101870002C5904005FA404003F420F0040420F00B7
:1018800000E100E0F7B5064605691C46EFF3118755
:10189000402383F31288BFF36F8F2B68D3F8A4C063
:1018A000BCF1000F07D087F31188BFF36F8F6FF083
:1018B0000F0003B0F0BDC3F8A4202B68C3F8A0103C
:1018C00001F06043B3F1005F2B6814D1C3F8A81096
:1018D0002B68C3F8AC20294630460FF057FF87F33A
:1018E0001188BFF36F8F73681B7D012B01D1631CBF
:1018F00006D10020DDE7C3F8B0C00FF09EFEEAE796
:101900000B480C4A2D6824EAE4744FF40046002189
:101910000023C4FB0601E5F75FFF683502460B466E
:1019200000200021CDE90001284606F057FDE0E740
:101930003F420F0040420F0070B40E49D1E900341D
:10194000D01AC31844F1000422F07F46C1E90034E4
:10195000A6F50013B3F5400F09D2074B1B681A0A0E
:101960001B069C19054B42F10005C3E9004570BCFC
:1019700006F06ABB18380020AC5D0020203800203B
:101980000D4B1868010A0006BFF35F8F0B4BD3F8AD
:101990000435181841F10001B3F5801F0AD2084B35
:1019A000D3E90023904271EB030303D210F180705E
:1019B00041F10001704700BFAC5D00200010014004
:1019C000203800202DE9F7432B4CD4F80433990735
:1019D0000BD5D4F8043143B1284A0023C4F80431AC
:1019E000D4F80431136801331360D4F80433DA03F4
:1019F00023D5BFF35B8F224B53E8002F22F0010168
:101A000043E800100028F7D1BFF35B8FD30702D45F
:101A1000D4F840318BB10025C4F84051D4F840319E
:101A2000FFF7AEFFEFF3108272B6164BD3E90267F1
:101A3000B042B94104D282F3108803B0BDE8F0830C
:101A40004FF0FF384FF0FF39C3E90289D3E90010A6
:101A50001D604FF48033C4F84833C4F84051D4F8C3
:101A6000403182F310880029E7D0009032463B468F
:101A700028468847E1E700BF00100140AC5D002028
:101A8000A45D0020083800202DE9F84F4B4DBFF32E
:101A90005B8F06460F4655E8008F28F0010345E8A6
:101AA0000032002AF7D1BFF35B8F454C4FF48039E9
:101AB000C4F80893BFF35F8FBFF36F8FFFF760FF2A
:101AC000B04271EB070308F0010840D23D4B301AD9
:101AD00067EB0101984271F100014CD23A4BD3E916
:101AE00002239F4208BF96423ED04FF0000CC4F83C
:101AF0004893C4F840C126F07F40D4F84031DFF865
:101B0000CCA0834603216FF0020E2BF07F43C4F874
:101B10004035C4F84493D4F80425AEEB02035B448B
:101B200023F07F4353451FD9D4F840315BB1D4F83B
:101B30000425131A23F07F43B3F5000F14D9C4F81A
:101B400040C1D4F8403101EB020B0131DDE7204BFD
:101B5000BFF35B8F53E8001F41F0010143E800121F
:101B6000002AF7D1BFF35B8F174B1A4A1A60C3E9FB
:101B7000026700225A60B8F1000F1CD0BFF35B8FE0
:101B800055E8003F43F0010345E80032002AF7D151
:101B9000BFF35B8F4FF48033C4F804330C4BBFF3B7
:101BA0005B8F1B68BFF35B8FDB0742BF0A4B4FF4B1
:101BB0000032C3F80021BDE8F88F00BFA85D002007
:101BC000001001400100800008380020FDFF7F0068
:101BD000A45D00203919030000E100E070B5194C44
:101BE000194BC4F80833C4F84833184B00254FF09C
:101BF000FF304FF0FF31C4F80855C3E902014FF43C
:101C00008033C4F80433124B02264FF40032C4F878
:101C100004630121C3F8802111202A46F1F74CFA10
:101C20001120F1F719FA01230A4AA3600021236069
:101C300009481360FFF728FF3046FEF79BF9284656
:101C400070BD00BF0010014003000F0008380020E5
:101C500000E100E0A85D0020FFFF7F00431C10B5FD
:101C60000F4C05D08442A8BF0446012CB8BF012404
:101C7000FFF786FE0B4AD2E90031C01AB0F5000F1B
:101C8000074A0AD22044904228BF1046C018BDE837
:101C9000104041F10001FFF7F7BE1046F6E700BF24
:101CA000FFFF7F001838002008B5FFF769FE024BE0
:101CB0001B68C01A08BD00BF183800202DE9F0418C
:101CC00012F0FC6FD0E90147066913460ED0424975
:101CD000424A43484FF47D730BF0D9FC41480BF066
:101CE000D6FC4FF47D713D480BF0C8FC02F0300289
:101CF000302A0CD13C49394A394840F2F7330BF0CD
:101D0000C6FC3A480BF0C3FC40F2F731EBE7384A27
:101D1000384D1A40AA420CD13749304A304840F277
:101D2000FB330BF0B4FC35480BF0B1FC40F2FB3157
:101D3000D9E703F00602042A09D13149274A284885
:101D400040F2FE330BF0A3FC40F2FE31CBE713F47C
:101D5000402216D09D030CD42A49204A204840F244
:101D600001430BF094FC28480BF091FC40F2014138
:101D7000B9E7B2F5402F18D0244A9A4301D183F431
:101D80004023246801258D40254223F4801219D177
:101D90001F49124A124840F211430BF078FC1D48CB
:101DA0000BF075FC40F211419DE71B490B4A0C48B2
:101DB00040F205430BF06BFC18480BF068FC40F256
:101DC000054190E73468DB074CBF2C43AC433460DB
:101DD0003B68BDE8F0411847C7A4040096A404007E
:101DE0002C59040036A504005AA5040093A504004C
:101DF0000200030002000100D0A504001DA604009B
:101E00006CA604009FA60400EEA6040001001000CA
:101E1000A2A70400E0A7040029A7040076A70400F5
:101E200010B5012303FA01F1436804691B681942E4
:101E30000ED10E490E4A0F4840F2A2630BF027FC68
:101E40000D480BF024FC0A4840F2A2610BF016FC8E
:101E50002368194203D022B183681B6903E0002A7A
:101E6000FAD08368DB68BDE810401847A2A70400D9
:101E700096A404002C590400E0A7040008B5034907
:101E800003480FF0D6FE6FF0150008BDF2A704005E
:101E9000D43A04002DE9F041114E0746884600254A
:101EA00027FA05F212F0010210D128FA05F3DB0738
:101EB0000ED531793068FFF7B3FF044640B10949C8
:101EC00009480FF0B6FE2046BDE8F0810122F0E798
:101ED0000135042D06F10806E2D10024F3E700BF26
:101EE000E44704000DA80400D43A040070B50D4C7A
:101EF0000026E2882068217942F40032FFF7DEFEF6
:101F0000054648B90136042E04F10804F1D1BDE8B4
:101F100070400F21FFF7BEBF034904480FF089FE50
:101F2000284670BDE447040023A80400D43A040006
:101F3000032810B50A4603D9BDE81040FFF79EBF3D
:101F4000074B03EBC00153F830000979FFF768FF36
:101F5000044618B1034904480FF06BFE204610BD3B
:101F6000E44704000DA80400D43A040002460B46DE
:101F7000014802F0EBBF00BF70130020014803F0DE
:101F8000B5B800BF701300201FB500230D4C01939E
:101F90000A220293CDF80B300091014601A811F0FE
:101FA0000CFA094909484FF4AC7322460BF06FFB59
:101FB0000748009A01A90BF06AFB4FF4AC71204668
:101FC0000BF05CFB51A8040031B004002C59040054
:101FD0008AA8040010B503460A46114881680C68B7
:101FE00064B91049104A11485D230BF050FB1048AA
:101FF0000BF04DFB0C485D210BF040FB1946A04750
:1020000068B10C490C4A09484FF435730BF03FFB9B
:102010000A480BF03CFB08484FF43571ECE710BD63
:102020007C360400E6A80400B2A804002C59040081
:1020300006A90400039B040051A804002CA9040075
:1020400008B50A490A4810F07AF900280CDA09495B
:10205000094A0A482F230BF01AFB09480BF017FB1B
:1020600005482F210BF00AFB08BD00BFB45D00201E
:10207000404D002031B0040066A904002C59040032
:102080008FA90400094B93F80031042B02D181077A
:1020900009D47047022B02D1020704D47047082BE1
:1020A00003D1830601D5FFF7CBBF7047F471002041
:1020B0002DE9F0418AB0064600AF3A480D463A494C
:1020C00003F0D8FD07F11400CFF764FA6C4688B02E
:1020D0006A46364B5361364B93614FF400739383DA
:1020E000344B42F8103F3449344807F11403EEF7FB
:1020F0009BFDA546324810F036F858B9314A2F48B2
:1021000001210BF08FFF6FF0120420462837BD46E7
:10211000BDE8F0812C4BBB6007F10800CFF77EFAD9
:10212000034638B1294A254801210BF084FF6FF09E
:102130001504EAE74FF0FF304FF0FF31FFF716FFCD
:1021400004460028E1D122492248CFF7E1F90446AC
:1021500010B1FFF713FFD8E741F64C5807F10C0018
:10216000C7F80C80E5F757FF20B1FFF707FF6FF0C6
:102170008504CAE70123381D3B71E5F744FF0028B9
:10218000F3D107F11000C7F81080E5F74CFF0028E5
:10219000EBD1FFF7F3FE33690F481D60F2F780F9CA
:1021A000B3E700BFB45D0020DF1C04001257040039
:1021B000B2A9040003000001C01C4001A43A0400BD
:1021C0007C360400D9A90400D51F0300F9A9040036
:1021D00028380020E12203008520030030B53D4867
:1021E00087B0CFF775F8044600286DD10125CFF7E9
:1021F000E3F9CFF7EDF9CFF7F7F9E5F709FBE5F7E5
:1022000005FBE5F707FBE5F707FBE5F707FBE5F758
:1022100007FB03AA294620468DF80C50CFF7A4F8F7
:10222000002850DB03AA022120468DF80C50CFF77E
:102230009BF8002847DB082303AA07212046ADF8B6
:102240000C30CFF791F800283DDB4FF0FB130393E0
:1022500003AA40F2032303212046ADF81030CFF744
:1022600083F800282FDB03AA042120468DF80C50A8
:10227000CFF77AF8002826DB1F2303AA0621204681
:10228000ADF80C30CFF770F800281CDB032303AA4D
:10229000052120468DF80C30CFF766F8002812DBB8
:1022A00041F21653984212DD0B4A009029460B4822
:1022B0000BF0CBFE84F31188BFF36F8F0423184615
:1022C00002DF6FF00B000446204607B030BD204609
:1022D000F9E700BF891F03001DAA0400A43A040007
:1022E00073B54A4C94F8003133B394F80031042BA1
:1022F0005DD120783E2832D0FF2836D00025637883
:10230000FF2B37D14FF48073009340F20113404A02
:10231000404801210BF099FE3F4A3E486FF00B0305
:1023200001210BF088FE002383F31188BFF36F8F28
:102330000423184602DF26E04FF0FF304FF0FF3154
:10234000FFF714FE48B904F58071204600F0D2FB77
:102350000546FFF713FE002DC7D002B070BDA5786B
:10236000022D14BF00250125C9E7A57805F0FD055C
:10237000802DF6E7002200232946F2F79FF8064653
:1023800048B9002DE9D0002384F8003102B0BDE83F
:102390007040FFF755BE62781C4902320C300CF0D9
:1023A000FCF91E4B1B6831461D489847EBE7022B92
:1023B00010D1002200230820F2F726F80546002855
:1023C000CBD063880433B3F5807F0FD94FF480728C
:1023D00000929CE7082B13D1002300222020F2F763
:1023E00013F8638805460028ECD1B6E707491A467A
:1023F00005F10C000CF0D1F9084B29461B68D3E716
:10240000084A044801210BF016FEBCE7F4710020D5
:1024100040AA0400A43A04009AAA0400B05D002077
:10242000BC36040061AA0400F7B5804E3378044638
:10243000002B40F0598304238DF807307C4B05882E
:102440001F68B7B10DF106030DF10702711CB84703
:1024500001280ED09DF80630002B40F05B819DF8DE
:102460000730B3700E2201237270F370B580B07123
:1024700059E1B5F5105F4FEA95230AD2002B4ED0F3
:10248000013B072B08D8DFE803F00907367A070776
:1024900007C13F2B00F01B82012055E0204640F28F
:1024A000064230F9033B93420FD040F21D42934263
:1024B0001ED0012040F206439D4200F02B8140F2E5
:1024C0001D439D4200F026813EE0E5F71EFE42F2EC
:1024D00064039D4240F2DF8242F285039D4233D87D
:1024E00042F267039D4200F2E88242F26603E8E7A7
:1024F000E5F70DFEEBE7204640F6634230F9033B7B
:10250000934230D00DDC40F6034293421FD040F698
:102510002D4293421ED040F60142934212D0012038
:10252000F8E040F67B42934220D040F67C42934252
:10253000F5D19DF807303F4902338DF80730E5F7B4
:10254000BBFC01E0E5F7AAFC0128E8D087E7CFF75C
:1025500049F9F9E79DF80730364903338DF807301C
:10256000E5F7A1FCF0E7E5F7A0FCEDE79DF8073003
:10257000304904338DF80730E5F79CFCE4E7238805
:10258000A3F58053013B082BC9D801A252F823F0D0
:10259000B5250300C7250300DB2503001F25030025
:1025A0001F2503001F2503001F2503001F2503000F
:1025B000FB2503009DF807301E4808338DF80730CF
:1025C000E5F74AFDC0E79DF807301A4840338DF81B
:1025D00007300FF086FB002041E79DF807300833F5
:1025E0008DF80730134B00221A605A60F37A23F0FB
:1025F000600343F06003F372EDE79DF807300D4888
:1026000006338DF80730E5F729FD9DE7204642F2B5
:102610004E0130F8033B1AB28A4242F264016BDC8D
:10262000B2F5005F08DC8D425EE000BFF57200206D
:10263000C45D0020FC720020A3F50053013B4D2B2C
:102640004FD8DFE813F0600075007E004E00870071
:102650008A008D00960099009C009F00A200A500B2
:10266000A8004E004E004E004E00AB00AE00B10080
:10267000BA00BD00C600CF00D200DB00E4004E006F
:102680004E004E004E004E00F300FC0005014E00CF
:102690004E0008010B010E0111014E004E001A01FF
:1026A0001D0120012901320135014E004E004E006E
:1026B0004E004E004E004E004E004E004E004E00AA
:1026C0004E004E004E004E004E004E004E004E009A
:1026D0004E004E004E004E004E0038014E004E009F
:1026E000410142F264039D423FF419AF40F2E3819D
:1026F00042F285030120F1E642F27C039A4292D134
:10270000E5F701FD01E0E5F7ABFC42F264039D4211
:102710007FF4DDAE0F2373700423B3700123F070D8
:102720003371A6F8055001233370002003B0F0BDCB
:102730009DF80730CF4803338DF80730E5F795FC57
:10274000E3E79DF80730CB4808338DF80730E5F70D
:102750008EFCDAE7E5F78DFCD7E7E5F78CFCD4E7EC
:102760009DF80730C34801338DF80730E5F785FC45
:10277000CBE7E5F784FCC8E7E5F783FCC5E7E5F7B9
:1027800082FCC2E7E5F781FCBFE7E5F780FCBCE728
:10279000E5F77FFCB9E7E5F77EFCB6E7E5F77DFCFA
:1027A000B3E7E5F77CFCB0E79DF80730B1490733A4
:1027B0008DF80730E5F775FCA7E7E5F774FCA4E7AB
:1027C0009DF80730AB4910338DF80730E5F76DFC05
:1027D0009BE79DF80730A74808338DF80730E5F7E9
:1027E00066FC92E7E5F765FC8FE79DF80730A149A5
:1027F00002338DF80730E5F75EFC86E79DF8073079
:102800009C4902338DF80730E5F759FC7DE79DF8C8
:10281000073008338DF80730FF23F371F37242F26B
:1028200064039D4240F03181002073E79DF807303A
:10283000904902338DF80730E5F745FC65E79DF8D0
:1028400007308C4804338DF80730E5F73EFC5CE731
:10285000E5F73DFC59E7E5F73CFC56E7E5F73BFCBF
:1028600053E7E5F73AFC50E79DF80730814801331C
:102870008DF80730E5F733FC47E7E5F732FC44E72E
:10288000E5F731FC41E79DF807307A4808338DF8C9
:102890000730E5F72AFC38E79DF80730754904331F
:1028A0008DF80730E5F723FC2FE7E5F722FC2CE74E
:1028B000E5F721FC29E79DF807306E4802338DF8D3
:1028C0000730E5F71AFC20E7E5F719FC1DE720467D
:1028D0004FF60B4230F8033B934223D8B3F57C4FBD
:1028E00001D801206CE0A3F57C43013B0A2BF8D80A
:1028F00001A252F823F000BFB1290300CD29030043
:10290000E3280300E3280300E32803001B2A030055
:10291000E3280300E3280300F7290300092A030042
:10292000212A030003F2FE2292B21B2AD9D8A3F572
:102930007D43023B1B2BD4D801A252F823F000BFE9
:10294000332A0300392A03003F2A0300452A0300E3
:10295000E3280300E3280300E32803004B2A0300D5
:10296000E3280300E3280300512A0300E3280300BF
:10297000E3280300E3280300E3280300E32803001F
:10298000572A0300E32803005D2A0300E32803001D
:102990006F2A0300E3280300E3280300E328030071
:1029A000E3280300792A03007F2A0300852A030015
:1029B0009DF807302F480C338DF80730E5F77EFA85
:1029C00025F008034FF6025293427BE59DF807304D
:1029D00040338DF80730274B00201880F37923F01F
:1029E000230343F02303F371337A23F0070343F007
:1029F00007033372E4E79DF807301E4817338DF85C
:102A00000730E5F777FADBE79DF807301948203300
:102A10008DF80730E5F792FAD2E7E5F769FACFE7E4
:102A20009DF80730134801338DF80730E5F7A3FA16
:102A3000C6E7E5F7B6FAC3E7E5F7E5FAC0E7E5F775
:102A4000E4FABDE7E5F7E7FABAE7E5F7E6FAB7E74C
:102A5000E5F7E7FAB4E7E5F7E6FAB1E79DF80730FE
:102A6000044904338DF80730E5F7DFFAA8E7E5F706
:102A7000EBFAA5E7FC720020E5F7E8FAA0E7E5F736
:102A8000E7FA9DE7E5F7E6FA9AE703D942F285030C
:102A9000002023E5002042F219039D4218D842F29B
:102AA0000C039D427FF606ADA5F500530D3B9BB28E
:102AB00041F2412206E00120EDE7A5F50153283B54
:102AC0000B4A9BB222FA03F3DB077FF53DAD21E60B
:102AD00042F232039D423FF41DAEA5F50153033B84
:102AE000012B3FF631AD15E64FF0FF301EE600BF7B
:102AF0002F80402038B5094C23780D461BB9BDE81E
:102B00003840E5F7BBB9A278611C023210F003FC33
:102B10000020042320702B7038BD00BFF572002008
:102B200070B506460C460F4D28460FF01CFBA8B1A9
:102B3000A2B2AB681B6863B90B490C4A0C485D2311
:102B40000AF0A5FD0B480AF0A2FD08485D210AF035
:102B500095FD31462846BDE8704018476FF01200D9
:102B600070BD00BF7C360400E6A80400B2A80400D3
:102B70002C59040006A9040002484FF4007105F026
:102B800067BF00BF3D7300201FB500230D4C0193AC
:102B90000A220293CDF80B300091014601A810F0F3
:102BA0000CFC0949094840F2411322460AF06FFD26
:102BB0000748009A01A90AF06AFD40F24111204637
:102BC0000AF05CFDF2AA040031B004002C590400A4
:102BD0001FAB040037B53223ADF80430154A00238B
:102BE0000125192168468DF80630ADF800508DF8A2
:102BF0000230E4F7F3F90446C8B90EF009FB80B2DD
:102C0000E3F706FE0C482946E9F7C6FD044670B90D
:102C100001462A460820F0F74FFA2A4621460B20A3
:102C2000F0F74AFA2A4621462846F0F745FA2046A8
:102C300003B030BD892B0300C85D002008B54FF0FC
:102C4000FF304FF0FF31FFF791F948B107490848CD
:102C5000084ADA230AF01BFD0648DA210AF00EFDC5
:102C6000E9F78DFEBDE80840FFF788B936AB0400F0
:102C70002C590400F2AA040008B50A490A480FF0CA
:102C80005EFB00280CDA0949094A0A482F230AF09A
:102C9000FEFC09480AF0FBFC05482F210AF0EEFC77
:102CA00008BD00BFF85D0020404D002031B0040099
:102CB00066A904002C5904008FA9040037B50D4DF6
:102CC0000D49002400946FF009034FF480622846F8
:102CD00003F00EFA094928460FF047FB0849094856
:102CE00002F0C8FF224604211920F0F7E5F920463A
:102CF00003B030BD404D0020009C002043AB0400D9
:102D00003D2C0300F85D00200346024A02480221E0
:102D10000BF091B957AB0400343B040010B9024BDF
:102D20001B681847FFF7F0BF085E002010B538B1E8
:102D300001280BD1BDE810400B490020E3F790BCFF
:102D40000A4BBDE810401B68012018470849094A92
:102D500009484C230AF09BFC08480AF098FC0548F7
:102D60004C210AF08BFC00BF1D2D0300085E0020E3
:102D700031B0040073AB04002C590400B0AB040064
:102D800008B598B1012804D1BDE808400020E3F758
:102D900083BC0749074A08485F230AF078FC0748C4
:102DA0000AF075FC03485F210AF068FC08BD00BF0B
:102DB00031B0040073AB04002C590400B0AB040024
:102DC000014B186000207047085E002038B5304C79
:102DD000237E83420D4609D02E492F4A2F48602377
:102DE0000AF055FC60212C480AF048FCBFF35B8FC9
:102DF000236CBFF35B8F2BBB09293DD8DFE801F0C3
:102E0000053C3C3C3C24241F3C22236AD3E900209F
:102E10009047012808D0224B984203D00223E06358
:102E200084F834301F480EE042F21073236303230A
:102E300084F834301C4B84F82900A363F2E714486B
:102E400002F096FB002038BD002384F82930207E54
:102E5000164B15492363E9F7E0FC04460028F1D03E
:102E60000D4A13490D4858230AF011FC2146114818
:102E70000AF00DFC5821B6E7074A0F49074893238B
:102E80000AF005FC29460D480AF001FC9321AAE747
:102E90000C5E00200AAC0400D0AB04002C590400E6
:102EA0001F646602405E0020305E0020FF3F420F3C
:102EB0002CAC040035AC040031B0040058AC040064
:102EC0000248012200210FF0D5B900BF0C5E00209E
:102ED000014BD861704700BF0C5E002070B54FF009
:102EE000FF3106464FF0FF30FFF740F8054648B186
:102EF0004D494E4A4E48BF230AF0C9FBBF214B48FB
:102F00000AF0BCFB4B494C48E3F776FF0446FFF759
:102F100035F8002C08DA4948494A234601210BF0CC
:102F20008AF86FF00B0070BD464C40F20113238508
:102F3000E36926626433E36242F2107323636FF045
:102F4000730384F82450E36304F14006BFF35B8FFE
:102F500056E8003F46E80052002AF9D1BFF35B8FE4
:102F6000A3683BB13849314A3148D5230AF08FFB79
:102F7000D521C4E74FF0FF304FF0FF31FEF7F6FFE9
:102F800038B12949294A2A48D8230AF080FBD82198
:102F9000B5E7207E04F12401E9F73FFC054658B16E
:102FA000224A2A492248DA230AF071FB2946284896
:102FB0000AF06DFBDA21A2E7FEF7E0FF254A0023C5
:102FC000204602F059FB00280FDA234A1B48012152
:102FD0000BF028F8BFF35B8F012356E8002F46E87B
:102FE00000310029F9D1BFF35B8F4FF0FF304FF074
:102FF000FF31FEF7BBFF38B10B490C4A0C48E52303
:103000000AF045FBE5217AE7207EE9F7E8FBFEF7C9
:10301000B5FFBFF35B8F236CBFF35B8F13B1094820
:1030200002F0A4FBE06B7EE736AB0400D0AB0400FB
:103030002C590400245E0020CD2D0300EC3A04003E
:1030400070AC04000C5E002096AC04002CAC0400B4
:1030500035AC0400447B0B00229B0400074B01228B
:103060001A64D3F84035B3FBF0F01844044BDB6925
:10307000984234BF00200120704700BF008000400C
:103080000C5E00204FF08053D3F83021082A06D17F
:10309000D3F83431052B02D8024AD05C70470020A7
:1030A000704700BFD8AC0400024AD2F80034002BAD
:1030B000FBD0704700E0014010B54FF08053D3F8CB
:1030C0003021082A4ED14FF080420021C2F80C1165
:1030D000C2F81011C2F8381502F54042D3F80414B2
:1030E000C2F82015D3F80814C2F82415D3F80C142C
:1030F000C2F82815D3F81014C2F82C15D3F81414FC
:10310000C2F83015D3F81814C2F83415D3F81C14CB
:10311000C2F84015D3F82014C2F84415D3F824148B
:10312000C2F84815D3F82814C2F84C15D3F82C145B
:10313000C2F85015D3F83014C2F85415D3F834142B
:10314000C2F86015D3F83814C2F86415D3F83C14EB
:10315000C2F86815D3F84014C2F86C15D3F844349B
:10316000C2F87035FFF78EFF18B13A4B3A4AC3F8F0
:103170008C26FFF787FF18B1384BFB22C3F81825C0
:10318000FFF780FF70B14FF080414FF08053D1F8CE
:10319000E42ED3F8583222F00F0203F00F0313434A
:1031A000C1F8E43EFFF76EFF20B12D4B4FF40072E3
:1031B000C3F840264FF08053D3F83031082B1AD192
:1031C0004FF08043D3F80024D20744BF6FF00102D0
:1031D000C3F800244FF08053D3F83431052B02D8C4
:1031E000204AD35C3BB14FF01023D3F808224FF0B4
:1031F0008043C3F858254FF01023D3F80022002A4B
:1032000003DBD3F80432002B22DA174901234FF0F5
:103210001020C1F804351224FFF746FFC0F8004221
:10322000FFF742FFC0F80442FFF73EFF0023C1F85A
:103230000435FFF739FFBFF34F8F0C490C4BCA68B9
:1032400002F4E0621343CB60BFF34F8F00BFFDE792
:1032500010BD00BF005000404881030000F0004056
:1032600000900240D2AC040000E0014000ED00E01C
:103270000400FA05014B1860704700BF505E002043
:1032800010B50A4B1868144648B9094909480A4A52
:103290003B230AF0FCF908483B210AF0EFF90EF055
:1032A000BEFD0028A4BF2070002010BD505E00208D
:1032B0001AAD04002C590400DEAC0400024A0123BC
:1032C0008340C2F80435704700F00140034A4309C7
:1032D00000F01F00D35C1844C0B2704751AE040028
:1032E00010B504460846FFF7F1FF00B204EB4000BA
:1032F000838ADA051CD5C3F3432123F4F853838270
:1033000004F1120204F1720032F8023F13F4807FDC
:1033100003D0C3F3432399420AD09042F4D104EB83
:10332000C10300225A6004F178000EF096FD00B946
:1033300010BD06490648074A4FF4DB730AF0A7F9A7
:1033400004484FF4DB710AF099F900BF039B0400B5
:103350002C5904006FAD040008B502680146104600
:103360000EF0AEFD58B91149114A12484FF474736A
:103370000AF08DF94FF474710D480AF07FF902F0EC
:103380001F0352090B600BD0012A0CD00A49084ACE
:10339000084840F2D9330AF07AF940F2D931EBE724
:1033A0004FF0A04008BD0548FCE700BF8DA3040016
:1033B0005AA304002C59040031B00400000300504B
:1033C000072808B50BD908490848094A40F2A7332D
:1033D0000AF05DF9064840F2A7310AF04FF9800083
:1033E00000F5807008BD00BF65AD04002C590400D5
:1033F00030AD0400034611F0010030B5CCB213D15A
:10340000A207C4F3400020D5124AD2F82005586024
:103410004FF08053C2F82005D3F83031082B15D077
:10342000003818BF012010E04FF0A0414FF0805548
:10343000D1F820251A60C1F82025D5F83051082D83
:1034400008BFD1F82015002ADAD030BDD2F82035D7
:10345000E6E700BF00030050F7B504460846FFF753
:1034600035FF06B204EB46060D46B38ADB072BD5C3
:1034700020460EF017FE294620460EF033FD58B1C7
:1034800020460EF05DFD276800B207EB80030022A6
:10349000C3F81025C3F81025204629460024FFF75D
:1034A0001FFFB48201A80195FFF756FF019B00EBB7
:1034B0008300074BD0F80027134043F00203C0F805
:1034C0000037204603B0F0BD6FF01500FAE700BFEB
:1034D000F0F8FCFF2DE9F0430E4685B01746044690
:1034E00058B95C495C485D4A40F23A430AF0CFF86B
:1034F0005A4840F23A410AF0C1F80846FFF7E6FEA2
:10350000D7F800800546B8F1000F1AD020460EF01B
:103510000CFD28BBCDE900008DF80E008DF80F00E2
:1035200043460DF10F020DF10E0130460EF031FD54
:103530002AB204EB4202938A23F0020343F0010310
:1035400093827B68002B34D03146204693F800806C
:10355000D3F804900EF0DEFC28B1B9F1000F1FD0B3
:103560006FF0150028E028B204EB4000838A23F4B2
:10357000604323F020038382B9F1000F10D0B8F12B
:10358000030FEDD87B6821685B6893F800C001EBFE
:103590008C01B8F1000F12D1C1F81085C1F8108567
:1035A0002AB204EB4202938A23F01C0343EA880305
:1035B0009382BB684BBB002005B0BDE8F083D1F817
:1035C000102522F00302C1F81025226802EB8C03BB
:1035D000D3F8102522F44F3222F44072C3F810259C
:1035E0003202D3F8101502F47C5242EA08420A4330
:1035F000C3F8102504EB4C03A3F87C60838A43EAEC
:103600004C3343F020038382CAE7D3E90078314684
:103610002046FFF765FE002FCDD063689F4206D09D
:1036200004F178000EF0FBFB002804DAC4E7A3687D
:103630009845F5D1002004EBC003C3E901782DB211
:1036400004EB4505C0B2AB8A43EA402343F48073E0
:10365000AB82B0E731AE04002C5904006FAD04001A
:103660002DE9FF410C4617461E46054658B93E490E
:103670003E483F4A40F244430AF009F83C4840F2D1
:10368000444109F0FBFF0846FFF720FE804627B3C0
:1036900028460EF03FFC18B928460EF023FC18BB54
:1036A000214628460EF029FC10B17B78012B1BD057
:1036B00001238DF80F300023CDE900737A1CBB1C69
:1036C0000DF10F0120460EF064FC0FFA88F305EBB4
:1036D00043039A8A42F003029A82002E41D0214687
:1036E00028460EF017FC20B96FF0150004B0BDE8B5
:1036F000F08137782B6803EB87030022C3F810258D
:10370000C3F810250FFA88F205EB42024FEA870C46
:10371000938A23F4604323F020039382707800B3EC
:103720002968B67861440004D1F8103523F4991360
:1037300023F4F853C1F81035230200F4403003F4A9
:103740007C5303433005D1F8105500F48010034337
:103750002B43C1F81035938A43EA473343F02003E3
:1037600093820020C2E700BF31AE04002C59040050
:103770006FAD040008B558B907490848084A40F237
:103780004D4309F084FF064840F24D4109F076FFB1
:10379000C0E9031208BD00BF31AE04002C5904007B
:1037A0006FAD040070B51546044658B91349144A64
:1037B000144840F2564309F06AFF40F2564110485F
:1037C00009F05CFF4AB910490D4A0E484FF44573A1
:1037D00009F05DFF4FF44571F1E70EF083FB48B14E
:1037E0000846FFF773FD04EB40040020A38A5B0B3F
:1037F0002B7070BD6FF01500FBE700BF31AE040009
:103800006FAD04002C5904003CAE0400F8B5054629
:1038100058B91B491B481C4A40F2644309F037FF62
:10382000194840F2644109F029FF90F88C4024BB0C
:103830006022214614300FF096FD2E682746E0B234
:10384000FFF7BEFDA0F580739B081F2B08BF375004
:1038500004F1010408BF3358082CF0D10024C6F845
:103860007C4146F30730D6F87C31EFF7F5FB0123B6
:1038700085F88C30AB672046F8BD6FF07700FBE72A
:1038800031AE04002C5904006FAD040008B558B9DE
:1038900008490948094A40F26B4309F0F8FE074815
:1038A00040F26B4109F0EAFE90F88C00003818BF36
:1038B000012008BD31AE04002C5904006FAD040096
:1038C00008B558B907490848084A40F2794309F051
:1038D000DEFE064840F2794109F0D0FEBDE808401E
:1038E000FFF7BABD31AE04002C5904006FAD0400DF
:1038F00008B558B908490948094A4FF4906309F0D6
:10390000C6FE07484FF4906109F0B8FEBDE80840D4
:1039100004480EF0A2BA00BF31AE04002C590400D6
:103920006FAD04005411002010B50C4658B90A4977
:103930000A480B4A40F2874309F0A9FE084840F2C2
:10394000874109F09BFE07480EF069FA0028A4BFE2
:103950002070002010BD00BF31AE04002C590400BF
:103960006FAD0400541100202DE9F3410D461646B9
:10397000044658B939493A4A3A4840F2045309F0E2
:1039800086FE40F20451364809F078FE0EF0B5FA92
:1039900048B93549324A334840F2114309F077FEBD
:1039A00040F21141EFE720460EF09CFA276800B381
:1039B00020460EF0AFFA8046D8B920460EF0C0FA85
:1039C0000546FFF7FDFC47F800803B5823682AB204
:1039D00003EB8203D3F8102542F00102C3F810254F
:1039E00026B122680123AB40C2F8043302B0BDE81F
:1039F000F081D7F80433002BA4BF4FF00043C7F881
:103A000004334EB91949164A164840F22B4309F0BF
:103A10003EFE40F22B41B6E72846FFF757FC04EB89
:103A20004004A38AC3F38203042B12D0052B12D0C7
:103A300001A80195FFF790FC019BD0F81015D94023
:103A400001F001010231284602B0BDE8F0410EF05C
:103A5000EDBA0321F7E70221F5E700BF31AE04001C
:103A60006FAD04002C59040010AE040046AE0400F3
:103A700008B558B907490848084A40F20B5309F0FD
:103A800006FE064840F20B5109F0F8FDBDE808407B
:103A90000EF008BB31AE04002C5904006FAD0400D9
:103AA0002DE9F04F804689B058B975497548764A76
:103AB0004FF4C76309F0EBFD73484FF4C76109F099
:103AC000DDFD8146082259F804BBDBF80413C9B2B6
:103AD00041F0004158460EF0B8FA051E2BDA0023DB
:103AE000032106A8CDE90633FFF784FC674B019359
:103AF0000DF1180A0023019A009312F8013B644962
:103B00000192DA0803F007038A5C22FA03F3DA076A
:103B10001AD4009B0AF1040AA3B14FF0004100221D
:103B200058460EF092FA032106A8FFF763FC00281E
:103B3000DCD125F000450124002D40F08A8009B039
:103B4000BDE8F08F0123D6E7009B524A134402934D
:103B5000DAF800100029DCD0029B91FAA1F11C7860
:103B6000B1FA81F141EA44142046FFF7AFFB08EBBC
:103B700040000594878AC808BB081AF80020039300
:103B800001F00701012303FA01F122EA01020AF818
:103B9000002005A8FFF7E0FB059A039B02F5E07201
:103BA000C7F3820650F822205B073746C2F3014272
:103BB00033D5D6B221463A4648460EF0CBF905A891
:103BC0000594FFF7C9FB059B03F5E07350F823301C
:103BD000C3F301439E4207D1002120460EF026FA8E
:103BE000314620460EF022FA05A80594FFF7B4FBF3
:103BF000059B012202FA03F3C0F820354FF08053F1
:103C0000D3F83031082B01BFD0F82035D0F820355B
:103C1000D0F82035D0F820359AE7022A0DD10321BB
:103C200020460EF003FA06F00503012BDCD13A46DC
:103C3000214648460EF08EF9D6E70221204603922F
:103C40000EF0F4F9032EF2D0039A032ACCD1022EFF
:103C5000ECE795FAA5F3B3FA83F304FA03F225EA45
:103C6000020503F5A27208EB43035BF82220B3F8C8
:103C70007C10C2F3014248460EF06CF95CE700BFCD
:103C800031AE04002C5904006FAD040061AE040095
:103C90001448040061AE0400044AD2F80034DB0783
:103CA000FBD50160BFF35F8F704700BF00E00140AC
:103CB00008B54FF080531A6959694A43904208D2B7
:103CC0001A69B0FBF2F302FB130363B16FF00C004F
:103CD00016E00C490C480D4AD12309F0D8FC0B48DA
:103CE000D12109F0CBFC0A4B0222C3F80425C3F80A
:103CF0000805D3F80024D207FBD50020C3F804053B
:103D000008BD00BFCEAE04002C59040063AE040011
:103D100000E00140F8B50D46012104460EF0E5F93A
:103D200058B91249124A134840F27F1309F0AFFC08
:103D300040F27F110E4809F0A1FC14F0030709D0EE
:103D40000D490B4A0B484FF4C07309F0A0FC4FF427
:103D5000C071EFE7094E0123C6F804352946204615
:103D6000FFF79AFFC6F80475F8BD00BFE8AE04007F
:103D700063AE04002C59040002AF040000E00140CF
:103D800070B5114D6C6BA4B14FF47A735C430A2388
:103D9000B4FBF3F40D4ED6F800316BB995F8393019
:103DA00053B90A200EF039F8013CF4D16FF07300DA
:103DB00070BD4CF25034EDE795F8393003F0FF0058
:103DC000002BF5D0F2E700BF545E002000900240C7
:103DD000084B10B500220124C3F80045C3F80021A8
:103DE0001C6028B1FFF7CCFF18B9034B83F83840AB
:103DF000002010BD00900240545E002070B53E4C83
:103E000094F830504DB93D493D4A3E48762309F07B
:103E10003EFC76213A4809F031FC38B93A49384A33
:103E20003848772309F033FC7721F3E700F0604648
:103E3000B6F1005F5AD1860758D1012D05D09D42B9
:103E400057D194F83850002D53D0304D022B0BBF72
:103E5000C5F81025C5F80425C5F81405C5F80805EA
:103E60000CBFC5F81815C5F80C154FF0000684F8FE
:103E7000396026680CBF08250425BEB994F838308F
:103E80006BB1224B05F1804505F524350022C3F8BE
:103E9000002101232B60BDE87040FFF771BF0120B6
:103EA000FFF796FF10F1740FEBD170BDA66826B135
:103EB000E0606161E2610020F7E7A261134A84F8E3
:103EC00030300123A0602161C2F80061C2F80433E0
:103ED00094F8382002F0FF0012B9FFF779FFEAE703
:103EE00005F1804505F524352B60E4E76FF00C0003
:103EF000DBE76FF00F00D8E7545E002067AF0400E7
:103F00002BAF04002C59040093AF04000090024032
:103F1000084B9A685A621A699A629A69DA62DA6890
:103F20009A6032B15A691A61DA699A610022DA60DC
:103F300070477047545E002008B543090DD0012B2F
:103F40001FD014491448154A4FF4747309F09FFBAD
:103F500012484FF4747109F091FB4FF0FF33C340E6
:103F6000DA07EED54FF0A04202EB80020C4BD2F8FC
:103F70000007034043EA012343F00203C2F800377D
:103F800008BD00F01F004FF6FF73C340DB07D8D514
:103F9000044AE9E78DA304002C5904005AA3040045
:103FA000F0F8FCFF0003005010B50E4B0238D3F8B8
:103FB0003C26D3F83836072813D8DFE800F0110F75
:103FC0000D0B0A080604100EC871100C8871100A37
:103FD00048710A711A0ECA701A0C8A701A0A4A704D
:103FE0000B7010BD00900240023807281FD8DFE890
:103FF00000F02927251123211F04CB791B068A797C
:1040000043EA02434A7943EA02230A7913430E4AF8
:10401000C2F83C36CB781B068A7843EA02434A78DA
:1040200043EA02230A781343074AC2F83836704736
:104030000023E4E70023E5E70023E6E70023EBE7BE
:104040000023ECE70023EDE7009002400268154BE7
:10405000FF2A08BF4FF0FF32C3F824254268FF2A29
:1040600008BF4FF0FF32C3F828258268FF2A08BF37
:104070004FF0FF32C3F83025C268FF2A08BF4FF067
:10408000FF32C3F834250269FF2A08BF4FF0FF3220
:10409000C3F838254269FF2A08BF4FF0FF32C3F842
:1040A0003C2570470090024030B5194D0FCD8DB0C2
:1040B00006AC0FC495E8030084E803001549D1F865
:1040C0002435DBB20093D1F82835DBB20193D1F867
:1040D0003035DBB20293D1F83435DBB20393D1F83B
:1040E0003835DBB20493D1F83C3506A8DBB2059332
:1040F000FFF7ACFF0023C1F8003101230B60D1F8BA
:104100000031002BFBD06846FFF7A0FF0DB030BD9B
:10411000B03C04000090024070B590F8293004468D
:1041200013B190F82A206ABB6068FF286BD0A268A0
:10413000FF2A68D0E268FF2A65D02269FF2A62D090
:10414000D3B90321FFF7F8FEA0680321FFF7F4FEBF
:10415000E0680321FFF7F0FE20690321FFF7ECFE82
:104160006069FF2802D00321FFF7E6FEA069FF285F
:1041700002D00321FFF7E0FE94F82A3013B9201D86
:10418000FFF764FF214E636A736394F8293086F861
:104190003A304FF080531E4DD3F83031082B04D104
:1041A0000123C5F80833FFF77FFF2368C5F84035C2
:1041B000A37F617F227F9B0143EAC1031343E27F18
:1041C00043EAC213C5F84435D5F8002694F82030E8
:1041D00022F07F4222F0FF02134394F8212043EAA9
:1041E000026394F8222043EA426394F8232043EACE
:1041F0000273C5F8003633680BB9002070BD292062
:10420000EEF72AFFF9E76FF01500F7E7545E00209C
:10421000009002400A4B002283F83820094B01210C
:104220004FF08050C3F808131961D0F83001082806
:1042300008BF5965C3F80025C3F80021704700BFC7
:10424000545E00200090024010B558B90F49104844
:10425000104A40F2A71309F01AFA0E4840F2A711CB
:1042600009F00CFA0C4C94F8303063B9C4E9001230
:10427000FFF752FF30B9C4E90200012384F830305F
:1042800084F8380010BD6FF07700FBE7ABAF040097
:104290002C5904002BAF0400545E00202DE9F0419E
:1042A000DFF8CC80064698F830000F46144658B91F
:1042B0003049314A314840F2F11309F0E8F940F24F
:1042C000F1112D4809F0DAF901284DD198F838306C
:1042D000002B37D02A4D0123C5F808334FF0805307
:1042E000D3F83031082B01D1FFF7DEFE1FB1707813
:1042F0003946FFF779FE002788F83970C5F8007154
:10430000B37872781B0343EA022332781343F278BE
:1043100043EA4233327943EA8233727943EAC23361
:10432000C5F83436FFF72CFD743013D133796BB9EF
:104330001449114A114840F2232309F0A8F940F228
:104340002321BEE7FFF744FD7430C3D16FF0730043
:10435000BDE8F081C5F800710CB90020F8E770786D
:104360002146FFF721FEF8E76FF00F00F0E700BFEE
:10437000545E002067AF04002BAF04002C590400EA
:1043800000900240B4AF040008B50D4B93F8302004
:104390005AB90C490C480D4A40F2E92309F077F963
:1043A0000A4840F2E92109F069F993F838301BB95D
:1043B000BDE80840FFF70CBD6FF0770008BD00BFF7
:1043C000545E002067AF04002C5904002BAF04009A
:1043D00008B50C4B93F830305BB90B490B480C4ACD
:1043E00040F2F52309F053F9094840F2F52109F0AC
:1043F00045F9012B03D1FFF70DFF002008BD6FF039
:104400000F00FBE7545E002067AF04002C59040046
:104410002BAF0400034B93F83000003818BF012085
:10442000704700BF545E002038B5284B93F83040E9
:104430005CB927492748284A40F21E3309F027F97A
:10444000254840F21E3109F019F911F0030536D163
:104450001A68C2B1012C35D1204AC2F81C150421BA
:10446000C2F8200583F8395083F83010C2F80051A3
:10447000C2F8044393F8383003F0FF00EBB9FFF7BC
:10448000A7FC002018E0154CC4F81C15C4F8200542
:1044900083F8392093F8383043B10023C4F8003151
:1044A0000123E360BDE83840FFF76ABC0120FFF755
:1044B0008FFC10F1740FF0D138BDD460E1E76FF0DC
:1044C0000C00F9E76FF00F00F6E700BF545E002024
:1044D00067AF04002C5904002BAF04000090024089
:1044E00008B50B4B93F830305BB90A490A480B4AC0
:1044F00040F2513309F0CBF8084840F2513109F04D
:10450000BDF8BDE8084000210220FFF78DBF00BFC5
:10451000545E002067AF04002C5904002BAF040048
:1045200010B5224BD3F8002192B1214C0022C3F8E0
:10453000002194F8381094F8302071B90121032A31
:1045400084F8381005D0042A05D0022A00D19960D9
:1045500010BD5960FCE7D960FAE7032A19D0042A94
:1045600019D0022A04D1012384F82030FFF7D0FCAF
:10457000A36813B9012384F8303094F8393003F07C
:10458000FF0013B9D4E900319847002384F82030A4
:10459000DEE70223E8E7032284F82020D3F81C2575
:1045A0006262D3F8203584F82830E1E700900240B9
:1045B000545E002008B5124BA822002118460EF0C8
:1045C000D2FE032202610F4942610F4A8161C2613A
:1045D0004FF480620262002282624262C26201661D
:1045E0000A49416610218166094902670346C2668D
:1045F000426711F8010D98540132102AF9D108BD13
:1046000010040020C6AF04001000002000000020AD
:10461000DFAF04002DE9F84FDFF87C80182606FB99
:10462000008E00FB06664644DEF82440DEF828C013
:104630007368A44507468946154603EB040022D853
:10464000DEF820B0ABEB040A0AF1FF339A4203D83C
:104650000EF061FE2C440FE063449A4219D8524692
:104660002C440EF058FEB4EB0B0405D070682246C3
:1046700009EB0A010EF04FFE182303FB078301200C
:104680005C62BDE8F88F0CF1FF3CACEB040C944588
:10469000DED20020F5E700BF10040020034B1822F3
:1046A00002FB00339A6A586A801A7047100400208F
:1046B00010B4084A08490023C85C12F8014D84422E
:1046C00004D10133102BF7D110BC704710BCFFF799
:1046D00071BF00BFDFAF04001004002038B543698C
:1046E00005463BB90024EA68537843F00103537050
:1046F000604238BD984704460028F3D000F1FF031C
:10470000FE2B0ED9094A0A490A482E2308F0BFFF9A
:1047100029680948224608F0BAFF04482E2108F00B
:10472000ADFFEB6844421C70DDE700BFE0AF040062
:104730001BB004002C59040033B0040010B504462B
:10474000ECF72CF90348044A012109F06BFC2046E0
:104750000DF014FD443B040058B004002DE9F8436B
:10476000044600AF0D46EFF31188402383F312880F
:10477000BFF36F8F0428304A98BF304B9668117C86
:1047800094BF53F820302E4BE9468AB06A462D4834
:10479000C2E9073140F2013393842B4BC2E905048F
:1047A00042F8103F294800234FF43151ECF73CFA0E
:1047B000CD4645B1EB69C3F3080323B1244A23482E
:1047C000012109F02FFC2EB130460DF0D1FD08B1CA
:1047D000037803B91F48E9468AB06A461E4BD06188
:1047E000C2E9053640F2013313841C4B42F8103FF6
:1047F000164800234FF41151ECF716FA2946CD461E
:104800002046FFF79BFF042C0CD11549154A16488A
:10481000872308F03CFF154808F039FF114887212D
:1048200008F02CFF88F31188BFF36F8F3046EEF746
:10483000BBFBBD46BDE8F883905E0020184804002D
:1048400067B0040075B0040005000001443B04009B
:104850009DB00400504E0400BEB0040004000001EE
:10486000F8B00400D6B004002C59040015B10400BF
:1048700038B50A4B53F82040013053F82050A54278
:1048800000D838BD606830B1037FDB0701D4FFF783
:1048900025FF0834F3E723689847FAE72C4804001B
:1048A00070B5384B384C394D012286B003201A7050
:1048B000FFF7DEFFEDF730F80420FFF7D9FFAC4239
:1048C000264628D93249334A3348442308F0DFFECC
:1048D000324808F0DCFE44212E4808F0CFFE54F8A0
:1048E0000C3C059354F8103C049354F8143C039387
:1048F00054F8183C029354F81C3C019354F8203CA3
:10490000009354E90A2354E90C0101F0A1FF54F883
:10491000303C5E65D3E7AE4204F13004DFD302F0F1
:10492000C9FC194C1E4EAC421FD91949194A1A48E4
:10493000682308F0ACFE194808F0A9FE6821CBE70F
:10494000D4E90A23B3F1FF3F08BFB2F1FF3F05D01E
:1049500052EA0301206803D102F014FF3034E2E789
:104960003146183003F036FAF8E7E9D302F014FDC7
:10497000E9F70CFB0B4A137B23F00103137306B01A
:1049800070BD00BF3D750020A03804000039040050
:10499000B5B1040094B104002C590400585F040020
:1049A000D5230400604E002070B5002386B001229C
:1049B000CDE90423134E144D01930F22CDE90232A9
:1049C0001249142303FB005506EBC01604464FF4AE
:1049D000C07000FB04110E4B00954FF4A0723046DE
:1049E00001F036FF737B0B4AEE6023F00403737310
:1049F0004FF4046304FB033313442C746B6006B060
:104A000070BD00BFE04D0020905E002080A8002017
:104A1000054F030040A000207FB50020FFF728FFCE
:104A2000344B83F30888344C636943F40073636147
:104A3000E02384F822302023E37700232376637673
:104A4000A37684F82030626A42F4E022626284F83D
:104A50002330EEF725FAEEF7D7FB4FF0FF33A362D2
:104A6000E362EEF7E1FCEEF7F3FBEBF7C3FE23485E
:104A700001F0A6FF224B234A93420ED92249234A32
:104A80002348CC2308F003FE224808F000FE1F480C
:104A9000CC2108F0F3FD2033EEE7FCD30120FFF733
:104AA000E7FE0220FFF7E4FE02F006FD1A4B1B4C66
:104AB0005C611B4B0593002501231A4900954FF4B7
:104AC0000062CDE90353CDE90155174B204601F0B3
:104AD000BFFE637B064623F004032046637302F0A7
:104AE00003F92846FFF760FF0F4A31462046EEF7EC
:104AF0006DFB00BF80A8002000ED00E0804F00208B
:104B0000FC3504001C37040003B0040094B1040019
:104B10002C590400585F0400905E0020604E002075
:104B2000E2B1040000AA0020A148030038B50D4CF2
:104B30000D4DAC4213D90D490D4A0E48252308F0FE
:104B4000A6FD0D4808F0A3FD0948252108F096FDB3
:104B5000D4E9011220460DF019FB1834E9E7F7D328
:104B6000002038BD301300204813002054B2040048
:104B7000EAB104002C590400585F0400F8B505465A
:104B80000E4600F11404EFF31187402383F31288DB
:104B9000BFF36F8F204603F0C3F868B91B4A1C4966
:104BA0001C48882308F073FD21461B4808F06FFD60
:104BB0008821164808F062FD204603F0D5F8284603
:104BC0003146E9F78FFE05F10C000DF011FC28B11C
:104BD00039462046BDE8F84002F012BB204603F0FB
:104BE000ADF868B9094A0D490A484FF49A7308F0BC
:104BF0004EFD21460A4808F04AFD4FF49A71D8E765
:104C000087F31188BFF36F8FF8BD00BF3A5C0400D3
:104C1000675C04002C5904007C5C0400925C040076
:104C2000A95C040038B50D4C0D4D0020AC4213D9E1
:104C30000C490D4A0D48952308F029FD0C4808F051
:104C400026FD0948952108F019FD20460DF0A8FA27
:104C5000002802DB2034E9E7F7D338BDD01200206A
:104C60003013002092B204006DB204002C590400ED
:104C7000585F04002DE9F74305460F4691461C4650
:104C800000F10806EFF31188402383F31288BFF385
:104C90006F8F304603F044F860B9324A32493348E6
:104CA000882308F0F4FC3146314808F0F0FC8821F4
:104CB0002C4826E0304603F057F82B691BB33B60C5
:104CC0001C68EB692C610133EB6114B96A6993428A
:104CD0001FD0EB68E41A09D4D5E905235A43A24250
:104CE00004D9B4FBF3F203FB124494B12149224AE4
:104CF0001E48EA2308F0CBFC204808F0C8FC1E48F8
:104D0000EA2108F0BBFC59EA040214D13B606FF0C1
:104D10000B04304603F012F8F0B9124A1849134850
:104D20004FF49A7308F0B3FC3146164808F0AFFC14
:104D30004FF49A71BCE7CDE900942A4641463046CB
:104D400002F0B4F8044618B90F4B9B681B693B602E
:104D5000204603B0BDE8F08388F31188BFF36F8F5E
:104D6000F6E700BF3A5C0400675C04002C590400BD
:104D70007C5C0400AFB204006DB204002BB30400ED
:104D8000925C0400A95C0400905E00202DE9F843C9
:104D9000C368CB1A05460E4623D4D0E90512514309
:104DA00099421ED9B3FBF2F102FB1133CBB900F1EA
:104DB0000807EFF31189402484F31288BFF36F8F43
:104DC000384602F0ADFFD8B9414A424942488823EB
:104DD00008F05DFC3946414808F059FC88213C4800
:104DE0000CE03F493F4A3C484FF4897308F04FFCC0
:104DF0003D4808F04CFC3B484FF4897108F03EFCFC
:104E0000384602F0B1FFD5F81080B8F1000F40D15C
:104E1000EFF3118384F31288BFF36F8F83F311884C
:104E2000BFF36F8F5BB93149314A2B48A42308F097
:104E30002EFC304808F02BFCA4212D48DEE72C681E
:104E4000A54226D02CB3A3683BB92B49284A224857
:104E50008D2308F01CFC8D21EFE7D4E900321360AC
:104E60005A60637BC4F8088023F002036373C4E9CB
:104E7000008804F1180003F089F82046C4F87C800B
:104E8000266101F031FF49463846BDE8F84302F09B
:104E9000B7B92B693360EB692E61013BEB61384692
:104EA00002F04CFF68B90A4A14490B484FF49A7350
:104EB00008F0EDFB3946124808F0E9FB4FF49A710F
:104EC0008DE789F31188BFF36F8FBDE8F88300BFCA
:104ED0003A5C0400675C04002C5904007C5C04000C
:104EE00031B004006DB2040046B3040093B3040073
:104EF00068B3040051B20400ABB30400925C040038
:104F0000A95C040008B50D4B9B6893F90E30002B8B
:104F100009DB4024EFF3118384F31288BFF36F8F12
:104F200009F0CFFBF6E706490648074A1C2308F0BC
:104F3000AEFB05481C2108F0A1FB00BF905E0020DD
:104F4000E3B304002C590400C2B304002DE9F3417B
:104F5000044617461E46EFF3058565B15849594A80
:104F600059486F2308F093FB584808F090FB5548C8
:104F70006F2108F083FBEFF31188402383F312883D
:104F8000BFF36F8F524802F0CBFE60B9514A5249CD
:104F90004D48882308F07BFB4D49504808F077FBCB
:104FA00088214C48E5E74A4802F0DEFEE3684C4AB7
:104FB0009BB1A0689168884229D057EA06032ED198
:104FC000434802F0BBFEA0B188F31188BFF36F8F96
:104FD0006FF00F0002B0BDE8F081916891F90E10FA
:104FE0003B4821610133E3609368A36002F0A6FEB1
:104FF00078B9384A3B4934484FF49A7308F047FB74
:105000003349394808F043FB4FF49A71C9E72169E5
:10501000E6E788F31188BFF36F8F0020DAE791F994
:105020000E1090F90E309942A8BF19466FF07E021B
:105030009142B8BF11468B4202DD0DF0DAF8054609
:10504000CDE9007622482246414601F02FFF002894
:10505000E3D0EFF31186402383F31288BFF36F8F01
:105060001B4802F05DFE002890D0194802F07CFE3B
:10507000A068C0B1236821699C420AD04BB193F962
:105080000E309942A8BF19466FF07E039942B8BF0F
:1050900019460DF0AEF830B10D48314602F0B0F8C7
:1050A0006FF00A0096E7002DF6D1094802F046FE9F
:1050B00000289ED086F31188BFF36F8FF0E700BF02
:1050C0002DB404000BB404002C5904003FB40400B8
:1050D000B05E00203A5C0400675C04007C5C040065
:1050E000905E0020925C0400A95C0400F8B50546BF
:1050F000EFF3058363B15449544A5548D72308F068
:10510000C6FA544808F0C3FAD721504808F0B6FA56
:105110008368002B00F092804F4A9268934240F0DF
:105120009080C3683BB94D49484A4948EF2308F08D
:10513000AEFAEF21E9E7012B03D0013BC360002069
:10514000F8BDEFF31187402484F31288BFF36F8F0B
:10515000434802F0E5FD60B9424A43493C48882390
:1051600008F095FA3E49414808F091FA88213D48F7
:10517000CCE73B4802F0F8FD2969A8680DF039F842
:10518000EFF3118384F31288BFF36F8F83F31188D9
:10519000BFF36F8F5BB93649364A2D48A42308F018
:1051A00076FA354808F073FAA4213248AEE72C6845
:1051B000AC4215D10023C5E90233294802F0BEFDF7
:1051C000002836D1274A2D4921484FF49A7308F018
:1051D0005EFA23492A4808F05AFA4FF49A71C6E752
:1051E000002CE7D0A3683BB92649224A18488D23F2
:1051F00008F04DFA8D21D8E7D4E9003213605A60E7
:10520000637B002623F002036373C4E90066A66093
:1052100004F1180002F0BAFEAC6094F90E302B6174
:105220002046E66701F060FD0D48394601F0E8FFD1
:1052300085E787F31188BFF36F8F80E76FF0150064
:105240007EE74FF0FF307BE72DB404000BB4040081
:105250002C5904003FB40400905E002064B40400A4
:10526000B05E00203A5C0400675C04007C5C0400D3
:1052700093B3040068B3040051B20400925C0400CC
:10528000A95C0400ABB3040008B583684BB90B49B3
:105290000B480C4A8D2308F0FAF90A488D2108F0D2
:1052A000EDF9D0E9003213605A60427B0023C0E977
:1052B000003322F002024273836008BDABB30400E6
:1052C0002C59040068B304002DE9F04704469DF80A
:1052D00020800F4691469A4600F10805EFF31186AB
:1052E000402383F31288BFF36F8F284602F018FD26
:1052F00060B9514A51495248882308F0C8F92946F3
:10530000504808F0C4F988214B481DE0284602F0B7
:105310002BFDB8F1000F00D06768EFF31183402236
:1053200082F31288BFF36F8F83F31188BFF36F8FFF
:1053300063B94549454A4248A42308F0A8F94448BE
:1053400008F0A5F94148A42108F098F9234653F83C
:105350000C8F984519D0B8F1000F16D04046FFF7D2
:1053600093FF08F1180002F011FE0023C8F87C300A
:10537000C8F81090404601F0B7FC3146284601F0CD
:105380003FFF00242046BDE8F087BAF1000F14D09B
:10539000082003F0EFF9002846D00122C0F804905D
:1053A0000260016801F003015FB922680A430260EC
:1053B000626820606AB960600BE0C9F800A04846E6
:1053C000EFE73A68032A24D801606168D9B9C4E9D3
:1053D000000004F11400042103F06EF804460028D4
:1053E000CBD1284602F0AAFC08BB134A194914483D
:1053F0004FF49A7308F04BF92946174808F047F91B
:105400004FF49A7180E70A6802F0030202430A60CF
:10541000D1E722F003020A4302603A6802F0030275
:1054200040EA02033B60D4E76FF00B04D9E786F350
:105430001188BFF36F8FA5E73A5C0400675C040036
:105440002C5904007C5C040093B3040068B304008E
:1054500051B20400925C0400A95C04002DE9F743FA
:10546000064690461F4600F10805EFF311894023D8
:1054700083F31288BFF36F8F284602F051FC68B99E
:10548000244A25492548882308F001F9294624485B
:1054900008F0FDF888211F4808F0F0F8284602F0CF
:1054A00063FC3468F4B12368726823F00303944208
:1054B0002046336008BF736001210CF0A9FE04464A
:1054C000284602F03BFCE8B9124A164913484FF44B
:1054D0009A7308F0DCF82946134808F0D8F84FF41E
:1054E0009A71D8E758EA0703EAD0CDE9008706F1B8
:1054F0000C024946284601F0D9FC38B90B4B9B6891
:105500001C6903E089F31188BFF36F8F204603B055
:10551000BDE8F0833A5C0400675C04002C59040089
:105520007C5C0400925C0400A95C0400905E002096
:1055300008B583684BB90B490B480C4A8D2308F01A
:10554000A6F80A488D2108F099F8D0E900321360D6
:105550005A60427B0023C0E9003322F0020242730A
:10556000836008BDABB304002C59040068B3040089
:1055700070B50446EFF31186402585F31288BFF31A
:105580006F8F334802F0CCFB60B9324A324933485E
:10559000882308F07CF82E49314808F078F88821F3
:1055A0002C4818E02A4802F0DFFBEFF3118385F363
:1055B0001288BFF36F8F83F31188BFF36F8F63B9C6
:1055C0002849294A2548A42308F061F8274808F00B
:1055D0005EF82548A42108F051F82568AC4212D0A5
:1055E0008DB12846FFF7A4FF05F1180002F0CEFCAC
:1055F0000023EB67284601F077FB31461448BDE8ED
:10560000704001F0FDBDD4E902329A4218BF013367
:10561000A360022104F1100002F04EFF0028ECD13B
:105620000B4802F08BFB68B90A4A11490B484FF44A
:105630009A7308F02CF806490E4808F028F84FF441
:105640009A71ADE786F31188BFF36F8F70BD00BF0D
:10565000B45E00203A5C0400675C04002C5904002E
:105660007C5C040093B3040068B3040051B20400EE
:10567000925C0400A95C0400F7B5044616461D467A
:10568000EFF305837BB152EA05030CD02D492E4A76
:105690002E48882307F0FBFF2D4807F0F8FF2A4823
:1056A000882107F0EBFFEFF31187402383F3128883
:1056B000BFF36F8F274802F033FB60B9264A2749B2
:1056C0002248882307F0E3FF2249254807F0DFFF3F
:1056D00088212148E5E71F4802F046FBA368D3B1C3
:1056E000013B1C48A36002F029FB68B91A4A1D4916
:1056F00016484FF49A7307F0CAFF16491A4807F084
:10570000C6FF4FF49A71E4E787F31188BFF36F8FF8
:10571000002003B0F0BD56EA05030BD10D4802F09E
:105720000DFB0028E2D087F31188BFF36F8F6FF075
:105730000F00EEE7CDE9006522463946054801F045
:10574000B5FBE6E79BB404007BB404002C590400CD
:1057500051B20400B45E00203A5C0400675C0400AF
:105760007C5C0400925C0400A95C04002DE9F04715
:105770000446EFF31188402787F31288BFF36F8F39
:10578000354802F0CDFA064660B9344A3449354806
:10579000882307F07CFF3049334807F078FF8821E1
:1057A0002E481CE02C4802F0DFFA4FF000096FF0A1
:1057B0000A0AEFF3118387F31288BFF36F8F83F325
:1057C0001188BFF36F8F63B92849294A2548A4235C
:1057D00007F05DFF274807F05AFF2548A42107F08E
:1057E0004DFF2568AC420ED06DB12846FFF7A0FEF4
:1057F00005F1180002F0CAFBC5F87CA0284601F0AC
:1058000073FAB146D5E70023A360022104F110002A
:1058100002F052FEA0B9B9F1000F11D10E4802F00A
:105820008DFA98B90D4A14490E484FF49A7307F04F
:105830002EFF0949114807F02AFF4FF49A71AFE78C
:1058400041460548BDE8F04701F0DABC88F311880D
:10585000BFF36F8FBDE8F087B45E00203A5C0400B0
:10586000675C04002C5904007C5C040093B30400C2
:1058700068B3040051B20400925C0400A95C040007
:1058800007B5074B0093074907484FF0FF334FF424
:10589000006200F02DFC002003B05DF804FB00BFA7
:1058A0004448040040B20020E04E00202DE9F043BF
:1058B000764E774F85B00446EFF31188402383F38B
:1058C0001288BFF36F8F304602F02AFA68B9714A26
:1058D00071497248882307F0DAFE6C49704807F076
:1058E000D6FE88216B4807F0C9FE304602F03CFA2C
:1058F000D4F88450F5B9022104F19C000CF0CAFCE4
:10590000002840D004F1940500220121284602F02D
:10591000BFF80028F8D1002302934FF0FF324FF078
:10592000FF33CDE90023414604F18C02304602F0FA
:105930000DF9C1E7D4F888202B68C4F8843095426B
:1059400008BFC4F88830D4F89C3043F00203C4F890
:105950009C30EB68D5F8049023F0040343F0010376
:10596000EB60304602F0EAF9F8B94A4A4D494B4833
:105970004FF49A7307F08BFE44494B4807F087FEBB
:105980004FF49A71AEE7D4F89C30DD06C3D5C4F865
:105990009C003E4802F0D2F90028E6D088F3118836
:1059A000BFF36F8F05B0BDE8F08388F31188BFF3B4
:1059B0006F8FB9F1000F0AD13C4938483C4A4FF487
:1059C000387307F064FE3A484FF438718BE7284685
:1059D000C847EFF31188402383F31288BFF36F8F1A
:1059E000304602F09DF900283FF471AF304602F0D6
:1059F000BBF9EB68D90623F0010231D4EA60EB6809
:105A00009A0716D5386823F00203EB6088B1036863
:105A1000002170B14268954230D1036841BB7A6879
:105A20003B60824200D17B60002340F8083BFFF7D7
:105A30009FFDD4F89C3023F00203C4F89C3030461C
:105A4000C3F3002502F07AF900288ED088F311887C
:105A5000BFF36F8F002D7FF42FAF01F035FD2BE7E3
:105A600023F01103EB6005F11000FFF781FDC6E79D
:105A70000B607B68834208BF7960D5E723B11A6861
:105A8000014618461346C4E71A46F9E7C05E0020EF
:105A9000B85E00203A5C0400675C04002C590400E6
:105AA0007C5C0400925C0400A95C040033B5040033
:105AB000F1B4040070B5C368C3F340069B07054604
:105AC0000C460DD50122002104F108000CF0D2FB98
:105AD00000232360054B65605A681AB9C3E9004486
:105AE000304670BD14605C60FAE700BFB85E00200D
:105AF000F8B5C3689A0704460F46C3F340063BD483
:105B00005B0727D40B680BB983680B60E368DD077C
:105B100023D5A3685BB9294929482A4A40F257137B
:105B200007F0B5FD274840F2571107F0A7FD3B608D
:105B300002263D68002D3ED0234B9A68D5F8803070
:105B40009A420CD0D5F89C30D807C3F3800216D403
:105B50006FF0120600233B6027E00126E9E70CF016
:105B6000FEFBD5F89C300028EED1D907C3F3C00264
:105B7000EED552B15B0708D46FF00F06EAE7002AB2
:105B8000FAD1C3F3C003002BF6D100232360D5F86C
:105B9000883063B9C5E9214428460CF096FBE368D8
:105BA00043F00403E3603B68A3603046F8BD1C602B
:105BB000C5F88840F0E76FF01506CBE712B5040092
:105BC0002C590400F1B40400905E002073B5044623
:105BD000EFF31185402383F31288BFF36F8F1E48C4
:105BE00002F09EF868B91D4A1D491E48882307F037
:105BF0004EFD19491C4807F04AFD8821174807F057
:105C00003DFD154802F0B0F800230321201F019349
:105C1000A4F110060CF03EFB28B1A369019301A981
:105C20003046FFF765FF0C4802F088F868B90B4A68
:105C30000E490C484FF49A7307F029FD06490C48A9
:105C400007F025FD4FF49A71D8E785F31188BFF36B
:105C50006F8F02B070BD00BFC05E00203A5C0400D0
:105C6000675C04002C5904007C5C0400925C040016
:105C7000A95C040038B50D46044648B90C490D4AE4
:105C80000D489C2307F003FD9C210A4807F0F6FC11
:105C900039B90A49074A08489D2307F0F8FC9D21B5
:105CA000F3E7102200210DF05EFB656038BD00BFF8
:105CB000CEB50400F1B404002C59040033B504003F
:105CC000F8B5C36803F00503002B06460C4614BF65
:105CD0000127002729D085685DB91D491D481E4A46
:105CE00040F2C11307F0D3FC1B4840F2C11107F08A
:105CF000C5FC0122002104F110000CF0BBFA174989
:105D00002046FFF7B7FFE36843F01003E360F36852
:105D10005B0712D5336823606BB9D5F8883033B987
:105D2000C5E9214428460CF0D0FA3846F8BD1C607D
:105D3000C5F88840F6E73460F4E7D5F8843023608E
:105D4000D5F88830C5F88440002BEBD1F0E700BFD0
:105D500018B504002C590400F1B40400AB2204006F
:105D600038B50446EFF31185402383F31288BFF35F
:105D70006F8F184801F0D4FF68B9174A17491848BF
:105D8000882307F084FC1349164807F080FC88211B
:105D9000114807F073FC0F4801F0E6FFE4680D4876
:105DA00004F01F0401F0CAFF68B90B4A0E490C4801
:105DB0004FF49A7307F06BFC06490C4807F067FC38
:105DC0004FF49A71E4E785F31188BFF36F8F204693
:105DD00038BD00BFC05E00203A5C0400675C040070
:105DE0002C5904007C5C0400925C0400A95C040053
:105DF00037B50C46019059B92849294A294840F23B
:105E00007D1307F044FC40F27D11254807F036FC75
:105E10004B684BB92449224A22484FF4BF7307F01C
:105E200036FC4FF4BF71F0E7EFF31185402383F3A5
:105E30001288BFF36F8F1D4801F072FF60B91C4AD2
:105E40001C491848882307F022FC18491A4807F013
:105E50001EFC88211648D9E7144801F085FF20462A
:105E600001A9FFF745FE0446104801F067FF68B935
:105E70000F4A12490B484FF49A7307F008FC0B497C
:105E80000F4807F004FC4FF49A71E3E785F311889B
:105E9000BFF36F8F204603B030BD00BFCEB5040006
:105EA000F1B404002C5904002DB50400C05E00209C
:105EB0003A5C0400675C04007C5C0400925C0400B3
:105EC000A95C0400014601480CF039BAE04E0020FC
:105ED00070B50C46054658B93849394A394840F238
:105EE000CD1307F0D4FB40F2CD11354807F0C6FBC7
:105EF000C368DB0509D53449314A32484FF4E773AA
:105F000007F0C5FB4FF4E771EFE70CF028FA48B152
:105F10002E492B4A2B4840F2CF1307F0B8FB40F232
:105F2000CF11E2E74CB92A49254A26484FF4E873D5
:105F300007F0ADFB4FF4E871D7E7EFF3118640238C
:105F400083F31288BFF36F8F224801F0E9FE60B936
:105F5000214A22491B48882307F099FB1D49204804
:105F600007F095FB88211C48C0E71A4801F0FCFEA9
:105F700028462146FFF7A4FE0546164801F0DEFE3E
:105F800068B9154A17490F484FF49A7307F07FFB19
:105F90001049154807F07BFB4FF49A71E3E786F34D
:105FA0001188BFF36F8F3DB14FF0FF324FF0FF33D9
:105FB00004F11000FFF760FB284670BDCEB5040069
:105FC000F1B404002C5904004AB50400E38704002E
:105FD00079B50400C05E00203A5C0400675C0400F0
:105FE0007C5C0400925C0400A95C040038B50446A3
:105FF00058B92849284A294840F22B2307F047FB83
:1060000040F22B21244807F039FBC368DB0509D592
:106010002349214A21484FF40B7307F038FB4FF412
:106020000B71EFE7EFF31185402383F31288BFF381
:106030006F8F1C4801F074FE60B91B4A1B4917485A
:10604000882307F024FB1749194807F020FB882113
:106050001548D8E7134801F087FE20460CF03CF9BC
:106060000446104801F06AFE68B90F4A11490B480E
:106070004FF49A7307F00BFB0A490F4807F007FB30
:106080004FF49A71E4E785F31188BFF36F8F2046D0
:1060900038BD00BFCEB50400F1B404002C59040093
:1060A0004AB50400C05E00203A5C0400675C04004E
:1060B0007C5C0400925C0400A95C040008B558B93B
:1060C00008490948094A40F2053307F0E0FA074851
:1060D00040F2053107F0D2FAA02200210DF043F979
:1060E00008BD00BF18B504002C590400F1B4040029
:1060F000F0B589B004460E9D58B92F492F4A304853
:1061000040F2323307F0C3FA40F232312B4807F045
:10611000B5FA49B92B49294A294840F2333307F0E7
:10612000B6FA40F23331F1E7D0F89C0010F00100EC
:1061300009D02549214A22484FF44D7307F0A7FAA8
:106140004FF44D71E2E7C4E9210004F18C00C4E989
:10615000230004F19400C4E9250055B328790028F0
:1061600040F2011008BF0120C4F89C0000204FF04D
:10617000FF364FF0FF37CDE90330CDE90100CDE91F
:106180000667124B0094204600F0D4FB55B12968F5
:1061900011B120460CF0E9F86B791BB1237B43F079
:1061A00001032373204601F0EDFAC4F8804009B0E2
:1061B000F0BD0120D8E700BFC1B50400F1B4040070
:1061C0002C590400C7B504008DB50400AD58030078
:1061D00038B50D46044658B90F49104A104840F2E8
:1061E000DB3307F054FA40F2DB310C4807F046FA93
:1061F00049B90C49094A0A484FF4777307F047FA3E
:106200004FF47771F1E7302200210DF0ACF84FF434
:1062100080736560E36038BDCDB50400F1B404005F
:106220002C59040033B5040038B5044658B9214947
:106230002148224A4FF47C7307F029FA1F484FF493
:106240007C7107F01BFAEFF31185402383F312886A
:10625000BFF36F8F1A4801F063FD60B9194A1A49FC
:106260001548882307F013FA1549184807F00FFA64
:1062700088211448E5E7124801F076FDE4681048EB
:1062800004F01F0401F05AFD68B90E4A10490A488B
:106290004FF49A7307F0FBF909490E4807F0F7F934
:1062A0004FF49A71E5E785F31188BFF36F8F2046AD
:1062B00038BD00BFCDB504002C590400F1B4040072
:1062C000C05E00203A5C0400675C04007C5C040053
:1062D000925C0400A95C0400F7B50C4601901646D8
:1062E0001D4658B93349344A344840F2564307F002
:1062F000CEF940F25641304807F0C0F949B930496B
:106300002D4A2E4840F2574307F0C1F940F2574159
:10631000F1E7EFF31187402383F31288BFF36F8F08
:10632000284801F0FDFC60B9274A28492348882302
:1063300007F0ADF92349264807F0A9F9882122483A
:10634000DAE7204801F010FDE36813F01E0F27D1B3
:1063500055EA060216D1204601A9FFF7C9FB0446FB
:10636000184801F0EBFCE8B9174A1A4913484FF4F2
:106370009A7307F08CF91349174807F088F94FF41E
:106380009A71DCE743F00803E360019BA36204F128
:106390001000124932462B4601F01CFD0124DFE7B4
:1063A0000024DDE787F31188BFF36F8F204603B029
:1063B000F0BD00BF18B50400F1B404002C5904006E
:1063C000CDB50400C05E00203A5C0400675C0400A8
:1063D0007C5C0400925C0400A95C0400CD5B0300BB
:1063E00001460148FFF778BFE04E0020F7B50C46A4
:1063F000019016461D4658B93249334A334840F297
:10640000794307F044F940F279412F4807F036F913
:1064100049B92F492C4A2D4840F27A4307F037F901
:1064200040F27A41F1E7EFF31187402383F31288BA
:10643000BFF36F8F274801F073FC60B9264A2749E4
:106440002248882307F023F92249254807F01FF93D
:1064500088212148DAE71F4801F086FC20460BF02E
:1064600025FF55EA060316D1204601A9FFF740FB98
:106470000446184801F062FCE0B9174A194913486C
:106480004FF49A7307F003F91249174807F0FFF821
:106490004FF49A71DDE7E368144943F00803E360C1
:1064A000019BA36204F1100032462B4601F092FCDE
:1064B0000124DEE787F31188BFF36F8F204603B016
:1064C000F0BD00BF18B50400F1B404002C5904005D
:1064D000CDB50400C05E00203A5C0400675C040097
:1064E0007C5C0400925C0400A95C0400CD5B0300AA
:1064F00001460148FFF77ABFE04E002038B5044658
:1065000058B923492348244A40F29B4307F0BFF877
:10651000214840F29B4107F0B1F8EFF31185402389
:1065200083F31288BFF36F8F1C4801F0F9FB60B949
:106530001B4A1C491748882307F0A9F817491A482D
:1065400007F0A5F888211648E5E7144801F00CFC8F
:1065500020460BF0ABFE20460BF0BEFE04460F4873
:1065600001F0ECFB68B90E4A10490A484FF49A73DF
:1065700007F08DF809490E4807F089F84FF49A7131
:10658000E1E785F31188BFF36F8F204638BD00BF68
:10659000CDB504002C590400F1B40400C05E002005
:1065A0003A5C0400675C04007C5C0400925C0400BC
:1065B000A95C0400F8B50D46044658B93E493F4A67
:1065C0003F4840F2AC4307F062F840F2AC413B4830
:1065D00007F054F849B93B49384A394840F2AD43CD
:1065E00007F055F840F2AD41F1E70BF0B8FE48B1C5
:1065F0003549324A324840F2AE4307F048F840F29B
:10660000AE41E4E7EFF31186402383F31288BFF332
:106610006F8F2E4801F084FB60B92D4A2D49284820
:10662000882307F034F829492B4807F030F88821EF
:106630002748CDE7254801F097FBE36803F01F03E7
:10664000002B14BF0127002717D1204801F076FB4B
:1066500068B91F4A21491A484FF49A7307F017F88E
:106660001A491F4807F013F84FF49A71E0E786F3D0
:106670001188BFF36F8F3846F8BD20460BF016FE29
:1066800020460BF029FE20462946FFF713FA044660
:106690000E4801F053FB0028DBD086F31188BFF3CE
:1066A0006F8F002CE7D04FF0FF324FF0FF3305F132
:1066B0000800FEF7E1FFDEE7CDB50400F1B4040009
:1066C0002C59040079B50400E3870400C05E002063
:1066D0003A5C0400675C04007C5C0400925C04008B
:1066E000A95C040008B583684BB90B490B480C4AF8
:1066F0008D2306F0CCFF0A488D2106F0BFFFD0E9BC
:10670000003213605A60427B0023C0E9003322F05C
:1067100002024273836008BDABB304002C5904002D
:1067200068B304002DE9F8430546EFF311884027CC
:1067300087F31288BFF36F8F3B4801F0F1FA60B91D
:106740003A4A3B493B48882306F0A1FF36493A487C
:1067500006F09DFF8821354818E0334801F004FB1E
:10676000EFF3118387F31288BFF36F8F83F31188E0
:10677000BFF36F8F63B93149314A2E48A42306F025
:1067800086FF304806F083FF2D48A42106F076FFEF
:106790002C68A54234D09CB32046FFF7A3FF04F138
:1067A000180001F0F3FB0026B146C4F87C902046A7
:1067B00000F09AFA0136EFF3118387F31288BFF3E2
:1067C0006F8F83F31188BFF36F8F002BD3D02C68AA
:1067D000A54210D07CB12046FFF784FF04F11800D9
:1067E00001F0D4FBE1E788F31188BFF36F8F002637
:1067F0003046BDE8F8830C48414600F001FDF7E75C
:10680000094801F09BFA0028EDD1084A0E490948D1
:106810004FF49A7306F03BFF03490C4806F037FF2C
:106820004FF49A7197E700BFC45E00203A5C040001
:10683000675C04002C5904007C5C040093B30400E2
:1068400068B3040051B20400925C0400A95C040027
:106850002DE9F04385B005460F9C0F2C0E461F46D0
:1068600045D12E4B9F4246D1073222F007027F329C
:106870001099297305F1580322F03F02C5E9163338
:10688000042100233F2AC5E90633AB606973AC736A
:10689000EB7306F14009A2F1400805D883F3118893
:1068A000BFF36F8F084602DFB41821462846ECF785
:1068B00053F807300E9B20F00700E866C5E91998E9
:1068C00002930D9B0193241A0C9B009322463B4696
:1068D00031462846ECF748FC00236B65104B9B685B
:1068E00003B11B6F2B67204605B0BDE8F08304F1B0
:1068F00010031E2BB8D90B4A0B490C4840F2452314
:1069000006F0C5FE0A4821466FF00F030E2206F07E
:10691000BEFE044840F2452106F0B0FE054F0300DC
:10692000905E0020E2B5040005B604002C59040076
:1069300085B60400F0B587B0DDE912760446EFF3C2
:10694000058575B119491A4A1A4840F2D62306F04E
:106950009EFE194806F09BFE154840F2D62106F02F
:106960008DFE0595109D04950F9D03950E9D029536
:106970000D9D01950C9D0095FFF76AFFB6F1FF3F55
:1069800008BFB7F1FF3F05D056EA070305D12046FF
:1069900000F0F8FE204607B0F0BD3A46334604F159
:1069A0001800064901F016FAF4E700BF2DB4040000
:1069B000E2B504002C590400B6B60400D523040047
:1069C00040F2011310B583810023C0E91933044656
:1069D00001F0CAFE014B9C6010BD00BF905E00201C
:1069E00038B590F90D20437B002A014611DA03F0F7
:1069F0007F0343731B4B984209D11B491B481C4A18
:106A0000562306F044FE1A48562106F037FE0BF0D6
:106A1000B1FC184D2A46AB6852F8184F944200D08A
:106A200004B9EC688B4214D05BB91349134A0F4880
:106A3000DA2306F02CFE124806F029FE0F48DA2170
:106A4000E3E75A7BD20604D1DA897F2A01D9A26909
:106A50002AB1A34202D0204601F0D6F823466B614A
:106A600038BD00BFE04D0020FDB604002C590400E5
:106A7000DBB60400905E00204AB704001EB7040095
:106A800051B2040008B583684BB9094909480A4A5C
:106A90008D2306F0FCFD08488D2106F0EFFD0BF07C
:106AA00069FC437B23F0020343730023836008BD2A
:106AB000ABB304002C59040068B3040070B590F91E
:106AC0000D20437B002A50DBD9064ED163F07F03B3
:106AD0004373274B984209D126492748274A4F2319
:106AE00006F0D5FD25484F2106F0C8FD244C22466E
:106AF000E16952F8183F934207D1C0E900210860CC
:106B0000E06111E09942F8D01B68002BF5D090F9B4
:106B10000E5093F90E60B542F4D0AE42F2DD5968E2
:106B2000C0E9003108605860A569954200D005B9F8
:106B3000E568A3685BB91349134A0F48DA2306F0E6
:106B4000A6FD124806F0A3FD0F48DA21CCE75A7BD8
:106B5000D20604D1DA897F2A01D9AA6932B1AB42BF
:106B600002D0284601F050F8656170BD6361FCE712
:106B7000E04D0020FDB604002C590400DBB60400F3
:106B8000905E00204AB704001EB7040051B2040012
:106B900008B5124A936880B1597B11F0090F0CD1E6
:106BA0000F49104A1048D22306F071FD0F4806F035
:106BB0006EFD0C48D22106F061FD6FF00A01D96725
:106BC0000B4998674B6843F080534B60002383F375
:106BD0001188BFF36F8F9368D86F08BD905E002057
:106BE0009BB7040071B704002C59040004B80400DA
:106BF00000ED00E070B590F90D20437B324C002A87
:106C0000014610DA03F07F03A042437309D12F49F4
:106C10002F4A3048562306F03AFD56212C4806F0FC
:106C20002DFD0BF0A7FB4B7BA14263F07F034B7361
:106C300007D12649264A27484F2306F028FD4F2131
:106C4000ECE7254C2246E06952F8183F934207D101
:106C5000C1E900200160E16111E09842F8D01B68B1
:106C6000002BF5D091F90E5093F90E60B542F4D097
:106C7000AE42F2DD5868C1E9003001605960A56993
:106C8000A368954200D005B9E5688B4214D05BB982
:106C90001249134A0F48DA2306F0F9FC114806F0AE
:106CA000F6FC0F48DA21BAE75A7BD20604D1DA891A
:106CB0007F2A01D9AA692AB1AB4202D0284600F046
:106CC000A3FF2B46636170BDE04D0020FDB60400BC
:106CD000DBB604002C590400905E00204AB7040083
:106CE0001EB7040051B2040038B50446EFF3118515
:106CF000402383F31288BFF36F8F174801F010F819
:106D000068B9164A16491748882306F0C0FC12498C
:106D1000154806F0BCFC8821104806F0AFFC0E4870
:106D200001F022F82046FFF7C9FE0B4801F006F8F3
:106D300068B90A4A0D490B484FF49A7306F0A7FC4C
:106D400005490B4806F0A3FC4FF49A71E4E785F37C
:106D50001188BFF36F8F38BDC85E00203A5C040015
:106D6000675C04002C5904007C5C0400925C040005
:106D7000A95C040038B50446EFF31185402383F382
:106D80001288BFF36F8F184800F0CAFF68B9174A1E
:106D900017491848882306F07AFC1349164806F06C
:106DA00076FC8821114806F069FC0F4800F0DCFFF2
:106DB000A36813B12046FFF765FE0B4800F0BEFF45
:106DC00068B90A4A0D490B484FF49A7306F05FFC04
:106DD00005490B4806F05BFC4FF49A71E2E785F336
:106DE0001188BFF36F8F38BDC85E00203A5C040085
:106DF000675C04002C5904007C5C0400925C040075
:106E0000A95C040038B50446EFF31185402383F3F1
:106E10001288BFF36F8F1E4800F082FF68B91D4AC9
:106E20001D491E48882306F032FC19491C4806F00B
:106E30002EFC8821174806F021FC154800F094FF2D
:106E4000637B13F0280F0BD1A36813B12046FFF723
:106E500019FE637B23F0040363732046FFF72EFEC5
:106E60000B4800F06BFF68B90A4A0E490B484FF413
:106E70009A7306F00CFC06490B4806F008FC4FF428
:106E80009A71D7E785F31188BFF36F8F38BD00BFC4
:106E9000C85E00203A5C0400675C04002C590400C2
:106EA0007C5C0400925C0400A95C04002DE9F047BE
:106EB000DFF8D4A0354D364B1746A842DAF8082043
:106EC0001A60DDE9089804460E460BD13149324874
:106ED000324A40F2722306F0DAFB304840F2722167
:106EE00006F0CCFBEFF31183402383F31288BFF34A
:106EF0006F8F284600F014FF60B9294A29492648B7
:106F0000882306F0C4FB2946274806F0C0FB8821E9
:106F10002348E5E7284600F027FFDAF8085039460D
:106F200028460BF02FFAB8F1FF3F08BFB9F1FF3F39
:106F300006D01E494A46434605F1180000F04AFFB4
:106F4000204600F0FBFE68B91949154A12484FF473
:106F5000B77306F09CFB2146164806F098FB4FF4E9
:106F6000B771D5E7094800F0E9FE40B910490C4A6D
:106F700009484FF4B77306F08AFB0449ECE7304642
:106F8000BDE8F047FFF704BE905E0020C85E002019
:106F9000CC5E00202CB804002C590400DBB60400A1
:106FA0003A5C0400675C04007C5C0400D5230400A8
:106FB000925C0400A95C040070B50546EFF31186ED
:106FC000402383F31288BFF36F8F1B4800F0A8FEA5
:106FD00068B91A4A1A491B48882306F058FB164913
:106FE000194806F054FB8821144806F047FB124864
:106FF00000F0BAFE2C68A54215D014B12046FFF768
:1070000041FD0D4800F09AFE78B90C4A0F490D4831
:107010004FF49A7306F03BFB07490D4806F037FB27
:107020004FF49A71E0E70024EBE786F31188BFF391
:107030006F8F204670BD00BFC85E00203A5C040020
:10704000675C04002C5904007C5C0400925C040022
:10705000A95C04002DE9F04104460D46EFF31187C9
:10706000402383F31288BFF36F8F584800F058FE17
:1070700060B9574A57495848882306F008FB5349D6
:10708000564806F004FB8821514818E04F4800F0AC
:107090006BFE637B03F01F02002A0CBF0126002653
:1070A0005DD103F07F0363734D4B9C4209D14D4981
:1070B00049484D4A562306F0EAFA4B48562106F055
:1070C000DDFA20460BF056F9DFF82081637B42465B
:1070D00063F07F036DB2A573637352F8183F934258
:1070E0003AD1D8F81C10C4E900210C60C8F81C4043
:1070F0000FE09942F7D01B68002BF4D093F90E00F3
:107100008542F6D0A842F4DD5968C4E900310C602C
:107110005C60D8F81840944200D00CB9D8F80C4004
:10712000D8F808309C4202D0204600F06DFDC8F827
:107130001440264800F002FE00283FD1244A2C4982
:1071400025484FF49A7306F0A2FA2049294806F020
:107150009EFA4FF49A7197E7D8F81C10CCE79B077A
:107160002AD5A16841B924491B48244A8D2306F039
:107170008EFA22488D21A2E720466DB20BF0FAF874
:10718000A5730B68994209D14B68C4E900131C60D0
:107190004C60CEE74A689342F6D01B68002BF3D0D0
:1071A00093F90E209542F5D0AA42F3DD5A68C4E95E
:1071B000003214605C60BCE7A573BAE787F31188FE
:1071C000BFF36F8F3046BDE8F08100BFC85E00207E
:1071D0003A5C0400675C04002C5904007C5C0400E9
:1071E000E04D0020FDB60400DBB60400905E0020F8
:1071F000925C0400A95C0400ABB3040068B3040013
:1072000070B504460D46F9B9EFF30586E6B91A4B99
:107210005A699B689A4217D000F090FD78B9174AD6
:10722000174918484FF4B77306F031FA214616484B
:1072300006F02DFA4FF4B771104806F01FFA3046E9
:10724000BDE87040FFF7A4BC204600F077FD68B9A8
:107250000A4A0B490B484FF49A7306F018FA214674
:10726000094806F014FA4FF49A71E5E785F311889E
:10727000BFF36F8F70BD00BF905E00203A5C0400CA
:10728000925C04002C590400A95C0400034648B930
:10729000EFF3058232B9064A51699268914201D0F2
:1072A000FFF776BC83F31188BFF36F8F704700BF81
:1072B000905E002010B5EFF31184402383F3128811
:1072C000BFF36F8F284800F02BFD60B9274A28498B
:1072D0002848882306F0DBF92349274806F0D7F928
:1072E0008821224812E0204800F03EFDEFF305839C
:1072F00073B12249224A1F4840F2063306F0C7F90B
:10730000204806F0C4F940F206311D4806F0B6F9EF
:107310001D4B9A68D37B012B0CD11C49184A154888
:1073200040F2073306F0B3F9164806F0B0F940F220
:107330000731EAE7013BD3730B4800F0FFFC68B963
:107340000A4A13490B484FF49A7306F0A0F906490C
:10735000104806F09CF94FF49A71C2E784F3118843
:10736000BFF36F8F10BD00BFC85E00203A5C040001
:10737000675C04002C5904007C5C04002DB40400FC
:10738000DBB6040051B20400905E002065B8040032
:10739000925C0400A95C040070B5EFF311864023F1
:1073A00083F31288BFF36F8F374800F0B9FC60B9E0
:1073B000364A37493748882306F069F93249364852
:1073C00006F065F98821314813E0344D2E4800F06D
:1073D000CBFCAB68DA7B72B93149324A2D4840F2B6
:1073E000123306F054F9304806F051F940F21231E8
:1073F0002C4806F043F9EFF3058161B12B49294A86
:10740000244840F2133306F042F9274806F03FF9CA
:1074100040F21331ECE70132DA732A4652F8184F82
:10742000944200D004B9EC685A7BD20604D1DA89C0
:107430007F2A01D9A2692AB1A34202D0204600F0D6
:10744000E3FB234610486B6100F078FC68B90F4AF3
:10745000174910484FF49A7306F019F90A4915486C
:1074600006F015F94FF49A71ADE786F31188BFF372
:107470006F8FEFF31180402383F31288BFF36F8F78
:10748000BDE87040FFF702BFC85E00203A5C040010
:10749000675C04002C5904007C5C0400905E0020B2
:1074A00096B80400DBB6040051B204002DB4040009
:1074B000925C0400A95C0400024B03F11802C3E9CA
:1074C00006227047905E002070B5EFF3058373B11C
:1074D00039493A4A3A4840F23E4306F0D8F839482A
:1074E00006F0D5F8354840F23E4106F0C7F8EFF314
:1074F0001186402383F31288BFF36F8F324800F068
:107500000FFC60B9314A32492D48882306F0BFF894
:107510002D49304806F0BBF888212C48E5E72E4C71
:10752000294800F021FCA168E0690B68814214BF82
:107530001A46002249680B605960A368E1692AB9BC
:10754000264AC3E900210B60E3610CE093F90E00C9
:1075500092F90E50A84225D0854223DD5168C3E937
:1075600000210B605360A5691C4B9D4200D005B9FA
:10757000E568A3689D4202D0284600F045FB12480A
:10758000656100F0DBFB88B9104A15490C484FF4DF
:10759000B77306F07CF80C49124806F078F84FF4FF
:1075A000B771BAE78A42CBD01268C8E73046BDE867
:1075B0007040FFF7EDBA00BF2DB40400DBB6040045
:1075C0002C59040051B20400C85E00203A5C04004B
:1075D000675C04007C5C0400905E0020A85E0020D4
:1075E000925C0400A95C04002DE9F04106460C46BB
:1075F000EFF3058777B13449344A354840F25643B2
:1076000006F045F8334806F042F8304840F256415B
:1076100006F034F850EA010304D1FFF755FF0020CB
:10762000BDE8F081EFF31188402383F31288BFF3A4
:107630006F8F294800F074FB60B9284A2849244814
:10764000882306F024F82449264806F020F88821EB
:107650002248DDE7244D204800F086FB234BA86834
:107660001860FFF7BDF9A868214923463246183053
:1076700000F0B0FBAA68537B43F004030446537345
:10768000154800F05BFB68B9144A1A4910484FF4DA
:10769000B77305F0FCFF1049174805F0F8FF4FF4E9
:1076A000B771D5E74046FFF773FAAB68D3E90A2311
:1076B000B3F1004F08BFBA42B1D10AF0C4FE201A9C
:1076C00020EAE070ACE700BF2DB40400DBB6040094
:1076D0002C59040051B20400C85E00203A5C04003A
:1076E000675C04007C5C0400905E0020CC5E00209F
:1076F000D5230400925C0400A95C040070B5044624
:107700000E46EFF3058575B11A491B4A1B484FF425
:10771000906305F0BCFF1A4805F0B9FF16484FF416
:10772000906105F0ABFFFFF75FFFB6F1FF3F08BFC9
:10773000B4F1FF3F0246204616D047F6FF704FF4E3
:107740007A7403462946C2FB0431B3F5004F71F148
:1077500000020AD36FF400429A4243F6FF728A4154
:1077600005D3D80B40EA414070BD2846FCE76FF0D6
:107770000040F9E72DB40400DBB604002C590400E6
:1077800051B2040038B50446EFF31185402383F36A
:107790001288BFF36F8F204800F0C2FA68B91F4A01
:1077A0001F492048882305F072FF1B491E4805F039
:1077B0006EFF8821194805F061FF174800F0D4FAE0
:1077C000637B5B0710D504F1180000F0DFFB637BDF
:1077D00023F0040320466373FFF770F929460E482F
:1077E000BDE83840FFF70CBD0B4800F0A7FA68B9B8
:1077F0000A4A0E490B484FF49A7305F048FF0649B0
:107800000B4805F044FF4FF49A71D3E785F31188D4
:10781000BFF36F8F38BD00BFC85E00203A5C040024
:10782000675C04002C5904007C5C0400925C04003A
:10783000A95C0400014B9868704700BF905E00206F
:107840002DE9F8430446077BEFF31185402383F3CA
:107850001288BFF36F8F7D4800F062FA68B97C4AE6
:107860007C497D48882305F012FF78497B4805F064
:107870000EFF8821764805F001FF744800F074FA85
:10788000637B190717D5714800F058FA68B9704A38
:10789000734971484FF49A7305F0F9FE6B497148CA
:1078A00005F0F5FE4FF49A71E4E785F31188BFF314
:1078B0006F8FBDE8F883D90943F0080240F0838058
:1078C0006273A36813B12046FFF7DCF804F11800D7
:1078D00000F05CFBA66D04F15808B04511D04FF0E4
:1078E000000976B13046FFF7CDF806F1180000F038
:1078F0004DFBC6F87C903046FFF7E0F8A66DB0452A
:10790000EFD1DFF86481D8F808309C4270D1EFF3F2
:107910000589B9F1000918BF4FF00109D8F81860BE
:10792000524A964200D00EB9D8F80C60B34202D049
:10793000304600F069F92046C8F8146006F0B7FE3A
:10794000B9F1000F02D04A48FFF73AF8D8F80830EA
:107950009C4260D1EFF30586002E5CD1237BDA07D1
:107960001FD53A4800F0EAF9002890D085F3118835
:10797000BFF36F8F86F31188BFF36F8F0423184610
:1079800002DFEFF31185402383F31288BFF36F8F7B
:107990002E4800F0C5F900283FF461AF2B4800F0F5
:1079A000E3F92A4800F0CAF928BB294A2C492A4899
:1079B0004FF4B77305F06BFE24492A4805F067FEC3
:1079C0004FF4B77156E703F07F0343F00803637386
:1079D000284B9C4208D12849284A1F48562305F0C5
:1079E00056FE5621254846E720460AF0C3FC68E7C4
:1079F0004FF0000992E72846FFF7CAF820491F4ACE
:107A000015484FF4DD7305F042FE1E4805F03FFEB9
:107A10004FF4DD71E6E70D4800F090F900283FF4DF
:107A200036AF85F31188BFF36F8FFB077FF541AF4A
:107A3000124A1549084840F2555305F028FE2146E0
:107A4000124805F024FE40F25551CBE7C85E0020F5
:107A50003A5C0400675C04002C5904007C5C040060
:107A6000925C0400A95C0400905E0020A85E0020E7
:107A7000804F0020E04D0020FDB60400DBB604007E
:107A8000C7B80400D2B80400F4B80400FFB804007A
:107A90002DE9F843064688461746EFF3118940233F
:107AA00083F31288BFF36F8F214800F039F9054640
:107AB00068B9204A20492148882305F0E8FD1C497F
:107AC0001F4805F0E4FD88211A4805F0D7FD184845
:107AD00000F04AF93468A6421FD004B32046C4F827
:107AE0007C802761FEF7CEFF04F1180000F04EFA0B
:107AF0002046FEF7E3FF0E4800F020F988B90D4A52
:107B000010490E484FF49A7305F0C1FD08490E481C
:107B100005F0BDFD4FF49A71D6E70025EBE7254649
:107B2000E9E789F31188BFF36F8F2846BDE8F88332
:107B3000C85E00203A5C0400675C04002C59040015
:107B40007C5C0400925C0400A95C0400D3B5DDE910
:107B50000667089CCDE90067FFF7A8F91CB1034B45
:107B60009B681B69236002B0D0BD00BF905E0020FF
:107B700008B568B10F4B98420AD303F1180290423E
:107B800006D2C01A1822B0FBF2F302FB13034BB16A
:107B900009490A480A4A382305F079FD084838217E
:107BA00005F06CFD074BC0105843074B01221A54D7
:107BB00008BD00BF0050002045B904002C59040046
:107BC0001DB90400ABAAAAAA3E750020C3897F2B69
:107BD00012D80A4B1B6863B1094B90F90E201B6841
:107BE0009A4209DB437BDB0606D1064BC31A18BF5A
:107BF000012303F0010070470023FAE75811002029
:107C0000D05E0020E04D002070B50E4B0E4C1E7C67
:107C100006EB460304EBC3040546204600F0B6F924
:107C20000A4B002228469A55FFF7D0FF48B1084B6F
:107C300008491A68013A2046D317BDE8704000F0A1
:107C4000C9B870BD905E0020005000203E75002035
:107C500058110020717B030038B5EFF311854023E4
:107C600083F31288BFF36F8F234800F059F868B987
:107C7000224A23492348882305F009FD1E4922484A
:107C800005F005FD88211D4805F0F8FC1A4800F0B4
:107C90006BF81E4B1E4A9C681068A04213D1FFF778
:107CA000B3FF154800F04AF808BB144A19491548B3
:107CB0004FF49A7305F0EBFC0F49174805F0E7FC09
:107CC0004FF49A71DFE700211B7C1160134AD35CEB
:107CD000002BE6D02046FFF779FF0028E1D0637B38
:107CE000DB0602D12046FEF785FF2046D7E785F365
:107CF0001188BFF36F8F38BDC85E00203A5C040066
:107D0000675C04002C5904007C5C0400905E002039
:107D1000CC5E0020925C0400A95C04003E7500204B
:107D2000006838B1044B1B7C00F00300C01A18BF78
:107D30000120704701207047905E002000230268F8
:107D40000360EFF30581074B19B19968497BC907B7
:107D500006D4197C98680843831A584258417047E2
:107D600001207047905E0020024B1A7C9B681343F1
:107D700003607047905E0020024B1868984208BF6D
:107D8000002070475C110020034B1B680BB9F9F70A
:107D90008BBF0020704700BFD45E002030B570B1AB
:107DA0000B4B5B6898420AD0036843B1D3E90421C6
:107DB000D0E90445121941EB0501C3E90421D0E9DA
:107DC000003213605A600023C0E9003330BD00BFA9
:107DD0005C110020B3F1FF3F08BFB2F1FF3F2DE976
:107DE000F84F04469B4615461F4600F0B280D0F877
:107DF0000090B9F1000F0CD05749584A58486F23EA
:107E000005F045FC574805F042FC54486F2105F049
:107E100035FC8160EFF31188402383F31288BFF3B0
:107E20006F8F5148FFF77CFF824660B94F4A504937
:107E30004B48882305F02BFC4B494E4805F027FCA6
:107E400088214A48E3E74848FFF78EFFBBF1000F5F
:107E5000494A1FDBFFF798FF474A0135D2E900176F
:107E60004BF1000B2D184BEBE073C4E904536D1874
:107E7000064643EB0707FFF77FFFDFF800E1DEF878
:107E800004900346EBB9C4E900E9C9F80040CEF814
:107E9000044028E0D2E900126FF001035B1A4FF0B2
:107EA000FF3161EB02025B1B62EB0B02012B72F1F3
:107EB0000001BCBF01234A46C4E904324FF0000A66
:107EC000D9E7D3E9041CD4E904208A4270EB0C0BF7
:107ED0002EDA891A5A686CEB0000C3E90410C4E971
:107EE000003214605C60FFF747FF84420ED1244BE0
:107EF0001B685BB9BAF1000F02D1FFF745FF0646D8
:107F000030460AF089FA0021F9F7A8FE1648FFF773
:107F100015FFB0B9154A1B4911484FF49A7305F083
:107F2000B6FB1149184805F0B2FB4FF49A7188E787
:107F3000521A60EB0C009945C4E90420A3D01B68D9
:107F4000A0E788F31188BFF36F8F28463946BDE854
:107F5000F88F00252F46F8E71CBB0400F8BA040090
:107F60002C59040051B20400D85E00203A5C040091
:107F7000675C04007C5C0400185000205C11002049
:107F8000D45E0020925C0400A95C040070B5044635
:107F9000EFF31186402383F31288BFF36F8F2348DA
:107FA000FFF7BEFE68B9224A22492348882305F01C
:107FB0006EFB1E49214805F06AFB88211C4805F02C
:107FC0005DFB1A48FFF7D0FE236833B3FFF7D4FEFA
:107FD00005462046FFF7E2FE00224FF00043A5428F
:107FE000C4E9042306D1FFF7CFFE0AF015FA0021F9
:107FF000F9F734FE00240D48FFF7A0FE80B90C4AC3
:108000000F490D484FF49A7305F041FB07490D489D
:1080100005F03DFB4FF49A71D0E76FF01504EAE7E5
:1080200086F31188BFF36F8F204670BDD85E0020A5
:108030003A5C0400675C04002C5904007C5C04007A
:10804000925C0400A95C04002DE9F0470446EFF3BC
:108050001188402383F31288BFF36F8F4448FFF7E2
:108060005FFE68B9434A44494448882305F00FFB42
:108070003F49434805F00BFB88213E4805F0FEFAD6
:10808000DFF800913A48DFF800A1FFF76DFEC9F86C
:108090000040FFF771FE002604460027D9F80030A3
:1080A000DAE900C0D91754B1D4E90452AB4271EBFC
:1080B000020E20DAED1A62EB0102C4E9045213EB5E
:1080C0000C034FF0000440EB01012046CAE90031E7
:1080D000C9F800400AF0A0F92146F9F7BFFD24488D
:1080E000FFF72CFEB0B188F31188BFF36F8FBDE8A6
:1080F000F047FFF7B1BD15EB0C0340EBE570CAE9A3
:108100000030C4E904672046FFF748FE1848FFF72F
:1081100015FE68B9174A1D4918484FF49A7305F0BF
:10812000B6FA13491A4805F0B2FA4FF49A71A4E767
:1081300088F31188BFF36F8FA36820469847EFF349
:108140001188402383F31288BFF36F8F0848FFF72D
:10815000E7FD002886D00648FFF706FED9F8003074
:108160005B1BC9F80030FFF707FE044696E700BF27
:10817000D85E00203A5C0400675C04002C590400BF
:108180007C5C0400D45E002018500020925C040047
:10819000A95C040070B5EFF31186402383F31288C5
:1081A000BFF36F8F1A48FFF7BBFD68B9194A1A4928
:1081B0001A48882305F06BFA1549194805F067FA43
:1081C0008821144805F05AFA1148FFF7CDFDFFF752
:1081D000DBFD144AD2E90045041945EBE0750C4873
:1081E000FFF7ACFD68B90B4A0F490C484FF49A737E
:1081F00005F04DFA06490D4805F049FA4FF49A7119
:10820000DFE786F31188BFF36F8F2046294670BDE4
:10821000D85E00203A5C0400675C04002C5904001E
:108220007C5C040018500020925C0400A95C0400EF
:10823000F8B50546EFF31187402383F31288BFF3A7
:108240006F8F5E48FFF76CFD68B95D4A5D495E4817
:10825000882305F01CFA59495C4805F018FA882172
:10826000574805F00BFA5548FFF77EFD2B68B3B170
:108270005248FFF763FD68B9514A554952484FF4D7
:108280009A7305F004FA4D49524805F000FA4FF48C
:108290009A71E5E787F31188BFF36F8FF8BDD5E9D1
:1082A0000A46611C46F10002022972F1000236D32F
:1082B000012C76F10002BCBF01241E46013C46F1B0
:1082C000FF360AF0C4F8013041F10001001946EB15
:1082D0000101012871F1000135DB0AF0B8F8013025
:1082E00041F100016FF00203001946EB01018342E6
:1082F0006FF000438B412BDB0AF0A9F8013041F10C
:1083000000016FF00102001946EB0103121A4FF051
:10831000FF3161EB030330492846FFF75BFD2B6B10
:1083200001332B632B6ABBB93C46284650F8185FD3
:10833000854200D06DBB2148FFF700FD00289BD08F
:1083400084F31188A8E76FF001024FF0FF33E2E7F2
:1083500000224FF00043DEE71848FFF7EFFC00284B
:108360008AD087F31188BFF36F8F2B6A284698470E
:10837000EFF31184402383F31288BFF36F8F0F480C
:10838000FFF7CEFC00283FF460AF0C48FFF7ECFC91
:10839000CBE72846FEF7EEFC00230848EB67FFF723
:1083A000CDFC00283FF468AF84F31188BFF36F8FD2
:1083B0002846BDE8F840FEF797BC00BFDC5E002011
:1083C0003A5C0400675C04002C5904007C5C0400E7
:1083D000925C0400A95C0400318203002DE9F8439B
:1083E000064614461D4691469846EFF311874023F2
:1083F00083F31288BFF36F8F2748FFF791FC68B9AA
:10840000264A27492748882305F041F9224926486A
:1084100005F03DF98821214805F030F91E48FFF7A5
:10842000A3FCB5F1FF3F08BFB4F1FF3F11D11A48DB
:10843000FFF784FC50BB194A1C491A484FF49A7341
:1084400005F025F914491A4805F021F94FF49A71FD
:10845000E1E7002D0ADB012C75F100032246BCBFC9
:108460000122002512F1FF3945F1FF383046FFF7B0
:108470008DFDDDE90823C6E90A23002333634A465C
:10848000434630460B49FFF7A5FCD0E787F3118838
:10849000BFF36F8FBDE8F883DC5E00203A5C040018
:1084A000675C04002C5904007C5C0400925C0400AE
:1084B000A95C040031820300F8B505460E46EFF3CF
:1084C0001187402383F31288BFF36F8F1F48FFF794
:1084D00027FC68B91E4A1F491F48882305F0D7F8B2
:1084E0001A491E4805F0D3F88821194805F0C6F846
:1084F0001648FFF739FC2C68A5421CD0D4E900329D
:1085000013605A600023C4E90033314620460AF064
:108510000EF80E48FFF712FC78B90D4A10490E48C4
:108520004FF49A7305F0B3F808490E4805F0AFF818
:108530004FF49A71D9E70024EBE787F31188BFF372
:108540006F8F201E18BF0120F8BD00BFE05E002025
:108550003A5C0400675C04002C5904007C5C040055
:10856000925C0400A95C040070B504460D46EFF36C
:108570001186402383F31288BFF36F8F2148FFF7E2
:10858000CFFB68B9204A21492148882305F07FF8AC
:108590001C49204805F07BF888211B4805F06EF83F
:1085A0001848FFF7E1FB2068E56001218442A160E3
:1085B00011D11448FFF7C2FBE8B9134A1649144811
:1085C0004FF49A7305F063F80E49144805F05FF80C
:1085D0004FF49A71E1E7D0E9003213605A6000234A
:1085E000C0E9003309F0A3FF314604460548FEF711
:1085F00007FE204670BD86F31188BFF36F8F0024FD
:10860000F7E700BFE05E00203A5C0400675C04000E
:108610002C5904007C5C0400925C0400A95C0400FA
:108620002DE9F84F4F1E0F4206460D469A460BD0D5
:108630002F49304A3048172305F029F82F4805F014
:1086400026F817212B481CE0141D4DD241F0040BD5
:1086500000F11408EFF31189402383F31288BFF36C
:108660006F8F4046FFF75CFB68B9254A25492248D1
:10867000882305F00CF84146234805F008F88821C6
:108680001F4804F0FBFF4046FFF76EFB22465946A9
:108690003046D04704464046FFF750FB68B9184AB9
:1086A0001A4915484FF49A7304F0F1FF41461848EF
:1086B00004F0EDFF4FF49A71E2E789F31188BFF3FC
:1086C0006F8F8CB144F8046B7DB13C420DD0094AE8
:1086D00010490948342304F0DAFF21460E482A469F
:1086E00004F0D5FF3421ADE700242046BDE8F88F23
:1086F000A3BC04007FBC04002C590400BEBC0400D1
:108700003A5C0400675C04007C5C0400925C04003A
:10871000A95C0400DBBC04000DBD04002DE9F041A0
:1087200005460E46174609F01AFE28B9074B9B6806
:108730001C6F14B9BDE8F081054C3B463246294612
:108740002046BDE8F041FFF76BBF00BF905E002000
:10875000301300200246024B02480021FFF760BFA1
:10876000A9D5030030130020014B0367704700BFF9
:10877000301300200146024A0020FFF7CFBF00BFA0
:10878000A9D5030001680E4A9142034615D1C1697B
:10879000A2F11022A2F1EF1291420ED18268012AB9
:1087A0000BD8C26812B101698A4206D0586928B153
:1087B0009B691B1A5842584170470120704700BFFF
:1087C00055AA00FF70B50D4B9E68A6B13046FFF765
:1087D000D9FF044678B9F3686BB935690DB92046FD
:1087E00070BD2846FFF7CEFF28B9EB68B34202D12F
:1087F0002E462D69F2E70124F1E700BFE45E002078
:108800002DE9F041444B454C1B68054620468846FF
:10881000984718B100242046BDE8F081A4F1140760
:1088200054F8144CFB68DCB1BC68CCB1002D66D0A8
:10883000B8F1000F65D008FB05F6B6FBF5F5A845C5
:1088400061D1311D5FD8B20711D026F00302043286
:108850001C4603E06168914257D2A469002CF9D10B
:108860002F4B2E481B6898470028D4D0D2E73246B9
:10887000EEE7891A232904F120051CD80123A360FF
:10888000D4E90523AAB19361A3690BB162695A6166
:108890000023C4E905333B69DB0703D5FFF792FFEB
:1088A000002835D13246002128462C460AF05BFDCF
:1088B000D6E7FB60E8E702F1200C04EB0C0320395B
:1088C000C3E90110DC6017482169196144F80C0004
:1088D000A0F11020A0F1EF10D86101B1CB60616967
:1088E0005961A069986141B18B61996901B14B618E
:1088F0000121C4E901212361CAE7FB60F5E72C46A9
:10890000AEE74446ACE70446AAE7A0680028B0D02A
:10891000012004F029F900BF74110020F85E002046
:108920007011002055AA00FF70B5464B464C1B68DD
:10893000054620469847002840F08280002D43D00D
:1089400054F8143CA4F11406002B3DD0B268002A60
:108950003AD09D4203D3726813449D4202D3012052
:1089600004F002F9A5F120042046FFF70BFF0028D0
:10897000F5D155F8183C012BF1D155F8143C45F8C8
:10898000180C3BB39A682ABB55F81C2C02F1200145
:108990005A680A445A6055E905321A6155F8145C60
:1089A0002B6903B1DD602022002120460AF0DBFCA8
:1089B000286910B18368002B2ED033699B0703D53B
:1089C000FFF700FF0028CAD1204B1F481B68BDE8F5
:1089D0007040184755F8100C00282AD0836843BB14
:1089E0004268636813442033636003692361D4E9F8
:1089F00005239AB9CBB9436963618269A261B3B1B6
:108A00009C61A36903B15C61236903B1DC6020222E
:108A100000210AF0A8FCD0E72C46E1E79361A369A6
:108A2000002BE8D062695A61E5E7F360F7E7F4608C
:108A3000E7E7F36845F8083C03B15C61F460BCE724
:108A400070BD00BF74110020F85E0020701100207E
:108A500038B51C220C460546002115480AF083FC57
:108A6000144B15481B6898471449154800F038F80E
:108A7000232C1CD915F003031FBF043CE418C3F1D9
:108A80000403ED182246002128460AF06CFC084B2E
:108A90000C499D60C3E90054203C6C609A681160E9
:108AA0009A68DA60A1F11021A1F1EF11D16138BD0E
:108AB000E45E002078110020F85E00202989030080
:108AC0000188030055AA00FF014B1B68184700BF2F
:108AD00068110020014B1B68184700BF641100207B
:108AE000024B1860024B002019607047681100208B
:108AF0006411002010B50A46044619B1024B00214A
:108B00001B68984710BD00BF6C110020F8B50D4ED2
:108B10000D4C0E4D33680E48984767782B680C480B
:108B2000984733680B489847022F08D12478E31FF1
:108B30005C425C412B68074898472046F8BD0024FA
:108B4000F8E700BF74110020005F002070110020C2
:108B5000DC0E0020E40E00200E4B0340B3F1607FDA
:108B600006D1B1F5885F14BF6FF086000020704712
:108B7000B3F1707F0BD101F4E043B3F5005F06D190
:108B800011F4E06F0CBF6FF08600002070476FF0AB
:108B9000860070470000C07F8A4270B506460D46C9
:108BA00000F0ED80784922F4FF7323F001038B423B
:108BB00013D022F0FF0001F5885188420DD0734C8C
:108BC00022F47F7121F00301A14206D0704988424E
:108BD00003D001F574518B422CD16E4B25F0FF016F
:108BE00099420FD115F0FF000BD06B4B40F0007095
:108BF000984240F0C68082EA0500FF288CBF002022
:108C0000012070BD654B9942ECD0A3F58853994281
:108C1000E8D025F4FF7323F00103B3F1062FE1D070
:108C20005B488142DED05E498B42DBD0A1F58441B6
:108C30008B42D7D005F0FE43B3F1A06F13D102F001
:108C4000FE43B3F1A06F40F0888082EA050333F45D
:108C50007E1340F082802E047FD5C5F30540C2F319
:108C600005429042CAE74F498D420BD14E4B9A4282
:108C700000F085804D4B22F47E10984214BF0020F6
:108C80000120BEE7B3F1407F67D102F0FE43B3F1AC
:108C9000407F62D182EA050030F47E145DD1314616
:108CA0002846FFF759FF00286BD1414B12F47C1185
:108CB00003EA020318D0B3F1607FC2F305413DD14E
:108CC0003C48D3B243F0007383423BD003F17E4370
:108CD000043B112B01D83848C45C15F47C1FC5F344
:108CE000054331D18C42C9E7B3F1607F0DD13148E2
:108CF000D3B243F0007383421ED003F17E43043BA2
:108D0000112BDDD82D49C95CDAE7B3F1707FE4D1CE
:108D100006F4E043B3F5005F03D1C6F3022301215B
:108D2000994006F4E043B3F5005FD6D1C6F30226BE
:108D3000012000FA06F4D0E71021C1E7B3F1707FFB
:108D4000CBD1EEE71024C8E712F47C1F01D1A34277
:108D500015D02C0401D58B4250E725F0004323F4B5
:108D60007F03B3F1106F0CD102F0FE43B3F1106F2B
:108D700007D11348104040F01060A8427EE7012060
:108D80003FE700203DE700BF0002000600040006A8
:108D90000009000600030006FF00000200130006A1
:108DA000004600060093C0040013C0040001400503
:108DB0000000C07F0300000235BD040035BD040083
:108DC0000000FFF62DE9F843884617461C4600F0E0
:108DD00013FC054688BBD8F80060B6F8009009F48B
:108DE000E043B3F5804FB36808BF27F0010737EAC7
:108DF00003031AD10CB3274B24F0FF029A421FD170
:108E000014F0FF0304D0244A43F00073934236D099
:108E1000F16822464846FFF7BFFE074668B9316948
:108E200022464846FFF7B8FE90BB6FF0840500234A
:108E3000C8F80030304600F013FC2846BDE8F8833F
:108E4000164B9A42DCD0A3F588539A42D8D024F42A
:108E5000FF7323F00103B3F1062FD1D010498A42EA
:108E6000CED0104A9342CBD0A2F584429342C7D0D1
:108E700004F0FE43B3F1407F04D12304C8D56FF062
:108E80008605D4E7B3F1A06FF7D0034B9C42BEE751
:108E90003D46D2E700030006FF0000020013000673
:108EA000000900060046000670B5114B05461B6818
:108EB00010480E469847044618B16FF08F042046BC
:108EC00070BD6B6933602B7F012B04BF02232B77AE
:108ED000094B18BF30601B68064818BF6FF0960436
:108EE00098470028EBD0002CE7D06FF09604E6E717
:108EF00074110020EC0E00207011002038B500F035
:108F0000FE43B3F1407F04460D4602D06FF0860069
:108F100038BDFFF721FE0028FAD114F47C1F12D0CF
:108F2000C4F30543032B137022D9284A2240B2F11F
:108F3000607F3DD1264AE4B244F0007494422BD1C4
:108F4000102BE5D9E2E7214B2340B3F1607F15D127
:108F50001F49E3B243F000738B4202D11023137018
:108F6000D6E703F17E43043B112B04D90023137091
:108F70006FF08500CCE71749CB5CD3E7B3F1707F86
:108F8000F4D101F4E043B3F5005FEFD1C1F3022166
:108F900001238B40DBB2C5E704F17E44043C112C75
:108FA000B4D80D4A125D9342B0D8142BB0D9DFE784
:108FB000B2F1707FAAD105F4E042B2F5005FA5D10D
:108FC000C5F302250122AA40EDE700BF0000C07FE3
:108FD0000300000235BD040035BD04002DE9F34156
:108FE000002313604768D0F8148004460E463846C4
:108FF000114609F09AFE054688B9384609F097FEF1
:10900000054660B9FFB277B9B8F1000F05D1A36882
:1090100023F0031323F47F4363B16FF086052846E2
:1090200002B0BDE8F0816069012109F058FE002816
:10903000EDD1F2E762884FF6F8739A4227D8154BC4
:1090400015481B682779984710B16FF08F05E6E740
:1090500007B901A8314600F087FA104B05461B6896
:109060000D48984710B1002DD9D1EEE7002DD6D18B
:109070000FCCD6F800C066460FC694E8070086E815
:109080000700002FCBD1019BCCF81430C7E76FF05D
:109090008505C4E774110020EC0E0020701100203B
:1090A00010B5044660B1074B07481B689847204637
:1090B00009F0C4FB054B04481B68BDE81040184785
:1090C00010BD00BF74110020EC0E002070110020B4
:1090D00037B50446C0B101A900F08EFA044698B92C
:1090E000194B1A481B681A4D9847F0B90198037F2D
:1090F000032B11D109F004FE2B680446134898474E
:1091000028B10CB96FF08F04204603B030BD002C9D
:1091100008BF6FF08704F7E7022B12D10323037710
:109120000379FF2B08BF6FF08404019809F0E8FD74
:109130002B68002818BF0446044898470028E3D04D
:10914000DFE76FF09604F0E774110020EC0E0020CA
:10915000701100202DE9F0411F4688B0164600220C
:1091600003880796CDE90422054688463A60002E1A
:1091700062D0B6F1005F80F09E8023F0FF03B3F56C
:10918000E24F02D0B3F5824F22D1284609F037FAD8
:109190000446002840F08380EB686BB16A885AB1BE
:1091A0002B8803F44F41B1F5824F05D1DBB2222B5E
:1091B00037D02DD8122B39D0424608EB06010023B8
:1091C00012F8010B914243EA0003F9D1002B33D08E
:1091D00005AA04A92846FFF701FF0446A0B9049B8D
:1091E0009B6A63B3049B5A88069206AA029203F113
:1091F000280201929A6A00925B6A324641462846EA
:1092000009F0C7FD044678B30498FFF749FF46E02C
:10921000273BDBB21B2BCFD8284921FA03F3DB070E
:10922000CAD50732B6EBD20FC6D205E040F2092309
:109230009A42F6D1402EBFD86FF086042FE06B68BB
:109240001B0A07D10799049809F0B8FA04460028C8
:10925000C8D0D9E707AB32464146284609F071FD30
:1092600004460028EED0CFE70499069B4A88D2B97D
:109270004B80069A04984FF6F8739A4218D82B88B8
:1092800013B102889A4210D16B8813B142889A4276
:109290000BD13946FFF708FE04460028B4D120461A
:1092A00008B0BDE8F0819A42E3D06FF08604ABE7E6
:1092B0006FF08504A8E76FF08504F0E70102000C69
:1092C00038B504460D46FFF721FC30B12A46214649
:1092D0000348BDE8384009F00EBE6FF0880038BD85
:1092E000045F002070B51D4E1D4C33681D48984723
:1092F0002378590744BF23F00403237023789A0787
:1093000005D500F017F9237823F002032370164DDA
:1093100014482B689847336814489847637813B10A
:10932000134809F0F9FD0023042111486370FFF789
:10933000E1FB2B680D48984733680A489847237823
:10934000DB0705D509F0FCFC237823F0010323702B
:109350002B680448BDE87040184700BF7411002016
:10936000005F0020E40E002070110020DC0E0020C1
:10937000045F00202DE9F041FFF7C8FB18B100247D
:109380002046BDE8F081364F36483B689847044692
:1093900020B16FF08F04FFF7A5FFF1E7324D2B7876
:1093A000D80706D409F0CAFC2B7843F00103044621
:1093B0002B702E4E2B483368984710B1002CE8D004
:1093C000E9E7002CE7D13B68264898470446002887
:1093D000DFD12B78990706D400F0A4F82B7843F05E
:1093E000020304462B7033681E4898470028E5D1D5
:1093F000002CD0D13B681B4898470028C9D133685E
:10940000184895F8008098470028C2D13B68184852
:10941000984704460028BCD16B7843B918F0010F77
:1094200005D0144809F065FD022304466B703368CB
:109430000F4898470028C1D1002CACD13B6809489F
:1094400098470028A5D12B7806485A075CBF43F0FF
:1094500004032B7033689847002890D099E700BF29
:1094600074110020E40E0020005F00207011002025
:10947000DC0E0020045F002038B5074C074B204667
:109480001B689847064B93F88055064B20461B688F
:109490009847284638BD00BFE40E00207411002014
:1094A000085F00207011002000F140421F2A38B5EB
:1094B00004460D460CD81A4B2C2101FB02331A7FAF
:1094C000022A02D15A69824218D06FF08B001FE045
:1094D000012109F004FCE0B1114A00201346117F7C
:1094E000022902D15169A14205D00130202802F1A0
:1094F0002C02F4D1E9E72C2202FB00331A7F022A66
:109500000AD11A6A511C07D001321A6200202B605E
:1095100038BD6FF08700FBE76FF09600F8E700BFFB
:10952000085F0020024B012283F88025002070474D
:10953000085F00202DE9F0410A4C002526464FF037
:1095400001080327C4F8208027772046013509F059
:1095500075F9202D04F12C04F4D1002386F8803510
:10956000BDE8F081085F0020F8B506460F46FFF71A
:1095700083FF002835D01E4B002422461D46197F4C
:10958000F9B13CB9022905D1196A19B9197900292B
:1095900018BF1C460132202A03F12C03EFD114B965
:1095A0006FF08C000BE0237F022B04D1236A5A1C3E
:1095B0001CBF01332362204609F040F910B100249A
:1095C0000DE01C46237F7BB90123237736B1094B7D
:1095D000651BAD105D4305F18045356000203C60A2
:1095E000F8BD6FF08800EAE76FF09600E7E700BF8C
:1095F000085F0020A38B2EBA002370B50B600446D1
:109600000D46FFF739FF08B3124B13481B68984704
:10961000064618B16FF08F04204670BD20462946DB
:10962000FFF742FF10F18C0F0C4B044607D01B686C
:10963000094898470028EFD0002CEDD1EAE72E60CA
:109640001B68054898476FF08704E5E76FF08804CA
:10965000E2E700BF74110020EC0E00207011002022
:1096600010B50B4B04461B680A48984718B16FF0B9
:109670008F04204610BD204609F042FB064B0446ED
:109680001B68044898470028F3D0002CF1D1EEE77E
:1096900074110020EC0E00207011002070B40A4EEE
:1096A0004568DCB244F00074B4424FEA152503D09B
:1096B00035B970BC00F0A4B86FF0850070BC70477D
:1096C0006FF08600FAE700BF05000002F7B5089EBC
:1096D0000D4FF5B2044645F000754868BD424FEAAB
:1096E00010200AD060B9009604F1080000F054F888
:1096F00008B91C23236003B0F0BD6FF08500FAE7C2
:109700006FF08600F7E700BF05000002F7B5089E7E
:109710000D4FF5B2044645F000754868BD424FEA6A
:1097200010200AD060B9009604F1080009F0F2FC9C
:1097300008B91C23236003B0F0BD6FF08500FAE781
:109740006FF08600F7E700BF050000027FB5002438
:10975000C0F848410F4C0094054609F070FB0446E0
:1097600098B903AB102205F59C760193009233461D
:1097700005F59471284609F075FB044628B9304672
:1097800009F0F6FB204604B070BD284609F076FBD0
:10979000F8E700BF004440042DE9F0411E46069B57
:1097A0001746154A23F47E13934204460D461BD1F7
:1097B0000B88B3F5105F17D1A6F11002102A17D845
:1097C0000E4BD340DB0713D54FF4A672002109F0EE
:1097D000CAFD022384F84C313A46334629462046D6
:1097E000BDE8F041FFF7B2BF6FF08500BDE8F08142
:1097F0006FF08600FAE700BF0002C003010101001C
:109800002DE9F04323F47E16124BDDF82C909E4296
:10981000DDE9077CDDE909E815D10388B3F5105FC0
:1098200011D1A2F11004102C11D80B4D25FA04F41B
:10983000E3070CD5CDE90989CDE907CE3B46BDE864
:10984000F04309F03EBC6FF08500BDE8F0836FF097
:109850008600FAE70002C0030101010073B50C465F
:1098600011461A462388069EB3F5105F054619D1A6
:10987000A2F11004102C12D80C4BE340DB070ED5DC
:109880000B4B9E420ED100240094234600F06CF84E
:1098900085F81C41C5F81861204602B070BD6FF014
:1098A0008600FAE76FF08500F7E700BF01010100CD
:1098B000004440042DE9F04116461F46D0F8182117
:1098C0000E4B9A420546884611D1314600F06CF89D
:1098D000069B984204460DD83346284642463946F0
:1098E00000F070F8079B00201C60BDE8F0816FF06D
:1098F0008500FAE76FF08900F7E700BF00444004F5
:1099000070B5184E049C4588B34202D06FF08500B4
:1099100070BDEE1DB2EBD60F4FEAD60302D06FF04A
:109920008600F5E7079A934218D8089A13600088D2
:1099300047F212129042E9D1059A5B00013393423B
:10994000EDD12378042BEAD1B5F5807FDED10698DE
:10995000621C00F067F90028DAD0E0E76FF08900B8
:10996000D6E700BF00000209F8B5069F04461D4671
:1099700061B11646AFB9C6F7C3FD002384F8116183
:1099800084F8103184F8127184F8133145B1102233
:10999000294604F1F00009F0BEFC012384F81331DC
:1099A000F8BDC6F741FFE8E751B190F8103190F8E3
:1099B00012210B4402F001029B1A23F00F007047A2
:1099C000084670472DE9F04F044687B090F8120121
:1099D00094F810910090002B55D0924600F00108A9
:1099E000C9F110021E4608EB0203B34204F580776A
:1099F00000F2C4800D46002A40F0B380009B002B8B
:109A00006AD194F8133104F1F009C846002B40F0F4
:109A1000C18094F81131224639464846C6F71CFCED
:109A20000F2E40F2CE80A6F1100323F00F03103367
:109A3000019305EB030BD04694F813C11023414664
:109A40004A463846BCF1000F20D0C7F71FF9102254
:109A50004946284609F05FFC103594F8113122463A
:109A600039464846C6F7F8FB5D4508F11008E3D1D2
:109A700016F00F0621D184F81061C8461022414625
:109A8000584609F048FC07B0BDE8F08F102209F0F5
:109A900042FC10224946284609F03DFC103594F856
:109AA0001131224639464846C6F7D6FBAB4508F188
:109AB0001008C1D116F00F06DDD0019B9A44514623
:109AC0003846324609F027FC009B84F81061002BD1
:109AD0007DD00DF10808D1E794F8113122463946BE
:109AE00002A8C6F74FFD94F81331002B5BD1B8F1F3
:109AF000000F0CBF4FF010094FF011094E4529D34C
:109B000004F1F00801E04E4524D3514610223846B6
:109B1000924409F000FC102202A9284609F0FBFB40
:109B200094F811312246394602A8C6F72BFD94F865
:109B30001331103E1035002BE5D002A908464246ED
:109B40001023C7F7A3F810223946404609F0E3FB7B
:109B50004E45DAD22EBB84F81061AB460DF10808F1
:109B60008CE7514607EB0900924409F0D4FB009BB7
:109B7000103E4E44002B3FF444AFADE707EB090025
:109B80005146324609F0C7FBB14484F8109107B042
:109B9000BDE8F08F10234A4639463846C7F776F8B5
:109BA00037E7AB468BE702A904F1F0094A460846BD
:109BB0001023C7F76BF848461022394609F0ABFB73
:109BC00095E7002EEDD184F81061AB4656E704F11D
:109BD000F00952E700B589B00146684600F03CF84C
:109BE00009B05DF804FB00BF00B591B001466846BE
:109BF00000F06AF911B05DF804FB00BF30B599B010
:109C00000546684600F028F86946044608A800F0B2
:109C100053FA08A90443284600F08AF9204619B0EF
:109C200030BD00BF70B598B005466846164600F0D6
:109C300013F83146044608A800F046F908A96A4618
:109C40000443084600F082F908A90443284600F0BE
:109C50006DF9204618B070BD70B50B68124E1BBA76
:109C6000C3614B681BBA83618B681BBA4361CB68C5
:109C70001BBA03610B691BBAC3604B691BBA8360D3
:109C80008B691BBA4360CB691BBA3246036001463D
:109C90000446C6F7EBFD3146054602462046C6F7A8
:109CA00005FE681E70BD00BF504804002DE9F0415C
:109CB00088B00C46064602F12001684606F12007EE
:109CC0009046C7F7CDF86A4669466846C6F7EAFF88
:109CD00069463846C7F7C4F83A463946384604F16B
:109CE0002005C6F7DFFF6A4669466846C6F7DAFF11
:109CF00041462846C7F7B4F86A4641463046C7F79A
:109D000097F82A4629466846C6F7CCFF2A46694690
:109D10006846C6F7C7FF124A69466846C6F7C2FFDB
:109D200069462046C7F79CF8324621462046C6F7CA
:109D3000F7FF324621462046C6F7F2FF224631465B
:109D40002846C6F7EDFF6A4629462846C7F770F849
:109D50003A4629462846C6F7E3FF08B0BDE8F08139
:109D600030490400F0B599B004460D460A46014654
:109D70006846C6F7D5FF69466846C7F771F86A4670
:109D8000214608A805F1200604F12007C7F750F87E
:109D90006A4629466846C7F74BF83246394610A846
:109DA000C6F780FF324639463046C6F7B9FF31461E
:109DB0002846C7F755F86A4608A92046C6F772FF35
:109DC000224629462846C6F7ABFF6A4608A96846D8
:109DD000C6F7A6FF6A4639463846C7F729F82A4625
:109DE00008A96846C6F79CFF6A4631463046C7F761
:109DF0001FF83A4631463046C6F792FF10A968462A
:109E0000C7F72EF8224669462046C6F789FF08A9FB
:109E100022460846C6F784FF10A908AA0846C7F7D5
:109E200007F83A4610A93846C6F77AFF19B0F0BDD0
:109E30002DE9F04188B00C46054690460A46014699
:109E40006846C6F76DFF69466846C7F709F86A466F
:109E50002946284604F12006C6F7EAFF05F1200747
:109E60006A4621466846C6F7E3FF32463946304621
:109E7000C6F756FF31462046C6F7F2FF2A4621466E
:109E80002046C6F74DFF6A4621462046C6F748FFE2
:109E90006A4629464046C6F743FF42463946384699
:109EA000C6F7C6FF224629466846C6F739FF6A4606
:109EB00031463046C6F7BCFF3A4631463046C6F713
:109EC0002FFF08B0BDE8F08170B500F1200690B01A
:109ED0000D46044600F014F905F12001304600F06B
:109EE0000FF9214608A8C6F7BBFF08A908460D4A86
:109EF000C6F7D8FE08A922460846C6F799FF08A962
:109F0000094A0846C6F7CEFE31466846C6F7A8FF9E
:109F1000202269460DEB0200C6F796FE013810B00C
:109F200070BD00BF304904001049040000F002B9C0
:109F300038B504460D4600F0FDF805F1200104F1A6
:109F40002000BDE8384000F0F5B800BF2DE9F0472B
:109F50001346B8B0544A89468046194610A8C6F739
:109F600085FC5249024610A8C6F7A0FC179E4E4930
:109F700000EAD6760746C6F1010210A8C6F796FC9D
:109F8000179B4A466FEA030A28A918A8FFF78EFE16
:109F90004FEADA7A20A9CAF10102084600F092F8E5
:109FA000C7F10107FE246A4618A928A8FFF740FF59
:109FB000631138AA02EB830304F01F0253F8A03C9C
:109FC000D340554603F0010A8AEA05052A4628A926
:109FD00018A8C6F7C7FC2A4630A920A8C6F7C2FCB5
:109FE000013C28A918A8FFF7BDFE631CDBD1CAF10C
:109FF000010220A908A800F065F886EA0A066A4668
:10A0000018A928A8FFF714FF28A9324618A8C6F7F0
:10A01000A9FC324630A920A8C6F7A4FC08A96A46C4
:10A020000846C6F705FF08A9084600F09DF808A9EC
:10A0300008F1200409F120020846C6F7F9FE20A91C
:10A0400008AA2046C6F7F4FE08AA18A96846C6F76B
:10A05000EFFE69466846C6F703FF18AA694608A8D6
:10A06000C6F7E6FE21466846C6F7FAFE08AA694624
:10A070001046C6F755FE0E4A08A96846C6F750FEB8
:10A0800020462021C6F7F4FD08A90246444268464E
:10A09000C6F768FC4046074A6946C6F7C9FE3C4316
:10A0A000204638B0BDE8F08790480400B04804006E
:10A0B00010490400704804000A460149FFF746BFF2
:10A0C000D048040070B588B004460D4616460021FD
:10A0D0002022684609F047F900232946202220461D
:10A0E000009309F018F92A4669466846C6F718FE33
:10A0F000324669462046C6F735FC08B070BD00BF41
:10A100000B681BBAC3614B681BBA83618B681BBAAF
:10A110004361CB681BBA03610B691BBAC3604B690F
:10A120001BBA83608B691BBA4360CB691BBA03609F
:10A13000704700BFCB691BBA03608B691BBA4360D1
:10A140004B691BBA83600B691BBAC360CB681BBA2F
:10A1500003618B681BBA43614B681BBA83610B6850
:10A160001BBAC361704700BF70B598B00D46064674
:10A1700010A8C6F775FE2A4610A96846C6F758FE0D
:10A18000694610A8C6F76CFE10A90846C6F768FE17
:10A190006A4610A908A8C6F74BFE08A910A8C6F77A
:10A1A0005FFE10A90846C6F75BFE10A90846C6F771
:10A1B00057FE10A90846C6F753FE10A908AA08467C
:10A1C000C6F736FE10A90846C6F74AFE10A908468B
:10A1D000C6F746FE10A96A4608A8C6F729FE052458
:10A1E00008A910A8C6F73CFE10A90846C6F738FE15
:10A1F000013C10A9F5D108AA0846C6F719FE0524A6
:10A2000010A90846C6F72CFE10A90846C6F728FE76
:10A21000013CF5D110A908AA0846C6F709FE10A905
:10A2200008A8C6F71DFE08A90846C6F719FE08A922
:10A230006A466846C6F7FCFD1024694610A8C6F7B2
:10A240000FFE10A90846C6F70BFE013C10A9F5D178
:10A250002A460846C6F7ECFD402410A90846C6F772
:10A26000FFFD10A90846C6F7FBFD013CF5D110A97A
:10A270006A460846C6F7DCFD102410A90846C6F752
:10A28000EFFD10A90846C6F7EBFD013CF5D110A97A
:10A290006A460846C6F7CCFD102410A90846C6F742
:10A2A000DFFD10A90846C6F7DBFD013CF5D110A97A
:10A2B00008AA0846C6F7BCFD2A4610A93046C6F7CC
:10A2C000B7FD18B070BD00BF014B1B68184700BF39
:10A2D00098110020014B9B68184700BF981100207F
:10A2E000014BDB68184700BF9811002010B50C4CDB
:10A2F000236813B10B4B1B682BB900F029FE30B952
:10A30000084B01221A6001232360002010BD013890
:10A31000062801D9044810BD044B53F8200010BD95
:10A32000906400208C640020FE8FFFFF50490400E1
:10A33000BFF34F8F0549064BCA6802F4E06213432E
:10A34000CB60BFF34F8F00BFFDE700BF00ED00E023
:10A350000400FA0510B4094B09490A4C4FF0FE32CB
:10A36000C3F800244968C3F80424C3F80824C3F8D8
:10A370000C240023C4F8003510BC084700B002507C
:10A380007C11002000A00250D0E90012014BC3E96B
:10A39000001270477C1100202DE9F043134B144E3E
:10A3A000002814BF04461C4683B02368B34219D06A
:10A3B0000D4620464FF4E07104F10409174604F5F8
:10A3C0008E7800F0E9F8484600F0ACFC404600F01A
:10A3D000DBFA084900972B464A46404600F0EAFA65
:10A3E00008B92660002003B0BDE8F0839464002023
:10A3F000A5BCC95AADAD030070B51D460C4B002875
:10A4000018BF03460B481E68864282B00DD1002655
:10A4100003F58E7000963346144600F017FB0028B3
:10A4200018BF34462C6002B070BD0348FBE700BF84
:10A4300094640020A5BCC95AE88FFFFF10B50446FC
:10A4400050B1636813F0685F05D0064A934202D0AA
:10A4500000232360626010BD034B04485B6898478B
:10A46000EFE700BF2C5F5CA97C1100206C49040061
:10A47000C8B143680D4A934213D013F0685F0ED001
:10A48000012350E8002F194640E8001C9CF0000F03
:10A49000F7D1012AF5D0BFF35F8F00207047044841
:10A4A0007047044870476FF4E04070472C5F5CA928
:10A4B000E98FFFFFEA8FFFFF80B14368094A9342AB
:10A4C0000AD013F0685F05D0BFF35F8F00230360ED
:10A4D0001846704704487047044870476FF4E040DE
:10A4E000704700BF2C5F5CA9E98FFFFFEA8FFFFF79
:10A4F00010B5044620B1044B63600022226010BDF9
:10A500000248FFF727FFF6E73A00003A94490400B3
:10A5100070B5D0E90023174C174D6360D0E90230C5
:10A52000C4E9023022604868D1F800C0134BC3E987
:10A5300000C0D5F81801D1F808C0C3F808C010F061
:10A54000685FD1F80CC00969C3F80CC0196110D05C
:10A550000B49C5F8BC110023C5E9453105F58A70E2
:10A56000C5F8B8319047236805F5DC70BDE8704048
:10A57000184770BD981100209464002084110020B9
:10A580002C5F5CA938B131B101440022034601308F
:10A5900081421A70FAD1704738B131B101440022BA
:10A5A0000346013088421A70FAD170472DE9F04F06
:10A5B000B2F5C07FB5B000F2D780DFF8B491144691
:10A5C0000D464FF4D07200210DF15C080746484655
:10A5D00008F0C9FE404601F03FF9002309F11806D2
:10A5E000A9F8103063BA29462246A9F8123030463D
:10A5F000202389F8173008F08EFE5E4B079303F195
:10A6000004338022089303F104330993325503F194
:10A61000043307A940460A9301F034F98246002822
:10A620007FD104F119030BAE0FAC0293039701968F
:10A6300004940198DFF840B11022002108F093FE45
:10A64000DDF808A005940E9B5BF8044C5BF80C7CCD
:10A650000B995BF8100C5BF8085CDDE90C625C4060
:10A66000019B7E40554081EA00071A460121404681
:10A67000CDE90B76CDE90D5401F01EF9BAF1100FBA
:10A6800094BFAAEB0A0AAAF1100A0BF1100B0028DA
:10A6900065D1BAF1000FD6D1059C01992046102250
:10A6A00008F039FE99F8033010340133A04589F8D9
:10A6B0000330BED1049C039F019E80222146404668
:10A6C00001F0E0F8824670BB07F120093D4613AB6C
:10A6D0001A460121404601F0EFF81022824613A9E4
:10A6E00028461544BAF1000F1DD108F014FE4D455F
:10A6F000EDD1404601F0C0F81D484FF4D071FFF78E
:10A700004BFF20462021FFF747FF07A81021FFF746
:10A7100043FF30461021FFF73FFF504635B0BDE8FC
:10A72000F08F0FAC0BAE404601F0A6F810484FF486
:10A73000D071FFF731FF20462021FFF72DFF07A83A
:10A740001021FFF729FF10213046FFF725FF2021B8
:10A750003846FFF721FF504635B0BDE8F08F039F24
:10A76000019E049C8246DEE76FF0370AF3E700BFE4
:10A770006466002000010203746600202DE9F041A8
:10A7800088B004460D4620220021684608F0EBFD03
:10A7900004F120066F46E27B0132D2B2E273002A56
:10A7A0004DD1A27B0132D2B2A273002A47D1637B82
:10A7B0000133DBB26373002B41D1237B0133DBB266
:10A7C0002373002B3BD1E37A0133DBB2E372002B1E
:10A7D00035D1A37A0133DBB2A372002B2FD1637A78
:10A7E0000133DBB2637253BB237A0133DBB22372D2
:10A7F0002BBBE3790133DBB2E37103BBA3790133F4
:10A80000DBB2A371DBB963790133DBB26371B3B936
:10A8100023790133DBB223718BB9E3780133DBB2E7
:10A82000E37063B9A3780133DBB2A3703BB96378FB
:10A830000133DBB2637013B92378013323703B46D5
:10A8400022460121304601F037F8804650BB1037D0
:10A8500008AB9F429FD1029AAB68039F0799534070
:10A8600002933046EE68009B7E400396049F2E695B
:10A870007E4004966E69059F7E400596069FAE69F0
:10A880007E400696EE697140079129684B4000931F
:10A8900001996B6880224B406946019300F0F2FFFA
:10A8A000804638B168462021FFF776FE404608B062
:10A8B000BDE8F08110220DEB0201204608F02BFDCF
:10A8C000F0E700BF2DE9F84304468069B0F5C07F8A
:10A8D00052D81D46C0F5C073AB424DD3C5F5C07309
:10A8E0001B1A9342164647D3DFF898904FF4C07274
:10A8F0000F464846002108F036FDD4F89430A2698E
:10A90000D4F8980049469847002838D1D4F81880E0
:10A910003DB1D4E925302A4609EB0801984770BBC0
:10A92000A84407B1C6B9174942460846FFF73EFE9C
:10A93000054638B113484FF4C071FFF72DFE284685
:10A94000BDE8F8830F492046FFF718FF05460028A9
:10A95000F0D101232361EDE709EB080039463246C7
:10A9600008F0D9FC0749B04442460846FFF71EFEEE
:10A9700005460028DED1E5E76FF03705DFE76FF029
:10A980003305DCE70468002010B5A422044600214A
:10A9900008F0E9FC064B4FF0FF314FF6F0722161F1
:10A9A000E26104F19C001B68BDE81040184700BF3D
:10A9B000781100202DE9F04385B005460F46164674
:10A9C000002110226846994608F0CDFC1D4B05F188
:10A9D0009C081B684046984720B10446204605B0B5
:10A9E000BDE8F08305F12004204600F035FFAA6998
:10A9F000C5E925762E69E2B92022002EAA611FDB67
:10AA000020466946802200F03DFF044630B90C9A8A
:10AA1000334649462846FFF755FF04460A4B404651
:10AA20001B689847002818BF0446204605B0BDE8BB
:10AA3000F083002EE4DA172A02D801325608DFE745
:10AA40000026DDE774110020701100202DE9F04F81
:10AA50008DB0B2F5806F169F00F2E380B7F5807F6E
:10AA600000F2DC80044615460E462022002104A890
:10AA7000984608F078FC6C4B04F19C091B6848462A
:10AA800098478346002840F092802269E3699A4201
:10AA900000F391806369002B40F08D80002F40F01F
:10AAA000A980DFF888A16F46002D00F0988004F19E
:10AAB00020086F460EE0102DAB4628BF4FF0100B5C
:10AAC00030465A46394608F026FCB5EB0B055E4485
:10AAD00000F08580E37B0133DBB2E373002B4DD1C3
:10AAE000A37B0133DBB2A373002B47D1637B01331C
:10AAF000DBB26373002B41D1237B0133DBB22373C1
:10AB0000002B3BD1E37A0133DBB2E372002B35D16A
:10AB1000A37A0133DBB2A372002B2FD1637A013306
:10AB2000DBB2637253BB237A0133DBB223722BBBDC
:10AB3000E3790133DBB2E37103BBA3790133DBB209
:10AB4000A371DBB963790133DBB26371B3B92379E4
:10AB50000133DBB223718BB9E3780133DBB2E370ED
:10AB600063B9A3780133DBB2A3703BB963780133D7
:10AB7000DBB2637013B92378013323703B4622465E
:10AB80000121404600F098FE8346002893D0DAF871
:10AB90000030484698472021034604A8002B18BFE0
:10ABA0009B46FFF7F9FC10213846FFF7F5FC5846A5
:10ABB0000DB0BDE8F08F3A46414600232046FFF72E
:10ABC00081FEDFF868A000283FF46DAFDAF80030AE
:10ABD00048469847834600283FF465AFE7E704A955
:10ABE0002046FFF7CBFD83460028D0D123690133EF
:10ABF0002361CCE73A46414604A8FFF7D7FC8346D9
:10AC000018B1DFF828A06F46C1E704A92046FFF776
:10AC1000B5FD834600283FF444AFF2E76FF0370BF1
:10AC2000C5E76FF0350BC2E77411002070110020EA
:10AC30002DE9F043202B8BB01D46064688469146F1
:10AC400026D8DBB202AF8DF80480B0468DF805300F
:10AC500058F8041B21B9404600F072FE044640B982
:10AC600001233360022201A9404600F07DFE044624
:10AC700038B138462021FFF78FFC20460BB0BDE8E5
:10AC8000F0832A464946404600F06EFE0446F0E74F
:10AC900002AF1946104600233A4600F0EBFF044687
:10ACA0000028E6D12023B9461D46CCE7F0B5D0F800
:10ACB000F830A7B0002BD8BF02AE2CDDD0F80C4185
:10ACC0000546002302AE0193A4F10107D0F800016C
:10ACD000D5F8FC4001AB90223146A047B7FA87F780
:10ACE0007F09044610B9019B3BB9A7B130469021BA
:10ACF000FFF752FC204627B0F0BD014632462846F9
:10AD0000FFF796FF50B9D5F80431019A1344C5F8FE
:10AD10000431002FEAD16FF03C04E7E704462046F7
:10AD200027B0F0BD70B50025044604F588761422DE
:10AD30002946C0F8F850FC3008F015FB08222946D7
:10AD4000304608F010FB154B30461B6898472046EC
:10AD500040F8045B00F0DAFD114B30461B68984761
:10AD6000D8B9D4F8F830AB4211DC03EB830204EB22
:10AD700082022021C2F808110121C2F80C1101330E
:10AD80000849C2F80001C2F8FC10C4F8F830064BBC
:10AD900030461B68BDE87040184770BD7811002030
:10ADA000741100205DB70300701100202DE9F047F9
:10ADB000202A88B079D83E4B00F588791B68044674
:10ADC00048461746884698470546F8B9D4F8F830FB
:10ADD00040F20116002B64D02046FFF767FF0546BE
:10ADE00038B9D4F8F830002B14DC013EF2D16FF002
:10ADF0003B056E4620213046FFF7CEFB2D4B4846E3
:10AE00001B689847002818BF6FF01D05284608B03A
:10AE1000BDE8F087D4E94132934203D3D4F80C2142
:10AE2000012A02D0013ED7D1E1E71F2BFAD96E46A5
:10AE300001462022304604F1040A08F094FA314613
:10AE4000504600F0BBFD05460028D3D1504600F027
:10AE500071FD504600F05AFD2946504600F070FD45
:10AE600005460028C6D150462022314600F07CFD20
:10AE700005460028BED1034632462021304600F068
:10AE8000F9FE05460028B5D1D4F8F830002BC4BF30
:10AE90000023C4F804313A464046314608F03BFAF4
:10AEA000A8E76FF03F056E46A4E76FF03B05ADE7FE
:10AEB000741100207011002030B58DB000212822BF
:10AEC00002A8019108F04FFA02A800F0FBFE044628
:10AED00010B120460DB030BD174D4FF0FF3128683E
:10AEE00000F044F9044620B11448FFF733FA012C6E
:10AEF00018D0002000F06AF9D0B9114A02A901A8BF
:10AF000000F01EFC0446012000F060F960B92868DA
:10AF100000F034F90028DCD00A48FFF71BFA20467D
:10AF20000DB030BD0524F2E70748FFF713FAEEE74E
:10AF30000648FFF70FFAE0E7CC110020B8490400FB
:10AF400084690020104A0400F0490400D04904003C
:10AF500030B583B000F05CF828B100F0ABF8032402
:10AF6000204603B030BD00F077F8D8B900F02EF9D4
:10AF7000E0B9224CD4F828391B0EF02B0AD1D4F8B2
:10AF8000242A1F4B9A4231D000F044F8072400F0E5
:10AF900091F8E5E700F03EF800F08CF80624204632
:10AFA00003B030BD0424204603B030BD00F032F8B9
:10AFB00000F080F8FFF780FF044698B9114D2B6828
:10AFC000002BCDD102460146FFF7E6F950B90E49F4
:10AFD00001AB6822FFF710FA20B90C4B2B6020461A
:10AFE00003B030BD0524204603B030BD012000F081
:10AFF000EDF80028DAD1C4F80C0ADBE700B0025003
:10B000000000E020A46B0020A86B00205AEA5A5AE6
:10B010000020704700207047430504D5044B4FF0D3
:10B02000FF32C3F80821024BC3F8080A704700BF7B
:10B0300000B00250014BC3F8040A704700B0025040
:10B0400008B100F06BB84FF47500704708B100F01C
:10B050004FB84FF47500704710B5114800F072F802
:10B0600000B110BD0F4800F06DF80028F9D10E4C6A
:10B07000204600F067F80028F3D10C4B0C481C6008
:10B0800000F060F801460028EBD100F02DF80446EE
:10B0900008B1204610BD00F07BF82046FAE700BF5B
:10B0A000DC110020D8110020D4110020CC11002088
:10B0B000D011002008B5084800F04EF8074800F00D
:10B0C0004BF8074800F048F8064800F045F8BDE89E
:10B0D000084000F00BB800BFDC110020D8110020A0
:10B0E000D4110020D011002000207047704700BF0D
:10B0F00010B4094C0246D4F8003A1342FBD021B1F7
:10B10000D4F804310B60C4F80831034BC3F8082AA3
:10B11000002010BC704700BF00B00250044AD2F8B3
:10B12000003A1842FBD0C2F8080A0020704700BF5E
:10B1300000B0025008F0FDB808F015B90A46002129
:10B1400008F011B908B5034B02681B6810689847EE
:10B15000002008BD9811002008B5034B02685B6809
:10B1600010689847002008BD98110020024B026823
:10B170009B681068184700BF9811002008B5034B62
:10B180000268DB6810689847002008BD981100200D
:10B1900070B5094C094D2069AB68984718B1084B48
:10B1A00008485B689847084AEB68206900211160ED
:10B1B000BDE87040184700BF84110020981100209E
:10B1C0007C110020284A0400106C0020F8B51A4DAC
:10B1D0001A4E0446B26828699047E8B9184F3B6890
:10B1E0004CB1A3B1012B19D0013B3B602869F36836
:10B1F00098470020F8BD43B9124A0121C2F8001552
:10B200001149D1F81029002AFBD101333B60F368C2
:10B21000286998470020F8BD0C48F8BD0A4AD2F8C2
:10B220001039002BFBD1074A6FF07E40C2F8003581
:10B23000FFF700FF3B68D7E784110020981100203A
:10B24000106C002000A0025000B00250E98FFFFFF8
:10B250002DE9F047002878D00C46002975D01D460E
:10B26000002B72D007461AB1012200232A60036026
:10B270002B68002B64D02946204600F0DBFD804679
:10B2800000285FD12868214600F0BAFD80460028DA
:10B2900058D12B68082B6CD0042B6DD0A3F1020978
:10B2A000B9FA89F94FEA5919354E0121C6F8C41186
:10B2B000C6F84011C6F8C411636AC6F83031D6F832
:10B2C00030219342F6D14FF0000A4FF0FF30C6F81C
:10B2D0002CA1FFF7A1FE6FF01B03C6F8003150460A
:10B2E000FFF7A8FEC6F80C91D6F8040A40F4806077
:10B2F000FFF7A0FE0A23C6F83831089B012B29D09E
:10B300002369204AA2FB03231B09626A02FB03F3A1
:10B3100003EB43031A4ADB039B09C2F8D83101232C
:10B32000C2F82C313B682A6823F07F4343EA02636A
:10B330003B602A6843EA02233B604046BDE8F08751
:10B34000DFF844804046BDE8F087DFF840804046A3
:10B35000BDE8F0874FF08053D3F80C2C013206D0B3
:10B36000D3F80C3C074AA2FB03231B09CDE71623A5
:10B37000CBE74FF0030997E74FF0020994E700BFCE
:10B3800000B00250ABAAAAAA310CF100350CF100B2
:10B3900050B34B1EB3F5047F26D24FF0000C30B5EE
:10B3A000CD00E6466446630904F01F0150F82330DF
:10B3B0001F2923FA01F306D003F001031CB901246D
:10B3C0009E46A446EFE79E4504F1010406D09E4642
:10B3D0004FF0010CAC42E6D1002030BD0CF1010C65
:10B3E0009445F7D1014830BD00487047360CF10054
:10B3F000C8B32DE9F0434C1EB4F5047F1CD2DBB179
:10B40000D2B14FF0000ECF007646F046754603F1FC
:10B41000FF396C0905F01F0150F824401F2924FA58
:10B4200001FC0CD00CF0010C4DB90126E04635466C
:10B43000B646EEE7964218D90D48BDE8F08373454D
:10B440000CD0C44508BF0136F145F3D00EF1010E12
:10B450000135BD42DDD10020BDE8F0834FF0010E83
:10B46000E0467646F4E7024870479E46F0E700BFA4
:10B47000370CF1002DE9F04F91B00D46DDE91B418D
:10B48000824600296ED1286906901A981C60002314
:10B490000360002A00F02E819C4B6A6AD3F83811B1
:10B4A000D3F830319A4269D10A2967D19AF803302A
:10B4B000089304F1080306990793954B934CA3FB5B
:10B4C00001239B0803EB4303A1EB430303930423F2
:10B4D00005931A9B069E1E60002E00F0E98000274F
:10B4E00000F0B8FC0997BAF1000F00F0D580DDF844
:10B4F0001C804FF00109002D00F0CE80089B002B2E
:10B500003ED008A9284600F095FC00283AD0814B8F
:10B51000984220D0089B082B00F0E4805B000022BA
:10B520000893009208AB29465046FFF791FE7A4BEC
:10B53000984200F0D38070B9DAF80020130A03F4BF
:10B540007F03134323F07F43CAF80030059B013B80
:10B550000593BED10020039000F07CFC039811B04D
:10B56000BDE8F08F4FF08050D0F80C6C013614BF5E
:10B57000D0F80C0C4FF40470069086E76748EAE7B1
:10B580006548C4E70898294600F03AFC0028BED177
:10B59000089B082B00F0A880042B00F0A880A3F1E2
:10B5A0000203B3FA83F35B090493C4F8C491C4F8AB
:10B5B0004091C4F8C4916B6AC4F83031D4F830219A
:10B5C0009342F6D14FF0000BC4F82CB14FF0FF308E
:10B5D000FFF722FD6FF01B035846C4F80031FFF758
:10B5E00029FD049BC4F80C31D4F8040A40F48060AF
:10B5F000FFF720FD0A23C4F838312B69ABF1553B26
:10B60000ABFB03236A6A1B0902FB03F303EB43034F
:10B61000DB039B09C4F8D831C4F82C91DAF8003068
:10B62000089923F07F420B0243EA01631343CAF8EF
:10B63000003009A800F0D4FB099B03F01A03034370
:10B640007FF468AFABFB063BD4F814310A93D4F80F
:10B6500018310B93D4F81C310C93D4F820310D938E
:10B66000D4F824310E93D4F828310F93B7EB9B0F05
:10B6700001D1039B93B9404618220AA9183EFFF74F
:10B6800059FD08F11808013796B100F0E3FB0023DB
:10B690000993002D7FF432AF214838E74046F61A6F
:10B6A0001A460AA998440137FFF744FD002EECD151
:10B6B000069F079E6A6939463046FFF769FEAA6908
:10B6C00040B94FF4806339463046FFF791FE0028B9
:10B6D0003FF440AF1A9A0023136018E72B6A002B3F
:10B6E0003FF439AF0F4836E7032304935DE70223A5
:10B6F00004935AE7009108AB012229465046FFF710
:10B70000A7FD00283FF4D5AE25E700BF00B00250EA
:10B71000ABAAAAAA020CF100310CF100300CF10026
:10B72000350CF100320CF10010B4DDE90134019464
:10B73000039C02940024039410BCFFF79BBE00BF3F
:10B7400010B586B005AB0124CDE901240093002299
:10B7500004ABFFF78FFE06B010BD00BFF0B587B099
:10B76000002966D01E46002B63D01446002A60D004
:10B77000314F0D4638684FF0FF31FFF7F7FC0028D6
:10B780004DD10020FFF722FD002844D12B4800F0C6
:10B7900099FA0346D8B101204FF0FF35FFF716FDA7
:10B7A000002834D126484FF40871FEF7EBFE2548F7
:10B7B0000421FEF7E7FE21482821FEF7E3FE386862
:10B7C000FFF7DCFC00282ED1284607B0F0BD1C4A4C
:10B7D000029205AA019204AA0390009217491948FF
:10B7E0001A46FFF7A1FF03460028D4D128461D467C
:10B7F000059B04999C42224628BF1A4632600831B4
:10B80000FFF798FC0120FFF7E1FC0028CAD00E48A2
:10B81000FEF7A0FDC6E70D48FEF79CFDB6E70C4815
:10B82000FEF798FDADE70B48FEF794FD284607B0FC
:10B83000F0BD4FF0FF35C7E7CC110020186C002099
:10B84000406C0020146C0020F0490400D049040032
:10B85000B8490400484A040010B5044630B100223B
:10B8600001236265A265E365236610BD0148FEF70A
:10B8700071FDF4E7604A040018B174220021FFF75B
:10B880005BBC704790B1A1B110B5802A4FF00004A5
:10B89000846380F83C4006D1102204631044FFF713
:10B8A00049FC204610BD6FF01F0010BD6FF0210055
:10B8B00070476FF01F00704728B322B31BB30129F4
:10B8C00021D870B50446816B86B017D0012917D1F5
:10B8D000102500210DEB05066163104600950196C9
:10B8E00002AA294600F0C2FA50B92B46324602A9F4
:10B8F000204600F043FD18B906B070BD0029E7D01E
:10B900006FF02100F8E76FF02100704710B5044692
:10B9100028B12046F421BDE81040FFF70FBC0448D1
:10B92000FEF718FD2046F421BDE81040FFF706BCE5
:10B93000744A040010B1F421FEF724BE704700BF22
:10B9400008B521B1012908D06FF0360008BD0121EA
:10B9500000F058F80028F7D108BD022100F052F895
:10B960000028F9D0F0E700BF30B505468818B0F5DB
:10B97000801FA1B00B46144601D8802A0CD9B3F51C
:10B98000801F17D922461946284600F07DF8044644
:10B9900084B9204621B030BD6846FFF7CBFB224674
:10B9A0006946284600F070F8802104466846FFF793
:10B9B000C5FBEDE76FF03604EBE700BF70B5E8B10B
:10B9C0000E46D9B1044600F031F80546B0B92368F7
:10B9D000012B0BD0022B01D0284670BD1C2204F194
:10B9E00008013046FFF7A6FB284670BD202204F16F
:10B9F00008013046FFF79EFB284670BD6FF0360504
:10BA0000EAE700BF78B138B504460D46F021FFF7EC
:10BA100095FB40232560E365204600F05BFA003883
:10BA200018BF012038BD0120704700BF70B5056EFA
:10BA3000A4B0044604AEE5B901220023626030469A
:10BA4000CDE9003302AA294600F010FA10B1012016
:10BA500024B070BD2A4602A9204600F063FA0028EF
:10BA6000F5D1204600F074FB0028F0D1206624B008
:10BA700070BD802D2A4600F1640128BF8022304627
:10BA8000FFF758FB256ED7E7002800F0AE802DE9C0
:10BA9000F04F1446A5B0002A3DD00F46002949D0EA
:10BAA000B2F5803F0546006E20D34FF6FF7805F1D2
:10BAB000640AEB6D1A1AB2FBF3F103FB1122002AA0
:10BAC00065D18342B9464FF6FF7672D0B6FBF3FBE1
:10BAD00003FB0BFBBBF1000F30D1002E45D1A4F5C9
:10BAE0007F44FF3CB4F5803F4744E2D2EA6D161A2A
:10BAF000B6FBF2F302FB1366A64228BF2646002ED1
:10BB000075D1824200F08D80B4FBF2F602FB06F69E
:10BB10002EB9002C79D1002025B0BDE8F08F00238C
:10BB2000CDE9003302AA3146384600F09FF90028DB
:10BB300000F09580012025B0BDE8F08F0023CDE90D
:10BB4000003302AA5946484600F090F90028F1D186
:10BB500002A95A46284600F0E5F90028EAD1A6EBEA
:10BB60000B06286ED944002EB9D01930494605EB92
:10BB700080003246FFF7DEFAA4F57F44286EFF3CD2
:10BB80003044B4F5803F4744286692D2AEE7424540
:10BB900028BF4246504439461646FFF7CBFA286E76
:10BBA000EB6D3044834207EB06092866A8EB0606D6
:10BBB0008CD1802B28BF80231A46514604A8FFF75A
:10BBC000B9FA0023CDE9003302AAE96D04A800F018
:10BBD0004DF90028AED1EA6D02A9284600F0A2F97D
:10BBE0000028A7D1EB6D286670E70120704705F1AA
:10BBF0006403394632461844FFF79CFA286EEA6D12
:10BC00003044A41B374428667BE72B6E193305EBC1
:10BC1000830022463946FFF78DFA2B6E23442B66AC
:10BC200079E7802A28BF802205F1640104A8FFF784
:10BC300081FA0023CDE9003304A8E96D02AA00F0DF
:10BC400015F900287FF476AFEA6D02A9284600F0C6
:10BC500069F900287FF46EAFEA6D286654E702A9FF
:10BC60003246284600F05EF900287FF463AF37447F
:10BC7000A41B4EE7F8B51C46054611480E4617466C
:10BC8000FFF744FE21460E48FFF75AFE044620B156
:10BC90000B48FFF74FFE2046F8BD094832462946BB
:10BCA000FFF762FE04460028F2D139460448FFF748
:10BCB00085FE04460248FFF73DFE2046F8BD00BF62
:10BCC000606E002030B583B01C2301A905460193A6
:10BCD00000F032F8044638B9019B1C2B07D0144CF5
:10BCE0001C212846FFF72AFA204603B030BDD5E9CB
:10BCF0000112131E18BF012300392A6818BF012141
:10BD00009B0043EA4103002A18BF43F00103EA689D
:10BD10000120E8612AB9C5E90834002BE4D1054CBB
:10BD2000DEE743F008032046C5E9083403B030BD20
:10BD3000370CF0000E0CF00018B111B10B681C2B81
:10BD400001D0012070474FF08053D3F8102C0132FE
:10BD500014BFD3F8102C41F25C224FF080530260E4
:10BD6000D3F8142C013214BFD3F8142C41F664120A
:10BD70004FF080534260D3F8182C013214BFD3F82F
:10BD8000182C40F6D8624FF080538260D3F81C2CF8
:10BD9000013214BFD3F81C2C41F288324FF080538B
:10BDA000C260D3F8002C013214BFD3F8002C9022CB
:10BDB0004FF080530261D3F8042C013214BFD3F842
:10BDC000042C51224FF080534261D3F8082C0132E9
:10BDD00014BFD3F8083C40F237338361002070472A
:10BDE00008B501464FF48060FFF730F9034B00229D
:10BDF000C3F8C821C3F82C2108BD00BF00B0025011
:10BE00000138072805D8DFE800F0100E040A040402
:10BE1000040607487047CB684B62002070478B6868
:10BE20004B62002070474B68F6E70B68F4E700BFF1
:10BE3000310CF1000B6802E0082B0B6006D8026A97
:10BE400013424FEA4303F7D0002070470048704781
:10BE5000310CF100044B0022C3F82C214FF4806018
:10BE6000C3F8C421FFF7D8B800B00250F0B583B0D2
:10BE70001D46B0F1005F4FF000038DF8073024D36A
:10BE80008C468444BCF1804F04461ED817460DF101
:10BE90000703012200F064FE0646B0B9099A9DF836
:10BEA00007303C603B7192B14DB1024608990DF1EB
:10BEB0000703284600F054FE38B99DF80730099A68
:10BEC00030461560137103B0F0BD4FF4750630466F
:10BED00003B0F0BDD8B108B50368012B04D0022B24
:10BEE0000FD043B10B4808BD0B4920220830FFF7A3
:10BEF00021F9002008BD094914220830FFF71AF97A
:10BF0000F7E7074920220830FFF714F9F1E74FF46B
:10BF1000730070470100F300844A0400C44A04001F
:10BF2000A44A04002DE9F843002900F0F9800446F2
:10BF3000002800F0F980036890460F46002B00F0BF
:10BF4000C380013B012B00F2D78079484FF0FF31CD
:10BF50004FF00209FFF70AF9002840F0BF800020E7
:10BF6000FFF734F90646002840F0C280714AD2F843
:10BF70001C39002BFBD16F4DD5F8203C002BFBD199
:10BF80004FF0FF30FFF748F8D5F8040A20F04000E2
:10BF9000FFF750F801230722C5F81838C5F8002923
:10BFA000C5F8C437A36CC5F8CC37E36CC5F8D037F7
:10BFB000C5F8C09723685BB1013B012B18D8636AB1
:10BFC000C5F85C36236AC5F85836E369C5F85436B7
:10BFD000584BA269C3F850266269C3F84C262269FF
:10BFE000C3F84826E268C3F84426A268C3F840268E
:10BFF000504AD2F81039002BFBD1B8F1000F5FD0B6
:10C000006368012B08BFC2F884364A4B3A68C3F80C
:10C01000282C4020C3F82C8CFFF712F80646454A1E
:10C02000D2F81039002BFBD1424AD2F8203C002B29
:10C03000FBD123685BB1013B012B18D8D2F85C36E9
:10C040006362D2F858362362D2F85436E361394B32
:10C05000D3F85026A261D3F84C266261D3F8482663
:10C060002261D3F84426E260D3F84036A360314A17
:10C07000D2F8CC17A164D2F8D017E16400230121D3
:10C08000C2F8C417C2F88436C2F8C837D2F81039DB
:10C09000002BFBD1C2F81838002E3BD1254BD3F82A
:10C0A000040A40F04000FEF7C5FF0120FFF78EF8BC
:10C0B00060BB1F48FFF762F810BB3046BDE8F8834D
:10C0C0000423C2F8C837AAE719484FF0FF314FF0F0
:10C0D0000109FFF74BF800283FF441AF1648FEF77F
:10C0E00039F90020FFF772F8064600283FF43EAF0A
:10C0F0001248FEF72FF939E7114E3046BDE8F883B4
:10C100001048FEF727F93046BDE8F8830E48FEF7E1
:10C1100021F9CEE7102104F10800FFF70FF8BDE781
:10C120000A4E3046BDE8F8834FF47306C5E700BFFA
:10C13000DC11002000B00250B8490400D0490400CE
:10C140000100F300104A0400F04904000300F3006A
:10C1500098B370B4D0E90241D0E9042326BA0DBAED
:10C1600014BA19BAD0E9062312BAC0E904418261AF
:10C17000D0E90842C0E902651BBA25BAC0E9073513
:10C1800014BAD0E90B23816A12BA09BAC0E909418D
:10C19000C262D0E90D421BBA25BAC0E90C3514BA07
:10C1A000D0E91023C16B12BA09BA1BBAC0E90E411B
:10C1B000C0E91023002070BC70474FF47300704733
:10C1C000002847D090F83C30002B34D0032B10B51A
:10C1D00013D02248224C2268224B1268C3F8002454
:10C1E00022685268C3F8042422689268C3F80824BD
:10C1F0002268D268C3F80C2410BD016B006C184C87
:10C2000000F0A8FB0028E6D12268164B1268C3F89C
:10C21000002422685268C3F8042422689268C3F894
:10C2200008242268D268C3F80C2400F0A1FB00287F
:10C23000D1D1002010BD0B4B0269C3F80024426924
:10C24000C3F804248269C3F80824C269C3F80C2423
:10C25000002070474FF47100704700BF0900F100E3
:10C26000C811002000B00250374A38B50446D2F851
:10C270001039002BFBD1344AD2F87034002BFBD19B
:10C28000314AD2F8203D002BFBD12F4AD2F8203C76
:10C29000002BFBD12C4AD2F8383D002BFBD12A4D84
:10C2A000D5F8383C002BFBD14FF0FF30FEF7B4FE41
:10C2B000636BD5F8040A23F00403032BE36D39D034
:10C2C000012B0CBF20F0800020F02000FEF7B2FE12
:10C2D0001D4A0123C2F80039D2F81039002BFBD1D6
:10C2E000194AD2F87034002BFBD11749C2F8BC347C
:10C2F000D1F81039002BFBD1134AD2F87034002B3F
:10C30000FBD1626B22F00401032918BFA36B0E4915
:10C310004FEA820218BF03F0010302F01C021A4325
:10C32000C1F8C024636B072B04BF0123C1F87C3420
:10C33000002038BD012B0CBF20F0400020F0100081
:10C34000FEF778FEC4E700BF00B00250094A0A4B6E
:10C3500011680968C3F8001411684968C3F8041427
:10C3600011688968C3F808141268D268C3F80C24ED
:10C37000704700BFC811002000B002502DE9F04FF7
:10C3800085B0002900F0EC809046002A00F0E8809B
:10C390000546002800F029819946C36D0E46002B02
:10C3A00052D1B9F5805F54D295F83C30042B00F09F
:10C3B000FF800027AD484FF0FF31FEF7D7FE002881
:10C3C00040F0D5800020FEF701FF002840F0D88023
:10C3D000A7480123C0F81038D0F81049002CFBD131
:10C3E0006B6B032B3ADC002B3BDAA24CA04AD2F851
:10C3F0001039002BFBD1002F40F0D1806B6BEA6D20
:10C4000023F00403032B9A4BD3F8040A00F09F8017
:10C41000012A0CBF40F0800040F02000FEF70AFE29
:10C42000934B0022C3F810280120FEF7CFFE00280E
:10C4300040F0B1808D48FEF7A1FE002840F0A480B6
:10C44000204605B0BDE8F08F012BADD1B9F5803F96
:10C45000AAD3894C204605B0BDE8F08F063B012BDE
:10C46000C3D8AB6B012B00F2BE80EB6D012B7CD8E7
:10C470002B6E012B00F2E8802846FFF7F5FE0446FC
:10C480000028B3D12846FFF79BFE04460028ADD113
:10C490006B6B072BA9D801229A4012F08A0F40F04B
:10C4A000D58012F0440F40F0BA80D2079DD523F01A
:10C4B0000403032B32680DD02B6ED8F80010012B2B
:10C4C0006B4B0BBFC3F8281DC3F8301DC3F82C9D60
:10C4D000C3F8349DEB6D012B654B0BBFC3F8282CC3
:10C4E000C3F8302CC3F82C9CC3F8349C6B6B23F03E
:10C4F0000403032B00F0A2802B6E012B14BF20201D
:10C500008020FEF79DFD044600287FF46FAF584B56
:10C51000D3F81049002CFBD1696B072914D80122EC
:10C520008A4012F08A0F40F0BB8012F0440F0BD00B
:10C53000D3F860242A60D3F864246A60D3F86824AE
:10C54000AA60D3F86C34EB600123AB654EE7012A97
:10C550000CBF40F0400040F01000FEF76BFD5FE7BD
:10C56000464C204605B0BDE8F08F454C3EE74548B7
:10C57000FDF7F0FE0020FEF729FE00283FF428AF6B
:10C580004148FDF7E7FE23E74048FDF7E3FE20467C
:10C5900005B0BDE8F08F3E48FDF7DCFE4AE7042316
:10C5A00085F83C30202105F11000FEF7C7FD25E796
:10C5B000296B286C00F0C0F998B9364F2C4C3B68B9
:10C5C0001B68C4F800343B685B68C4F804343B68FB
:10C5D0009B68C4F808343B68DB68C4F80C34296BEA
:10C5E00031B10127E6E62C4C00E74FF4710427E750
:10C5F0002B6D0193EB6C009305F1100A4FF0100BBB
:10C60000CDF808A0CDF80CB0D5E91123286C00F0C6
:10C61000B9F9002851D1002385F83C30E1E7144BEB
:10C620002A68C3F860246A68C3F86424AA68C3F857
:10C630006824EA68C3F86C246B6B38E7EB6D012B58
:10C6400014BF102040205CE7144CCFE6084B2A684A
:10C65000C3F840246A68C3F84424AA68C3F848248D
:10C66000EA68C3F84C246B6B21E700BFDC110020A3
:10C6700000B002500100F1000500F1000B00F100D4
:10C680000300F100B8490400D0490400104A040036
:10C69000F0490400C81100200200F1000400F1007C
:10C6A000D3F840242A60D3F844246A60D3F848249D
:10C6B000AA60D3F84C34EB6046E73B681B68C4F8CB
:10C6C00000343B685B68C4F804343B689B68C4F87A
:10C6D00008343B68DB68C4F80C3459465046FEF712
:10C6E0002DFD98E72DE9F04109B302B30446002877
:10C6F00000F0AF801D46436B072B0E461BD05DB983
:10C70000032B10D1836D73B900F164034566856610
:10C71000C56605670B6010252B4631462046BDE8EF
:10C72000F041FFF72BBE2F463846BDE8F081764F2B
:10C730003846BDE8F081C36D002B40F08D80B5F523
:10C74000805F80F090801DB9A36D002B40F08B803E
:10C750006E484FF0FF31FEF709FD002840F08F8052
:10C760000020FEF733FD002840F08580684A012351
:10C77000C2F81038D2F81039002BFBD1636B032BB1
:10C780004FDD063B012B4ED8A36B012B6DD8E36D1B
:10C79000012B78D8236E012B77D82046FFF764FD54
:10C7A0000746002840D12046FFF70AFD074600282B
:10C7B0003AD1626B072A36D80123934013F08A0FCF
:10C7C00040F0818013F0440F6FD1DB072BD5504B25
:10C7D0000122C3F87C24C3F8BC543168002D56D123
:10C7E000A16D09B9C3F82425494BD3F81079002F5E
:10C7F000FBD1616B072917D801228A4012F08A0FFA
:10C800006FD112F0440F0FD0D3F860242260D3F818
:10C8100064246260D3F86824A260D3F86C34E360C7
:10C8200002E0002BB0DA3B4F394AD2F81039002B26
:10C83000FBD1C2F810380120FEF7C8FCB8B9334864
:10C84000FEF79CFC00283FF46FAF3348FDF782FDF4
:10C850006AE74FF4710767E7012B7FF474AFB5F512
:10C86000803FFFF470AF2D4F5EE72D4FDCE72D4882
:10C87000FDF770FDE3E72C48FDF76CFD76E72B48EC
:10C88000FDF768FD6CE72A4FCEE72A4FCCE7E26D53
:10C89000012A33D0C3F8301C1020C3F8345CFEF7F3
:10C8A000CFFB074600289FD0BEE7194B2268C3F88C
:10C8B00060246268C3F86424A268C3F86824E2684C
:10C8C000C3F86C2483E7124B2268C3F840246268E3
:10C8D000C3F84424A268C3F84824E268C3F84C248F
:10C8E00075E7D3F840242260D3F844246260D3F87B
:10C8F0004824A260D3F84C34E36095E7C3F8281CC1
:10C900004020C3F82C5CCAE70B00F100DC110020CA
:10C9100000B002500100F100104A04000500F100CF
:10C920000200F100F0490400D0490400B8490400B5
:10C930000300F1000400F10029B9044B002814BFE2
:10C940001846002070470248704700BF0100F700FA
:10C950000300F70029B9044B002814BF1846002033
:10C9600070470248704700BF0100F7000300F7005E
:10C97000034B00200122C3F8380AC3F8782470471B
:10C9800000B002502DE9F047CCB00024579DDDF8EF
:10C990005881824689461646214674220EA81F46B3
:10C9A00006F0E1FC802221462CA82B9406F0DBFC4B
:10C9B0008423B5F57F6FCDE90A44CDE90C44059396
:10C9C00063D8FFF7C3FC05AB30462BAE019302954D
:10C9D000DDE954233946009600F062F800284FD173
:10C9E00003238DF813309DF813308DF8743007232E
:10C9F00000221C9010210EA81B9301240123CDE9D5
:10CA00002423CDF86890CDF878A026940DF1200964
:10CA1000FEF794FB102200920599CDF804900AAB22
:10CA2000304606AAFFF722FA074670B11DE00EA9AC
:10CA300008EB0700FEF77EFB10210EA8FEF77EFB39
:10CA40000134AD1B3744E4B224D0102D4A46059B77
:10CA50008DF8AC4006A90EA82E4628BF1026FFF779
:10CA600041FE32460028E2D007460EA8742200217B
:10CA7000FEF762FBFFF76AFC38464CB0BDE8F08772
:10CA8000054F38464CB0BDE8F087044F38464CB0EF
:10CA9000BDE8F0872F46E8E70E00F1000F00F10037
:10CAA0002DE9F04182B01E460A9D0023B5F57F6F47
:10CAB00001933ED8ED00B5F5807F174601F1FF32B6
:10CAC00034BF032304233F2A0C46009331D880B39C
:10CAD00066BB089A6AB3099A116851B3A219134444
:10CAE000994226D3089B01462246581CFEF722FB9A
:10CAF000089B04F102081C440023637026BB089BBA
:10CB00000095FF2D03EB080017D92B029BB243EAD7
:10CB10001523022201A90193FEF70CFB08F1020381
:10CB2000099A0020136002B0BDE8F0810FB1402ED9
:10CB3000CFD90A4802B0BDE8F08101226946FEF76C
:10CB4000F9FA08F10103EBE7089B324603EB080012
:10CB50003946FEF7EFFAB044D1E700BF0600008087
:10CB600000201870704700BF08B5054B044613B18C
:10CB70000021AFF3008000F013FB2046E6F788FDAC
:10CB800000000000F8B50E4B1D68AB789B07064609
:10CB900012D56F6816F8014B29462CB90A20B84700
:10CBA000002805DB204609E02046B8470028F1DAD6
:10CBB000AB7843F00403AB704FF0FF30F8BD00BF1B
:10CBC0000C4204000CB430B589B005460C461C225A
:10CBD000002101A806F0C7FB02238DF806300E4B9A
:10CBE0000293059523462CB1B4F1004F28BF4FF0B6
:10CBF0000043013B1D440DAA0C99069501A8009223
:10CC000000F072F814B1059B00221A7009B0BDE85B
:10CC1000304002B0704700BFF7340400242AF0B55A
:10CC2000044601D8012A40D106F06EFC2D4B162295
:10CC30001A5001B10C600020F0BD2F463D4615F89A
:10CC4000010B2028F9D0A0F10906042E0346F4D9DF
:10CC50002B282CD02D282CD101267B78BD1C302BE5
:10CC60002DD1287840F02000782824D132F010000F
:10CC700021D16B782C46102202350020392B82BF3F
:10CC800003F1FF3343F02003263B303B9A421AD98D
:10CC9000A0FB02040CB9C01801D346F002062F46CF
:10CCA0002C4617F8013B3D46E8E70746C6E7002655
:10CCB000D3E70026D3E7002A08BF0822DDE7002AD1
:10CCC00008BF0A22D9E701B10C60F20748BF404211
:10CCD000B307B1D506F018FC024B22221A504FF0D0
:10CCE000FF30A9E70C0000002DE9F04F8DB043683C
:10CCF0000293837815469A07804640F10D810024FF
:10CD00000E78002E00F00A81252E0BD04B1C0393C9
:10CD10000134029B4146304698470028C0F2F68015
:10CD20000399EDE74E788B1C252E0393F0D0002756
:10CD3000B946BB46BBF11F0F38D8A6F12003102B14
:10CD40000AD8DFE803F02A0909300909092109098D
:10CD50000928092D09091F00A6F13003092B33D931
:10CD60002A2E37D11BF0400F55F8043B40F082804B
:10CD7000002BA7BF4BF0200B9946C3F100094BF0E5
:10CD8000280B01E04BF0010B039B13F8016B03939D
:10CD9000002ECFD130E04BF0020B4BF0040BF3E749
:10CDA0004BF0080BF0E74BF0100BEDE7BBF17F0FFA
:10CDB00019D8A6F13003092BD2D81BF0400F03D0AD
:10CDC0000A2101FB0737DFE70A2101FB09394BF094
:10CDD000200BD9E72E2E06D11BF0400F40F09E808D
:10CDE0004BF0400BD0E76C2E31D02BD8682E36D0CC
:10CDF0006A2E3CD04C2E3AD0002F46F02003B8BF0C
:10CE00002BF04002A3F16501BCBF1FFA82FB002793
:10CE1000022901D9612B2FD1073525F00705DFF84D
:10CE2000ACA2083507271BF0080F66D00AEB070BEA
:10CE300056465E4563D1A4EB0A0A06EB0A02A9EB4B
:10CE400007096FE1742E9FD07A2E9DD0D4E71BF096
:10CE5000800F18BF4BF4007B4BF0800B94E71BF462
:10CE6000807F18BF4BF4007B4BF4807B8CE74BF446
:10CE7000207B89E71F4687E7A6F16301122900F2AC
:10CE8000F080DFE811F013004F00EE00EE00EE003E
:10CE9000EE004F00EE00EE00EE00EE00EE00FE00B1
:10CEA000E900EE00EE001B00EE00AF0055F8043B79
:10CEB0008DF8183001270DF1180AB4E755F804ABC6
:10CEC000834BBAF1000F08BF9A461BF0400F14BF06
:10CED00039464FF0FF31504606F07FFA0746A2E789
:10CEE000029B41462020984700280FDB013EB742B5
:10CEF000F6D34C44A41BB14698E74E46F7E716F824
:10CF0000010B029B41469847002892DA98F80230BC
:10CF100043F0040388F802304FF0FF3420460DB090
:10CF2000BDE8F08F1BF0800F34D01BF4007F2CD0B5
:10CF3000073525F00705AA4669685AF8080B2BF053
:10CF400010050029ADB237DA404261EB410145F4EA
:10CF500080650DF1180B0A235A4606F075FAA0EB0E
:10CF60000B0301936B0662D5019B25F001019F42E3
:10CF700089B240F3A180002E00F0998015F01002D4
:10CF800040F09C80BB460D4623E0AA465AF8040BAD
:10CF9000C117D4E7AA461BF4807F5AF8041B01D1BD
:10CFA0000846F5E71BF4007F15BF48B208B241F30D
:10CFB000C01141F3C031C2E750EA0103C9D11BF0EF
:10CFC000400FC6D0002FC4D12BF0110295B2BB4642
:10CFD000019740F2064115EA01021CBF0BF1010B5B
:10CFE00000222CE02BF010021FFA82FB0A231BF018
:10CFF000800C49D01BF400711DBF073525F00705D3
:10D00000AA46AA461ABF5AF8080B69685AF8040BD0
:10D0100050EA010545D12BF016051BF0400FADB2CB
:10D0200042D0002F40D12BF0170295B2019715F096
:10D03000100248D0019B002E42D103F1010B2907B9
:10D040005AD4EB0706D5D9456FDD0199A9EB0B033F
:10D050005F18CB465B4649E04BF0100B1023782657
:10D06000C5E7782B04D1C6F1780343F01003BEE77F
:10D07000029B4146252098470028FFF647AF02341F
:10D0800047E608230026B2E7AA461BF480715AF847
:10D09000040BBDD01BF400711ABFC0B2614680B250
:10D0A000B6E72BF0060295B20DF1180B54E725F008
:10D0B0001105ADB2BB468CE70D46B8E73B460D46C1
:10D0C00003F1020BBBE7DDF804B082E769BD0400A1
:10D0D00062BD0400CDE904324146029B20209847FE
:10D0E0000028FFF613AF049B059A01339945F1DC44
:10D0F000A4EB0B01CC189B460AB3029B414630209F
:10D1000098470028FFF602AF8EB901342744019BEF
:10D11000391B994224DC1D465DBB019AA9EB0B0922
:10D12000224455461446914435E0019F92E702346B
:10D1300041463046029B98470028E7DAE6E640F28F
:10D1400006410D42E2D015F0020F14BF2B20202023
:10D1500015F4806F04F10104414618BF2D20E9E762
:10D16000029B414630209847002804F10104CEDAA2
:10D17000CCE606AB013D4146585D029B984700282E
:10D18000CADAC3E6029B414620209847002804F1F2
:10D190000104FFF6BBAEA9EB0403002BF2DCBFE5F4
:10D1A00038B5074D074C641BA41024B9064B0BB1CE
:10D1B000AFF3008038BD013C55F824309847F4E7C0
:10D1C000000000000000000000000000704700F0B8
:10D1D00032BF00F027BFE0F777B80023E3F724BDA4
:10D1E00010B48368DC682822A4464CF2503310BC8B
:10D1F000604710B483685C684FF0FF33A44610BCEE
:10D200006047836800EBC101B3F5004F2CBF51F8B4
:10D21000220031F81200704700EBC1018068B0F5C0
:10D22000004F2CBF41F8223021F81230704708B56A
:10D230000122FFF7E6FFD04008BD8368B3F5004F39
:10D2400000EBC10108D34B681AB143F001034B60F6
:10D25000704723F00103FAE74B881AB143F001034A
:10D260004B80704723F00103FAE753000122FFF7D8
:10D27000D3BF8368B3F5004F34BF04230823C91A12
:10D28000081AC00870478368B3F5004F34BF042301
:10D290000823481C0833A0EBD300B0FA80F0C0F19B
:10D2A0001F0070472DE9F041174603220E46044641
:10D2B000FFF7A7FF8642054607F104080AD1E36895
:10D2C0000122BA4023EA0203E360002344F8283035
:10D2D000BDE8F081314602222046FFF792FF2B463F
:10D2E0000646014644F8285020460322FFF794FFE3
:10D2F0003346294620460222BDE8F041FFF78CBFA5
:10D3000070B50D4686680446FFF791FFB6F5004FED
:10D31000014601D3012809D02046FFF7B4FF294672
:10D3200002462046BDE87040FFF7BCBF70BD2DE946
:10D33000F0470546FFF7A7FF05EB800A8846DAF8B5
:10D3400010900646B9F1000F1BD00327DAF8104001
:10D3500028462146FFF76BFF404507D3324621465A
:10D360002846FFF79FFF2046BDE8F08703222146AD
:10D370002846FFF746FF013FCAF8100001D081455B
:10D38000E4D1EB6801364FF0FF34B4401C40EAD0E2
:10D3900094FAA4F2B2FA82F2131D55F82340DEE7A4
:10D3A0002DE9F041144605460E46FFF740FFA4EB79
:10D3B0000608371B0744424631462846FFF755FF0B
:10D3C0003A4621462846FFF750FF434600222146B1
:10D3D0002846FFF721FF21462846FFF728FF3B4656
:10D3E000211800222846BDE8F041FFF715BF2DE9BE
:10D3F000F041164604460F46FFF719FF3146054631
:10D400002046FFF714FF05442A4639462046FFF719
:10D410002CFF31462046FFF70AFF2B463118002229
:10D420002046BDE8F041FFF7F7BE2DE9F0410D467B
:10D4300086680446FFF7FBFEB6F5004F014601D3B0
:10D44000012832D02046FFF71EFF04EB80010E6951
:10D4500096B9E368012282401343E36002220D6122
:10D460002B4629462046FFF7D7FE032229462046B1
:10D47000BDE8F041FFF7D0BE022231462046FFF75B
:10D48000C0FE2946034607462046FFF7C5FE032295
:10D49000334629462046FFF7BFFE39462B46204635
:10D4A000FFF7BAFE02223146E1E7BDE8F081F8B5A8
:10D4B0000C460546FFF7BBFE2618012231462846DA
:10D4C000FFF79FFEC3070CD431462846FFF718FF2D
:10D4D00021462846FFF7ABFE214622182846FFF7D3
:10D4E00086FF002221462846FFF78BFE271A0122DD
:10D4F00039462846FFF785FE10EA020613D1394661
:10D500002846FFF7FDFE214632462846FFF779FE02
:10D510002246211A2846FFF76AFF2146324628464E
:10D52000FFF76FFE241A21462846BDE8F840FFF7B2
:10D530007CBF70B5056809B9002070BDAB6801F00B
:10D540000704B3F5004F2CBF08220422073414440B
:10D55000E40804EBD1049C4228BF1C46214628461F
:10D56000FFF7E5FE06460028E6D001462846FFF70D
:10D570005EFEA04209D93444314628462246FFF7D0
:10D580000FFF21462846FFF750FF2846012231466B
:10D59000FFF753FEAB68B3F5004F34BF04230823F5
:10D5A00003EBC6031844C8E71146FFF7C2BF2DE9D5
:10D5B000F04706460D46174698462BB398F80040AC
:10D5C00093F80190DB78A40004EB430498F8023050
:10D5D0001C4444444FF0000ACA4509D3D8F804203B
:10D5E00008F1080339463046AC46BDE8F0476047CD
:10D5F00014F8013B48F823402046DFF7E8F90130F2
:10D6000004440AF1010AE7E76FF01500BDE8F0876E
:10D6100070B5002502462846144614F8013B0BB9A4
:10D62000184609E098B18D4207D1702B04D0A3F1C0
:10D6300040023A2A0BD8002070BDA3F140063A2ED2
:10D6400005D853780135941C002BE9D00020252BF8
:10D6500008BF80F001002246DEE70020704700F09E
:10D660005EBC0FB407B504A951F8040B019100F09A
:10D6700056FC03B05DF804EB04B07047002383F35D
:10D680001188BFF36F8F0423184602DF70470FB471
:10D6900007B504A951F8040B0191FFF7E0FF03B0AF
:10D6A0005DF804EB04B0704710B50369024613F04F
:10D6B000080009D11368D4689C4297BF526AE31AE4
:10D6C000D31A01200B6010BD00231846FAE713B5EA
:10D6D00001A90446FFF7E8FF20B1019BE268013B86
:10D6E00013440193606A019BC01A013802B010BD57
:10D6F00010B5044650182269636AD20702D5013B6F
:10D70000184010BD984228BFC01AFAE710B5044669
:10D710000A46C168FFF7ECFF2369E06023F00803C5
:10D72000236110BD38B50D46026A8B00016843F0D5
:10D73000020342F82130044601682A46FFF7D8FF69
:10D74000E36861682060984202BF236943F00803E0
:10D7500023612A462046FFF7CBFF606038BD2DE9E4
:10D76000F74FC768066A9B4606EB8703009316F8D7
:10D77000273003F00303022B0446884691464FF0FE
:10D7800000030BD01360CBF8003023699B0713D440
:10D790004FF0000A504603B0BDE8F08F56F827104E
:10D7A00013608908CBF80030EFD0FFF7AFFFE368D4
:10D7B000A3604FF0010AEDE7E36906EB87009847A5
:10D7C00016F8272012F0010A0546E1D012F00202F5
:10D7D0001FD0B8F1000F03D041462046FFF7A2FF4B
:10D7E00061682A462046FFF783FFD4E9022191426F
:10D7F000606006D12A462046FFF77AFF4FF0000A04
:10D80000A060A2682260E260226942F00802226100
:10D81000C0E7014620460192FFF778FFE368A36066
:10D82000B8F1000F04D02168236A019A43F821203F
:10D8300005EB0802CBF8002021682046FFF758FFCF
:10D840002369206043F00803236116F827306FF343
:10D85000000306F82730009BC9F80030A9E770B52F
:10D8600004461546FFF744FF2368834205D1236928
:10D87000216023F00803236170BD226AAB0043F0EE
:10D88000020342F82130204661682A46FFF730FF44
:10D890006060F1E738B503695B07044606D5856A21
:10D8A000FFF715FF85422CBFA562A06238BDF0B519
:10D8B00064230546042600200A2769B9F0BD9A4270
:10D8C000B2FBF3F40CD2012B0AD048B903FB1422AB
:10D8D000D2B20A24B3FBF4F3013EF0D12E70EDE78F
:10D8E000303405F8014BB2FBF3F4013903FB142289
:10D8F0000130B3FBF7F3C9B2C0B2D2B2DBB2DCE79E
:10D90000A0F13003DBB2092B02D80B700020704766
:10D91000A0F16103052B02D85738C3B2F5E7A0F197
:10D920004103052B01D83738F7E76FF01500704732
:10D93000F7B5054601F0010000EB51069E424FEAA3
:10D94000510703D90026304603B0F0BD58B12878FE
:10D950000DF10701FFF7D4FF0028F3DB9DF8073036
:10D9600002F8013B013501351744BA42EBD015F8F6
:10D97000010C0DF10701FFF7C3FF0028E2DB9DF862
:10D9800007402401E4B2147015F8020BFFF7B8FF4A
:10D990000028D7DB9DF807301C4402F8014BE4E770
:10D9A000838B13F0070305D10368002B0CBF002005
:10D9B00003207047022B05D1C08BB0FA80F04009DC
:10D9C00080007047012B05D10368002B0CBF00209D
:10D9D000052070470020704710B50C4600B111B902
:10D9E0006FF0150010BD081D00F02FF80028F9D1C8
:10D9F000A368032BF6D9F3E72DE9F0410D4607465E
:10DA00001946281D90461E46E2F708FA044638B12A
:10DA10003346424629463846A446BDE8F0416047B1
:10DA2000BDE8F08138B50C46054658B151B10B68D8
:10DA300043B14B6833B12022002105F094FC2C61E6
:10DA4000002038BD6FF01500FBE7034640B1426887
:10DA500002F00302022A06D0032A04D0012A05D0CC
:10DA60006FF0150070471A68002AF9D000209860FE
:10DA70007047704770B4C6680468806A0D0C06FB76
:10DA8000054414FA81F184682468A44670BC604798
:10DA90002DE9F0431C46C36A1D686D4289B00646F5
:10DAA0008846174605F020051CB9204609B0BDE898
:10DAB000F083AC42A14628BFA9464B466A46414680
:10DAC0003046FFF7D7FF0028F0D16B46484502D11A
:10DAD000241A8044E8E713F8012BBA4201D101303F
:10DAE000F4E70120E2E70B6803F580330B60008A5E
:10DAF0001A0CB0EB134F04BFA3EB02430B6070474B
:10DB000000F090BA38B5C26803680D0C090C0446E1
:10DB10002D04806A02FB013100F035FC50B9E26A45
:10DB2000E368527929462046FFF7B2FF002818BF64
:10DB30006FF0050038BD10B5014604460722FF20EE
:10DB4000F2F784F8E07110BD0368012B81BFC9189A
:10DB500001F1FF315B421940084670472DE9F04161
:10DB60000C4605460821C06AFFF7EEFF072207466C
:10DB70002146FF206688B4F80480F2F767F8E3795D
:10DB8000834208D1E8684644C01BB04294BF0020DD
:10DB90000120BDE8F0810020FBE738B505460C46C2
:10DBA000FFF7DCFFA0B1A08898B922884FF6FF7379
:10DBB0009A420DD1E86A0821FFF7C6FF6288EB6838
:10DBC0009B1AB3FBF0F202FB1030B0FA80F0400970
:10DBD00038BD0020FCE7F7B504460D46C06A0821B1
:10DBE000FFF7B2FF2968074608232046FFF742FFE8
:10DBF0000646002836D12B683B442B60E26899B278
:10DC0000D21B91422ED11A0C03BF228A02F1FF329D
:10DC100003EB0241A3F58031296008236A462046C0
:10DC2000FFF728FFE8B9E36A5A796B4613F8011B3E
:10DC30008A420CD101300828F8D1636805E02B68CE
:10DC4000BDF802201B0C1B0413442B600AE069463C
:10DC50002046FFF7A2FF0028F1D129462046E2F72F
:10DC600009F90646304603B0F0BD2DE9F0430746FA
:10DC700089B090461C461BB9002009B0BDE8F0836E
:10DC8000FD683B68080C05FB003313FA81F6FB6A5C
:10DC90001D686D4225400CD0B86A83683146D3F8C0
:10DCA00004902B46C8470028E7D1641BE4D02E44DB
:10DCB000A84422464146684605F02DFBFD6A2A68C5
:10DCC0006979121B0DEB040005F04DFBB86A2B6857
:10DCD0008268314654686A46A047CEE710B50A46C6
:10DCE000082341680446FFF7C0FF08210246E06AA6
:10DCF000FFF72AFF63681B1A6360104610BD13B557
:10DD00004FF6FF7300220446ADF800308DF8063060
:10DD10008368ADF804206846ADF80230FFF70BFFCA
:10DD200069462046FFF7DAFF02B010BD2DE9F04F3B
:10DD3000044695B0C06A0821FFF706FF63681B0C14
:10DD40001B04054603A920460393FFF7CCFEDDF82C
:10DD50000CB0E6685E44761B06AA082331462046CE
:10DD60000496FFF787FE021EC0F2A980E36A06AAA6
:10DD70005979002312F8010B814240F08F80013362
:10DD8000082BF7D1A36862682B449A427ED2594689
:10DD90002046FFF7B7FE024691E0BDF81A30360C78
:10DDA00036041E44049608AA04A92046DDF810A0F3
:10DDB000FFF711FF0246002840F0818008A92046A5
:10DDC000FFF7CCFE18B9019B9A45ECD1DAE76368FE
:10DDD00005930AAA05A92046059EFFF7FCFE024608
:10DDE00000286CD1BDF82820BDF820309A4227D0F9
:10DDF0006268059B9A42ECD15645E4D1BDF82430C7
:10DE0000002BE0D0BDF822704FEA1A431B041F44D8
:10DE100008A8A368ADF82230FFF78DFEE36ABDF8CD
:10DE200024901E68764206F02006B9F1000F0ED14C
:10DE300008A92046FFF752FF02460028C3D03EE063
:10DE40000AA92046FFF78AFE0028D1D0D4E74E4524
:10DE5000B04628BFC8460CAA434639462046FFF7BD
:10DE600009FE024658BB4346A1680CAA2046FFF7AC
:10DE7000FCFE41460246E06AFFF766FEA3680344E3
:10DE8000A360E2B9A9EB08094744CEE72046FFF7B3
:10DE900036FF024600283FF47AAF10E0731B06A954
:10DEA00020460193FFF779FE00287FF476AF04A99E
:10DEB0002046E1F7DFFF024600283FF474AF10462A
:10DEC00015B0BDE8F08F00231A46E2F7E7B913B5A5
:10DED00000240094E2F7B8FA02B010BD03785B07A3
:10DEE0005FBF03684288C3F34A2303EB12105DBF90
:10DEF000173020F00700800800207047002070478E
:10DF000003F093BE0346BFF35B8F53E8000F421C40
:10DF100043E800210029F8D1BFF35B8F70471FB59C
:10DF20000023CDE90201CDE900331A46194618460F
:10DF3000E2F710FF05B05DF804FB0120E2F7E8BB53
:10DF4000002070474368DA71436819604368012212
:10DF50005A71E2F7CFBB70B515460C4669B1D2E9EC
:10DF600001369B1B99420AD813680A460146981944
:10DF700005F0D1F9AB682344AB60204670BD6FF06B
:10DF80001B00FBE770B50E4615461946044618B946
:10DF9000BDE87040E2F7BCBB33B1C2F34A23103096
:10DFA000120D184405F0B7F9C4E900562046BDE843
:10DFB0007040E2F719BE2DE9F3415F1C4FEA870874
:10DFC000064608F1170020F0070080080C461546A9
:10DFD000E2F750FC0023ADF805308DF807308DF8DE
:10DFE000047068B10346019A43F8102FA8F10401A8
:10DFF0002A46294452F8045B43F8045F8A42F9D167
:10E00000A20102F4E07242EA482222F07F4222F4A6
:10E010007002002322F03F02314602B0BDE8F04119
:10E02000FFF7B0BF07B50123019201AAFFF7C3FFB5
:10E0300003B05DF804FB07B5CDE9002302236A466F
:10E04000FFF7B9FF03B05DF804FB1FB5CDE901236D
:10E05000069B039301AA0323FFF7ADFF05B05DF80C
:10E0600004FBF8B506460D4614461F4604B9F8BD34
:10E07000214628463A46B047241A0544F6E710B52B
:10E08000426881680446D2E900230068FFF7E9FF8F
:10E09000636800221A6010BD0A2838B504460D4690
:10E0A00002D10D20E2F7F2FE29462046E2F7EEFE0D
:10E0B000002038BD2DE9F043054687B008460E889C
:10E0C00091F80090D1F808800C461746E2F7B2FEAE
:10E0D000011EC6F38216C9F3C2091EDB4846E2F7E9
:10E0E00095FD03462146608851F8102B0196C2F336
:10E0F0004A22002A01EB0204C0F30B1008BF0021E2
:10E100000022CDE90407CDE90214009241462846D9
:10E11000E2F7ECFE07B0BDE8F0830023E2E77047CA
:10E1200070B54C680368A34201D2012070BD8A68B3
:10E130002244934201D30020F8E7D1E903254E6938
:10E14000B54203D36FF00B038B61F4E71B1B42F85E
:10E1500035304368086902EBC00253600B69013334
:10E160000B61E2E737B50C46C0B201A91546E3F7EB
:10E1700029F900280CDB019850B121462A46E3F723
:10E1800047F904460198FFF7CAFF204603B030BDA7
:10E190006FF01504F9E70020E3F786B90022114675
:10E1A000E3F750B9034610B508460AB100211160E3
:10E1B00053B1D0B1411E11F8010F80B113F8014BDA
:10E1C000A04201D13D28F6D100200EE001331360BA
:10E1D0000AE03D2808D0B0FA80F0400905E0187840
:10E1E0002F28F6D1002AF1D1012010BD10B509B1B8
:10E1F00000230B6058B103461A781C4601332AB13C
:10E200003D2A03D02F2AF7D101B10B60201A10BD8F
:10E210000830704710B5134614460A4681880068D6
:10E22000FFF755FEA042A8BF204610BD2DE9F04FD4
:10E2300097B0044601929A46894600297CD0DAB10B
:10E24000BAFA8AF67609258F0135ADB2A84604F1EF
:10E25000080B6F1EBFB2B7F5004F26D04A2303AAA2
:10E2600039465846FFF733FE002807DA10F1020F4F
:10E2700008BFB8463D46ECE70126E4E700F1580345
:10E280000DEB0300002300F84C3C03A94846DEF7E1
:10E290008CFB0028EED126B339465846FFF713FE13
:10E2A000002805DA17B0BDE8F08FBEB30020F9E70B
:10E2B00005F57F513F3189B25846FFF704FE00282B
:10E2C000F0DB238FBB42F1D12246013B22F8383FDD
:10E2D0004FF4004102235846E1F7E0FF00EAE07006
:10E2E000E0E7B846B8F5404F29D0238F434504F105
:10E2F000080515D308F58041019A534689B228468E
:10E30000E1F7CCFF0028CDDB002ECFD04846DEF76A
:10E310005EFB4A46034641462846DDE70126E1E723
:10E320002246022322F8388F4FF400412846E1F7B5
:10E33000B5FF0028DEDAB5E76FF01500B2E76FF041
:10E340000B00AFE773B5C36B03630446C3B100F1C1
:10E3500008063046E1F7ECFD054670B902230DF1E1
:10E3600006024FF400413046FFF7B1FD0028ACBF74
:10E37000BDF806304FF400432387284602B070BD35
:10E380006FF01205F9E72DE9F0418768FB68044654
:10E390000D4616469847BB682BB1324629462046A3
:10E3A000BDE8F04118476FF05700BDE8F08170B547
:10E3B0000446D0F83401A8B1451E0026AE4201DD66
:10E3C00000200FE0721902EBD2725210D01CC30071
:10E3D00004EBC0000089884201D2561CEEE702D847
:10E3E0000433E01870BD551EE8E7FFF71BBE00239D
:10E3F00010B50446C0F83431D4F8500110B9C4F84F
:10E40000580110BDD4F854210368C4F8503190422B
:10E4100008BFC4F8543104F0CDF8EDE710B5034659
:10E42000BFF35B8F53E8000F00EA010243E80024CA
:10E43000002CF7D1BFF35B8F10BD70B504460D46BD
:10E44000FFF7D5FF6FF0010104F59C70FFF7E6FFC1
:10E45000D4F85C319B682BB1626820682946BDE81E
:10E460007040184770BD10B50446FFF7C0FF6FF04D
:10E47000010104F59C70FFF7D1FFD4F85C315B68B3
:10E4800023B1D4E90001BDE81040184710BD37B5ED
:10E490004FF420530168ADF8023005460024684669
:10E4A0008DF8004000F0ECF918B92868083803B07E
:10E4B00030BD42F6010329688DF8044001A8ADF88B
:10E4C000063000F0DDF90028EFD02046EFE737B541
:10E4D00042F603030168ADF806300546002401A8A2
:10E4E0008DF8044000F0CCF918B92868083803B05A
:10E4F00030BD2046FBE7006870471C307047F7B519
:10E5000000F11C0531B1A94203D20025284603B011
:10E51000F0BD0D46D0F8343100EBC30000F11C040F
:10E52000002642F603070835AC42EED929688DF87B
:10E53000046001A8ADF8067000F0A2F90028F2D13D
:10E54000E4E7034600F11C0219B1914202D2002017
:10E5500070471146D3F8342103EBC20301F10800E0
:10E560001C33984228BF0020704713B5FFF7E9FF1E
:10E57000044618B90024204602B010BD00230168EB
:10E580008DF8043001A842F60303ADF8063000F020
:10E5900077F90028EFD1EDE770B5054616460C4631
:10E5A00021462846FFF7E1FF044628B1216830469E
:10E5B00000F066F90028F3D1204670BD38B500F5AB
:10E5C0009C7504466FF002012846FFF727FF83077A
:10E5D0000DD504F5B270F7F709FD2046FFF707FFE8
:10E5E0006FF001012846FFF719FF002038BD6FF0DA
:10E5F0007700FBE7E8F7BEBE10B50C461146A4F164
:10E6000010001A4699B92181A4F10C03BFF35B8F66
:10E6100053E8001F21F0020143E80012002AF7D15D
:10E62000BFF35B8F236B03B19847002010BDA36A33
:10E6300013B1BDE8104018470120F7E730B5024696
:10E64000B8B1B1B1BFF35B8F043050E8003F43F085
:10E65000010440E80045002DF7D1BFF35B8F13F0B4
:10E66000010009D10B6893634B68D3638B68136413
:10E6700030BD6FF01500FBE76FF07700F8E7FEE7BD
:10E6800004F071BE04F047BE01460068E4F704B927
:10E6900008B5E4F75DF9BDE80840E4F77DB90A463E
:10E6A0000121FFF7BFBC00210120E4F7F5B86FF0AE
:10E6B0008500704761B662B680F31188BFF36F8F33
:10E6C000704772B6002383F31188BFF36F8FBFF3D7
:10E6D0004F8F30BF62B6BFF36F8F704772B60023A3
:10E6E00083F31188BFF36F8FBFF34F8F20BF80F389
:10E6F0001188BFF36F8F62B67047202809D9B0F137
:10E70000004F08D80138B0FA80F0C0F11F00400077
:10E710007047082070473E20704708B5D1E90431A2
:10E720009847002008BD08B5E4F7BAFF002008BDEF
:10E730007047C16A8968E5F745B892B281600160A7
:10E74000C2808280704703680B6043684B608368B7
:10E750008B60704710B50C460121E5F707FB04708C
:10E7600010BD10B503681C780121E5F71FFB20469A
:10E7700010BD10B503681C880221E5F717FB204681
:10E7800010BD02688068101A70478388C28881684B
:10E79000D21A03685B1AD01A704738B50D46144672
:10E7A0001146E5F73FFB22462946BDE8384004F014
:10E7B000B2BD10B50C460121E5F734FB047010BD65
:10E7C00010B50C460221E5F72DFB0470240A4470B5
:10E7D00010BD30B585B014460A888B78ADF800209E
:10E7E00005460D2200210DF103008DF8023004F0E2
:10E7F000BAFD6A466946284603F0ADFA28B9BDF865
:10E8000000209DF802302280A37005B030BD13B502
:10E810000C4601AA0331FFF7DCFF48B9032201A926
:10E82000204604F0A8FDB0FA80F0400902B010BD07
:10E830000020FBE770B50D4600210446FFF7D6FC2B
:10E840000D2818D1237B302B13D0312B13D101236A
:10E8500005F8063B04F10C062A4620460123022156
:10E860000234FFF765F8B44205F1FF35F4D100201A
:10E8700070BD0023ECE76FF01500F9E7002070474A
:10E8800010B50C46017822788A428AB00FD06946CA
:10E89000E5F75AFD05A92046E5F756FD10220DF1D2
:10E8A00015010DF1010004F066FD0AB010BD012A4A
:10E8B00006D0022A07D072B940886388C01AF4E7EC
:10E8C00040686368FAE71022611C01300AB0BDE8B5
:10E8D000104004F050BD6FF01500E6E7042A0AD09E
:10E8E000102A0DD0022A4FF0000315D103700B88B7
:10E8F000438001207047012303700B684360F8E7F1
:10E90000022300F8013B01F1100351F8042B40F8F9
:10E91000042B9942F9D1ECE718467047012310B552
:10E920000621044600F8013BF4F7FAF818B9A37978
:10E9300063F03F03A37110BD0B6803608B88838075
:10E940008B798371037823F002030370704700789A
:10E95000C0F34000704738B50446807AE4F7E2FE21
:10E960006169054649B1637ADB0704D4C36A1B6851
:10E9700020469B6898470023636121462846BDE8EE
:10E98000384003F069BC438A23B9C068B0FA80F00C
:10E990004009704700207047D0F8A43083B15A7BFB
:10E9A000D1070DD5D2060DD51B7B102B14BF032329
:10E9B00004234372807A98428CBF00200120704764
:10E9C0000223F6E70323F4E70F2807D80D280BD816
:10E9D000052808BF032018BF02207047132803D062
:10E9E0001A2808BF0120F6E701207047BFF35B8FAC
:10E9F0000068BFF35B8F7047FFF714BB10B5034689
:10EA0000BFF35B8F53E8000F40EA010243E80024A4
:10EA1000002CF7D1BFF35B8F10BDFFF70CBB0B6869
:10EA200003608B8883808B79837170470023E2F7C2
:10EA3000FBB8BFF35B8F50E8003F0B4040E800326B
:10EA4000002AF8D1BFF35B8F7047C0F30723107023
:10EA5000000E5370D0700023C1F30720090E93708D
:10EA6000137150719371D171704738B504460D46DA
:10EA7000E6F736F85F3005D129462046BDE8384034
:10EA8000E5F720BF38BD10B5E7F7F2FF6FF48071EE
:10EA900004461030FFF7CDFF2046BDE8104000F0DF
:10EAA00043BAC368DB78012B01D1FFF7ECBF704795
:10EAB000C368DB78012B01D1FFF7E5BF7047012068
:10EAC00070470020704708B5F0F724FE18B1C089E0
:10EAD000003818BF012008BD70B506460D464FF03E
:10EAE000FF304FF0FF31E6F7C1FA044618B9BDE830
:10EAF0007040E5F7DDBE03210C30E5F793F90680A1
:10EB00008570214642F22100BDE87040E6F7A2BCC4
:10EB1000E6F778BF70B506460D464FF0FF304FF070
:10EB2000FF31E6F7A3FA044668B103210C30E5F79C
:10EB300079F90680857021460022BDE8704040F2D8
:10EB40000640E6F705BE6FF0680070BDC368187830
:10EB500008B1E6F7B3BF1846E7F756B838B54FF037
:10EB6000FF3105464FF0FF30E6F780FA044668B102
:10EB700002210C30E5F756F92B880380214600224C
:10EB8000BDE8384042F21600E6F7E2BD6FF06800DB
:10EB900038BDF8B507460E464FF0FF304FF0FF3155
:10EBA0001546E6F763FA044678B106210C30E5F71E
:10EBB00039F93B8803804680858021460022BDE8E4
:10EBC000F84042F22200E6F7C3BD6FF06800F8BDDE
:10EBD0002DE9F047814688464FF0FF304FF0FF3176
:10EBE0009DF820A017461E46E6F740FA0546A0B15C
:10EBF00007210C30E5F716F9B9F80030038080F8EA
:10EC00000280C7700671A0F805A029460022BDE861
:10EC1000F04742F23200E6F79BBD6FF06800BDE8B6
:10EC2000F08708B500200021E6F726FD18B1BDE801
:10EC30000840E6F709BCBDE80840E9F741BB08B564
:10EC4000072204F098FBB0FA80F0400908BDFFF7F6
:10EC5000E9B90B6803608B8883808B798371704777
:10EC6000BFF35B8F0068BFF35B8F7047F8B50F464B
:10EC7000144638BB4FF0FF304FF0FF31E6F7F6F99E
:10EC8000054610B327210C30E5F7CCF83946FFF7DD
:10EC9000E0FF06462246C31D04F1100152F8040BA2
:10ECA00043F8040B8A42F9D11022002106F1170023
:10ECB00004F059FB29460022BDE8F84042F2270043
:10ECC000E6F746BD6FF01500F8BD6FF06800FBE792
:10ECD000037A5B07024605D501462A3211F8010B7B
:10ECE000FFF7C4BF704738B54FF0FF3105464FF00E
:10ECF000FF30E6F7BBF9044658B129460C30FFF760
:10ED000058FD21460022BDE8384042F22D00E6F7CA
:10ED10001FBD6FF0680038BD10B400F11003BFF3E1
:10ED20005B8F53E8002F22F4005143E80014002CBD
:10ED3000F7D1BFF35B8F930403D510BC012100F022
:10ED4000F1B810BC704770B5044686B00E4601306D
:10ED50000131FFF774FF2A34162200210546684668
:10ED600004F001FB10226946204604F004FB40B188
:10ED7000102206F12A01204604F0FDFA002808BFFF
:10ED80000125284606B070BD00F1100208B5034603
:10ED90001046FFF765FFC10511D5BFF35B8F52E841
:10EDA000000F40F4005042E800010029F7D1BFF302
:10EDB0005B8F18460021BDE8084000F0B3B808BDDD
:10EDC00010B50C4630B919B1F0F752FC00B1441C33
:10EDD000204610BD0024FBE718B111B10846E7F743
:10EDE00003B96FF01500704707B580B90621684672
:10EDF000F3F796FE40B99DF80530684603F03F03EF
:10EE00008DF80530E7F7F0F803B05DF804FB6FF01C
:10EE10001500F9E713B5044680B106216846F3F7FB
:10EE20007FFE48B99DF80530694603F03F03204650
:10EE30008DF80530FFF7D0FF02B010BD6FF0150060
:10EE4000FAE708B5E7F714FE10B11030FFF708FF36
:10EE5000012008BD037AD90704D523F0010303720A
:10EE6000E7F750BA990704D523F002030372E7F7D6
:10EE700063BA704700207047034610F4004F0CBF80
:10EE800007200620DA0348BF00F005009B0348BFB7
:10EE900000F0FB007047BFF35B8F0068BFF35B8F30
:10EEA0007047012303FA01F15AB1BFF35B8F50E8B9
:10EEB000003F0B4340E80032002AF8D1BFF35B8FDC
:10EEC0007047C943BFF35B8F50E8003F0B4040E8F9
:10EED0000032002AF2D0F7E770B5064686B00D463C
:10EEE0004FF0FF304FF0FF31E6F7C0F80446B0B105
:10EEF0000C3095B10121FFF75CFC06F1100203A96B
:10EF0000204600950823E6F79FF80022214642F2AA
:10EF10000A00E6F71DFC06B070BD2946EBE76FF06E
:10EF20006800F8E7FFF7D8BF1830F7F7E7BABFF384
:10EF30005B8F0068BFF35B8F7047032808B501D073
:10EF4000E7F76CFFBDE80840E7F780BF0368D90426
:10EF500044BF43F48063036003689A0444BF43F4EE
:10EF600000630360704700230B60436813B9C0E976
:10EF700000117047196041607047D0F8C000003838
:10EF800018BF01207047BFF35B8F0068BFF35B8F32
:10EF90007047FFF750B810B50346BFF35B8F53E8D7
:10EFA000000F40EA010243E80024002CF7D1BFF330
:10EFB0005B8F10BD2438E8F765BD036800220BB9EC
:10EFC000184670478B4210D10B6842B94268036003
:10EFD000914200D1436000230B6001207047136011
:10EFE0004368994208BF4260F5E71A461B68E6E7A6
:10EFF00010B50446006918B1E4F788FD00232361C9
:10F0000010BD10B50446D0F8A40028B9207A04F148
:10F010007001F0F77FFB38B1E278C3892AB913F0A9
:10F02000210F14BF0120002010BD13F0240FF8E7BA
:10F030002DE9F843089E102E81460C4690461F4647
:10F040002FD84FF0FF304FF0FF31E6F70FF80546AD
:10F0500058B31C210C30E4F7E5FE0346B9F8002054
:10F0600023F8022B2268C0F8022062685A60B8F8C0
:10F070000030438100F10C0432463946204604F04A
:10F080004AF9102E05D0C6F110020021A01904F093
:10F090006AF929460022BDE8F84342F21900E6F772
:10F0A00057BB6FF01500BDE8F8836FF06800FAE712
:10F0B0008278012A034606D1C07A28B1D3F8A40089
:10F0C00010B1007B70470020704738B58378012B62
:10F0D000044629D1437B072B29D10B0601F07F057C
:10F0E0000BD54FF400410430FFF755FFA5722046C1
:10F0F00001F09EFEA8B9002038BD437AAB42FAD297
:10F10000837AAB42F7D2BFF35B8F031D53E8001F36
:10F1100021F4004143E80012002AF7D1BFF35B8FCE
:10F12000E4E7637AA372E7E76FF01500E4E76FF0B6
:10F130007F00E1E78378012B0CBF407A0020704705
:10F1400037B505460C46FFF702FC2946A8B16846CC
:10F15000FFF7F2FB69460020E9F77AFC58B12388F3
:10F16000A0F88C306388A0F88E30A388A0F8903087
:10F17000E388A0F8923003B030BDFFF721FE0346CC
:10F18000006800909A889B798DF80630ADF80420CD
:10F19000E0E738B5037A8B420446154615D100F1F5
:10F1A00070010722284604F0E6F880B1E3780722D0
:10F1B00043B904F17E01284604F0DDF8B0FA80F08E
:10F1C000400938BD04F17701F5E70020F9E7012097
:10F1D000F7E78378012B0CBF7030002070478278EE
:10F1E000012A0B460BD109885A88B0F8AA308B4205
:10F1F00003D1B0F8AC30934204D0FFF7CABC6FF033
:10F20000150070476FF07700704713B58478012CB4
:10F210000B4617D10A8802F00301032910D0D10749
:10F2200001D402F002049A78DB78B2FA82F149093B
:10F230000BB941F002010094FFF7CAFC02B010BD07
:10F240000024F0E76FF01500F8E7F8B507460D4623
:10F250004FF0FF304FF0FF31E5F708FF0646D0B121
:10F260000E210C30E4F7DEFD0E220446002104F0EE
:10F270007AF83B8823802B8863806B88A380AB88D7
:10F28000E380EB88238131460022BDE8F84042F25A
:10F290001300E6F75DBA6FF06800F8BD38B5847802
:10F2A000012C03460A4622D1C4781CB9BDE8384077
:10F2B000E9F7B0BD051D2846FFF765FEC0F3C02481
:10F2C000000501D51846F1E70988A3F88C1051888C
:10F2D000A3F88E109188A3F89410D288A3F89620F2
:10F2E0004FF400512846FFF756FE204638BD6FF018
:10F2F0001500FBE7704710B50446F7F7DBFF234620
:10F3000053F84C2BD2F8C01061B9E164D2F8C410A4
:10F3100061B9C2E93033F8F73FF82068BDE8104022
:10F32000E8F782BD8B42F6D00968EDE70B60C2F8C2
:10F33000C430F0E770472DE9F843446B002C55D0FA
:10F3400054F8085905B1083D002701E02C461D4638
:10F35000D4E900682EB3F7F7ADFFD6F8C03004F15A
:10F360004C01002263B1994232D1E36C42BBD6F822
:10F37000C420C6F8C030914201D1C6F8C430E76459
:10F38000F8F70AF804F13009002200234846F6F79E
:10F3900065F80646F8B9D8F804300BB1204698470E
:10F3A0002760E3680BB120469847D8F820300BB1AE
:10F3B00020469847D5B1AB68002BC7D0083BC5E7BE
:10F3C0001360D6F8C430994208BFC6F8C420D6E707
:10F3D0001A461B68C6E7B36923B1F16920686FF06C
:10F3E0006D0298473046E4F791FBCDE7BDE8F8831E
:10F3F00038B5436B0D46BBB1184650F8084904B107
:10F40000083C53F8043C9B680BB1294698475CB113
:10F410002046A468436824B19B68083C002BF4D1C3
:10F42000F6E79B68002BF0D138BDF8B50F460021F8
:10F430000546164600234FF480320846E9F7B0FE31
:10F44000044620B92846BDE8F840E9F76FBE04211C
:10F450000C30E4F7E7FC0570477046802046F8BDA5
:10F46000406B30B1838B8B42A0F1080001D08068E3
:10F47000F7E7704710B54AB989B2FFF7F1FF28B135
:10F4800043689B6913B1BDE81040184710BD38B5FB
:10F490000D460521FFF7E4FF00231A462946E9F748
:10F4A00099FE044610B12846E4F730FB204638BDEB
:10F4B000406B30B183898B42A0F1080001D0806895
:10F4C000F7E7704770470346006828B1596802683B
:10F4D0001A60884208BF5A6070470346002003B98B
:10F4E00070471A8A5B681044F9E710B5D46823782E
:10F4F000023113B92170012010BD8B42FBD0038A69
:10F50000023B038200201061F6E7FEF78BBD08B5D1
:10F5100003680A8A1868C968EEF744F8002008BD35
:10F5200038B5054601F10C000C46FFF722F92D68AD
:10F53000238AE2680146286801F0F4F9002038BD0A
:10F5400070B40568AA6A52B3136803B1B03BA2F164
:10F55000B0040022114600E0B03B844207D0668D23
:10F56000648BB14238BF3146A24238BF22461C46A6
:10F570002BB1D3F8B030002BEED18442EFD1438DC4
:10F58000408B8B4201D890420BD9824238BF024651
:10F590009942286838BF194670BCEEF77FB811460B
:10F5A000EDE770BC704773B51446014605464FF44D
:10F5B0009572206801F07BF8207530B920682946E3
:10F5C00001F0FCF920B908232375002002B070BDBA
:10F5D000237AB3B1A3F11802534253419B00019324
:10F5E000638A0093AE68238AE26820682946B047A0
:10F5F000002808DB238A98420CD1002323750120C0
:10F60000E4E70223EBE710F1FF0F03D34042C0B25F
:10F610002075DAE70E20FBE71FB5CDE901230023B3
:10F6200000931A46ECF782F905B05DF804FBF8B5D3
:10F630009368166805460F46144663B95068012161
:10F640000C30E4F7EFFBA0602B681B78002B14BF95
:10F65000022301230370A3681B78012B03D0022B24
:10F660001FD000201CE02B681B78002BF9D16068AC
:10F6700004210C30E4F7D6FBE06007802A68E368D9
:10F6800052885A806168728D738B088A9A4294BF3F
:10F69000C0EB0200C0EB0300042894BF002001204F
:10F6A000F8BD2B681B78022BDBD1606812210C306F
:10F6B000E4F7B8FBE06007802B68E268591C02326F
:10F6C000113351F8040B42F8040B9942F9D16168E7
:10F6D000728D738B088A9A4294BFC0EB0200C0EB14
:10F6E00003001228D9E7D0680378043113B90170F8
:10F6F000012070478B42FBD091680B8A0020043BAD
:10F700000B82106170472DE9F04104468868FFF7CD
:10F71000E4FE638D628B934228BF134683420D46FD
:10F720001DD3E165D1F8088000278F60F7F7C2FD8F
:10F7300041462046EAF73AF8064638B1C5F808804F
:10F74000E765F7F729FE3046BDE8F081618D638BF0
:10F75000994228BF19462846EEF79AF8F1E76FF06C
:10F760007906F0E738B504460D46EAF71FF830B1E0
:10F77000294604F16000BDE8384002F062BD38BDA2
:10F7800070B504460E46002200230846F5F766FED3
:10F79000054658B101462046EAF708F8044618B174
:10F7A0002946304602F058FD204670BD6FF0010436
:10F7B000FAE72DE9F04F044685B010469046994689
:10F7C000FFF78BFE638B628D934228BF1346834203
:10F7D0008B4640F29380636803934046E4F7F0F968
:10F7E0004FF0000A06464046FFF777FE628B638DB6
:10F7F00006F10C079A4294BFC0EB0205C0EB03056B
:10F800003846FEF7C2FF854217D24046FFF765FE35
:10F81000628B638D9A4294BFC0EB0205C0EB030577
:10F820008DBB98F80A00E3F77DFF00220023FEF766
:10F8300080FF064630B9574636E03846FEF7A5FF4A
:10F840000546EDE701464046E4F700FA4046FFF77B
:10F8500044FE628D638B06F10C079A4294BFC0EBA5
:10F860000205C0EB03053846FEF78FFF85421FD225
:10F870004046FFF732FE628D638B9A4294BFC0EB25
:10F880000205C0EB0305F168328ACDF80090DBF881
:10F89000047003980A44ABB25946B847071E0CDA05
:10F8A000BAF1000F18BF5746384605B0BDE8F08FD3
:10F8B0003846FEF76AFF0546E5E70E9BB3B93946C1
:10F8C00006F10C00E4F7AEFA4046FFF706FE638D42
:10F8D000628B934228BF1346B9448342BA441FFA4D
:10F8E00089F9A8D9AF423FF47EAFA4E70F9A0E9BE7
:10F8F0003946304698470028E1D19CE70027D3E7F6
:10F900000368002203B970478B420FD10B683AB9E4
:10F9100042680360914200D1436000230B6070474E
:10F9200013604368994208BF4260F6E71A461B68B5
:10F93000E8E7BFF35B8F50E8003F43F0080240E880
:10F9400000210029F7D1BFF35B8FC3F3C0007047DC
:10F950002DE9F041064690461F460D46B9B10422F6
:10F960000121EAF759F8044618B9BDE8F041E9F772
:10F9700091BF04210C30E4F755FA0570A0F801801E
:10F98000C77021463046BDE8F041FFF7EBBEBDE849
:10F99000F08137B50C46054601F10C00FEF7E9FE93
:10F9A000228A0192E268009203461322122128461D
:10F9B000EAF7A6F803B030BD37B50C46054601F1AD
:10F9C0000C00FEF7D6FE228A0192E2680092002225
:10F9D000034611462846EAF793F803B030BD2DE9F7
:10F9E000F3411768D7F804800023144613730146C7
:10F9F00006469522404600F05AFE0546207330B96F
:10FA00003146404600F0D8FF28B908232373002070
:10FA100002B0BDE8F081CDE900553146A388A26867
:10FA20003846FFF7C6FE002807DA10F1FF0F26BFA1
:10FA30004042C0B20E202073E9E70120E8E72DE93B
:10FA4000F3411768D7F80480002314461373014666
:10FA500006469522404600F02AFE0546207330B93E
:10FA60003146404600F0A8FF28B908232373002040
:10FA700002B0BDE8F081A068798D7A8B038A91424B
:10FA800094BFC3EB0103C3EB0203012BEFDD0221A3
:10FA90000C30E4F7C7F9CDE900558046A388A26889
:10FAA00031463846FFF785FE031E06DA13F1FF0FD5
:10FAB00026BF5B42DBB20E23D8E7A8F80030012056
:10FAC000D6E707B5CA681388528800920C210D2228
:10FAD000EAF72EFB03B05DF804FB07B5CB68002204
:10FAE0001B8800920A210B22EAF722FB03B05DF883
:10FAF00004FBF8B5CB681F88BBB2162B044628D987
:10FB00000321EAF7D7F9064628B302210C30E4F7BF
:10FB100089F900256FF008030370457031462046CF
:10FB2000FFF720FEF7236383236867851B68BFF315
:10FB30005B8F043353E8001F41F4803143E8001227
:10FB4000002AF7D1BFF35B8F2046FFF7F9FC284668
:10FB5000F8BD0420FCE70E20FAE7F8B50546071FBC
:10FB600000F1540350F8044CBFF35B8F53E8001FBF
:10FB700021F0040143E80012002AF7D1BFF35B8FA4
:10FB8000FCB1AB6D83B9636873B1201DFFF79BFCBB
:10FB9000064601463846FFF7B6FD90B1636833600C
:10FBA000A368666003B9A66005F15C013846FFF7FB
:10FBB000E7FD30B104F10C013846BDE8F840FFF72D
:10FBC000DFBDF8BD2DE9F041846A074634B354F82F
:10FBD000B06906B1B03E00231D4607F1040801E0FC
:10FBE00034461646E26D92B905B983B94046FFF72F
:10FBF0006AFC054650B101462046FFF784FD68B116
:10FC00007B682B60BB687D6003B9BD6023462EB165
:10FC1000D6F8B020002AE3D0B03AE1E7BDE8F081A1
:10FC200038B5BFF35B8F0B68BFF35B8FDB0705460F
:10FC300016D550F8040C98B1AB6D8BB90430FFF7B2
:10FC400042FC044660B10146281FFFF75CFD38B155
:10FC500055F8043C5A6822609A685C6002B99C605E
:10FC600038BDEBF7B1BD08B5EAF75EFC08B3826AB0
:10FC700002B3136803B1B03B32F8960C32F8862C0D
:10FC8000904228BF104643B913E0934228BF134661
:10FC9000984238BF1846A1F1B003D3F8B0105A8B80
:10FCA0005B8D0029F1D19A4228BF1A46904238BF95
:10FCB000104608BD1046FCE70A8AC9680023EAF727
:10FCC0006BBDFFF7F9BFFFF7F7BFFFF7F5BFFFF712
:10FCD000F3BFFFF7F1BFFFF7EFBFFFF7EDBFFFF790
:10FCE000EBBFFFF7E9BFFFF7E7BFFFF7E5BF70B571
:10FCF000CE6833889AB2162A04460D4606D80022EA
:10FD000004231146BDE87040EAF746BDF72242835E
:10FD10004385FFF715FC2A8A002331462046F1E788
:10FD200010B50C46EAF700FC98B1836A4BB153F862
:10FD3000542C9169A142A3F1B00309D0D3F8B0309B
:10FD4000F4E7406828B18369A34202D00068F9E76C
:10FD5000104610BD0120704708B5EAF7E5FB98B1E1
:10FD6000836A8BB1BFF35B8FB03B03F1580252E85B
:10FD7000000F20F0080042E800010029F7D1BFF38E
:10FD80005B8FD3F8B030ECE708BD08B50421FFF76E
:10FD90008FFB30B1BFF35B8F406DBFF35B8FC0F360
:10FDA000C00008BD70B51C460E461546E9F7D8FCE4
:10FDB000C0E903650123C380047570BD1060002095
:10FDC000704710B5029CA36833B1B1F5807F28BF9E
:10FDD0000E21CAB221469847A37DE268013BDBB2FF
:10FDE000A37522B11BB92046BDE81040104710BDD5
:10FDF0001060918000207047B1F5807F009A28BF85
:10FE00000E211368C9B2184700207047FEF713B9D6
:10FE1000F0B507683D7889B006461446E5B97B8899
:10FE2000B3F5245F04D011D8A3F52053032B13D8C6
:10FE3000ADF80A1002220DF10A012046EAF7DAFEB7
:10FE400070B16FF01502C4F85C2106E003F556436B
:10FE5000FF339BB2042B1DD90125284609B0F0BD04
:10FE60007B88ADF80A3002220DF10A012046EAF73C
:10FE7000C1FE0028E5D1009003AA7768132331461C
:10FE8000B847021EDFDB03A92046EAF7B3FE0028CD
:10FE9000E2D0D6E7ADF80A1002220DF10A012046A1
:10FEA000EAF7A8FE0028CCD17B88ADF80A30022200
:10FEB0000DF10A01E8E708B5072203F05CFAB0FA91
:10FEC00080F0400908BD70B50378934204460E46A1
:10FED000154603D10130FFF7EEFF68B9A37AAB42B4
:10FEE0000CD1314604F10B00FFF7E5FF18B10123F7
:10FEF0000A2202FB034070BD0023F9E70020FAE765
:10FF000010B50346BFF35B8F53E8000F40EA0102D0
:10FF100043E80024002CF7D1BFF35B8F10BD10B570
:10FF20000346BFF35B8F53E8000F00EA010243E88A
:10FF30000024002CF7D1BFF35B8F10BD0B6803606A
:10FF40008B8883808B7983717047BFF35B8F0068E8
:10FF5000BFF35B8F7047FEF765B870B50D46064678
:10FF600011F8010BE8F7A0FD044610B12C89E7F762
:10FF7000FDFEA87A05F10B01E8F796FD28B16B8A22
:10FF80009C4238BF1C46E7F7F1FEAB8AA34207D07C
:10FF9000AB69AC8223B121463046BDE870401847BA
:10FFA00070BD08B502210C30E3F73CFF03466FF04B
:10FFB000080200201A70587008BD10B502210C30DC
:10FFC0001446E3F72FFF63890380002010BD10B5AE
:10FFD00004210C301446E3F725FF23890380E389CD
:10FFE0004380002010BD10B502210C301446E3F709
:10FFF00019FF23890380002010BD10B504210C30A7
:020000024000BC
:100000001446E3F70FFF23890380638943800020B0
:1000100010BD38B500F10C04042120461546E3F765
:1000200001FF2B890380EB8943802B7C33B94FF48C
:1000300020512046FEF7C4FB002038BD42F60101E6
:10004000F7E738B500F10C04042120461546E3F724
:10005000E9FE2B890380EB8943802B7C022B04D0A3
:10006000032B09D02B68598801E042F60201204693
:10007000FEF7A6FB002038BD42F60301F7E770B596
:100080001446002500F10C066268EBB29A4205F1B5
:10009000010501D8002070BDA268304632F8131067
:1000A000FEF78EFBF0E7FFF7EABFF7B5089D0646BF
:1000B0002F680C4651B973B9002308932A46E1B260
:1000C0003046BC4603B0BDE8F0406047B1F5807FE4
:1000D00028BF0E24F0E7009313462A46B847089439
:1000E0002F6823462A462146EAE738B50C461946CA
:1000F0006BB103F114055B6982B9E268A3609542B4
:1001000000D1E36000230D684B611A46A847A3683D
:1001100053B92046BDE83840EAF766BF1360E3688C
:100120009D4208BFE260EDE738BD2DE9F041069D34
:100130000C4606466FF0040105F11000FFF7EFFED4
:10014000F4B13046EAF776FE014648B3836853B10E
:100150001868002205F1140C2BB1634508D12B4619
:100160003046FFF7C2FFB4F5807F28BF0E240FE0B2
:1001700020B107681A4603463846EDE70746F9E717
:10018000AB892BB92F682346224629463046B8470B
:100190006B682BB12A46E1B23046BDE8F041184702
:1001A000BDE8F08111F1680F01D0FFF7BEBF7047C5
:1001B000F0B587B00D460C9C114606461A465DB94F
:1001C00083B9276800232246E9B23046BC460C9327
:1001D00007B0BDE8F0406047B5F5807F276828BFCD
:1001E0000E25EFE703A8FEF7A8FABDF81030012BA3
:1001F00008D8002300932568224619463046A847B0
:1002000007B0F0BD022103A8E3F7EEFD0346BDF8F9
:10021000102033F8027B974228BF174600972568C5
:10022000224600213046A847394603A8E3F7DCFD03
:10023000DBE738B5BDF81040A24215460CD84CB1EA
:100240006BB1A21A8A42A8BF0A4694B22246591933
:1002500003F061F8204638BD6FF00600FBE76FF051
:100260000D00F8E730B585B0C96814461D46EAF7B9
:10027000BDFD00B10089ADF80E0002230093BDF86A
:1002800020200DF10E0329462046FFF7D2FF05B0CE
:1002900030BD1FB50C461946E3681C781046BDF802
:1002A00018203CB110240133069404B0BDE810407E
:1002B000FFF7BFBF5B88ADF80E30022300930DF14E
:1002C0000E03FFF7B6FF04B010BD30B585B01D4674
:1002D000002314468DF80C30EAF766FD10B1037A5E
:1002E0008DF80C3001230093BDF8202003AB294684
:1002F0002046FFF79EFF05B030BD2DE9F0411446C2
:100300001D46BDF81870E5F79BF80646DCF75FFB65
:1003100080B2069033463A4629462046BDE8F04171
:10032000FFF787BF30B585B014461D46FEF7C9FB01
:100330000223ADF80E000093BDF820200DF10E034E
:1003400029462046FFF775FF05B030BD38B500F1EE
:100350000C05062128461446E3F764FD2389038033
:10036000E3894380237C002B42F6010308BF4FF44E
:100370002053838021680B781BB1022B06D000200C
:1003800038BD49882846FEF71BFAF8E710220131EC
:100390002846FEF702FAF2E738B500F10C04042112
:1003A00020461546E3F73EFD2B8903806B89438089
:1003B000E9680B782BB949882046FEF701FA00203E
:1003C00038BD102201312046FEF7E7F9F7E7036850
:1003D00000220BB9184670478B4210D10B6842B906
:1003E00042680360914200D1436000230B6001200A
:1003F000704713604368994208BF4260F5E71A46A8
:100400001B68E6E7022A10B508D1002300F170014D
:100410001A46007AEAF7ACFD022010BDEAF7D6FED4
:10042000FAE72DE9F04706460D464FF4702000210B
:100430009DF820A0DDF8249090461F46EAF76EF95B
:10044000044688B1456080F811A0C0F81490C760D8
:10045000C0F818804A4651463046EAF72DF905465D
:1004600038B92046EAF788F96FF00B052846BDE851
:10047000F087002211460123FFF794FCA56028466F
:1004800042464946B847054618B12046EAF774F98E
:10049000ECE721463046EAF743FB05460028E5D065
:1004A000F3E738B500F10C05022128461446E3F7BE
:1004B000B9FC63890380A1892846FEF781F90421EC
:1004C00004F11000FFF71CFD002038BD08B50C300A
:1004D00029B10121FFF714FDC043084008BD6FF0AA
:1004E0000101FFF71CFD00F00100F7E710B504461D
:1004F000FFF7ECFF38B121460122BDE8104011F8AA
:10050000010BEAF7B9BC10BD38B504461546FFF734
:1005100021FC48B12046EAF747FC28B1037ADB0703
:1005200002D50121FFF7E2FF55B9207A04F17001ED
:10053000EAF7C2FB20B18560BDE83840EAF700BDAC
:1005400038BD13B5044610B9002002B010BD002319
:100550008DF80430006842F6030301A9ADF80630B7
:10056000FEF78EF90028EFD1E36898880028ECD1D7
:100570002046EBF793F9013080B2E6E770B5CC681E
:1005800088B008461E46A3798DF80C301546FFF753
:10059000D8FFADF80D00246823786BB96388ADF8F7
:1005A0000F3005230093BDF8302003AB31462846B9
:1005B000FFF73FFE08B070BD631C0DF10F02113450
:1005C00053F8041B42F8041BA342F9D11323E9E7B3
:1005D0001FB5CDE90123002300931A46EBF7A6F9D6
:1005E00005B05DF804FBEBF7B7BA38B5044659B16E
:1005F00000F170052946007AEBF77CFB207A29464A
:10060000BDE83840EBF79EB838BDF8B506460F4652
:10061000EAF736FB394604463046FEF754FA68B32B
:1006200064B304F108056FF001012846FFF777FC79
:10063000C20703D539463046EBF75CFB6FF0020189
:100640002846FFF76CFC830703D539463046EBF7A5
:1006500079F82846FFF779FC80B9234603F8010BA7
:10066000C4F80100C3F80300BFF35B8F55E8003FF7
:1006700045E80002002AF9D1BFF35B8FF8BD10B541
:100680000446A0F1270110F8280CFFF7BEFF14F86C
:100690001C0CA4F11B01FFF7B8FF14F8100CA4F117
:1006A0000F01BDE81040FFF7B0BFFFF7DCBA38B567
:1006B0004C8AD3070546C4F30E0404D514F0950FF5
:1006C0002AD04B6843B3900704D514F4957F25D006
:1006D0008B681BB3144014F4DE7F0DD0EB7A2BB97A
:1006E0002846FEF78EFCD8B9052038BD14F0300F2F
:1006F00004D114F4C07F07D10020F6E72846FEF7A6
:1007000019FD0228F5D8EFE7D5F8A430002BEBD07F
:100710005B7BDB06E8D5EFE70220E6E70320E4E7B2
:100720000F20E2E7F8B514460F46942261680646AA
:10073000FFF7BDFF20BB616801223046EBF744FBA9
:1007400008B3A2891B2102323046E9F7B5FF0546FE
:10075000E0B1A1890C300231E3F764FB20F8027BA1
:10076000A289A16802F0D7FDD4E90412284601232A
:10077000FFF718FB29463046BDE8F840EAF782B992
:100780004FF0FF30F8BD6FF01500FBE76FF00B0086
:10079000F8E770B50B460546144629B921462846A8
:1007A000EBF77EFF28B970BD4FF6FF72914207D17B
:1007B00021816368224628460021BDE87040184721
:1007C000E28901339BB29A422381E7D2F1E72DE916
:1007D000F04F89B00646129F144611B913F0030872
:1007E00007D07B683A460021304609B0BDE8F04F9B
:1007F0001847C3F3870302EB8305C14642F6010A9B
:10080000AC4207D13A464146304609B0BDE8F04F08
:10081000FFF7BFBF3A7C6388ADF80830002A14BFE9
:1008200052464FF42052ADF80220102200210DEB69
:1008300002001FFA83F83B68B4F800B001938DF80A
:10084000009002F090FD01AB0693CDF80CD07B68D0
:10085000ADF81CB03A4603A9304698470434002846
:10086000CED109B0BDE8F08FF0B58FB05389ADF8A7
:100870000C309389ADF80E300546022304A8168982
:100880008DF81030144602900DF1110301F11002A1
:1008900051F8047B43F8047B9142F9D12168C1B936
:1008A000002142F6020310220AA88DF80410ADF8C8
:1008B000063002F058FD01AB099302AB0C93ADF882
:1008C00034606368224609A92846984728B90FB0C2
:1008D000F0BDFDF7D5FF0028E2D021892246284649
:1008E000FFF757FFF3E773B504460D46F6F7E2FC52
:1008F00029462046FFF714FA014620B902B0BDE8A8
:100900007040F6F749BD46682046EAF747F9F6F722
:1009100043FD2EB1002300951A460E212046B04714
:1009200002B070BDF7B50D46044616461F46EAF7FD
:1009300081FA014628B1009733462A462046ECF753
:10094000F5FD03B0F0BD2DE9F04105468846EAF714
:100950002BFA0446E0B1037ADB0719D500F10C0746
:100960003846FFF7F2FA10F0010611D1B8F1000F86
:100970000FD06FF002013846FFF7D1FA10F0020FE6
:10098000284609D0FFF7E8F901212046FFF7AEFD20
:1009900001263046BDE8F081FFF7DCF90028F8D0E9
:1009A0002846FFF7F2F90028F3D06FF0020138462D
:1009B000FFF7B5FA2846E5E70120704701207047A8
:1009C00007207047C27A837CD0F8EC00C07802F030
:1009D000010203F0010340B912B101334B707047BB
:1009E000002B0CBF03230023F8E722B9002B0CBF18
:1009F00003230123F2E75B00F0E7FDF713BBBFF32E
:100A00005B8F0068BFF35B8F084100F00100704707
:100A100038B50F2104460430FFF7F1FF08B100207C
:100A200038BDD4F8A43083B904F17005217A2A4680
:100A30002020EEF7F1FDC4F8A40030B9217A2A464F
:100A40000420EEF7E9FDC4F8A400D4F8A430002B8C
:100A5000E5D0DA8912F0240FE1D0A17A02290CD96D
:100A6000587BC007DBD5032907D09206D7D5187B62
:100A7000A0F1100358425841D2E70120D0E738B521
:100A80000A46034609B9012038BDC88910F0240F71
:100A9000F9D0197D5D7B147BA94228BF29468C4281
:100AA00001D90020F0E7840608D4507B197AC007EA
:100AB0000BD4187A003818BF0120E5E70521181D6E
:100AC000FFF79DFF0028F0D1EBE70029E9D00521D1
:100AD000181DFFF794FF18B9197A01390129E0D9D7
:100AE000527BD207CFD4E4E708B5D0F8EC20927A55
:100AF000032A034615D004D8013A012A19D908203F
:100B00000EE0042AFBD1027D417B8A4228BF0A46BF
:100B1000102A15D105210430FFF771FF08B9032011
:100B200008BD1A7A002AFAD00521181DFFF767FFC1
:100B300008B10020F4E71B7A013B012BF9D8EEE75E
:100B40000620EDE701238B40DB43BFF35B8F50E8CA
:100B5000002F1A4040E800210029F8D1BFF35B8F35
:100B60007047FDF768BA08B50621FEF7A1FC18B971
:100B7000BDE80840ECF7A0BFEC3808BD072070477F
:100B800001238B40BFF35B8F50E8002F1A4340E8EE
:100B900000210029F8D1BFF35B8F704708B50E2103
:100BA000FFF7EEFF002008BD10B507210446043012
:100BB000FFF7E6FF0820ECF789FE20B92046BDE8E4
:100BC0001040ECF7D5BF002010BD70B5051D0E46D6
:100BD00028460421FFF713FF68B1002200210023FB
:100BE0000846E8F7DDFA044640B904212846FFF735
:100BF000C7FF204670BD4FF47022EFE701210C3093
:100C0000E3F710F90670F4E738B504210446FFF75E
:100C1000DCFF054698B110210C30E3F703F904F12D
:100C2000270304F1370253F8041B40F8041B9342D6
:100C3000F9D120462946ECF74BFF002038BD0820AB
:100C4000FCE770B50C460D210646FFF7BEFF0546D2
:100C500090B110210C30E3F7E5F8214604F11003C0
:100C600051F8042B40F8042B9942F9D1304629461B
:100C7000ECF72EFF002070BD0820FCE7072070472E
:100C800030B5012303FA01F1CA43BFF35B8F50E88B
:100C9000003F03EA020440E80045002DF7D1BFF30E
:100CA0005B8F194214BF0120002030BD70B5031DB9
:100CB00004460025D0F8EC60BFF35B8F53E8002FAB
:100CC00043E800510029F9D1BFF35B8F04F5A07010
:100CD000F5F714FC2572BFF35B8F54E8003F44E83E
:100CE0000052002AF9D1BFF35B8FF3782BB90B21A7
:100CF0002046BDE87040FFF743BF0121F8E770B51B
:100D000000F1700605460C4607220968304602F0DD
:100D100032FBB8B963681A682A679A88A5F8742004
:100D20009B7985F87630D5F8A4305BB1A268934200
:100D300008D062681168C3F801109188A3F8051003
:100D40009279DA7170BD2DE9F84FDDF82C80BDF88D
:100D50002890044692461F46FFF705FF05460028E7
:100D60005AD0061DB9F1000F27D15AEA070324D142
:100D700003213046FFF743FED0B301213046FFF791
:100D80003EFEA8B32C7D6B7B9C4228BF1C462246AE
:100D900005F14701404602F0BEFA0F2C06D8C4F117
:100DA0001002002108EB040002F0DDFA30460121B8
:100DB000FFF7E6FE0120BDE8F88FD4F8A430F3B9C0
:100DC00004F1700B217A5A462020EEF725FCC4F876
:100DD000A40030B9217A5A460120EEF71DFCC4F870
:100DE000A400B9F1000F0AD15AEA070704D006E0BF
:100DF000D4F8A430002BE3D0D4F8A41071B90F219B
:100E00003046FFF7FCFD20B1022206212046E7F71D
:100E1000DFFD2846FFF74AFF0020CCE7CB899B0681
:100E2000EDD50C7B1A312246B4E76FF08500704790
:100E30002DE9F341C67804463EB1012E3ED06FF055
:100E40001504204602B0BDE8F081FFF78CFE054690
:100E500010B96FF07F04F4E7061D03213046FFF759
:100E6000CEFD10B16FF00F04EBE701213046FFF724
:100E7000C6FD0028F6D12046FFF7CAFD28B9204656
:100E800002B0BDE8F041EDF7CBBCD4F8A4100B7B69
:100E9000009301F1180201F11A0320461031FEF708
:100EA000C7F804460028CCD10B212846FFF768FE7E
:100EB00001213046FFF764FE0024C2E7FFF753FE2E
:100EC00005460028C5D0071D04213846FFF797FDC9
:100ED000002851D103213846FFF791FD0028C1D1E8
:100EE00031463846FFF78BFD0028BBD12846ECF78A
:100EF0006DFD68B1D4F8A43083B9207A04F1700193
:100F0000EEF718FBC4F8A40040B96FF00B0498E7A3
:100F10002046FFF77DFD0028ECD190E72846ECF74E
:100F200045FE044610B16FF068048AE70B2128469D
:100F3000FFF74BFE06460028F5D001210C30E2F702
:100F400071FF092180462846EDF736FC234688F8D4
:100F500000002246314605F1EC00E8F73BF9044673
:100F600018B13046E2F7D2FD6BE70F213846FFF7A4
:100F700007FE012128469DE76FF0040461E770B584
:100F800005460820ECF7A2FC0446E8B1061D08213E
:100F90003046FFF7D7FD002D3DD00721FFF7D2FDEA
:100FA000284604F1970305F1200250F8041B43F88A
:100FB000041B9042F9D10A213046FFF720FD68B1A9
:100FC00009213046FFF7DCFD0720ECF77FFC0446E3
:100FD00018B1ECF7CDFD0146B0B970BD1021304617
:100FE000FFF70DFD09210028EBD13046FFF707FD83
:100FF0000028E9D0D4F8EC30DB78204643B9ECF790
:1010000097FE01460028DFD02046EDF76DFEDBE7B6
:10101000ECF7FEFEF5E70B21F6E770B50446A0F10C
:10102000EC0650F8543BE83CD3F8A450F5F766FAC8
:1010300003212046FFF7E3FCA0B108213046EDF77D
:10104000BDFD3DB1EB8913B16B7B9B0702D52846F3
:10105000EEF7C2FB30464FF4BC72BDE87040002191
:1010600002F081B901212046FFF7C9FC0028E4D134
:101070000F212046FFF7C3FC0028DED1E1E7E5F7AA
:1010800015B910B5431E00F11002073013F8011F07
:1010900012F8014D1C7083421170F7D110BDF0B5EC
:1010A00097B014460E462022014605A81D461C9FF7
:1010B000EEF7C2FC202231460DA8EEF7BDFC21461A
:1010C000102201A88DF85450EEF7B6FC3B464122A1
:1010D00005A901A8EEF772FD044610B93846FFF7DE
:1010E000D0FF204617B0F0BD2DE9F04397B004467D
:1010F000164605A810221D46DDE91F98219FEEF730
:101100009BFC1022314609A8EEF796FC10222946D6
:101110000DA8EEF791FC1E99032211A8EEF78CFCA6
:101120004946D9F8010011F8013B8DF8473012907B
:101130008B88ADF84C30062212A8EEF77DFC4146B4
:10114000062211F8013B8DF84E30D8F80130CDF869
:101150004F300DF14F008B88ADF85330EEF76CFC3B
:101160002146102201A8EEF767FC3B46412205A963
:1011700001A8EEF723FD044610B93846FFF781FFBA
:10118000204617B0BDE8F083F8B5069F0469C9B2E0
:10119000EFF31186402585F31288BFF36F8F0C257E
:1011A00069430C44A56C05F0070CBCF1010F0BD191
:1011B000A76486F31188BFF36F8FC4E910234368D7
:1011C0005B5898470020F8BD05F0C005AF4286F394
:1011D0001188BFF36F8F0CBF6FF077004FF0FF30B7
:1011E000F1E713B580240094FFF7CEFF02B010BDE5
:1011F0000069CBB200EB4310002110471046F4F712
:10120000B7B900F0F3BD00F0F2BD8022EEF76EBD7D
:101210004FF4AF607047002208B511461046F9F749
:10122000BBF8002818BF6FF0150008BDF7B51C46C5
:101230001646002382682360A36053690D4601AA05
:1012400069469847019B5A1E01921BB96FF0150021
:1012500003B0F0BD0098A26847682168676085B94F
:10126000B31AD0F800C0634528BF63461A4403FB95
:1012700007112160A26002689A4206D808300090E7
:10128000E0E76B1AB3FBF7F3EBE70020E0E7134668
:101290000022FFF7CBBF2DE9F047836886B05B697A
:1012A0008846914601A902AA98470024A2462546ED
:1012B000029BAB4202D806B0BDE8F087019F07EB66
:1012C000C50700267B6804933A68B2420AEB06031E
:1012D00002D801359A46EBE703940593494603A8E3
:1012E000C0470028E7D0049B01361C44ECE74FF4CC
:1012F00000020023C1E900230020704718B901F162
:101300001800F4F735B9704731B94FF0FF324FF09C
:10131000FF331830F4F7B0B9704710B50169BFF367
:101320005B8F044601F1300353E8002F013A43E894
:1013300000200028F8D1BFF35B8F4B6B1A4301D11B
:10134000F3F746F82069BDE81040F4F711B90369D6
:10135000BFF35B8F303353E8001F013143E80012C5
:10136000002AF8D1BFF35B8F00694FF0FF324FF0D6
:10137000FF33F4F781B97FB5FF238DF803300DF10A
:101380000303002101930123CDE9023105238DF8E8
:101390000C3003A801AB04910593EFF7BDF80028CA
:1013A000A8BF9DF8030007B05DF804FB1FB500213E
:1013B00088420CBF0623042301A8CDE90111039143
:1013C0008DF80430EFF7A8F8002818BF6FF004007C
:1013D00005B05DF804FB10B50C4600F09AFE002342
:1013E000C4E90003184610BD38B505460C4600F0A8
:1013F00090FE002D07DBA84205D9401B84428CBF1C
:101400000020012038BD0020FCE770B50D462846BD
:10141000194616461C46FFF7E7FF28B9214628461D
:10142000BDE87040EFF792BB24B122462946304612
:1014300001F071FF002070BD43685B68D3F8103580
:101440000B600020704743685B6802EA010021EAF4
:101450000201C3F80805C3F80C1500207047436863
:101460005B680020C3F80815704743685B6800207C
:10147000C3F80C15704743685A68D2F8043521EA5E
:1014800003000B40C2F80805C2F80C350020704775
:10149000F2F706BB30B543681360057A446804EB85
:1014A000C504A34202D36FF0010030BD5C798C42C9
:1014B00001D00833F0E70020F7E743681B68D3F852
:1014C0008004C3F88004704703691A6813680BB17D
:1014D00052681847704730B587B004460D4614224D
:1014E000002101A801F03FFF04230DEB030120467A
:1014F0008DF804300295FFF7E7FF07B030BD70B5F7
:1015000086B0066904460D461422002101A801F0A8
:101510002AFF02238DF8043033681B6C0293336872
:101520009B6C01A92046CDE90335FFF7CDFF06B03E
:1015300070BD30B503691C6843681B68EFF3118503
:10154000402080F31288BFF36F8F206CA8B1E06C4D
:10155000B0B9C4E91312042AC3F83415C3F8382506
:1015600082BFD3F8002242F02002C3F800220020FC
:1015700085F31188BFF36F8F30BD6FF00C00F7E774
:101580006FF00F00F4E70369186820B101601B6871
:1015900000205A6070476FF08500704710B54268B0
:1015A00000691368006860B9D3F8104164B1526AE9
:1015B00012780A70C3F81001D3F8102101221A60C2
:1015C00010BD6FF08500FBE74FF0FF30F8E770B516
:1015D00003691D6843680E461C6805F1080000F0A9
:1015E0008AFFEFF31182402383F31288BFF36F8FDA
:1015F000EB6C53B1D4F8003223F02003C4F800326E
:101600000023C4F84C31D4F84C31002385F8613004
:1016100001230EB185F86230636082F31188BFF355
:101620006F8F002070BD03691B681B6C13B1012113
:10163000FFF7CDBF6FF00D00704710B50369196853
:10164000D1F8A420D1F8B040121B13D0082A28BF2B
:1016500008224068C1F8AC2019688069C1F8A80068
:101660001B68D3F8A010D3F8B030194401F053FE32
:10167000012010BD1046FCE702680346D2F858016D
:1016800040B95B68DB0706D4D2F82001003818BFE8
:10169000012070470120704713B501AA0446FFF7E7
:1016A000F9FE002805DB019B226819791868EFF71D
:1016B00029FE02B010BD10B402694468936923EAA0
:1016C0000101916111F0030108D143681B68C3F85F
:1016D0000015E06810BC0121FFF7DEBF10BC7047A9
:1016E00070B5036945681E6886B00446142200215F
:1016F00001A801F038FE05238DF80430002386F898
:1017000061306B685B070ED5EFF31185402383F3DF
:101710001288BFF36F8F02212046FFF7CCFF85F3BD
:101720001188BFF36F8F01A92046FFF7CDFE06B0E9
:1017300070BD6FF08500704710B502699369194359
:10174000916113F0030107D143681C68D868FFF763
:10175000A3FF0823C4F8003510BD10B543681C680A
:10176000C4F84415C4F848250022C4F82021D4F850
:101770002011C4F858215B68D4F858215B0702D5C2
:101780000121FFF7D9FF0123A36010BD10B5436805
:101790001B684FF48002C3F8042304464068FFF737
:1017A0006BFF0B6818B9012283F8B82010BD002226
:1017B00083F8B8200B684FF0FF32C3F8B4200B68F1
:1017C0002046D3E92A12BDE81040FFF7C6BF37B55F
:1017D000426B536812691B681068D3F808217AB10C
:1017E0000022C3F80821D3F808314265D0E9162356
:1017F00000240025CDE900450830F6F7EFFD06E0AE
:10180000426D0132042A4265F0D101225A6003B0D0
:1018100030BD2DE9F04F436807691D68D7F8008097
:10182000D5F80463D5F8083189B00446DBB17207F6
:1018300019D50022C5F808214168D5F80831036997
:10184000D1F8009019684A651868D0E916234FF05E
:10185000000A4FF0000BCDE900AB0830F6F7BEFDF3
:101860000423C9F80833D5F8243163B3B3052AD566
:101870000021C5F82411D5F824316368D3F800A0FD
:10188000DAF88094142203A801F06DFD062319F004
:10189000010F8DF80C3040F0418119F0020F40F03B
:1018A0003F8119F0040F40F03D8109F008038DF8E5
:1018B000103003A92046CAF88094FFF705FE0021E6
:1018C0002046FFF784FED5F81031002B59D0F006E2
:1018D00057D54FF0000BC5F810B1D5F81031C5F849
:1018E00010B1D5F810312369D3F800906368D3F8AC
:1018F00000A009F1080000F0FEFD99F86010D9F889
:101900004830DAF83C2589F860B0C91A11445945C5
:1019100002DD2046FFF7F3FDD9F840102046FFF71F
:10192000DAFDD9F84C30C9F84030D9F85030C9F850
:1019300044300023C9E91333C9F8483099F86130BD
:10194000FBB1EFF31182402383F31288BFF36F8F53
:10195000D9F84030002B00F0E780DAF84C3133B989
:101960000121CAF80010CAF84431DAF84431DAF833
:10197000003223F02003CAF8003282F31188BFF34B
:101980006F8F31031FD5D5F84C31E3B1D5F8101165
:10199000C9B9C5F84C11142203A8D5F84C3101F08F
:1019A000E2FC03238DF80C3023691A68D2E9163261
:1019B00013431FBF63681B680422C3F8042303A9F1
:1019C0002046FFF781FDB2032AD5D5F844313BB359
:1019D000D5F810A1BAF1000F22D1C5F844A1D5F86D
:1019E00044312369D4F804B0D3F80090D9F84010FA
:1019F00021B12046FFF76FFDC9F840A099F8623089
:101A0000002B00F09580002389F8623063681B6822
:101A10000022C3F808212046D3F80831FFF760FE02
:101A2000F00519D5D5F82031B3B163681B68EFF321
:101A30001182402181F31288BFF36F8FD3F82011F8
:101A400031B10021C3F82011D3F820110121D96050
:101A500082F31188BFF36F8F71023DD5D5F85831ED
:101A6000002B39D063682569D3F80090EFF3118A11
:101A7000402282F31288BFF36F8F2A685B68D2F826
:101A8000B4100029ACBFD2F8B460D9F84C655A073D
:101A900007D54FF48003C9F8083301212046FFF72A
:101AA0000AFE8AF31188BFF36F8F2B68D3F8A0204A
:101AB00092B193F8B81000295ED0EFF3118640235D
:101AC00083F31288BFF36F8F29462046FFF75EFE2F
:101AD00086F31188BFF36F8F1837BFF35B8F57E81A
:101AE000003F23F0040247E800210029F7D1BFF3AB
:101AF0005B8F5B077DD5D8F844102046FFF7FFFCCD
:101B00002046D8F84010FFF7E6FC00232046C8E93D
:101B1000103309B0BDE8F04FFFF7E2BD0123C6E680
:101B20000223C4E60423C2E60123CAF8043024E7F2
:101B3000DBF804305B077FF569AF62681368D26930
:101B4000C3F834250522C3F838250122DA62D3F818
:101B50001021002AFBD00021C3F81011D3F8102166
:101B6000D3F84C212AB1C3F84C11D3F84C21D3F847
:101B70003C2589F8602049E7D3F8A8108A4210D0A4
:101B8000D3F8AC10D3F8B020B14232442FD1C3F80F
:101B9000B0202046FFF751FD00288ED12B68D3F8E6
:101BA000B0602868683000F0A6FC1422002103A869
:101BB00001F0D9FB2B68D3F8A030CDE904362B68AF
:101BC000D3F8A4309E421CBF01238DF80C304FF493
:101BD0008003C9F808332A680023C2F8A0302A68B5
:101BE00003A9C2F8A4302046FFF76EFC74E716463E
:101BF000D7E709B0BDE8F08F38B5426803691568CA
:101C00001A68D2F8A01051B1002482F8B8401868C0
:101C1000683000F070FC0123EB60204638BD6FF0A7
:101C20000D00FBE7406BFFF7E7BF08B5EFF7A8FE35
:101C300008BD0A460121FCF7F5B910B54FF0FF3099
:101C40004FF0FF31F0F792F9044628B9BFF790FC46
:101C5000044618B1F0F792F9204610BDF0F78EF95E
:101C60002046E2F71DFCF7E738B50B8A0D463BB17D
:101C700001F10C00FCF775FD012818D0022803D0F3
:101C80006FF01504204638BD4FF0FF304FF0FF31A4
:101C9000F0F76CF904460028F4D1E868D6F7E3F8C9
:101CA0000446F0F76BF9ACB1F0F7CAF9EAE74FF088
:101CB000FF304FF0FF31F0F759F904460028E1D129
:101CC000E868F0F7B1FB0446F0F758F9002CD9D1D9
:101CD000F0F7B6F92846E1F719FF0024D2E7F0F74C
:101CE000FFBA10B531220446002101F03CFB20234D
:101CF00023708023A3706FF03F0363710423A372EA
:101D00002823A3730223E3730423A3756FF008034E
:101D100063763F23A3766FF00303E3767F23237775
:101D2000302384F820306FF03F0384F8213079238A
:101D300084F822306FF0010384F82330012384F803
:101D40002430802384F82630042384F8273040236D
:101D500084F82D3010BD08B50323D5F761FA0020B3
:101D600008BD08B5F0F708FF002008BD08B5F7F773
:101D700001FB48B1002383F31188BFF36F8F042365
:101D8000184602DF6FF0040008BD684620F0070126
:101D90008D4601B5D4F742F8BDE80140854670474D
:101DA000684620F007018D4601B5D2F7E9FFBDE88E
:101DB000014085467047684620F007018D4601B511
:101DC000D2F7D2FFBDE801408546704708B5DAF783
:101DD00025FC002008BDF8F789BA08B5E0F748FCF3
:101DE000E0F71CFDBDE80840F8F780BA7047002016
:101DF000F0F79CBF7047D4F74DBA08B5D5F746F950
:101E000030B1EFF305800338032894BF0020012090
:101E100008BD704703460020184700F0A0B910B570
:101E200002461168B1B1BFF35B8FB1FA81F3C3F120
:101E30001F000123834021EA030352E8004F8C4234
:101E400004D142E8003CBCF1000FF6D1BFF35B8F38
:101E5000E7D110BD6FF00B00FBE710B50368CB4076
:101E6000DB0714D401238B400268BFF35B8F43EA86
:101E7000020150E8004F944204D140E8001CBCF13C
:101E8000000FF6D1BFF35B8FEED1002010BD6FF0D5
:101E90001500FBE770B50C460021054608461646BE
:101EA000F1F7EEF900280ADB3378DB0003F1804319
:101EB00003F5F8330020C3F81055C3F8144570BD7E
:101EC00043090AD0012B0BD14FF6FF7300F01F001E
:101ED00023FA00F000F0010070474FF0FF33F5E700
:101EE0000020704710B504460846F1F7EFF904EBFF
:101EF0004004A08AC0F3401010BD10B50446084647
:101F0000F1F7E4F904EB4004A08A10F01C0018BFBC
:101F1000012010BD10B504460846F1F7D7F904EBCF
:101F20004004A08AC0F3400010BD10B50446FFF77E
:101F3000F1FF10B12046FFF7D5FF00F0010010BD02
:101F400010B504460846F1F7C1F904EB4004A08A35
:101F5000400B10BD70B5044608461646F1F7B6F9B9
:101F600008300D4634F81030DA0509D5C3F34323A1
:101F700004EBC302314654F8333052682846984780
:101F8000A3682BB1E26831462846BDE87040184787
:101F900070BD2DE9F341019001A8DDE908580C4618
:101FA00017461E46F1F7D8F9019B391E18BF0121CB
:101FB00000EB8300231E18BF0123002E43EA4103D8
:101FC00014BF0C210021002D43EA010314BF4FF47C
:101FD000E0610021B8F1000F43EA0103D0F80027C7
:101FE00014BF4FF4403100210B4322EA030304B134
:101FF00024780FB13F787F001C430EB13678B600CD
:102000003C438DB1297809023443B8F1000F03D065
:1020100098F800804FEA0848214341EA0801C0F8D7
:10202000001702B0BDE8F0812946EDE71FB50DF1BC
:102030000F03019300238DF80F1000931A461946E1
:10204000FFF7A7FF05B05DF804FB2DE9F047002579
:1020500004468846D7B22E464FF00109AA46BD4233
:102060000CD1D4F87C3133B10023C4F87C31D4F8DE
:102070007C3146F000463046BDE8F0872846F1F74F
:102080009FF9A0F580739B0809FA03F318EA030F80
:1020900005D022581AB144F800A022581E43013539
:1020A000EDB2DCE738B504460D46FFF71BFFB0B1D3
:1020B0002046FFF72FFF90B92046FFF741FF226827
:1020C00001238340C2F80833236800B203EB800386
:1020D000D3F8102522F00302C3F8102538BD284696
:1020E0000021BDE83840FFF7A1BF034608464FF086
:1020F00080510A6949694A43934208D340B1A3F128
:102100001023B3F5427F2CBF00200120704701202F
:1021100070474FF080531A695869504370474FF029
:102120008053186970474FF08053586970470223F5
:10213000F1F764BE0323F1F761BE08B5F2F7B8FA10
:10214000002008BDEFF31180402383F31288BFF312
:102150006F8F704780F31188BFF36F8F704708B19E
:10216000E1F7A0BE704740B1C368587810F0010095
:102170001EBF1878B0FA80F040097047EFF3118362
:10218000402383F31288BFF36F8FFEE710B400F192
:102190000C04C0E903440024446110BCDCF7F0BB2C
:1021A0008169C26842EA010313F003030FD103619E
:1021B0004369013B03FB0122002B01DA0020704739
:1021C0000169116081690261013B521AF4E76FF005
:1021D0001500704710B5C0E905320023C160C36126
:1021E00083600446FFF7DCFF0028A8BFC4E9004471
:1021F00010BD90F90E308B4201D0F4F72BBF0020B8
:10220000704703460020C3E90200C3E9003370476A
:1022100010B5044630B10268930703D0446809B191
:1022200000F0C8F9204610BD0023C0E900338360E8
:1022300000F10C03C0E9033300F11403C0E90533D6
:10224000704707B50123009300230A461946F3F7A8
:102250003BF803B05DF804FB07B500230A46009382
:102260001946F3F731F803B05DF804FB006800216C
:10227000FFF7CEBF5AB18A4209D300F11003C0E97B
:102280000212C0E90000C0E90433002070476FF07B
:1022900015007047026801238B4022EA03030360A4
:1022A00022FA01F000F001007047704710B50321D9
:1022B00004460C30FFF7EEFF30B104F11000F5F7E3
:1022C00065FEB0FA80F0400910BD20B10022114631
:1022D0008C30F5F7DDBB704770B5C368C3F34006BB
:1022E0009B07044616D4856802210C30FFF7D2FF05
:1022F00080B1D5F884206AB194421DD122689EB97C
:10230000D5F88830C5F884209C4201D1C5F88820D2
:1023100000232360E36813F01F001EBF43F0020395
:10232000E36040F0020070BD3260D5F8882094422E
:1023300008BFC5F88860EBE716461268DBE710B502
:10234000F3F756FD041E08DDEFF31180402383F3FD
:102350001288BFF36F8FF4F799FF204610BDEFF39B
:102360000580003818BF012070476FF05700704794
:1023700000207047D0E9003213605A600023C0E9A2
:102380000033704738B504460D46F4F729FB637BEC
:1023900043F002036373E5B1A5602B689D4209D148
:1023A0006B68C4E900531C606C6012E06A689A4272
:1023B000F6D01B68002BF3D094F90E2093F90E1081
:1023C0008A42F3D09142F1DD5A68C4E900321460C8
:1023D0005C6038BD01211838F4F714BD10B504460F
:1023E000F4F7C8FC04F11800BDE81040F5F7CEBDC5
:1023F00038B504680546AC424FF0000000D138BD46
:10240000002CFCD02046FFF7E9FF2046F4F76CFCD7
:102410002C680120A542F1E708B50246F5F7ACFCAF
:1024200070B1D0E904319B1A61EBE272B3F1004F55
:1024300072F1000104DA002AACBF1846002008BD82
:102440006FF00040FBE708B5F5F7A4FE08BDF5F70F
:10245000A1BEB3F1FF3F08BFB2F1FF3F70B5064622
:102460001D46144614D01A4316D0002B08DBF5F78E
:1024700091FE041941EB0501C6E90041304670BDEB
:102480006FF001031C1B4FF0FF3363EB0501F3E713
:102490004FF0FF342146EFE70024FBE7B3F1FF3FA5
:1024A00008BFB2F1FF3FF8B5074616461C4610D0EC
:1024B00054EA020311D0F5F76DFEB0420A46A1417D
:1024C00003460AD2F31A64EB0204C7E90034384623
:1024D000F8BD4FF0FF331C46F7E70023FBE700236E
:1024E000C0E9081200F11802C0E90622C0E9003371
:1024F00003634363704710B50446F5F747FDA8B979
:10250000636A0BB12046984704F11800F4F754FDB4
:1025100060B1F4F7E9FBEFF31180402383F31288F5
:10252000BFF36F8FBDE81040F4F7B0BE10BD2DE9CA
:10253000F041846805460E46D4B16378012B22D160
:1025400014F8533C9A0711D5A4F160073846FFF7F9
:1025500045FF082E0CBF6FF003030023E36114F85E
:10256000533CDB0602D13846F4F7BEFB0023237050
:10257000EB68C3F386321643002066F39433A860F9
:10258000EB60BDE8F081022BF0D12378002BEDD079
:1025900054F8048CB8F1000FE8D004F11400F5F7FA
:1025A000F5FCA4F114070023E36239464046F3F733
:1025B0001FFCDBE720B1011F50F8040CF2F7DEBA74
:1025C000704770B5A0FB015424B92846F6F7C2F84D
:1025D000064610B90026304670BD2A46214600F056
:1025E000C2FEF8E700207047704710B5044608B1F6
:1025F000F6F780FA2046BDE81040F6F76BBA0346BE
:10260000C068E0B15888D0B11B8803F44F42B2F5DE
:10261000824F09D1DBB2272B2AD008D8172B0FD035
:10262000222B34D0122B16D06FF085007047302B40
:102630002FD0413B012BF7D8FF2839D1002070471C
:10264000C028FBD0E128F9D0B0F5807F0CBF002076
:102650006FF08600704720F02003C02BEED020F0F2
:102660008003B3F5807FE9D040F209239842EDE77B
:10267000E928E3D0EF28E1D040F21B139842DDD0E7
:1026800040F299139842D9D040F23B23EEE7E92873
:10269000F1E720F02003C02BD0D020F04003B3F5A9
:1026A000807FCBD0B0F5C07FC8D0B0F5007FCDE73C
:1026B000B0F5E07FCAE73AB1002918BF0023D21A6B
:1026C0002121184400F04FBE70472DE9F04F89B02A
:1026D0009B4600238DF81B30159BDDF85080002BA6
:1026E00091460B460D460CBF4FF400624FF48062DA
:1026F00007A9DDE912A7F6F765FB0446D0B9079EE6
:102700000DF11B0231882846F6F7F8FB044688B91C
:102710009DF81B30BB421FD8CDE90338CDE901BA83
:10272000CDF80090D6E909122B463046F6F7B6FFF1
:10273000044608B1C8F80070D8F800303A4621467F
:102740005046FFF7B8FF0798F6F78AFF002C18BF2E
:10275000204609B0BDE8F08F6FF08904EAE741F246
:10276000062398421AD8B0F5905F09D241F20103CE
:1027700098420CD0B0F5885F09D06FF085007047A3
:10278000A0F5905080B26923C340DB07F5D511F066
:10279000070F0CBF00206FF086007047B0F5105F88
:1027A000EBD121F04003802B06D0B1F5807F0CBF28
:1027B00000206FF0860070470020704770B5446AB3
:1027C00005460E463CB90120F6F77EF9686228B14D
:1027D000AE62204670BD6FF08A00FBE76FF08C00A0
:1027E000F8E7F8B51E460F4603881546C2B103F454
:1027F000E043B3F5805F02D0B3F5005F10D1089BD2
:10280000E90019600088FFF7AAFF044630B92A469C
:102810003946304600F07FFD079B1D602046F8BD1D
:102820006FF08504FAE710B50446406A10B1A16A5A
:10283000FFF7DBFE0020C4E9090010BD38B50546EE
:10284000FFF7F1FF2B7F012B04460ED0023B012B3B
:102850000ED82B6A012B18BF6FF096042C22002192
:10286000284600F080FD204638BD2B6A002BF2E799
:102870006FF09604F2E770B50488049E154604F4E0
:10288000E042B2F5805F19D0B2F5005F16D024F4B3
:10289000405044F20102904210D004F44F42B2F58D
:1028A000824F0BD0B2F5884F08D0B2F58E4F05D0CD
:1028B000803C24F0FF04B4F5485F0ED1B5420FD838
:1028C00018462A4600F027FD721B0021284400F01C
:1028D0004AFD059B00201D6070BD6FF08500FBE781
:1028E0006FF08900F8E77FB50E461D461446BAB171
:1028F00000232B60012203A9F6F764FA70B9CDE931
:10290000004503983346D0E9091200F06BFA0446FB
:102910000398F6F7A5FE002C18BF204604B070BD42
:102920006FF08900FAE770B50488049E154604F438
:10293000E042B2F5804F22D124F4405044F201022B
:1029400090420DD004F44F44B4F5824F08D0B4F552
:10295000844F05D0B4F5884F02D0B4F58E4F0ED118
:10296000B5420FD818462A4600F0D5FC721B00214C
:10297000284400F0F8FC059B00201D6070BD6FF03E
:102980008500FBE76FF08900F8E7F0B50F4685B0EA
:102990001E4615460AB3002333601A4603A9F6F70C
:1029A00011FA044638B9039803885B0406D4F6F795
:1029B00057FE6FF08604204605B0F0BDCDE9005605
:1029C0003B46D0E9091200F018FA04460398F6F7DE
:1029D00047FE002C08BF0446EDE76FF08904EAE7E4
:1029E00010B50368044653B100F070FA0023236069
:1029F000A38823F4FF7323F00103A38010BD1846BE
:102A0000FCE72DE9FF410C46016898460023054686
:102A100017460393A9BB4FF4A872083000F0A3FC3B
:102A2000B8F1000F20463B4614BF4FF480624FF4CC
:102A3000006203A9F6F7C6F9044620BB039E2A1DCF
:102A400031883846F6F75AFA0446E0B96B7968F3EC
:102A500000036B710097D6E9092331462846B8F187
:102A6000000F0BD0F6F732FE044660B90398F6F774
:102A7000F7FD0446204604B0BDE8F081F6F746FEB7
:102A8000F2E76FF088042846FFF7AAFF0398F6F7ED
:102A9000E7FDEFE70123FFF7B4BF38B5046805464B
:102AA00064B112B90024204638BD00F0FAF904469A
:102AB0000028F7D02846FFF793FFF4E76FF088046B
:102AC000F1E72DE9F0411746026805460E469846A3
:102AD00082B14279D2070DD502795AB1BA4216D8DD
:102AE00000F0E8F9044638B9A6B92846BDE8F04137
:102AF000FFF776BF6FF088040023C8F800702B71D1
:102B000046B92846FFF76CFF2046BDE8F0816FF01C
:102B10008904F1E72146D8F800303A463046FFF7FD
:102B2000CAFD2846FFF75CFF002C08BF0446EBE710
:102B30001FB501240394089C0294079C0194069CF1
:102B40000094FFF7C2FD04B010BD2DE9F04788B036
:102B500005469A460023079325F0004323F47F039C
:102B6000B3F1106FDDE91096DDF84880084617468E
:102B70001CD12B464FF4804207A9F6F723F90446EF
:102B8000B0B9CDE90368CDE901A907980097D0E96C
:102B900009122B4600F0A2F9044648B90798F6F747
:102BA0005FFD0446204608B0BDE8F0876FF086045C
:102BB00031464846F6F784FB0798C8F80060F6F7F8
:102BC0004FFDEFE7034608461B8803F4E043B3F5E7
:102BD000805F114602D0B3F5005F01D1F6F770BBFC
:102BE0006FF0850070477FB5002203880A60CDE949
:102BF0000122428806460D46002A69D0028802F466
:102C0000E042B2F5804F63D023F0FF03B3F5E24F0B
:102C100002D0B3F5824F04D13046FFF7F0FC0446F2
:102C2000D8B902AA01A93046F6F7D8F90446002817
:102C300043D1019B9B6A9BB10199304601F1280366
:102C4000D1E9091200F087F80446002839D101982B
:102C50002946F6F729F9044678BB204604B070BD32
:102C600073681B0A22D13088718800F4E043B3F501
:102C7000805F15D0B3F5005F12D020F0FF03B3F5ED
:102C8000E24F22D1C0B242280ED10831C9080391C7
:102C900003990198FFF792FD04460028CCD00CE080
:102CA000FFF75DFD044640B90731EFE703A9304661
:102CB00000F04CF804460028EAD00198F6F7F0F945
:102CC000CBE70198FFF7AFFDF7E76FF08504F4E776
:102CD0006FF08604C1E71C22002100F044BB0346CC
:102CE0006FF040420846591E914207D338B103F1B4
:102CF000404393428CBF0020012070470120704761
:102D0000034668B1017F8A1E012A0BD80329026A93
:102D100003D1012A01D1FFF791BD1AB1013A1A621C
:102D2000002070476FF09600704700207047C0B2D7
:102D3000002814BF6FF08500002070470020704706
:102D4000704700221A606FF08600704700230B6006
:102D50006FF0860070472DE9F04147683F0A04464E
:102D60000D461646984611D107887F0407D443467E
:102D7000324629462046BDE8F041FFF723BF00F068
:102D8000E9F810F1860FF2D0BDE8F0816FF086000F
:102D9000FAE72DE9F04F476885B03F0ADDE90E9A62
:102DA000DDF840B004460D461646984615D1CDE9EB
:102DB00001ABCDF8009000F0BFF810F1860F0ED1F6
:102DC0004346324629462046CDE90FABCDF8389030
:102DD00005B0BDE8F04FFFF704BD6FF0860005B009
:102DE000BDE8F08F10B44468240A02D110BCFFF78C
:102DF00042BD6FF0860010BC70472DE9F34747686D
:102E00003F0ADDE90A9A04460D461646984611D156
:102E1000CDE9009A00F082F810F1860F0CD14346FC
:102E2000324629462046CDE90A9A02B0BDE8F0476D
:102E3000FFF779BD6FF0860002B0BDE8F08713B5EB
:102E400004464868000A0AD10498009004F108007A
:102E5000F6F704FD08B91C23236002B010BD6FF023
:102E60008600FAE710B404681C2C03D110BC0830AB
:102E7000F6F720BD6FF0860010BC704738B50368C8
:102E80001C2B0CD100F10804204600F06AF94FF425
:102E9000907105462046F5F72DFE284638BD0025E1
:102EA000FBE703681C2B02D1083000F035B96FF046
:102EB0008600704710B404681C2C03D110BC083085
:102EC00000F033B96FF0860010BC704703681C2B0C
:102ED00002D1083000F035B90020704710B44468C2
:102EE000240A02D110BC00F044B96FF0860010BC77
:102EF00070470020704713B5002001AB1446F7F768
:102F00007BFA30B9019BA34218BF6FF0930002B067
:102F100010BD6FF09200FAE70020704710B40488EB
:102F200004F44F44B4F5824F02D110BC00F046B90E
:102F30006FF0850010BC704710B4048804F44F444F
:102F4000B4F5824F02D110BC00F068B96FF0850073
:102F500010BC704710B4048824F0FF04B4F5E24FAD
:102F600002D110BC00F0ADB96FF0850010BC704705
:102F7000024612F8103BDB0903EBC303C3EB031358
:102F800012F8011D83EA4103904213704FEA1323A4
:102F9000F6D170472DE9FF4705468846144622B30F
:102FA000D0F8486100F5947786B9A0444FF0100935
:102FB0000DF10C0A102CA8EB040237D82346394631
:102FC000384600F0EEF8C5F848410EE0C6F11009A9
:102FD0004A450FD8B91913460846424600F0E1F8B1
:102FE000D5F848312344C5F848310026304604B0AE
:102FF000BDE8F087B9F1000F08D0B91942464B4639
:10300000084600F0CEF8103EC844344403AB10220A
:10301000019300923B4639462846FFF723FF0646B8
:103020000028C2D02846FFF729FFDFE710233946E2
:10303000384600F0B6F8CDE9009A3B4610223946F2
:103040002846FFF70FFF06460028EBD1103CB1E7FA
:103050002DE9F0439846D0F84831102B174685B03B
:103060000446894600F59C7200F594751CD12946EA
:10307000284600F096F803AB1022019300922B46ED
:1030800029462046FFF7EEFE064630B93A46294665
:10309000484600F040F9C8F800702046FFF7EEFE01
:1030A000304605B0BDE8F083C618104696F82831C2
:1030B00083F0800386F82831FFF75AFF1023024679
:1030C000D5E7F0B5D5B004460E46174600214FF4BB
:1030D000A67201A81D4600F046F921463B4632463D
:1030E00001A8F6F733FB044680B95A9A294601A88D
:1030F000FFF750FF044648B9DDE95C235B9901A85E
:10310000FFF7A6FF0446204655B0F0BD01A8FFF723
:10311000B5FEF8E7F6F740BB90F84C31022B01D131
:10312000FFF738BF6FF08800704710B490F84C413B
:10313000022C02D110BCFFF78BBF6FF0880010BCCF
:10314000704710B590F84C31022B044607D1FFF7B9
:1031500095FE4FF4A8720021204600F004F90020EB
:1031600010BD08B54FF49072002100F0FCF800206B
:1031700008BD10B4048804F44F44B4F5824F02D162
:1031800010BCF6F7BDBB6FF0850010BC704703465E
:103190000144002013F8012B8B4240EA0200F9D1D0
:1031A000704730B50B4411F8014B12F8015B99429E
:1031B00084EA050400F8014BF5D130BDF8B50546A9
:1031C00014466F882D8805F4E04CBCF5804F1846F6
:1031D000DDE9063606D19A421DD800F09CF834602D
:1031E0000020F8BD47F21212954202D06FF0850020
:1031F000F7E7640001349C420DD80423B7F5807FC3
:1032000034600370F2D10130F6F7F8FC0028E7D003
:103210006FF08600E5E76FF08900E2E72DE9F04105
:103220001F460388DDF820800E4644F212118B42BF
:10323000154642882ED047F212118B423BD102B97B
:10324000EA00B2F5807F36D1202D03D06FF08600E2
:10325000BDE8F08129463046FFF799FF0028F5D0F8
:103260003046F6F7B7FC0028F0D1D8F8004034F427
:103270008074EBD1069B9D4220D82A4631463846C1
:1032800000F049F8079B1D604FF48073C8F80030C8
:103290002046DDE71AB9EB07D8D56A08D200B2F5A7
:1032A000807F08D1412DD1D13378042BCED1701C31
:1032B000F6F79AFCD7E76FF08500C9E76FF0890051
:1032C000C6E7F8B50D46478801881E4647F2121337
:1032D000FC1D99424FEAD40402D06FF08500F8BD7E
:1032E000944215D821462846F5F7EAFF0028F6D182
:1032F00021462846FFF74BFF0028F3D0B7F5807F23
:10330000EBD12846F6F766FC0028EBD13460E6E7FF
:103310006FF08900E3E70A44914200F1FF3300D1E6
:10332000704710B511F8014B03F8014F9142F9D1E4
:1033300010BD884210B501EB020402D98442234635
:1033400007D8431EA14208D011F8012B03F8012F22
:10335000F8E7024401468A4200D110BD13F8014D3E
:1033600002F8014DF7E702440346934200D170474B
:1033700003F8011BF9E710B501390244904201D16D
:10338000002005E0037811F8014FA34201D0181B7B
:1033900010BD0130F2E710B56AB10139841810F898
:1033A000012B11F8013F9A4203D1A04201D0002A1B
:1033B000F5D1D01A10BD1046FCE710B5013904460E
:1033C00032B111F8013F00F8013B013A002BF7D16F
:1033D0000021FFF7C8FF204610BD10B5024601448A
:1033E0008A42134603D01C780132002CF8D1181AF7
:1033F00010BDF0B5044608B9146844B1204614F86D
:10340000015B0F4617F8016B1EB965B91560002006
:1034100005E0B542F6D1002BF0D114600370F0BD89
:103420001C460CE015B914F8013B0E4616F8015B7A
:10343000AB42F7D1002BF3D0002304F8013C146019
:10344000EDE70123FFF7D5BFF0B5C3F13707044619
:10345000FFB203F01F031046082BE6B233D0102B47
:103460003ED06508A40844EA817445EAC1752D1967
:103470004FEA910242EB5102290941EA02716D18AB
:1034800042EB1212290A41EA02616D1842EB122244
:10349000290C41EA02416D1842EB1242AD1842F18B
:1034A0000002EC0844EA4274D10804EB8402A6EB63
:1034B0004205EDB2092D0CD90134A5F10A0541F1FF
:1034C0000001EDB212E0E40844EA417406F0070599
:1034D000C908303554EA010200F8015BBCD1F0BDE7
:1034E000240944EA017406F00F050909092D84BF77
:1034F000ED19EDB2EDE7D1E9043293421EBF5A1C3B
:103500000A611870704700000148006870470000A9
:043510002858002017
:083514009694FD7F0100000008
:10351C00613E020000000000C93E020000000000F5
:10352C0000000000FC3504003B21040000000000FA
:10353C002D4B030000000000254C03000000000090
:10354C00000000003C360400000000001C360400A3
:10355C00D52B030000000000CD1D0400000000006E
:10356C00D71D040000000000000000007C360400A1
:10357C00000000005C360400000000009C360400D3
:10358C00B100030000000000DD1B03000000000080
:10359C001905020000000000C936020000000000FE
:1035AC0000000000BC360400BD2C0300000000002D
:1035BC00DB1D040000000000815803000000000027
:1035CC0000000000DC36040000000000FC360400A3
:1035DC003519020000000000F54202000000000056
:1035EC00631D0400000000006D1D040000000000BD
:1035FC00C29F04009C4604005C39040004120020A5
:10360C00BC5C00208DFD02000000000000000000EA
:10361C00E8A3040058470400383904000E120020B7
:10362C008C5D00206D120300000000000000000003
:10363C00F6A304006C470400383904001012002073
:10364C00985D00206D1203000000000000000000D7
:10365C003DA0040000000000003904000612002008
:10366C00185D00201903030000000000000000009A
:10367C0090A0040000000000B446040008120020D2
:10368C000000000017120400000000000000000001
:10369C0078A404008047040078390400121200203A
:1036AC0030110020CD14030033170400000000007B
:1036BC00C7AA0400000000000448040014120020F3
:1036CC00B05D0020DD2103000000000000000000C0
:1036DC0052A20400C4460400203904000A1200203F
:1036EC00F81000208D050300000000000000000011
:1036FC00C2A2040000000000083904000C120020D3
:10370C0000000000710B030000000000000000002E
:10371C00F71D0400151E040000000000A7E60300BE
:10372C009C3604001318040000000000A7E60300F8
:10373C0000000000A7E6030000000000A7E603005D
:10374C00280F00209114040000000000A7E60300DD
:10375C0000000000A7E6030000000000A7E603003D
:10376C0000000000A7E6030000000000A7E603002D
:10377C0000000000A7E60300185D0020B50303005D
:10378C0000000000A7E6030000000000A7E603000D
:10379C0000000000A7E6030000000000C5190300AC
:1037AC0000000000A7E6030000000000A7E60300ED
:1037BC0000000000A7E6030000000000A7E60300DD
:1037CC0000000000A7E6030000000000A7E60300CD
:1037DC0000000000A7E6030000000000792C0300A5
:1037EC0000000000A7E6030000000000A7E60300AD
:1037FC0000000000A7E6030000000000A7E603009D
:10380C0000000000A7E6030000000000A7E603008C
:10381C0000000000A7E6030000000000A7E603007C
:10382C0000000000A7E6030000000000A7E603006C
:10383C0000000000A7E6030000000000A7E603005C
:10384C0000000000A7E6030000000000A7E603004C
:10385C0000000000A7E6030021450300151E04002C
:10386C0000000000A7E6030000000000A7E603002C
:10387C0000000000A7E6030000000000A7E603001C
:10388C0000000000A7E6030000000000A7E603000C
:1038A000002A0020807900200004000039E6010091
:1038B0000000000000000000000000000700000001
:1038C00000000000D55804000000000000000000C7
:1038D000802900204075002000040000A9DE0100BE
:1038E00000000000000000000000000008000000D0
:1038F00000000000C35804000000000000000000A9
:0839000099020300C501030058
:103908000B140400C50D0300010D0300450B030053
:10391800D7130400350B0300D5070300F90803008B
:10392800090A0300B5040300EF120400A50403000C
:103938006910030039140400471404005F140400DC
:103948006B14040077140400610F0300650E030074
:04395800000000006B
:10395C00E5FD02000B120400E3110400000000005E
:0C396C00B5FC020000000000000000009C
:103978008715040085180300F91B0400D5160300F9
:1039880033150400271604009D15040005160300CE
:04399800BB14040058
:10399C00050000007991020006000000F1E602002B
:0839AC000400000001A4020068
:1039B400C9DA0100F1D901000000000031D601008C
:1039C400E9D601000000000029D90100EDD301006F
:1039D400B1D601000000000000000000000000005B
:1039E40000000000000000000000000049BD0200CB
:1039F40000000000000000000000000000000000C3
:103A0400C4440400080000006445040007000000EA
:083A1400184104000600000047
:103A1C001A81040003000000CE9004000300000093
:103A2C007D73040003000000A68A0400030000005C
:103A3C00129F040003000000A773040003000000A1
:103A4C007983040003000000B79804000300000011
:103A5C004466040003000000B17D04000300000074
:103A6C00C180040003000000FA9E04000300000063
:103A7C00AD8D040003000000B066040003000000DC
:103A8C0026710400030000005366040003000000CC
:103A9C00E4AA040003000000D2AA04000300000002
:103AAC0049720400030000007E9D04000300000026
:103ABC00035C040003000000EB580400030000004A
:103ACC00DD9F0400030000003DA80400030000007B
:103ADC006C71040003000000DCA204000300000071
:103AEC00C2AC040003000000CB5E04000300000025
:103AFC00935F040003000000975F040003000000C4
:103B0C004DAB040003000000B66D04000300000080
:103B1C004770040003000000E27004000300000082
:103B2C004F66040003000000C0AB0400030000005B
:103B3C009B67040003000000E7B1040003000000D1
:103B4C005FA20400030000004C720400030000009C
:103B5C00F77004000300000086A4040003000000BA
:103B6C00EC400400C0500020536104000100000030
:103B7C00467204000000000000000000A53F020097
:103B8C004142020000000000939404000100000078
:103B9C000000000009FE030000000000000000000F
:103BAC00AB980400010000000000000005B6020004
:103BBC000000000000000000A398040001000000B9
:103BCC000000000019AC0200D1BB02000000000094
:103BDC00F29E0400010000000000000025F8020025
:103BEC0005F6020000000000B1980400010000007E
:103BFC000000000011B202003DB102000000000004
:103C10000000000003000000A0000000F000000011
:103C200000000000029ECADC240EE5A9E093F3A385
:103C3000B50100406E00000000016000300000008F
:103C400000000000000000006000600000000000B4
:103C500000000000AE7C0400B37C0400B77C0400CC
:103C6000BB7C0400BF7C0400C37C0400C77C040050
:103C7000CB7C0400CF7C0400D37C0400D77C040000
:103C8000DB7C0400DF7C0400E37C0400E77C0400B0
:103C9000EB7C0400EF7C0400FF000000FF0000004C
:103CA000FF000000FF000000FF000000FF00000018
:103CB000FF000000FF000000FF000000FF00000008
:103CC000FF000000FF0000000001030201020400E9
:103CD0002526270001020403010203030102040058
:103CE00028040000BE110000904200004C010000BA
:103CF00086040000E80B0000000103020102030338
:103D00000102030301010002070001020401000196
:103D1000000001010000010001000001000100009D
:103D200000000000020B000001000B0002000A006E
:103D3000050009000A000800140007001E00060024
:103D4000320005004B0004006400030096000200EE
:103D5000FA000100F4010000010203030203010064
:103D6000F401FA00960064004B0032001E001400BB
:103D70000A000500020001000C0802170D010102F3
:103D800009090101060209181803010109090303C1
:103D900005030201230202240910040405050B0B8C
:103DA000040B2B1B1B159A9A1C021D1613050149A7
:103DB0000D150508061B1B0F0A060601010000FE73
:103DC000FEFEFEFEFEFEFEFEFEFEFEFEFEFEFEFE13
:103DD00016FEFEFEFEFEFEFEFEFEFEFE1F1FFEFEA9
:103DE00026FEFEFEFEFEFEFEFEFEFEFEFEFEFEFECB
:103DF000FEFEFE3E3EFEFEFEFE3B3B006000BE02BF
:103E000090062C01CE05D0122804BE119042640009
:103E1000AE02500672050813DA43000102020102E5
:103E20000400A301B103BF05EF024906A309C505BC
:103E3000F50B25120E021C045A03B4063006600C62
:103E40000102030301020303010204010203030050
:103E50002804BE11904272050813DA432C00CE01EB
:103E6000D002041040002804BE1190422C00CE0164
:103E7000D002B400EE03500B6400AE025006B40052
:103E8000EE03500B01020303010204002804BE11DB
:103E900090422804BE119042010203030001020275
:103EA0000102040001030200E3A3C30001000000BB
:103EB00010110040000000000000000000000000A1
:103EC000000000000406080A0C0E10121416181C3C
:103ED0001E20222426282A2C2E30323436383A3C12
:103EE0003E40424446484A4C4E021A5000000000F0
:103EF00028000000180000005001000050010000E0
:103F000000000000141E000030110000B45F00002B
:103F10003C730000B80BD0076C396C39000000000E
:103F200070170000A00F00003C2800003C28000093
:103F30000000DC05E8030000D417000000000000CA
:103F40000000000000000000141E000030110000FE
:103F500060EA000060EA000000002CA6E0A120A8B2
:103F600020A800000000000000000000000034084D
:103F7000E803280A280A00000000000000000001F1
:103F800000081200000000000000D8ECF0F4F8FC7B
:103F900000020304050607080000000000000000FE
:103FA000000000000000000000000000010101010D
:103FB00002020202030303030404040405050505C9
:103FC00006060608090000000000000000000000CE
:103FD00000000000000000000001010101020202D7
:103FE000020303030304040404050505050606078C
:103FF00008090A0B0C0D00100200FA000000029ED6
:10400000CADC240EE5A9E093F3A3B50100406E02DB
:104010009ECADC240EE5A9E093F3A3B50300406E2D
:10402000029ECADC240EE5A9E093F3A3B50200408A
:104030006E01030062746C65000000000000000067
:104040000000000000000000000000000000000070
:104050000000000000000000000000000000000060
:10406000000000000000010000000000000000004F
:104070000338FDD870470000E1D8010000000000BF
:1040800059D101009DD1010007100000E611002068
:1040900001010000F6110020090F00005B4D040033
:1040A000602B0020000100003BDF0300DDDE030089
:1040B00002000000B5E00300000000000000000066
:1040C0000000000000000000376104003F610400B0
:1040D0000000000000000000000000007E960400C8
:1040E000476104004B6104004F610400B1120200FB
:1040F000A5120200D51202008D120200000000007D
:10410000991202000000000031130200C850002084
:104110008D700020100000000C4B0400930204007E
:10412000000000009F66040000000100084B04002E
:104130007D05040000000000D40E002000000100F6
:104140007D66040000000000000000000000000088
:1041500000000100044B040065020400CDB302001E
:10416000B00E002000000300004B04007D05040099
:1041700000000000A80E0020000001005B660400A3
:1041800000000000D923020000000000000003002E
:10419000000000007FE603000C0F0020040F002049
:1041A000FC0E002000000000F40E00208927020011
:1041B0007D260200D1260200312702000200000005
:1041C000000000000000000000E00F00FC360400CA
:1041D0000100000000E00F0000200000FC36040099
:1041E000C00400200000000000000B0602000000D8
:1041F000F441040000000000AF6F0400260002023A
:1042000000000020B76F040022000B11180F0020DF
:10421000593702000000000031E70300104204009B
:104220002C4204000001000000000000F0C3002048
:1042300010420400404204002E0000000000000074
:104240005CD200201042040054420400020100002D
:104250000000000030D30020F37C0400117D040036
:104260002C7D04003C7D0400497D0400527D040047
:10427000597D0400607D0400677D04006F7D0400AB
:10428000497D0400777D0400897D04009E7D040043
:104290000E030000D15E02000F0400009D5E0200CC
:1042A0001A0100006D460200050400008546020068
:1042B00013010000394E02003E0100005D4C020077
:1042C00001120000B1EA03000A1E0000A3EA030085
:1042D000FF010000D14D02003E010000B14D02007F
:1042E00005040000D946020008040000B95102008C
:1042F000300300003151020010010000514702005C
:10430000020100007D70020001120000295E02001F
:104310000A1E00004DEB030003090000794F020064
:10432000040B00000D490200060A0000B55502000A
:10433000070A0000B14702000C050000D15002003E
:10434000050C0000F1540200104204005843040020
:1043500047000000000000004CD40020258A040023
:10436000328A0400528A0400468A04005D8A0400EE
:10437000748A0400848A0400CD570400988A0400DB
:104380001042040090430400000000000000000000
:10439000ACD4002010420400A4430400000100003B
:1043A00000000000FCD40020F5F2030035F3030008
:1043B0000000000000000000000000001596020050
:1043C00000000000000000000000000000000000ED
:1043D00002020100F3FA03000404010095A30200A5
:1043E00006060100D5A2020008040100C1A10200D6
:1043F0000A020100DBFA03000C040100C3FA030007
:104400000E04010095A0020020040100F99F0200A3
:1044100010040100099F02001202010093F9030039
:104420001E000400EBFC030052020000B9F9030077
:10443000010402001DA8020003020200EFFC0300B9
:1044400005010200B9FC030007040200C3FC0300DD
:1044500009010200C7FC03000B000200CBFC0300B3
:104460000D000200CFFC03000F000200D3FC03008C
:1044700021020200D7FC030011010200DBFC030053
:1044800013000200DFFC030017040200E3FC03003A
:1044900019000200E7FC03001B02030021F50300E2
:1044A0001D020500B99A0200230403000FF5030062
:1044B00010420400C044040002010000000000009B
:1044C00074D800203C4B040093020400000000005C
:1044D000384B040000000100344B04007D0504004B
:1044E0000000000080100020000001002C4B0400A0
:1044F00000000000000000000000000000000000BC
:10450000284B040065020400CDB30200881000208F
:1045100000000300244B04007D050400000000009F
:1045200078100020000001001C4B0400CB020400A6
:1045300021B502000000000000000300184B040039
:104540007D05040000000000701000200000010044
:10455000104B0400E5BA020000000000000000005B
:1045600000000100684B04009302040000000000FA
:10457000644B040000000100604B04007D05040052
:1045800000000000BC10002000000100584B040097
:10459000FB02040000000000000000000000010019
:1045A000544B04007D05040000000000B4100020FE
:1045B000000001004C4B0400250304000000000033
:1045C0000000000000000100484B04007D050400CD
:1045D00000000000AC10002000000100404B04006F
:1045E0009DB002000000000000000000000001007B
:1045F00021E602001B100400EDF1020000000000A3
:10460000000000006DEE020000000000000000004D
:10461000000000000000000000000000000000009A
:104620004DEA02000600000039DC0200060000002E
:1046300045E102001000000041E40200100000000B
:104640008DF1020001000000C1090400100000000B
:104650007D0C04000A0000002DE70200100000009D
:1046600051EF0200070000007D0B04001000000065
:104670003DE90200010000008DE202004000000060
:1046800071DF0200100000009D0B0400010000001B
:1046900079FC020065FD020000000000FDFE020042
:1046A00021FE0200D19F040007120400031204003F
:1046B000D79F04002904030000000000040000004C
:1046C00000FF0000000000000000000000000000EB
:1046D00000000000000000000000000000000000DA
:1046E0000403000000000003F401000000010100C9
:1046F00000008000C2281700FC4604000090024021
:1047000008470400020000003047040006000000D3
:1047100018470400060100001380001D1480001FCC
:104720001580002016800021178000221186001EAF
:104730001318001D1418001F15180020161800214A
:10474000171800221118001E0008000000100000B9
:104750000400000000FF0000FFFF00000003005005
:10476000280F00200000000001000000BCF801FF3D
:1047700000000050280F0020000000000000000092
:10478000002000400500000000000000A8470400D1
:104790000000D60100000000EC710020E77100204D
:1047A000E6710020E571002000200040B4470400BD
:1047B00002000000D447040004000000C4470400C5
:1047C000040100000680000008800001058000024E
:1047D0000780000306000000050000020806000133
:1047E000070600033C3604000D0001003C360400BF
:1047F0000E0001003C3604000F0001003C360400AE
:1048000010000100B12003003B1C0400691C0400DF
:1048100008000000030000004AB1040058B1040081
:104820006CB104007BB1040087B104001C350400A6
:104830001C350400943504009C350400FC3504004C
:10484000FC350400E8B404000001000088130000F7
:10485000512563FCC2CAB9F3849E17A7ADFAE6BC22
:10486000FFFFFFFFFFFFFFFF00000000FFFFFFFF54
:10487000AAAAAAAAAAAAAAAAAAAAAAAA55555555EC
:10488000555555555555555500000000555555552C
:10489000522563FCC2CAB9F3849E17A7ADFAE6BCE1
:1048A000FFFFFFFFFFFFFFFF00000000FFFFFFFF14
:1048B000512563FCC2CAB9F3849E17A7ADFAE6BCC2
:1048C000FFFFFFFFFFFFFFFF00000000FFFFFFFFF4
:1048D00096C298D84539A1F4A033EB2D817D03779A
:1048E000F240A463E5E6BCF847422CE1F2D1176B35
:1048F000F551BF376840B6CBCE5E316B5733CE2B08
:10490000169E0F7C4AEBE78E9B7F1AFEE242E34F36
:104910004B60D2273E3CCE3BF6B053CCB0061D6573
:10492000BC86987655BDEBB3E7933AAAD835C65AFC
:10493000FCFFFFFFFFFFFFFFFFFFFFFF0000000086
:10494000000000000000000001000000FFFFFFFF6A
:10495000FF8FFFFFFF8FFFFFFE8FFFFFFE8FFFFF29
:10496000FD8FFFFFFC8FFFFFFC8FFFFF6D757465F0
:10497000785F667265652063616C6C656420776939
:104980007468204E554C4C20706172616D65746581
:104990007200000043616E277420696E697469615A
:1049A0006C697A65206D757465782C207761732049
:1049B0004E554C4C0D0A00004661696C20746F2006
:1049C00061637175697265206D757465780A0000A0
:1049D0004661696C20746F20696E637265617365EE
:1049E00020504D20636F756E7465720A00000000E0
:1049F0004661696C20746F206465637265617365DC
:104A000020504D20636F756E7465720A00000000BF
:104A10004661696C20746F2072656C6561736520F6
:104A20006D757465780A0000436F756C64206E6F55
:104A300074206C6F636B20706F7765722073617682
:104A400065206D75746578004661696C20746F200F
:104A5000756E6C6F636B206D757465780A0000006D
:104A60006374782063616E6E6F74206265204E55AA
:104A70004C4C00000A637478206973204E554C4CEE
:104A80000A00000067E6096A85AE67BB72F36E3CF8
:104A90003AF54FA57F520E518C68059BABD9831F09
:104AA00019CDE05BD89E05C107D57C3617DD703087
:104AB00039590EF7310BC0FF11155868A78FF964EB
:104AC000A44FFABE0123456789ABCDEFFEDCBA984F
:104AD00076543210F0E1D2C3647261676F6F6E2F4B
:104AE0006C6962732F73636865642F7372632F73CD
:104AF000636865645F68616C5F7274632E63000055
:104B000000000328000002290000032800000028FC
:104B100000002A2B00002A2B000003280000292B6C
:104B20000000292B00000328000002290000052AAC
:104B30000000052A000003280000011800000028DA
:104B40000000042A0000042A000003280000012AB3
:104B50000000012A000003280000002A0000002AAB
:104B60000000032800000018000000284572726F42
:104B700072207768696C6520646973636F7665720B
:104B8000696E6720474154542064617461626173A7
:104B9000653A20282564290053657276696365208B
:104BA0006E6F7420666F756E6400436F6E6E656322
:104BB00074696E67206661696C656400507573681E
:104BC00020646174612074696D6572206578706914
:104BD0007265642C207375626D697474696E6720E8
:104BE000707573685F646174615F776F726B005397
:104BF0006B697020636F6E6E20696E74657276618A
:104C00006C207570646174653A2077616974696EAF
:104C10006720666F7220666972737420696E7465AE
:104C20007276616C2063616C6C6261636B00536BC4
:104C3000697020636F6E6E20696E74657276616C48
:104C4000207570646174653A20756E6368616E6783
:104C500065642028307825303478290062745F63D9
:104C60006F6E6E5F6C655F706172616D5F757064B1
:104C7000617465206661696C6564202865727220C4
:104C80002564290052657175657374656420636FCE
:104C90006E6E20696E74657276616C2075706461E9
:104CA000746520746F203078253034780041647644
:104CB0006572746973696E6720616C72656164798D
:104CC0002061637469766500416476657274697306
:104CD000696E67206661696C656420746F20737407
:104CE00061727420286572722025642900416476FF
:104CF0006572746973696E67207375636365737336
:104D000066756C6C792073746172746564005363AA
:104D1000616E20737461727420736B697070656466
:104D20002028706175736564206279205541525462
:104D300020636F6D6D616E6429004661696C656406
:104D400020746F2073746F70207363616E6E696E70
:104D500067202865727220256429004E6F7264698D
:104D6000635F4844545F44656D6F004E616D65201C
:104D700066696C7465722063616E6E6F7420626523
:104D800020616464656420286572722025642900AE
:104D900046696C746572732063616E6E6F74206215
:104DA00065207475726E6564206F6E20286572725E
:104DB00020256429005363616E6E696E6720666109
:104DC000696C656420746F20737461727420286547
:104DD000727220256429005363616E2073746172BE
:104DE00074656400556E737570706F7274656420BD
:104DF00050485920656E756D2025640062745F63AC
:104E00006F6E6E5F6C655F7068795F7570646174FA
:104E10006528292072657475726E656420256400AA
:104E2000504859207570646174653A20314D425084
:104E30005300504859207570646174653A20324DB2
:104E400042505300504859207570646174653A208F
:104E5000756E6B6E6F776E00636F756C64206E6F2E
:104E6000742073746172742074686520646973635C
:104E70006F766572792070726F6365647572652CE8
:104E8000206572726F7220636F64653A202564003A
:104E90004D54552065786368616E676520646F6E58
:104EA00065004D54552073697A653A202564004D9C
:104EB00054552065786368616E6765206661696C2A
:104EC0006564202865727220256868752900646110
:104ED00074615F6C656E5F75706461746520666196
:104EE000696C6564202865727220256429004D5420
:104EF000552065786368616E676520696E697469BD
:104F000061746564202865727220256429004D54FF
:104F1000552065786368616E6765206661696C65B8
:104F200064202865727220256429004175746F2001
:104F300073656375726974792064697361626C6505
:104F4000642C207374617274696E67204D5455200F
:104F500065786368616E6765206469726563746C07
:104F600079004661696C656420746F206765742000
:104F7000636F6E6E656374696F6E20696E666F2015
:104F8000286572722025642900415454206572728C
:104F90006F7220636F64653A203078253032580094
:104FA0004E6F742061626C6520746F20616C6C6F51
:104FB000636174652055415254207265636569765A
:104FC000652062756666657200436F6E6E65637418
:104FD000696F6E20706172616D65746572207570A5
:104FE0006461746520726571756573743A20696EC9
:104FF0007420307825303478206C61742030782526
:105000003034782074696D656F7574203078253080
:10501000347800436F6E6E656374696F6E20696EDD
:1050200074657276616C206F7574206F6620726192
:105030006E676500436F6E6E656374696F6E206C9A
:105040006174656E6379206E6F7420737570706F14
:1050500072746564005375706572766973696F6EFA
:105060002074696D656F7574206F7574206F66208C
:1050700072616E67650044617461206C656E67746F
:105080006820757064617465642E204C656E677469
:10509000682025642F25642062797465732C207440
:1050A000696D652025642F256420757300636F6E1C
:1050B0006E656374696F6E20706172616D65746591
:1050C000727320757064617465643A20696E74202F
:1050D000307825303478206C617420307825303475
:1050E000782074696D656F75742030782530347858
:1050F000007075626C69630072616E646F6D007040
:1051000075626C69632D69640072616E646F6D2DE8
:10511000696400253032583A253032583A25303209
:10512000583A253032583A253032583A25303258DC
:1051300020282573290050616972696E67206661B5
:10514000696C656420636F6E6E3A2025732C207243
:105150006561736F6E20256420257300506169724C
:10516000696E672063616E63656C6C65643A2025C7
:10517000730050616972696E6720636F6D706C6552
:105180007465643A2025732C20626F6E6465643AFE
:105190002025640046696C74657273206D617463C8
:1051A0006865642E20416464726573733A202573C8
:1051B00020636F6E6E65637461626C653A2025646E
:1051C000005365637572697479206368616E676501
:1051D000643A202573206C6576656C202575005334
:1051E00065637572697479206661696C65643A20DB
:1051F0002573206C6576656C20257520657272209C
:10520000256420257300446973636F6E6E65637453
:1052100065643A2025732C20726561736F6E2030AF
:1052200078253032782025730063656E7472616C66
:10523000007065726970686572616C004661696CC6
:10524000656420746F20636F6E6E65637420746F85
:105250002025732C203078253032782025730043A8
:105260006F6E6E65637465643A2025732028726FD3
:105270006C652025732900496E626F756E6420701D
:1052800065726970686572616C2D726F6C65206300
:105290006F6E6E656374696F6E2065737461626CA6
:1052A0006973686564004170706C69656420646549
:1052B00066657272656420636F6E6E20696E7465D8
:1052C0007276616C207570646174653A203078255F
:1052D00030347800446566657272656420636F6E71
:1052E0006E20696E74657276616C2075706461748D
:1052F00065207374696C6C2070656E64696E6720DC
:1053000028657272202564290053746F70204C4503
:10531000207363616E206661696C65642028657224
:105320007220256429004164647265737320666984
:105330006C7465722063616E6E6F742062652061AB
:10534000646465642028657272202564293A2025EA
:105350007300416464726573732066696C7465726E
:105360002061646465643A202573004661696C6558
:105370006420746F2073656E642064617461206FB3
:1053800076657220554152540053657276696365A3
:1053900020646973636F7665727920636F6D706CDA
:1053A000657465640073656E64696E67206461741A
:1053B00061206F76657220424C4520636F6E6E658A
:1053C0006374696F6E0053656E742025642070618C
:1053D000636B6574732865727220256429004461CB
:1053E00074612041434B6564004661696C656420CB
:1053F000746F207265676973746572206175746873
:105400006F72697A6174696F6E2063616C6C62613E
:10541000636B732E0043616E6E6F7420696E6974E6
:10542000204C45447320286572723A202564290077
:105430004661696C656420746F2072656769737476
:10544000657220617574686F72697A6174696F6ED4
:1054500020696E666F2063616C6C6261636B732E92
:105460000A00426C7565746F6F746820696E6974A8
:10547000206661696C656420286572722025642944
:1054800000426C7565746F6F746820696E69746929
:10549000616C697A6564005541525420646576698F
:1054A0006365206E6F742072656164790075617246
:1054B000745F696E6974206661696C656420286533
:1054C000727220256429004E555320436C69656E25
:1054D0007420696E697469616C697A6174696F6E50
:1054E000206661696C6564202865727220256429D4
:1054F000006E75735F636C69656E745F696E697465
:10550000206661696C6564202865727220256429B3
:10551000004E555320436C69656E74206D6F647541
:105520006C6520696E697469616C697A6564006292
:10553000745F6E75735F696E6974206661696C650E
:1055400064202865727220256429005363616E20EF
:105550006D6F64756C6520696E697469616C697AD8
:105560006564005374617274696E6720426C75657E
:10557000746F6F74682043656E7472616C2055415E
:1055800052542073616D706C650A004661696C65E8
:105590006420746F20616C6C6F6361746520737438
:1055A000617274757020554152542062756666654B
:1055B00072004661696C656420746F2073656E6467
:1055C0002073746172747570206D657373616765A3
:1055D000206F76657220554152543A20256400535D
:1055E000746172747570206D657373616765207383
:1055F000656E74206F766572205541525400726555
:105600006365697665642064617461206F76657294
:1056100020424C4520636F6E6E656374696F6E2027
:105620002863656E7472616C293A20256420627962
:1056300074657300446174613A20307825303278A3
:105640003A253032783A253032783A2530327800AF
:105650005265636569766564206461746120776969
:10566000746820756E6B6E6F776E20666F726D61F9
:1056700074004661696C656420746F20746F67679D
:105680006C652072656D6F7465204C4544202865FB
:1056900072722025642900546F67676C65642072FC
:1056A000656D6F7465204C4544004661696C6564A6
:1056B00020746F20757064617465207061636B6520
:1056C000742073697A652028657272202564290028
:1056D000526571756573746564207061636B657480
:1056E0002073697A652075706461746520746F2019
:1056F0002575206279746573007561727420646128
:1057000074613A206C656E2025642C20646174619C
:105710003A0A2573004661696C656420746F2073D2
:10572000746F70207363616E202865727220256427
:1057300029006C656430006C656431005048592064
:10574000667265657A650050485920756E667265A7
:10575000657A65002424002C00556E6B6E6F776EA1
:10576000205541525420636F6D6D616E6400636615
:10577000672064656C61793D256420706879733DAC
:105780003078253032782066696C653D25754D424C
:1057900020693D307825303478206D3D25750044F2
:1057A0006566657272656420636F6E6E20696E74E3
:1057B000657276616C2075706461746520746F2009
:1057C00030782530347820756E74696C20636F6E84
:1057D0006E656374656400756172745F74782066C9
:1057E00061696C65643A2025640028736B69707088
:1057F0006564290052657175657374696E67205020
:1058000048592075706461746520746F20314D4271
:1058100050530052657175657374696E6720504806
:10582000592075706461746520746F20324D425048
:10583000530052657175657374696E6720504859DD
:105840002075706461746520746F20756E6B6E6F67
:10585000776E20504859007570646174696E6720D6
:1058600066726F6D2050485920256420746F205057
:105870004859202564007068792C2054503A20251E
:10588000642C202564206B62707320257300536B99
:10589000697070696E67207468726F75676870757B
:1058A00074207265706F727420666F722050485950
:1058B000206368616E67652025642C2025640024C0
:1058C000240A006D795F707573685F746872656132
:1058D000645F69640068616E646C655F75617274B1
:1058E0005F7468726561645F69640063656E747299
:1058F000616C5F7561727400574553545F544F502B
:105900004449522F7A65706879722F6C69622F68EA
:105910006561702F686561702E63006368756E6BDA
:105920005F7573656428682C2063290041535345D3
:105930005254494F4E204641494C205B25735D200F
:10594000402025733A25640A0009756E65787065F4
:105950006374656420686561702073746174652088
:1059600028646F75626C652D667265653F292066D7
:105970006F72206D656D6F72792061742025700AD9
:10598000006C6566745F6368756E6B28682C2072A6
:10599000696768745F6368756E6B28682C2063297B
:1059A00029203D3D20630009636F72727570746534
:1059B00064206865617020626F756E647320286270
:1059C0007566666572206F766572666C6F773F29C3
:1059D00020666F72206D656D6F727920617420256D
:1059E000700A006279746573203E20686561705F9B
:1059F000666F6F7465725F6279746573286279741B
:105A00006573290009686561702073697A6520698A
:105A10007320746F6F20736D616C6C0A0068656130
:105A2000705F737A203E206368756E6B737A28739B
:105A3000697A656F6628737472756374207A5F681B
:105A40006561702929006368756E6B305F73697AD0
:105A500065202B206D696E5F6368756E6B5F73697F
:105A60007A65286829203C3D20686561705F737AFB
:105A700000574553545F544F504449522F7A657034
:105A80006879722F6C69622F6F732F63627072690D
:105A90006E74665F7061636B616765642E63000995
:105AA000537472696E67207769746820746F6F2011
:105AB0006D616E7920617267756D656E74730A0031
:105AC000097374725F7074725F706F735B5D2074C2
:105AD0006F6F20736D616C6C0A0009756E6578706C
:105AE00065637465642073697A652025750A000909
:105AF000746F6F206D616E7920666F726D617420B6
:105B0000617267730A00696E5F7061636B616765DC
:105B10006420213D202828766F6964202A293029B5
:105B20000028756E7369676E656429206368617209
:105B3000202A207573656420666F722025257020E9
:105B4000617267756D656E742E20497427732072BB
:105B500065636F6D6D656E64656420746F2063614D
:105B6000737420697420746F20766F6964202A2012
:105B700062656361757365206974206D6179206366
:105B800061757365206D69736265686176696F72AE
:105B900020696E206365727461696E20636F6E6642
:105BA000696775726174696F6E732E2053747269C0
:105BB0006E673A2225732220617267756D656E7477
:105BC0003A256400736370795F636E74203C2073C0
:105BD000697A656F66286370795F7374725F706F3E
:105BE0007329006B6565705F636E74203C20736978
:105BF0007A656F66286B6565705F7374725F706F2E
:105C000073290063627072696E74665F7061636BA2
:105C100061676500574553545F544F504449522FB4
:105C20007A65706879722F6C69622F6F732F6D704F
:105C300073635F706275662E6300574553545F54FB
:105C40004F504449522F7A65706879722F696E639C
:105C50006C7564652F7A65706879722F7370696EE0
:105C60006C6F636B2E68007A5F7370696E5F6C6F28
:105C7000636B5F76616C6964286C290009496E76F4
:105C8000616C6964207370696E6C6F636B20257042
:105C90000A007A5F7370696E5F756E6C6F636B5F1D
:105CA00076616C6964286C2900094E6F74206D79E7
:105CB000207370696E6C6F636B2025700A00574506
:105CC00053545F544F504449522F7A65706879722B
:105CD0002F6C69622F7574696C732F6F6E6F6666B7
:105CE0002E63007374617465203D3D2030550021A2
:105CF0007379735F736C6973745F69735F656D70DB
:105D0000747928266D67722D3E636C69656E7473B5
:105D100029007472616E73697420213D20282876F1
:105D20006F6964202A293029007374617465203DED
:105D30003D202831554C203C3C2028312929006D3C
:105D400067722D3E72656673203D3D20300073748E
:105D5000617465203D3D202831554C203C3C202875
:105D600030292900574553545F544F504449522F0E
:105D70007A65706879722F6C69622F7574696C73BB
:105D80002F6E6F746966792E63004E5653206E6FC6
:105D90007420696E697469616C697A656400436F27
:105DA000756C64206E6F74206F627461696E20661A
:105DB0006C61736820706172616D657465727300E7
:105DC000556E737570706F72746564207772697444
:105DD0006520626C6F636B2073697A65005365633D
:105DE000746F722073697A6520257520746F6F2037
:105DF0006C617267652C206D6178696D756D2069C5
:105E00007320257A7500556E61626C6520746F2071
:105E1000676574207061676520696E666F00496E02
:105E200076616C696420736563746F722073697A3C
:105E30006500436F6E66696775726174696F6E2085
:105E40006572726F72202D20736563746F722063A8
:105E50006F756E7400256420536563746F727320D0
:105E60006F6620256420627974657300616C6C6FC5
:105E700063207772613A2025642C202578006461C4
:105E80007461207772613A2025642C2025780047C0
:105E90004320446F6E65206D61726B657220666F82
:105EA000756E64004E6F20474320446F6E65206D11
:105EB00061726B657220666F756E643A20726573ED
:105EC00074617274696E672067630066735F6E76D3
:105ED00073006C6F6767696E6700574553545F5472
:105EE0004F504449522F7A65706879722F737562EA
:105EF0007379732F6C6F6767696E672F6C6F675F5D
:105F0000636F72652E63006C6F675F6261636B65C0
:105F10006E645F636F756E745F6765742829203CDB
:105F20002028283332202F20335529202D202831B6
:105F3000202B20302929006261636B656E64203C50
:105F40003D205F6C6F675F6261636B656E645F6C61
:105F50006973745F656E640009756E65787065635A
:105F6000746564206C69737420656E64206C6F6363
:105F70006174696F6E0A006C6F675F6261636B6565
:105F80006E645F636F756E745F6765742829203E69
:105F90002030006C6F67006C6F675F6D676D740019
:105FA0004D6573736167652028222573222920645B
:105FB000726F7070656420626563617573652069D6
:105FC0007420657863656564732073697A65206CF5
:105FD000696D69746174696F6E2028257529005791
:105FE0004553545F544F504449522F7A6570687935
:105FF000722F7375627379732F6C6F6767696E6741
:106000002F6C6F675F6D73672E6300706C656E2019
:106010003E3D2030004D6573736167652064726F8B
:1060200070706564206265636175736520697420B2
:10603000657863656564732073697A65206C696D42
:1060400069746174696F6E2028257529000D0A0036
:10605000574553545F544F504449522F7A657068E6
:1060600079722F7375627379732F6C6F6767696EBE
:10607000672F6C6F675F6F75747075742E63006F38
:1060800075745F6374782D3E636F6E74726F6C5FAE
:10609000626C6F636B2D3E6F6666736574203C3D6A
:1060A000206F75745F6374782D3E73697A65001B89
:1060B0005B306D006C6576656C203C3D20340025BE
:1060C0007320005B2530386C755D20005B25303215
:1060D000753A253032753A253032752E25303375B4
:1060E0002C253033755D200025732F003C25733E31
:1060F000200025733A2000657272203E3D2030005A
:10610000253032782000202020007C0025630020EC
:106110006D657373616765732064726F7070656419
:10612000202D2D2D0D0A1B5B306D001B5B313B3389
:10613000316D2D2D2D20001B5B313B33316D001B4C
:106140005B313B33336D0077726E00696E660064BD
:106150006267006C6F675F6261636B656E645F723C
:10616000747400574553545F544F504449522F7A2A
:1061700065706879722F7375627379732F736574A4
:1061800074696E67732F7372632F73657474696EAD
:1061900067732E63006368203C3D205F73657474F1
:1061A000696E67735F68616E646C65725F7374615A
:1061B0007469635F6C6973745F656E6400736574A2
:1061C0002D76616C7565206661696C7572652E202F
:1061D0006B65793A202573206572726F7228256489
:1061E00029002A2A2A20426F6F74696E67206E5236
:1061F0004620436F6E6E6563742053444B207633A4
:106200002E322E322D3734383435653136396265C9
:1062100032202A2A2A0A002A2A2A205573696E6700
:10622000205A6570687972204F532076342E322EB2
:1062300039392D6665346630313036383033652073
:106240002A2A2A0A004254204741545420444D200F
:10625000575100556E737570706F72746564205578
:1062600055494420747970652E00574553545F5446
:106270004F504449522F6E72662F73756273797353
:106280002F626C7565746F6F74682F676174745FCB
:10629000646D2E63006C656E203C3D2028313238E1
:1062A000202D2073697A656F662873747275637424
:1062B000206B5F68656170202A29202D2073697A20
:1062C000656F662873747275637420646174615FAE
:1062D0006368756E6B5F6974656D202A2929004EAD
:1062E0006F20737061636520666F72206E65772022
:1062F0006174747269627574652E004E6F207370DC
:1063000061636520666F722061747472696275746E
:106310006520646174612E00556E696E69746961EF
:106320006C697A656420555549442E004E6F207380
:106330007061636520666F72206120555549442E57
:106340000041747472696275746573206E6F742095
:106350006C6F636B656400474154542064697363D8
:106360006F766572206661696C65642C2065727257
:106370006F723A2025642E0062745F757569645FE0
:10638000636D7028617474722D3E757569642C207C
:106390002828636F6E73742073747275637420623F
:1063A000745F75756964202A29202828636F6E73CD
:1063B00074207374727563742062745F7575696498
:1063C0005F31365B5D29207B7B202E7575696420EB
:1063D0003D207B2042545F555549445F54595045F8
:1063E0005F3136207D2C202E76616C203D202830B8
:1063F0007832383030292C207D7D292929203D3DD7
:106400002030207C7C2062745F757569645F636DE9
:106410007028617474722D3E757569642C2028286B
:10642000636F6E7374207374727563742062745F2B
:1064300075756964202A29202828636F6E7374207B
:106440007374727563742062745F757569645F310B
:10645000365B5D29207B7B202E75756964203D208D
:106460007B2042545F555549445F545950455F3134
:1064700036207D2C202E76616C203D20283078320D
:10648000383031292C207D7D292929203D3D20309F
:10649000004E6F7420656E6F756768206D656D6F57
:1064A000727920666F722073657276696365206108
:1064B00074747269627574652E006375725F7365BA
:1064C00072766963655F76616C20213D20282876AD
:1064D0006F6964202A293029004E6F7420656E6F21
:1064E000756768206D656D6F727920666F722073B5
:1064F000657276696365206174747269627574652A
:1065000020646174612E004E6F7420656E6F756734
:1065100068206D656D6F727920666F72206E657888
:106520007420617474726962757465206465736344
:10653000726970746F722061742068616E646C653A
:106540002025752E0062745F757569645F636D70D8
:1065500028617474722D3E757569642C2028286337
:106560006F6E7374207374727563742062745F75D8
:10657000756964202A29202828636F6E737420733C
:1065800074727563742062745F757569645F313607
:106590005B5D29207B7B202E75756964203D207B07
:1065A0002042545F555549445F545950455F313638
:1065B000207D2C202E76616C203D202830783238CA
:1065C0003033292C207D7D292929203D3D20300094
:1065D0006375725F676174745F6368726320213DE5
:1065E000202828766F6964202A2930290009556EF1
:1065F0006B6E6F776E20706172616D20747970655B
:106600002E0A00556E657870656374656420636F4B
:106610006E6E206F626A6563742E2041626F7274C1
:10662000696E672E00446973636F766572206661D8
:10663000696C65642C206572726F723A2025642E35
:106640000004081162745F676174745F646D006EAA
:1066500072665F62745F7363616E00029ECADC24BF
:106660000EE5A9E093F3A3B50200406E029ECADCDA
:10667000240EE5A9E093F3A3B50200406E029ECA82
:10668000DC240EE5A9E093F3A3B50300406E029E5F
:10669000CADC240EE5A9E093F3A3B50300406E0223
:1066A0009ECADC240EE5A9E093F3A3B50100406E79
:1066B00062745F6E7573004D697373696E67204E07
:1066C0005553205458206368617261637465726920
:1066D000737469632E004D697373696E67204E553C
:1066E000532054582076616C75652064657363721D
:1066F0006970746F7220696E20636861726163747F
:10670000657269737469632E004D697373696E678E
:10671000204E55532054582043434320696E206334
:10672000686172616374657269737469632E004D88
:10673000697373696E67204E555320525820636801
:106740006172616374657269737469632E004D6967
:106750007373696E67204E55532052582076616CD2
:1067600075652064657363726970746F7220696EF9
:106770002063686172616374657269737469632E02
:1067800000537562736372696265206661696C6546
:1067900064202865727220256429006E75735F631A
:1067A000006D757465785F696E69742063616C6CE7
:1067B00065642077697468204E554C4C2070617276
:1067C000616D6574657200436F756C64206E6F74E3
:1067D00020616C6C6F63617465206D7574657820E1
:1067E0006265666F726520696E697469616C697A49
:1067F000696E670072302F61313A20203078253081
:106800003878202072312F61323A202030782530BC
:106810003878202072322F61333A202030782530AA
:1068200038780072332F61343A20203078253038A0
:1068300078207231322F69703A2020307825303834
:1068400078207231342F6C723A202030782530381D
:10685000780020787073723A2020307825303878AC
:10686000004661756C74696E6720696E7374727529
:106870006374696F6E20616464726573732028723B
:1068800031352F7063293A2030782530387800551B
:106890006E68616E646C6564204952516E3A2025C1
:1068A00064002A2A2A2A2A20425553204641554C60
:1068B00054202A2A2A2A2A002020537461636B69F3
:1068C0006E67206572726F72002020556E7374615E
:1068D000636B696E67206572726F72002020507260
:1068E00065636973652064617461206275732065F6
:1068F00072726F72002020424641522041646472DD
:106900006573733A2030782578002020496D7072C5
:1069100065636973652064617461206275732065C5
:1069200072726F72002020496E737472756374699D
:106930006F6E20627573206572726F720020204640
:106940006C6F6174696E672D706F696E74206C6115
:106950007A792073746174652070726573657276DC
:106960006174696F6E206572726F72002A2A2A2A1A
:106970002A205553414745204641554C54202A2A48
:106980002A2A2A0020204469766973696F6E206282
:1069900079207A65726F002020556E616C69676E90
:1069A0006564206D656D6F727920616363657373D3
:1069B0000020204E6F20636F70726F636573736F7A
:1069C0007220696E737472756374696F6E730020E0
:1069D00020496C6C6567616C206C6F6164206F6628
:1069E000204558435F52455455524E20696E746F8E
:1069F000205043002020496C6C6567616C207573E2
:106A000065206F6620746865204550535200202031
:106A1000417474656D707420746F2065786563755A
:106A2000746520756E646566696E656420696E7351
:106A30007472756374696F6E002A2A2A2A2A204D9F
:106A40005055204641554C54202A2A2A2A2A0020F3
:106A500020537461636B696E67206572726F722078
:106A600028636F6E746578742061726561206D694A
:106A7000676874206265206E6F742076616C69644B
:106A80002900202044617461204163636573732091
:106A900056696F6C6174696F6E0020204D4D4641E0
:106AA0005220416464726573733A2030782578000F
:106AB0002020496E737472756374696F6E20416330
:106AC000636573732056696F6C6174696F6E0057EC
:106AD0004553545F544F504449522F7A657068793A
:106AE000722F617263682F61726D2F636F72652FF1
:106AF000636F727465785F6D2F6661756C742E6359
:106B000000212828285343425F54797065202A29A0
:106B100020282830784530303045303030554C29E9
:106B2000202B20307830443030554C2920292D3E00
:106B3000434653522026202831554C203C3C2028E7
:106B40003055202B203455292929000953746163BD
:106B50006B696E67206572726F72206E6F74206150
:106B600020737461636B206661696C0A0A00526568
:106B700073657276656420457863657074696F6EBD
:106B800020280053707572696F757320696E746583
:106B90007272757074202849525120005350534529
:106BA0004C20696E20746872656164206D6F646545
:106BB00020646F6573206E6F7420696E6469636111
:106BC0007465205053500065736620213D202828AD
:106BD000766F6964202A29302900094553462063CD
:106BE0006F756C64206E6F742062652072657472BC
:106BF0006965766564207375636365737366756C28
:106C00006C792E205368616C6C206E6576657220FD
:106C10006F636375722E0A002A2A2A2A2A204841A5
:106C20005244204641554C54202A2A2A2A2A002020
:106C300020427573206661756C74206F6E207665D6
:106C400063746F72207461626C65207265616400A8
:106C500020204465627567206576656E740020208B
:106C60004661756C7420657363616C6174696F6EE5
:106C700020287365652062656C6F77290041524357
:106C8000485F4558434550542077697468207265C1
:106C900061736F6E2025780A00094661756C742057
:106CA000657363616C6174696F6E20776974686F76
:106CB00075742046535220696E666F0A0009486158
:106CC00072644661756C7420776974686F7574209E
:106CD0004846535220696E666F205368616C6C2081
:106CE0006E65766572206F636375720A002A2A2AC0
:106CF0002A2A204465627567206D6F6E69746F7211
:106D000020657863657074696F6E202A2A2A2A2AA2
:106D1000002A2A2A2A2A20257320256429202A2AA3
:106D20002A2A2A00574553545F544F504449522F42
:106D30007A65706879722F617263682F61726D2F46
:106D4000636F72652F636F727465785F6D2F697200
:106D5000715F6D616E6167652E63007072696F208F
:106D60003C3D20282831554C203C3C202833292903
:106D7000202D2031290009696E76616C69642070CC
:106D800072696F7269747920256420666F7220259C
:106D90006420697271212076616C756573206D7550
:106DA0007374206265206C657373207468616E2053
:106DB000256C750A0A006D7075004661696C656422
:106DC00020746F20616C6C6F63617465206E6577F1
:106DD000204D505520726567696F6E2025750A0039
:106DE000506172746974696F6E2025753A20736101
:106DF0006E69747920636865636B206661696C6590
:106E0000642E00574553545F544F504449522F7AD3
:106E100065706879722F617263682F61726D2F637C
:106E20006F72652F6D70752F61726D5F6D70752E4D
:106E3000630009436F6E6669677572696E67202526
:106E40007520737461746963204D505520726567B5
:106E5000696F6E73206661696C65640A0A00094394
:106E60006F6E6669677572696E6720257520647933
:106E70006E616D6963204D505520726567696F6E54
:106E800073206661696C65640A0A00095265717550
:106E900065737420746F20636F6E666967757265C1
:106EA0003A20257520726567696F6E7320287375A7
:106EB00070706F727465643A202575290A0A002182
:106EC00028726567696F6E5B6964785D2E64745FB4
:106ED000617474722026202831554C203C3C2028B7
:106EE00030292929000952414D5F4E4F4341434803
:106EF0004520776974682044545F4D454D5F434198
:106F000043484541424C452061747472696275740E
:106F1000650A0A00094661696C656420746F206126
:106F20006C6C6F63617465204D50552072656769A4
:106F30006F6E732066726F6D2044540A0A00282811
:106F4000284D50555F54797065202A292028283013
:106F5000784530303045303030554C29202B2030AA
:106F60007830443930554C2920292D3E545950450C
:106F70002026202830784646554C203C3C20385569
:106F80002929203E3E203855203D3D203800094922
:106F90006E76616C6964206E756D626572206F66D5
:106FA000204D505520726567696F6E730A0A00465E
:106FB0004C4153485F30005352414D5F300065787B
:106FC000697400574553545F544F504449522F7AC7
:106FD00065706879722F6C69622F6E65745F627577
:106FE000662F6275662E63006275662D3E666C6163
:106FF0006773203D3D203055006275662D3E6672F8
:10700000616773203D3D202828766F6964202A2916
:107010003029007265715F73697A65203C3D207389
:10702000697A65006275662D3E7265660009627553
:107030006620257020646F75626C652066726565D8
:107040000A0066726167006E65745F62756600575C
:107050004553545F544F504449522F7A65706879B4
:10706000722F6C69622F6E65745F6275662F627530
:10707000665F73696D706C652E63006275662D3E88
:107080006C656E203D3D203055006275662D3E6C6E
:10709000656E203E3D206C656E006E65745F6275A6
:1070A000665F73696D706C655F68656164726F6F50
:1070B0006D2862756629203E3D206C656E006E6508
:1070C000745F6275665F73696D706C655F7461692A
:1070D0006C726F6F6D2862756629203E3D206C656D
:1070E0006E006E65745F6275665F73696D706C6566
:1070F00000000001000000736F630000FFFFFFFF4E
:10710000FFFF00000000000000FFFFFFFFFFFF0087
:107110000000000000303132333435363738396101
:1071200062636465660062745F72706100496E73C9
:10713000756666696369656E74206E756D626572E9
:10714000206F6620617267756D656E7473004967A4
:107150006E6F72696E67206964656E7469746965C3
:10716000732073746F72656420696E20666C61733E
:107170006800496E76616C6964206C656E6774683E
:10718000204944206164647265737320696E2073C2
:10719000746F726167650062742F25732F2530321A
:1071A00078253032782530327825303278253032E3
:1071B000782530327825752F25730062742F25735A
:1071C0002F2530327825303278253032782530320C
:1071D00078253032782530327825750073657474DF
:1071E000696E67735F7375627379735F696E6974D3
:1071F000206661696C6564202865727220256429A7
:107200000062742F2573004661696C656420746F99
:1072100020736176652049442028657272202564B8
:107220002900556E61626C6520746F2073657475FA
:107230007020616E206964656E7469747920616480
:1072400064726573730062740062745F7365747452
:10725000696E6773004254204C572057510002FB5F
:10726000349B5F8000008000100000000000005789
:107270004553545F544F504449522F7A6570687992
:10728000722F7375627379732F626C7565746F6F8B
:1072900074682F686F73742F6275662E630074793B
:1072A0007065203D3D2042545F4255465F4556542F
:1072B000207C7C2074797065203D3D2042545F42E3
:1072C00055465F41434C5F494E207C7C2074797069
:1072D00065203D3D2042545F4255465F49534F5F14
:1072E000494E0009496E76616C6964206275666674
:1072F0006572207479706520726571756573746547
:10730000640A00574553545F544F504449522F7AF2
:1073100065706879722F696E636C7564652F7A6524
:10732000706879722F626C7565746F6F74682F6204
:1073300075662E68006D6574612D3E706172656EB4
:10734000740076696577006E65745F6275665F6864
:10735000656164726F6F6D28706172656E7429204B
:107360003E2030002162745F6275665F6861735F02
:107370007669657728706172656E74290062745F42
:10738000627566006D616C666F726D656420616424
:10739000766572746973696E672064617461202513
:1073A00075202F2025750062745F6461746100444C
:1073B00061746120627566666572206F76657266BB
:1073C0006C6F7720286C696E6B2074797065203043
:1073D00078253032782900556E61626C6520746FB3
:1073E000206C6F6F6B20757020636F6E6E207769F5
:1073F00074682068616E646C652025750045727242
:107400006F72207768696C65207570646174696E4D
:107410006720746865207363616E6E65722028252D
:107420006429004861726477617265206572726FC9
:10743000722C20686172647761726520636F646585
:107440003A20256400436F756C64206E6F7420735E
:1074500075626D69742072785F776F726B3A202560
:107460006400556E61626C6520746F206C6F6F6B89
:10747000757020636F6E6E20666F722068616E6437
:107480006C65202575006D61785F74785F6F63743B
:10749000657473206578636565647320746865201E
:1074A00076616C69642072616E6765202575006D78
:1074B00061785F72785F6F63746574732065786359
:1074C00065656473207468652076616C69642072F8
:1074D000616E6765202575006D61785F74785F74F3
:1074E000696D6520657863656564732074686520DF
:1074F00076616C69642072616E6765202575006D28
:1075000061785F72785F74696D6520657863656521
:107510006473207468652076616C69642072616EA2
:10752000676520257500556E61626C6520746F205B
:10753000616C6C6F6361746520627566666572006C
:10754000556E68616E646C6564206576656E742046
:10755000307825303278206C656E2025753A2025EC
:1075600073004E6F20636F6D6D616E642073656E86
:107570007420666F7220636D6420636F6D706C653C
:10758000746520307825303478004F70436F64651F
:107590002030782530347820636F6D706C657465A9
:1075A0006420696E7374656164206F66206578700D
:1075B000656374656420307825303478005745530E
:1075C000545F544F504449522F7A65706879722F36
:1075D0007375627379732F626C7565746F6F7468FD
:1075E0002F686F73742F6863695F636F72652E63B2
:1075F000002162756600546F6F20736D616C6C20A2
:1076000028257520627974657329206576656E7406
:107610002030782530327800496E76616C696420BC
:10762000484349206576656E742073697A65202821
:1076300025752900496E76616C6964204C45206D82
:10764000657461206576656E742073697A6520289B
:10765000257529006576745F666C61677320262046
:107660002831554C203C3C202830292900496E7691
:10767000616C696420627566207479706520257577
:1076800000496E76616C6964204843492041434C4F
:10769000207061636B65742073697A652028257595
:1076A000290041434C2064617461206C656E6774ED
:1076B00068206D69736D61746368202825752021C9
:1076C0003D2025752900556E61626C6520746F2020
:1076D00066696E6420636F6E6E20666F72206861EB
:1076E0006E646C652025750062745F6863695F6510
:1076F00076745F6765745F666C616773286864722F
:107700002D3E657674292026202831554C203C3C9E
:10771000202831292900556E6B6E6F776E206275B7
:1077200066207479706520257500556E68616E64F9
:107730006C65642076656E646F722D737065636925
:10774000666963206576656E7420307825303278FE
:10775000206C656E2025753A2025730065767420AF
:107760006E756D5F68616E646C657320283D25756C
:107770002920746F6F206C617267652028257A75E7
:10778000203E20257529004E6F20636F6E6E656365
:1077900074696F6E20666F722068616E646C65201C
:1077A0002575007061636B65747320636F756E740B
:1077B000206D69736D617463680061746F6D6963D6
:1077C0005F6765742826636F6E6E2D3E696E5F6C11
:1077D0006C29004661696C656420746F2073657460
:1077E000207265717569726564207365637572696D
:1077F0007479206C6576656C004E6F206368616EED
:10780000676520746F20656E6372797074696F6E3E
:107810002073746174652028656E637279707420BA
:1078200030782530327829005B305D0048434920AC
:107830007472616E73706F72743A202573005344D2
:1078400043004964656E7469747925733A20257321
:10785000004964656E746974795B25645D3A20251E
:1078600073004843493A2076657273696F6E20252C
:107870007320283078253032782920726576697334
:10788000696F6E203078253034782C206D616E75EC
:1078900066616374757265722030782530347800C3
:1078A0004C4D503A2076657273696F6E20257320B7
:1078B00028307825303278292073756276657220F9
:1078C000307825303478004E6F204944206164645C
:1078D000726573732E20417070206D757374206310
:1078E000616C6C2073657474696E67735F6C6F6133
:1078F00064282900556E61626C6520746F20736581
:107900006E6420746F2064726976657220286572D7
:107910007220256429004F7574206F6620636F6D97
:107920006D616E64206275666665727300556E6384
:107930006C65617265642070656E64696E67207342
:10794000656E745F636D6400737563636573730064
:1079500009636F6D6D616E64206F70636F64652085
:107960003078253034782074696D656F75740A003D
:1079700009436F6E74726F6C6C657220756E726500
:1079800073706F6E736976652C20636F6D6D616EB9
:1079900064206F70636F6465203078253034782000
:1079A00074696D656F75742077697468206572728B
:1079B0002025640A006F70636F646520307825307D
:1079C0003478207374617475732030782530327880
:1079D000202573004E6F6E2D4C45206361706162EF
:1079E0006C6520636F6E74726F6C6C657220646579
:1079F00074656374656421004E756D206F66204365
:107A00006F6E74726F6C6C657227732041434C20EB
:107A10007061636B65747320213D2041434C20628B
:107A2000745F636F6E6E5F747820636F6E746578D9
:107A300074732028257520213D2025752900414398
:107A40004C2042522F45445220627566666572731F
:107A5000206E6F7420696E697469616C697A6564FF
:107A60000056656E646F72204843492065787465DE
:107A70006E73696F6E73206E6F7420617661696CCE
:107A800061626C6500485720506C6174666F726D5E
:107A90003A2025732028307825303478290048573B
:107AA0002056617269616E743A20257320283078FF
:107AB0002530347829004669726D776172653A2005
:107AC0002573202830782530327829205665727346
:107AD000696F6E2025752E2575204275696C6420AE
:107AE0002575004661696C656420746F207265615C
:107AF0006420737570706F727465642076656E644F
:107B00006F7220636F6D6D616E6473004661696CA6
:107B1000656420746F207265616420737570706F86
:107B2000727465642076656E646F72206665617438
:107B300075726573004843492064726976657220E6
:107B40006973206E6F7420726561647900425420FD
:107B50005258205751004843492064726976657233
:107B6000206F70656E206661696C656420282564ED
:107B700029004E6F2070656E64696E6720706572B3
:107B80006970686572616C20636F6E6E656374699D
:107B90006F6E004E6F2070656E64696E672063655E
:107BA0006E7472616C20636F6E6E656374696F6E64
:107BB00000436F6E6E656374696F6E2063726561FA
:107BC00074696F6E2074696D656F75742074726965
:107BD000676765726564004661696C656420746FEF
:107BE000207265737461727420696E69746961745E
:107BF0006F7200556E657870656374656420737488
:107C000061747573203078253032782025730065D3
:107C100076742D3E737461747573203D3D20307809
:107C20003030004E6F2070656E64696E6720636F40
:107C30006E6E20666F722070656572202573005528
:107C40006E657870656374656420484F53545F4E69
:107C5000554D5F434F4D504C455445445F50414353
:107C60004B4554532C207374617475732030782500
:107C70003032782025730091FBFBF3F4FBFBFBFB18
:107C8000EA0009090909010209090909090909099B
:107C90000909090709090909090609090909090959
:107CA0000909090909090909090905010204312E0F
:107CB000306200312E3100312E3200322E3000324F
:107CC0002E3100332E3000342E3000342E3100346B
:107CD0002E3200352E3000352E3100352E32003553
:107CE0002E3300352E3400362E3000362E3100363D
:107CF0002E32005374616E6461726420426C75654B
:107D0000746F6F746820636F6E74726F6C6C6572E1
:107D10000056656E646F722073706563696669638F
:107D200020636F6E74726F6C6C6572004669726D61
:107D300077617265206C6F61646572005265736370
:107D4000756520696D61676500726573657276653A
:107D500064006E5246353178006E524635327800F6
:107D60006E5246353378006E524635344878006E90
:107D7000524635344C7800496E74656C20436F72FE
:107D8000706F726174696F6E004E6F726469632008
:107D900053656D69636F6E647563746F72004E58DE
:107DA000502053656D69636F6E647563746F727391
:107DB0000062745F6863695F636F726500636D641E
:107DC00020646973616C6C6F776564005745535428
:107DD0005F544F504449522F7A65706879722F73FF
:107DE00075627379732F626C7565746F6F74682F29
:107DF000686F73742F69642E6300636F6E666C69BD
:107E0000637420213D202828766F6964202A293058
:107E10002900636F6E666C6963742D3E63616E64E6
:107E2000696461746520213D202828766F6964208B
:107E30002A293029007265736964656E7420213DBA
:107E4000202828766F6964202A2930290028636F4A
:107E50006E666C6963742D3E63616E6469646174FF
:107E6000652D3E737461746520262042545F4B4536
:107E700059535F49445F414444454429203D3D20D6
:107E800030004661696C656420746F2064697361B9
:107E9000626C652061646472657373207265736FD0
:107EA0006C7574696F6E005265736F6C76696E677E
:107EB000206C6973742073697A65206578636565E1
:107EC0006465642E20537769746368696E672074F3
:107ED0006F20686F73742E004661696C656420744E
:107EE0006F20636C656172207265736F6C75746965
:107EF0006F6E206C697374004661696C65642074F0
:107F00006F206164642049524B20746F20636F6E50
:107F100074726F6C6C657200536574207072697650
:107F2000616379206D6F646520636F6D6D616E6450
:107F3000206973206E6F7420737570706F72746532
:107F400064004661696C656420746F2073657420F9
:107F500070726976616379206D6F64650062745F29
:107F60006465762E6C652E726C5F656E74726965E1
:107F700073203E20300044697361626C696E672033
:107F800061646472657373207265736F6C75746974
:107F90006F6E206661696C656420286572722025A9
:107FA0006429004661696C656420746F2072656D98
:107FB0006F76652049524B2066726F6D20636F6E3D
:107FC00074726F6C6C6572004F6E6C792072616EAA
:107FD000646F6D20737461746963206964656E7485
:107FE000697479206164647265737320737570704D
:107FF0006F7274656400496E76616C696420696EA5
:1080000070757420706172616D657465727300467D
:1080100061696C656420746F20726561642070759D
:10802000626C696320616464726573730052656198
:10803000642053746174696320416464726573736E
:10804000657320636F6D6D616E64206E6F74206167
:108050007661696C61626C65004661696C6564207B
:10806000746F207265616420737461746963206148
:108070006464726573736573004E6F20737461740A
:108080006963206164647265737365732073746FD0
:1080900072656420696E20636F6E74726F6C6C65BC
:1080A000720043616E27742073657420626F746878
:1080B000204944454E544954592026204E5250419F
:1080C0000062745F696400546F6F206269672061A9
:1080D00064766572746973696E67206461746100A7
:1080E0004661696C656420746F20737461727420DA
:1080F00061647665727469736572004661696C6566
:108100006420746F2073746F70206164766572747C
:108110006973696E673A2025640062745F616476F2
:1081200000556E657870656374656420656E6420C3
:108130006F662062756666657200030502000A5765
:108140004553545F544F504449522F7A65706879B3
:10815000722F696E636C7564652F7A6570687972C9
:108160002F7379732F627974656F726465722E68EC
:1081700000282870737263203C207064737420267A
:1081800026202870737263202B206C656E677468DC
:1081900029203C3D207064737429207C7C20287049
:1081A000737263203E20706473742026262028702A
:1081B000647374202B206C656E67746829203C3DC5
:1081C000207073726329290009536F7572636520EB
:1081D000616E642064657374696E6174696F6E208A
:1081E00062756666657273206D757374206E6F7448
:1081F000206F7665726C61700A004661696C656417
:1082000020746F2067656E65726174652045434315
:10821000206B6579202564004661696C6564207473
:108220006F206578706F72742045434320707562CB
:108230006C6963206B6579202564004661696C6513
:108240006420746F206578706F72742045434320FA
:1082500070726976617465206B65792025640046CB
:1082600061696C656420746F2064657374726F79E2
:1082700020454343206B657920494420256400460E
:1082800061696C656420746F20696D706F72742011
:108290007468652070726976617465206B657920F9
:1082A000666F72206B65792061677265656D656EBA
:1082B0007420256400526177206B657920616772B4
:1082C00065656D656E74206661696C656420256402
:1082D000004661696C656420746F20646573747214
:1082E0006F7920746865206B657920256400707350
:1082F000615F696D706F72745F6B65792829207298
:10830000657475726E65642073746174757320256D
:1083100064004275737920706572666F726D696E64
:108320006720616E6F746865722045434448206F12
:108330007065726174696F6E00E69D350E480103C9
:10834000CCDBFDF4AC1191F4EFB9A5F9E9A7832CCE
:108350005E2CBE97F2D203B0208BD28915D08E1C32
:10836000742430ED8FC24563765C15525ABF9A3241
:10837000636DEB2A65499C80DC62745F6563630012
:10838000574553545F544F504449522F7A65706893
:1083900079722F7375627379732F626C7565746F60
:1083A0006F74682F686F73742F636F6E6E2E630027
:1083B0006362203C3D205F62745F636F6E6E5F633B
:1083C000625F6C6973745F656E64007478006973D2
:1083D0005F61636C5F636F6E6E28636F6E6E290002
:1083E0004661696C656420726561642072656D6FB9
:1083F000746520666561747572657320282564292B
:10840000006B5F63757272656E745F6765742829AF
:10841000203D3D206B5F776F726B5F717565756591
:108420005F7468726561645F6765742874785F6EF5
:108430006F746966795F776F726B71756575655F6B
:108440006765742829290009636F756C646E277449
:10845000207375626D697420286572722025642905
:108460000A00556E6578706563746564206669728C
:108470007374204C32434150206672616D65005523
:108480006E6578706563746564204C32434150209A
:10849000636F6E74696E756174696F6E004E6F7490
:1084A00020656E6F756768206275666665722073F9
:1084B0007061636520666F72204C324341502064C6
:1084C00061746100556E6578706563746564204100
:1084D000434C20666C6167732028307825303278F1
:1084E000290041434C206C656E206D69736D617489
:1084F000636820282575203E202575290009496ECE
:1085000076616C696420636F6E6E656374696F6E0B
:10851000207265666572656E63650A006F6C642023
:108520003E20300009436F6E6E207265666572658D
:108530006E636520636F756E746572206973203099
:108540000A0021636F6E6E5F74785F69735F706598
:108550006E64696E67000974785F636F6D706C6537
:1085600074655F776F726B2069732070656E6469E4
:108570006E67207768656E20636F6E6E206973206A
:108580006465616C6C6F63617465640A0028756E64
:108590006B6E6F776E29006E6F207472616E7369F7
:1085A00074696F6E202573004572726F7220776850
:1085B000696C652072656D6F76696E6720636F6E9A
:1085C0006E20757365722066726F6D207363616EC5
:1085D0006E6572202825642900496E76616C696495
:1085E0002028257529206F6C6420737461746500E0
:1085F000636F6E6E202570206661696C65642074FF
:108600006F2065737461626C6973682E2052462016
:108610006E6F6973653F006E6F2076616C696420D0
:108620002825752920737461746520776173207320
:10863000657400696E636F6D70617469626C65204A
:1086400068616E646C65202575002828636F6E6E06
:108650002920262620282875696E747074725F742C
:1086600029202861636C5F636F6E6E732929203C3B
:108670003D20282875696E747074725F74292028F3
:10868000636F6E6E292920262620282875696E744E
:108690007074725F74292028636F6E6E2929203CE4
:1086A00020282875696E747074725F7429202826DA
:1086B0002861636C5F636F6E6E73295B2828736932
:1086C0007A655F742920282828696E7429207369C7
:1086D0007A656F6628636861725B31202D202832CD
:1086E000202A202128215F5F6275696C74696E5FA2
:1086F00074797065735F636F6D70617469626C65C6
:108700005F70285F5F747970656F665F5F28616373
:108710006C5F636F6E6E73292C205F5F7479706578
:108720006F665F5F28262861636C5F636F6E6E7390
:10873000295B305D292929295D29202D2031292017
:108740002B202873697A656F662861636C5F636F9D
:108750006E6E7329202F2073697A656F66282861F1
:10876000636C5F636F6E6E73295B305D2929292905
:108770005D29292026262028282875696E747074A2
:10878000725F74292028636F6E6E2929202D20289E
:108790002875696E747074725F7429202861636C27
:1087A0005F636F6E6E7329292920252073697A65AE
:1087B0006F66282861636C5F636F6E6E73295B3030
:1087C0005D29203D3D2030290009496E76616C69A4
:1087D000642062745F636F6E6E20706F696E746583
:1087E000720A00216B5F69735F696E5F697372283B
:1087F000290054696D656F757420646973636172D3
:108800006465642E204E6F20626C6F636B696E67C7
:1088100020696E2073797377712E0009496E766135
:108820006C696420636F6E6E2074797065202575A5
:108830000A00746D7020213D20636F6E6E007072AF
:10884000657620213D2026636F6E6E2D3E5F636F3F
:108850006E6E5F726561647900094E6F20636F6EA2
:1088600074726F6C6C657220627566730A00094ED3
:108870006F20545820636F6E746578740A0030203E
:108880007C7C20286275662D3E726566203D3D2009
:108890003129207C7C20286275662D3E7265662019
:1088A0003D3D203229002162745F6275665F686118
:1088B000735F76696577286F7574736964652900DD
:1088C0006672616720213D202828766F6964202A1E
:1088D0002930290009496E76616C696420636F6EE6
:1088E0006E656374696F6E20747970652025750AF2
:1088F00000466174616C206572726F722028256475
:10890000292E20446973636F6E6E656374696E67A8
:1089100020257000466F756E642076616C69642056
:10892000636F6E6E656374696F6E202825702920F1
:10893000776974682061646472657373202573209D
:10894000696E202573207374617465200009496E77
:1089500076616C696420636F6E6E207374617465F8
:108960002025750A002A636F6E6E2073686F756C20
:108970006420626520756E7265666572656E6365FA
:108980006420616E6420696E697469616C697A65DE
:108990006420746F204E554C4C004E6F20627566FB
:1089A0006665727320746F2063616E63656C20630B
:1089B0006F6E6E656374696F6E2C20726574727968
:1089C000696E6720696E203130206D730053656ECB
:1089D00064204C4520706172616D20757064617413
:1089E00065206661696C6564202865727220256463
:1089F000290053656E64206175746F204C452070AA
:108A00006172616D20757064617465206661696C66
:108A10006564202865727220256429000000010128
:108A20000101010203646973636F6E6E65637465AF
:108A30006400646973636F6E6E6563742D636F6D3C
:108A4000706C657465007363616E2D6265666F722C
:108A5000652D696E6974696174696E6700696E6914
:108A600074696174696E672D66696C7465722D6CCA
:108A7000697374006164762D636F6E6E65637461F3
:108A8000626C65006164762D6469722D636F6E6E31
:108A900065637461626C6500646973636F6E6E65B3
:108AA0006374696E670062745F636F6E6E00574532
:108AB00053545F544F504449522F7A65706879720D
:108AC0002F7375627379732F626C7565746F6F7431
:108AD000682F686F73742F6C326361702E6300733C
:108AE000203D3D20266C655F6368616E2D3E5F70A2
:108AF00064755F726561647900556E61626C6520B2
:108B0000746F20616C6C6F6361746520627566665A
:108B1000657220666F72206F702030782530327851
:108B2000004E6F20617661696C61626C65204C3229
:108B300043415020636F6E7465787420666F7220B5
:108B4000636F6E6E20257000457870656374696E82
:108B50006720757020746F20256420726566732C01
:108B600020676F7420256400636F6E6E2D3E7374F2
:108B7000617465203D3D2042545F434F4E4E5F433C
:108B80004F4E4E454354454400616C7265616479B3
:108B900020686176652076696577206F6E20257084
:108BA000006669666F5F706475203D3D2070647576
:108BB0000028666368616E2D3E636964203E3D2037
:108BC00030783030303120262620666368616E2D83
:108BD0003E636964203C3D203078303033662900A4
:108BE00009434944202575206973206E6F742069FC
:108BF0006E20746865206669786564206368616EBC
:108C00006E656C2072616E67650A006368616E2034
:108C10003D3D202828766F6964202A2930290009E3
:108C20004669786564206368616E6E656C2077695B
:108C300074682043494420257520616C7265616425
:108C400079206578697374730A00666368616E20C1
:108C50003C3D205F62745F6C326361705F6669786F
:108C600065645F6368616E5F6C6973745F656E6491
:108C7000004C32434150206C656E677468206D690A
:108C8000736D617463682028257520213D2025754A
:108C90002900496E76616C6964206964656E742090
:108CA00076616C756520696E204C324341502050CE
:108CB000445500496E76616C6964204C4520636FB1
:108CC0006E6E20706172616D207273702073697AAC
:108CD000652028257520213D20257A752900496EBB
:108CE00076616C6964204C4520636F6E6E207570F0
:108CF0006461746520706172616D207265712073AA
:108D0000697A652028257520213D20257A7529005E
:108D10004E6F7420636F6E6E656374656400526598
:108D20006A656374696E6720756E6B6E6F776E200F
:108D30004C324341502050445520636F64652030CD
:108D4000782530327800546F6F20736D616C6C2021
:108D50004C32434150207369676E616C696E6720C5
:108D600050445500546F6F20736D616C6C204C3211
:108D700043415020504455207265636569766564AF
:108D80000049676E6F72696E672064617461206666
:108D90006F7220756E6B6E6F776E206368616E6E9A
:108DA000656C204944203078253034780062745F47
:108DB0006C3263617000574553545F544F504449BF
:108DC000522F7A65706879722F7375627379732F79
:108DD000626C7565746F6F74682F686F73742F6140
:108DE00074742E63006E65745F6275665F706F6F7A
:108DF0006C5F676574286275662D3E706F6F6C5F7F
:108E0000696429203D3D20266174745F706F6F6C2A
:108E100000415454206368616E6E656C206E6F74FF
:108E200020636F6E6E6563746564006275662D3EC7
:108E30006C656E203E3D2073697A656F6628737499
:108E4000727563742062745F6174745F6864722900
:108E5000004572726F72207369676E696E67206475
:108E60006174610052616E206F7574206F662054CA
:108E7000582062756666657273206F7220636F6E2C
:108E800074657874732E00556E61626C6520746F22
:108E90002063726561746520657272207273702040
:108EA00050445500415454204D5455206578636515
:108EB000656465642C206D61782025752C207761B0
:108EC0006E74656420257A7500556E61626C65204C
:108ED000746F2063726561746520636F6E6669727A
:108EE0006D2050445500556E61626C6520746F2092
:108EF000637265617465207273702050445500542C
:108F00006F6F20736D616C6C204154542050445538
:108F100020726563656976656400556E68616E648C
:108F20006C65642041545420636F6465203078255B
:108F300030327800496E76616C6964206C656E2011
:108F4000257520666F7220636F6465203078253048
:108F5000327800556E61626C6520746F20637265B3
:108F600061746520555549443A2073697A65202516
:108F70007500556E61626C6520746F206372656167
:108F8000746520555549443A2073697A65202564F3
:108F9000004E6F20617661696C61626C652041549E
:108FA0005420636F6E7465787420666F7220636FEF
:108FB0006E6E202570004E6F20617661696C616273
:108FC0006C6520415454206368616E6E656C206648
:108FD0006F7220636F6E6E20257000556E61626C3B
:108FE0006520746F2066696E642041545420636864
:108FF000616E6E656C00476F742065727220256427
:109000002C206E6F742063616C6C696E6720415414
:10901000542063620009556E6B6E6F776E206F701F
:109020002074797065203078253032580A004E6FF0
:1090300020415454206368616E6E656C20666F72C7
:10904000204D545520257A75004E6F2070656E6452
:10905000696E6720415454207265717565737400A0
:10906000556E61626C6520746F2063726561746512
:109070002072657472792050445520282575290086
:10908000446973636F6E6E656374696E67206661B1
:10909000696C65642028657272202564290041543A
:1090A000542054696D656F757420666F7220646515
:1090B000766963652025732E20446973636F6E6E35
:1090C000656374696E672E2E2E007265710062747E
:1090D0005F61747400434D41432075706461746531
:1090E000206661696C6564202564004661696C6571
:1090F0006420746F206465636F64652076616C75AD
:1091000065202865727220257A6429004661696CA1
:10911000656420746F2073617665204461746162B8
:109120006173652048617368202865727220256428
:109130002900574553545F544F504449522F7A6584
:10914000706879722F7375627379732F626C7565AD
:10915000746F6F74682F686F73742F676174742EE7
:109160006300656C20213D202828766F6964202AE1
:10917000293029000943616E2774207361766520C8
:109180004346202F2043434320746F20666C617355
:10919000680A006661696C656420746F2073746F7F
:1091A000726520534320286572722025642900755A
:1091B0006E61626C6520746F207361766520534325
:1091C0003A206E6F20636667206C65667400676185
:1091D00074745F7375625F69735F656D707479280D
:1091E0007375622900546F6F206D616E7920436C36
:1091F00069656E7420436861726163746572697336
:1092000074696320436F6E66696775726174696F14
:109210006E2E2053656520434F4E4649475F4254AA
:109220005F53455454494E47535F4343435F535440
:109230004F52455F4D41580A00496E76616C696432
:10924000206B6579006661696C656420746F2064C9
:10925000656C65746520534320286572722025640F
:1092600029004661696C656420746F20636C6561D8
:109270007220534320256400556E61626C65207432
:109280006F206465636F64652061646472657373E5
:1092900020257300496E76616C6964206C6F636190
:1092A0006C206964656E7469747920256C7500554D
:1092B0006E61626C6520746F20726573746F726585
:1092C0002053433A206E6F20636667206C65667496
:1092D000004E6F20737061636520746F2073746F2C
:1092E00072652043434320636667004E6F207370AE
:1092F00061636520746F2073746F726520436C69BD
:10930000656E7420537570706F7274656420466565
:1093100061747572657300556E61626C6520746F5F
:1093200020726573746F72652043463A206E6F2019
:10933000636667206C656674004368616E67652DBF
:10934000617761726520737461747573206E6F74D8
:1093500020666F756E6420696E2073657474696E23
:1093600067732C2064656661756C74696E67207024
:109370006565722073746174757320746F206368FF
:10938000616E67652D756E6177617265005265610A
:1093900064206261636B20626164206368616E6750
:1093A000652D61776172652076616C75653A203054
:1093B0007825782C2064656661756C74696E672009
:1093C000706565722073746174757320746F2063A7
:1093D00068616E67652D756E6177617265004661C3
:1093E000696C656420746F2073746F726520436CC0
:1093F00069656E74204665617475726573202865B1
:10940000727220256429007374617469635F7376D6
:1094100063203C3D205F62745F676174745F7365B5
:1094200072766963655F7374617469635F6C697395
:10943000745F656E6400556E61626C6520746F20A8
:10944000696D706F727420746865206B6579206631
:109450006F722041455320434D4143202564004312
:109460004D4143206F7065726174696F6E20696E43
:109470006974206661696C656420256400434D4110
:10948000432066696E697368206661696C65642053
:1094900025640062742F636363004661696C6564D0
:1094A00020746F2073746F726520434343732028C8
:1094B000657272202564290009696E76616C6964A1
:1094C00020706172616D657465720A0A006174745E
:1094D000720052656164206D6574686F64206E6F00
:1094E0007420736574004661696C656420746F2034
:1094F0007265616420617474726962757465202597
:1095000070202865727220257A642900496E766180
:109510006C69642072656164206C656E6774683A7A
:1095200020257A6400094E6F206D6F72652061748A
:1095300074726962757465730A0A00706172616D94
:10954000730009696E76616C696420706172616D87
:1095500065746572730A0A00706172616D732D3EE5
:1095600061747472207C7C20706172616D732D3E19
:1095700075756964002161746F6D69635F746573EB
:10958000745F6269742873632D3E666C6167732C27
:109590002053435F494E4449434154455F50454E33
:1095A00044494E47290009496E6469636174652026
:1095B000616C72656164792070656E64696E670ABA
:1095C00000434343202570206E6F742077726974C6
:1095D00061626C6500534320726573746F7265201D
:1095E000696E6469636174696F6E206661696C6538
:1095F0006400706172616D73202626207061726153
:109600006D732D3E66756E630028706172616D73B7
:109610002D3E73746172745F68616E646C652026A0
:109620002620706172616D732D3E656E645F6861A6
:109630006E646C65290028706172616D732D3E73D4
:10964000746172745F68616E646C65203C3D20706B
:109650006172616D732D3E656E645F68616E646CEE
:10966000652900556E6B6E6F776E20555549442005
:10967000747970652025750050617273652065727C
:109680007200496E76616C69642064617461206C5B
:10969000656E2025750050617273652065727220B9
:1096A0006461740050617273652065727220636535
:1096B000700050617273652065727220636363008D
:1096C000506172736520657272207363630050612C
:1096D000727365206572722063706600496E7661F0
:1096E0006C696420666F726D61742025750042613B
:1096F0006420706565723A2041545420726561643B
:109700002D62792D75756964207273703A20696EC7
:1097100076616C6964204154545220504455206C49
:10972000656E20257500496E76616C6964206861FC
:109730006E646C650042616420706565723A204118
:10974000545420726561642D62792D7575696420A9
:109750007273703A2048616E646C652030782530F1
:109760003478206973206F7574736964652072653D
:10977000717565737465642072616E6765203078F9
:10978000253034782D3078253034782E2041626FA2
:109790007274696E6720726561642E0077726974F5
:1097A00065203D3D206C656E6774680009556E61EB
:1097B000626C6520746F20616C6C6F6361746520EE
:1097C0006C656E6774682025753A206F6E6C792021
:1097D000257A75207772697474656E0A00706172FB
:1097E000616D7320262620706172616D732D3E6E4F
:1097F0006F7469667900706172616D732D3E766178
:109800006C756500706172616D732D3E6363635F9B
:1098100068616E646C65004661696C656420746F94
:1098200020756E7375627363726962652028657254
:10983000722025642900496E76616C696420646138
:109840007461206C656E202575203E2025750046CC
:1098500061696C656420746F20736574207365633F
:10986000757269747920666F7220626F6E646564C8
:109870002070656572202825642900636F6E6E2054
:10988000257020706172616D732025702072657380
:109890007562206661696C65642028657272202596
:1098A00064290062742F686173680062742F6366B4
:1098B0000062742F73630062745F67617474005593
:1098C0006E6B6E6F776E2070616972696E67206D66
:1098D0006574686F6420282575290043616C637581
:1098E0006C61746520636F6E6669726D2066616974
:1098F0006C656400556E61626C6520746F206669EA
:109900006E6420534D50206368616E6E656C004636
:1099100061696C656420746F2067656E657261743F
:10992000652044484B65790043616C63756C6174D4
:1099300065204C544B206661696C65640043616C22
:1099400063756C617465206C6F63616C2044484B77
:10995000657920636865636B206661696C65640086
:1099600043616C63756C6174652072656D6F7465BD
:109970002044484B657920636865636B20666169A4
:109980006C6564004661696C656420746F20737453
:1099900061727420656E6372797074696F6E0052C3
:1099A000656D6F7465207075626C6963206B657995
:1099B0002072656A65637465640052656D6F7465D5
:1099C000206973207573696E67204465627567202E
:1099D0005075626C6963206B6579005265636569D7
:1099E00076656420696E76616C6964207075626C5E
:1099F0006963206B6579004E6F206B657973207306
:109A00007061636520666F72202573004E6F206160
:109A10007661696C61626C6520534D5020636F6E96
:109A20007465787420666F7220636F6E6E20257087
:109A300000556E61626C6520746F20676574206BE1
:109A400065797320666F72202573004E65772061FB
:109A500075746820726571756972656D656E747371
:109A60003A20307825782C20726570616972696EB1
:109A70006700556E737570706F72746564206175E0
:109A8000746820726571756972656D656E74733A7C
:109A900020307825782C20726570616972696E6754
:109AA00000574553545F544F504449522F7A6570C4
:109AB0006879722F7375627379732F626C75657430
:109AC0006F6F74682F686F73742F736D702E6300DF
:109AD0005075626C6963206B65792072652D6765CE
:109AE0006E65726174696F6E2072657175657374ED
:109AF000206661696C65642028256429006D757491
:109B000065785F657272203D3D2030005075626C53
:109B10006963206B65792067656E65726174696F32
:109B20006E2074696D656F75740054686520696E88
:109B30002D70726F67726573732070616972696EE0
:109B40006720686173206265656E2064656C65746A
:109B500065642100534D5020646F6573206E6F74EF
:109B600020616C6C6F7720612070616972696E672B
:109B7000206661696C757265206174207468697310
:109B800020706F696E742E204B6E6F776E20697334
:109B90007375652E20446973636F6E6E65637469B7
:109BA0006E6720696E73746561642E005075626C17
:109BB0006963206B6579206E6F7420617661696CD2
:109BC00061626C6500546F6F20736D616C6C205323
:109BD0004D50205044552072656365697665640078
:109BE000534D5020636F6D6D616E642028636F6408
:109BF0006520307825303278292072656365697672
:109C000065642061667465722074696D656F757432
:109C10000052656365697665642072657365727666
:109C2000656420534D5020636F6465203078253083
:109C3000327800556E68616E646C656420534D50D7
:109C400020636F64652030782530327800556E656A
:109C50007870656374656420534D5020636F64654C
:109C60002030782530327800496E76616C69642046
:109C70006964656E74697479202573002128736D99
:109C8000702D3E72656D6F74655F64697374202614
:109C9000203078303229005265667573696E67200E
:109CA0006E65772070616972696E672E20546865F1
:109CB000206F6C6420626F6E64206D757374206217
:109CC0006520756E7061697265642066697273746F
:109CD0002E002162745F69645F66696E645F636F02
:109CE0006E666C696374286E65775F626F6E642C54
:109CF0002030290070616972696E67206661696C45
:109D0000656420287065657220726561736F6E20CE
:109D1000307825782900534D502054696D656F7552
:109D2000742028666C6167733A3078253038782063
:109D3000616C6C6F7765645F636D64733A3078252E
:109D400030387829000005061F1F29181203080261
:109D50000305080A000801030401050405090607B4
:109D600001010606080000010001000301000302D2
:109D700002010002000000000002030100036274FF
:109D80005F736D7000574553545F544F50444952B0
:109D90002F7A65706879722F7375627379732F6289
:109DA0006C7565746F6F74682F686F73742F6B6553
:109DB00079732E63006B65797320213D2028287606
:109DC0006F6964202A293029006164647220213D72
:109DD000202828766F6964202A2930290066756E4C
:109DE0006320213D202828766F6964202A293029A4
:109DF000004661696C656420746F2072656164203F
:109E000076616C7565202865727220257A64290058
:109E1000556E61626C6520746F2066696E642064A3
:109E2000656C65746564206B65797320666F72205C
:109E30002573004661696C656420746F20616C6CE9
:109E40006F63617465206B65797320666F7220257E
:109E50007300496E76616C6964206B6579206C656E
:109E60006E67746820257A6420213D20257A75006C
:109E7000546865206B65797320666F7220257320A6
:109E800061726520646F776E6772616465642074C7
:109E90006F20756E61757468656E74696361746551
:109EA000642061732074686579206E6F206C6F6E1A
:109EB000676572206D6565742061757468656E7480
:109EC00069636174696F6E20726571756972656D21
:109ED000656E7473004661696C656420746F2073ED
:109EE000617665206B657973202865727220256420
:109EF000290062742F6B6579730062745F6B6579FA
:109F000073006C888391AAF5A53860370BDB5A6023
:109F100083BE62745F63727970746F004661696CAE
:109F2000656420746F20696D706F727420414553B1
:109F3000206B6579202564004661696C6564207436
:109F40006F20636F6D70757465204D4143202564EB
:109F50000000070E091C1B1215383F363124232A36
:109F60002D574553545F544F504449522F7A6570D2
:109F70006879722F647269766572732F636C6F6390
:109F80006B5F636F6E74726F6C2F636C6F636B5F6C
:109F9000636F6E74726F6C5F6E72662E630074799D
:109FA0007065203C20434C4F434B5F434F4E54520F
:109FB0004F4C5F4E52465F545950455F434F554E8C
:109FC0005400636C6F636B4034303030303030306D
:109FD000006866636C6B006C66636C6B00636C6F2F
:109FE000636B5F636F6E74726F6C00574553545FA1
:109FF000544F504449522F7A65706879722F6472B9
:10A0000069766572732F656E74726F70792F656EE5
:10A0100074726F70795F6E7266352E630026656E9E
:10A0200074726F70795F6E7266355F6461746120FF
:10A030003D3D206465762D3E646174610072616E01
:10A04000646F6D40343030306430303000574553E9
:10A05000545F544F504449522F6E72662F64726998
:10A06000766572732F656E74726F70792F656E747A
:10A07000726F70795F63633378782E6300646576FE
:10A0800020213D202828766F6964202A2930290064
:10A0900063727970746F4035303032613030300027
:10A0A00063696E7374722025303278207472616E29
:10A0B0007366657220746F6F206C6F6E673A20252F
:10A0C0007A7500636C656172004A454445432069B6
:10A0D00064205B25303278202530327820253032DC
:10A0E000785D20657870656374205B253032782058
:10A0F0002530327820253032785D0052445352208A
:10A100006661696C65643A202564005145202573B9
:10A11000206661696C65643A20256400726561643B
:10A12000206572726F723A20616464726573732085
:10A130006F722073697A6520657863656564732042
:10A1400065787065637465642076616C7565732EDF
:10A15000416464723A203078256C782073697A659E
:10A1600020257A75007772697465206572726F7246
:10A170003A2061646472657373206F722073697A28
:10A1800065206578636565647320657870656374C0
:10A1900065642076616C7565732E416464723A2043
:10A1A0003078256C782073697A6520257A7500658A
:10A1B00072617365206572726F723A2061646472B5
:10A1C000657373206F722073697A652065786365A3
:10A1D0006564732065787065637465642076616C6E
:10A1E0007565732E416464723A203078256C78204E
:10A1F00073697A6520257A7500756E737570706F56
:10A2000072746564206174203078256C78207369DD
:10A210007A6520257A750077616974206572726F9E
:10A2200072206174203078256C782073697A6520FB
:10A23000257A75006572617365206572726F722090
:10A240006174203078256C782073697A6520257ACE
:10A2500075006D78323572363433356640300071B2
:10A260007370695F6E6F7200696E76616C696420ED
:10A27000616464726573733A2030782530386C7885
:10A280003A257A7500756E616C69676E6564206148
:10A290006464726573733A2030782530386C783A8C
:10A2A000257A75006E6F7420776F72642D616C690A
:10A2B000676E65643A2030782530386C783A257AB4
:10A2C0007500666C6173682D636F6E74726F6C6C71
:10A2D000657240343030316530303000666C617307
:10A2E000685F6E726600574553545F544F5044493F
:10A2F000522F7A65706879722F696E636C75646528
:10A300002F7A65706879722F647269766572732F1F
:10A310006770696F2F6770696F5F7574696C732EF2
:10A320006800094E6F2063616C6C6261636B210A87
:10A330000063616C6C6261636B2D3E68616E646C7E
:10A34000657200094E6F2063616C6C6261636B2003
:10A3500068616E646C6572210A00574553545F54FE
:10A360004F504449522F6D6F64756C65732F68614F
:10A370006C2F6E6F726469632F6E7266782F6861DE
:10A380006C2F6E72665F6770696F2E68006E726602
:10A390005F6770696F5F70696E5F70726573656E1D
:10A3A000745F636865636B282A705F70696E29004B
:10A3B000574553545F544F504449522F7A65706843
:10A3C00079722F647269766572732F6770696F2F67
:10A3D0006770696F5F6E7266782E630063622D3EF0
:10A3E00068616E646C6572006770696F403530300B
:10A3F0003030333030006770696F40353030303086
:10A400003030300000010203040506074661696C24
:10A41000656420746F20616C6C6F6361746520509B
:10A420005049204368616E6E656C00574553545F18
:10A43000544F504449522F7A65706879722F647274
:10A4400069766572732F73657269616C2F756172BD
:10A45000745F6E7266785F75617274652E63000951
:10A460005458206F6E6C7920554152544520696EC6
:10A470007374616E63650A007561727440343030C4
:10A48000303230303000756172745F6E7266785FA2
:10A49000756172746500574553545F544F50444979
:10A4A000522F7A65706879722F696E636C75646576
:10A4B0002F7A65706879722F647269766572732F6E
:10A4C0006770696F2E680028666C616773202620AC
:10A4D000282831554C203C3C202832312929207C29
:10A4E000202831554C203C3C202832322929207C20
:10A4F000202831554C203C3C202832332929207C0F
:10A50000202831554C203C3C202832342929207CFD
:10A51000202831554C203C3C202832352929207CEC
:10A52000202831554C203C3C202832362929292925
:10A53000203D3D20300009496E746572727570745B
:10A5400020666C61677320617265206E6F74207382
:10A550007570706F727465640A0028666C61677349
:10A56000202620282831203C3C203429207C20280B
:10A5700031203C3C203529292920213D2028283123
:10A58000203C3C203429207C202831203C3C2035B4
:10A590002929000950756C6C20557020616E64206B
:10A5A00050756C6C20446F776E2073686F756C64A7
:10A5B000206E6F7420626520656E61626C65642038
:10A5C00073696D756C74616E656F75736C790A0073
:10A5D000212828666C6167732026202831554C207D
:10A5E0003C3C20283136292929202626202128668E
:10A5F0006C6167732026202831554C203C3C202874
:10A6000031372929292026262028666C6167732086
:10A6100026202831203C3C20312929290009496E77
:10A620007075742063616E6E6F7420626520656E54
:10A6300061626C656420666F7220274F70656E20C2
:10A64000447261696E272C20274F70656E20536F0E
:10A650007572636527206D6F646573207769746810
:10A660006F7574204F75747075740A0028666C617C
:10A6700067732026202831203C3C203129292021C5
:10A680003D2030207C7C2028666C6167732026206A
:10A690002831203C3C20322929203D3D2030002813
:10A6A000666C616773202620282831554C203C3C7D
:10A6B000202831382929207C202831554C203C3C49
:10A6C0002028313929292929203D3D2030207C7C32
:10A6D0002028666C6167732026202831554C203C69
:10A6E0003C2028313729292920213D203000094FDD
:10A6F0007574707574206E6565647320746F206264
:10A700006520656E61626C656420746F20626520EF
:10A71000696E697469616C697A6564206C6F772011
:10A720006F7220686967680A0028666C6167732029
:10A730002620282831554C203C3C20283138292916
:10A74000207C202831554C203C3C202831392929B7
:10A75000292920213D20282831554C203C3C202807
:10A7600031382929207C202831554C203C3C202898
:10A77000313929292900094F757470757420636176
:10A780006E6E6F7420626520696E697469616C69B0
:10A790007A6564206C6F7720616E642068696768F1
:10A7A0000A00286366672D3E706F72745F70696E71
:10A7B0005F6D61736B202620286770696F5F706F13
:10A7C00072745F70696E735F74292831554C203C38
:10A7D0003C202870696E29292920213D2030550010
:10A7E00009556E737570706F727465642070696E50
:10A7F0000A004C454420696E646578206F757420AA
:10A800006F66207468652072616E67650043616ED3
:10A810006E6F74207772697465204C4544206770B0
:10A82000696F0043616E6E6F7420636F6E66696757
:10A83000757265204C4544206770696F00646B5FDA
:10A84000627574746F6E735F616E645F6C65647360
:10A8500000574553545F544F504449522F6E72660F
:10A860002F7375627379732F626C7565746F6F7473
:10A87000682F636F6E74726F6C6C65722F6863699A
:10A880005F6472697665722E630009536F66744463
:10A89000657669636520436F6E74726F6C6C657268
:10A8A000204153534552543A2025732C2025640AE5
:10A8B0000A00574553545F544F504449522F7A650C
:10A8C000706879722F696E636C7564652F7A657034
:10A8D0006879722F647269766572732F656E74720F
:10A8E0006F70792E68006170692D3E6765745F65D1
:10A8F0006E74726F707920213D202828766F69640C
:10A90000202A293029000943616C6C6261636B2045
:10A91000706F696E7465722073686F756C64206EF9
:10A920006F74206265204E554C4C0A0009546865CE
:10A9300020656E74726F707920736F757263652015
:10A9400072657475726E656420616E206572726FD7
:10A950007220696E206120626C6F636B696E672084
:10A9600063616C6C0A00574553545F544F5044491F
:10A97000522F6E72662F696E636C7564652F6D70F1
:10A98000736C2F6D70736C5F776F726B2E6800093C
:10A990006B5F776F726B5F7375626D69745F746FF5
:10A9A0005F71756575652829206661696C65642E1F
:10A9B0000A00536F667444657669636520436F6E61
:10A9C00074726F6C6C6572206275696C642072655C
:10A9D000766973696F6E3A2000456E74726F707994
:10A9E00020736F7572636520646576696365206E98
:10A9F0006F74207265616479004661696C656420DA
:10AA0000746F2072656769737465722072616E6419
:10AA100020736F75726365202825642900416C6C72
:10AA20006F6361746564206D656D6F727920746FFA
:10AA30006F206C6F773A20257A75203C20257500B1
:10AA40004576656E742062756666657220746F6FF8
:10AA500020736D616C6C2E20257A75203E20257543
:10AA600000556E6578706563746564206D73675F0B
:10AA7000747970653A2025752E20546869732069B1
:10AA8000662D656C7365206E656564732061206E4C
:10AA90006577206272616E636800556E6B6E6F77CA
:10AAA0006E206572726F72207768656E2070726FAB
:10AAB00063657373696E6720686369206D6573737E
:10AAC0006167652025640062745F6863695F736411
:10AAD000630062745F7364635F6863695F64726973
:10AAE0007665720062745F7364635F637279707419
:10AAF0006F00574553545F544F504449522F6E7264
:10AB0000662F7375627379732F6D70736C2F696E16
:10AB100069742F6D70736C5F696E69742E630009C0
:10AB20004D50534C204153534552543A2025732CD9
:10AB30002025640A0A00657272636F6465203D3DDA
:10AB40002030004D50534C20576F726B006D707366
:10AB50006C5F696E697400556E737570706F727496
:10AB60006564204846434C4B206576656E743A20F8
:10AB7000256400574553545F544F504449522F6E3B
:10AB800072662F647269766572732F6D70736C2FA5
:10AB9000636C6F636B5F636F6E74726F6C2F6E723A
:10ABA00066785F636C6F636B5F6D70736C2E6300B0
:10ABB000094E6F7420737570706F727465640A004B
:10ABC0006E7266785F636C6F636B5F6D70736C0041
:10ABD000574553545F544F504449522F6E72662F5D
:10ABE000647269766572732F6D70736C2F666C6119
:10ABF00073685F73796E632F666C6173685F7379D6
:10AC00006E635F6D70736C2E630073657373696F31
:10AC10006E5F6964203D3D205F636F6E746578747C
:10AC20002E73657373696F6E5F696400726574205B
:10AC30003D3D203000096D70736C5F74696D657304
:10AC40006C6F745F72657175657374206661696C91
:10AC500065643A2025640A0009756E65787065633D
:10AC6000746564207369676E616C3A2025750A000B
:10AC70006D70736C5F74696D65736C6F745F736511
:10AC80007373696F6E5F6F70656E206661696C6566
:10AC9000643A202564006B5F73656D5F636F756E4A
:10ACA000745F67657428265F636F6E746578742EB1
:10ACB00074696D656F75745F73656D29203D3D2006
:10ACC0003000666C6173685F73796E635F6D70737B
:10ACD0006C0000000000000101000000000057456A
:10ACE00053545F544F504449522F6D6F64756C65D7
:10ACF000732F68616C2F6E6F726469632F6E72665A
:10AD0000782F68656C706572732F6E7266785F67F6
:10AD10007070695F7070692E6300705F6770706932
:10AD200020213D202828766F6964202A29302900B7
:10AD3000574553545F544F504449522F6D6F6475BB
:10AD40006C65732F68616C2F6E6F726469632F6E10
:10AD50007266782F68616C2F6E72665F6770696FBC
:10AD600074652E6800696E646578203C2038005751
:10AD70004553545F544F504449522F6D6F64756C66
:10AD800065732F68616C2F6E6F726469632F6E72CA
:10AD900066782F647269766572732F7372632F6E93
:10ADA0007266785F6770696F74652E63006E726695
:10ADB000795F6770696F5F70696E5F7072657365E8
:10ADC0006E745F636865636B2870696E29007069D3
:10ADD0006E5F69735F7461736B5F6F7574707574A8
:10ADE00028705F696E7374616E63652C2070696E84
:10ADF000290070696E5F69735F696E707574287081
:10AE00005F696E7374616E63652C2070696E2900D2
:10AE100070696E5F6861735F7472696767657228D5
:10AE2000705F696E7374616E63652C2070696E2942
:10AE300000705F696E7374616E636500705F636854
:10AE4000616E6E656C00696E745F656E61626C65E3
:10AE50000000203030303030303030303030303062
:10AE6000300001574553545F544F504449522F6DA1
:10AE70006F64756C65732F68616C2F6E6F72646997
:10AE8000632F6E7266782F647269766572732F73A2
:10AE900072632F6E7266785F6E766D632E630062EA
:10AEA000797465735F636F756E74203C3D20287301
:10AEB000697A656F662875696E7433325F7429200C
:10AEC0002D20627974655F736869667429006973FF
:10AED0005F76616C69645F61646472657373286135
:10AEE0006464722C2030290069735F76616C696438
:10AEF0005F6164647265737328616464722C2031CD
:10AF000029006E7266785F69735F776F72645F6144
:10AF10006C69676E65642828766F696420636F6E5C
:10AF20007374202A29616464722900574553545F61
:10AF3000544F504449522F6D6F64756C65732F6880
:10AF4000616C2F6E6F726469632F6E7266782F6406
:10AF50007269766572732F7372632F6E7266785F93
:10AF6000717370692E63006D5F63622E7374617418
:10AF70006520213D204E5246585F515350495F5342
:10AF8000544154455F554E494E495449414C495AE4
:10AF9000454400705F62756666657220213D202819
:10AFA00028766F6964202A29302900705F636F6EEC
:10AFB00066696700705F636F6E6669672D3E7769CB
:10AFC0007077616974005465726D696E616C000020
:10AFD000000000000054545220524547474553009A
:10AFE000574553545F544F504449522F7A65706807
:10AFF00079722F6B65726E656C2F64657669636517
:10B000002E6300646576203C3D205F64657669634D
:10B01000655F6C6973745F656E64007263203E3DAA
:10B02000202D283078666629202626207263203C51
:10B030002030000964657669636520257320696E98
:10B0400069743A20696E76616C6964206572726F0A
:10B050007220282564290A0048616C74696E672093
:10B0600073797374656D00556E6B6E6F776E2065C6
:10B0700072726F72003E3E3E205A4550485952202F
:10B08000464154414C204552524F522025643A20AB
:10B090002573206F6E20435055202564004661754E
:10B0A0006C7420647572696E6720696E7465727263
:10B0B0007570742068616E646C696E670A00437510
:10B0C0007272656E74207468726561643A202570CE
:10B0D000202825732900574553545F544F50444945
:10B0E000522F7A65706879722F6B65726E656C2F5E
:10B0F000666174616C2E6300726561736F6E2021EE
:10B100003D204B5F4552525F4B45524E454C5F5080
:10B11000414E49430009417474656D707465642043
:10B12000746F207265636F7665722066726F6D2032
:10B1300061206B65726E656C2070616E696320635F
:10B140006F6E646974696F6E0A00435055206578AC
:10B1500063657074696F6E00556E68616E646C65CE
:10B160006420696E746572727570740053746163E3
:10B170006B206F766572666C6F77004B65726E65DB
:10B180006C206F6F7073004B65726E656C20706120
:10B190006E696300574553545F544F504449522FD2
:10B1A0007A65706879722F6B65726E656C2F696E47
:10B1B00069742E63007468726561645F64617461B0
:10B1C000203C3D205F5F7374617469635F746872D3
:10B1D0006561645F646174615F6C6973745F656EFF
:10B1E00064006D61696E006F7300574553545F547E
:10B1F0004F504449522F7A65706879722F6B65728F
:10B200006E656C2F6B686561702E630021617263DF
:10B21000685F69735F696E5F6973722829207C7C3F
:10B2200020282874696D656F7574292E7469636BA5
:10B2300073203D3D202828286B5F74696D656F750C
:10B24000745F74297B307D29292E7469636B73299F
:10B2500000090A0068656170203C3D205F6B5F68F3
:10B260006561705F6C6973745F656E640057455308
:10B27000545F544F504449522F7A65706879722F49
:10B280006B65726E656C2F6D656D5F736C61622EA0
:10B290006300736C6162203C3D205F6B5F6D656D88
:10B2A0005F736C61625F6C6973745F656E640028C4
:10B2B000736C61622D3E667265655F6C69737420A4
:10B2C0003D3D202828766F6964202A2930292026D0
:10B2D0002620736C61622D3E696E666F2E6E756DF1
:10B2E0005F75736564203D3D20736C61622D3E691E
:10B2F0006E666F2E6E756D5F626C6F636B73292067
:10B300007C7C20736C61625F7074725F69735F67CD
:10B310006F6F6428736C61622C20736C61622D3EC8
:10B32000667265655F6C697374290009736C61628C
:10B3300020636F7272757074696F6E2064657465D6
:10B34000637465640A0009496E76616C6964206DF6
:10B35000656D6F727920706F696E7465722070729E
:10B360006F76696465640A00574553545F544F50C3
:10B370004449522F7A65706879722F6B65726E65D9
:10B380006C2F696E636C7564652F6B73636865649D
:10B390002E680021617263685F6972715F756E6CFF
:10B3A0006F636B6564286B657929007468726561E9
:10B3B000642D3E626173652E70656E6465645F6FB7
:10B3C0006E00574553545F544F504449522F7A658D
:10B3D000706879722F6B65726E656C2F69646C652D
:10B3E0002E63005F6B65726E656C2E637075735BA8
:10B3F000305D2E63757272656E742D3E6261736589
:10B400002E7072696F203E3D203000574553545FC7
:10B41000544F504449522F7A65706879722F6B658A
:10B42000726E656C2F6D757465782E630021617284
:10B4300063685F69735F696E5F69737228290009C9
:10B440006D7574657865732063616E6E6F742062CC
:10B4500065207573656420696E736964652049535E
:10B4600052730A006D757465782D3E6C6F636B5F67
:10B47000636F756E74203E20305500574553545FFE
:10B48000544F504449522F7A65706879722F6B651A
:10B49000726E656C2F73656D2E6300282861726370
:10B4A000685F69735F696E5F6973722829203D3D2B
:10B4B000203029207C7C20282874696D656F757484
:10B4C000292E7469636B73203D3D202828286B5F0B
:10B4D00074696D656F75745F74297B307D29292EC1
:10B4E0007469636B73292900737973776F726B7159
:10B4F00000574553545F544F504449522F7A65705A
:10B500006879722F6B65726E656C2F776F726B2E18
:10B510006300776F726B2D3E717565756520213DF7
:10B52000202828766F6964202A29302900776F72D5
:10B530006B2D3E68616E646C657220213D20282869
:10B54000766F6964202A2930290021666C61675F63
:10B55000746573742826776F726B2D3E666C616715
:10B56000732C204B5F574F524B5F44454C41594120
:10B57000424C455F424954290073796E6320213D56
:10B58000202828766F6964202A2930290021666CDA
:10B5900061675F74657374282671756575652D3EE6
:10B5A000666C6167732C204B5F574F524B5F515550
:10B5B0004555455F535441525445445F42495429CF
:10B5C00000717565756500737461636B0064776FF6
:10B5D000726B20213D202828766F6964202A29304B
:10B5E0002900574553545F544F504449522F7A65B0
:10B5F000706879722F6B65726E656C2F74687265F6
:10B6000061642E6300282828287072696F29292018
:10B610003D3D203135202626207A5F69735F6964BD
:10B620006C655F7468726561645F656E74727928B9
:10B6300028656E747279292929207C7C2028282885
:10B640003135202D203129203E3D2028282D31362E
:10B650002929292026262028287072696F29292067
:10B660003E3D2028282D313629292026262028282D
:10B670007072696F2929203C3D20283135202D200A
:10B68000312929290009696E76616C69642070721C
:10B69000696F7269747920282564293B20616C6C7C
:10B6A0006F7765642072616E67653A202564207447
:10B6B0006F2025640A000954687265616473206D07
:10B6C0006179206E6F7420626520637265617465B4
:10B6D0006420696E20495352730A00574553545FE2
:10B6E000544F504449522F7A65706879722F6B65B8
:10B6F000726E656C2F73636865642E6300217A5FD8
:10B7000069735F69646C655F7468726561645F6FBB
:10B71000626A6563742874687265616429005745BC
:10B7200053545F544F504449522F7A657068797270
:10B730002F6B65726E656C2F696E636C7564652F17
:10B740006B7468726561642E68005F6B65726E650C
:10B750006C2E637075735B305D2E63757272656EEF
:10B760007420213D202828766F6964202A293029F9
:10B7700000574553545F544F504449522F7A6570D7
:10B780006879722F6B65726E656C2F696E636C756C
:10B7900064652F6B737761702E6800617263685FF8
:10B7A0006972715F756E6C6F636B6564286B657928
:10B7B00029207C7C205F6B65726E656C2E637075D2
:10B7C000735B305D2E63757272656E742D3E6261BF
:10B7D00073652E7468726561645F7374617465204B
:10B7E000262028282831554C203C3C202830292967
:10B7F00029207C20282831554C203C3C2028332906
:10B800002929290009436F6E74657874207377695C
:10B81000746368696E67207768696C6520686F6C0F
:10B8200064696E67206C6F636B210A0073697A65C7
:10B830006F66285F73636865645F7370696E6C6FB1
:10B84000636B29203D3D2030207C7C206C6F636B36
:10B8500020213D20265F73636865645F7370696EA5
:10B860006C6F636B005F6B65726E656C2E637075D9
:10B87000735B305D2E63757272656E742D3E62610E
:10B8800073652E73636865645F6C6F636B656420BA
:10B89000213D203155005F6B65726E656C2E6370C3
:10B8A00075735B305D2E63757272656E742D3E62CA
:10B8B0006173652E73636865645F6C6F636B656449
:10B8C00020213D20305500217465726D696E6174D0
:10B8D00065000961626F72746564205F63757272DE
:10B8E000656E74206261636B2066726F6D206465A3
:10B8F00061640A0021657373656E7469616C000987
:10B9000061626F7274656420657373656E746961DA
:10B910006C207468726561642025700A0057455375
:10B92000545F544F504449522F7A65706879722F92
:10B930006B65726E656C2F74696D65736C69636994
:10B940006E672E6300282874696D656F75742920F1
:10B95000262620282875696E747074725F742920F9
:10B9600028736C6963655F74696D656F757473299D
:10B9700029203C3D20282875696E747074725F74AC
:10B9800029202874696D656F757429292026262061
:10B99000282875696E747074725F74292028746920
:10B9A0006D656F75742929203C20282875696E748F
:10B9B0007074725F742920282628736C6963655F30
:10B9C00074696D656F757473295B282873697A656E
:10B9D0005F742920282828696E74292073697A6584
:10B9E0006F6628636861725B31202D202832202A1F
:10B9F000202128215F5F6275696C74696E5F7479BC
:10BA00007065735F636F6D70617469626C655F70A0
:10BA1000285F5F747970656F665F5F28736C696318
:10BA2000655F74696D656F757473292C205F5F7431
:10BA30007970656F665F5F282628736C6963655F40
:10BA400074696D656F757473295B305D29292929C7
:10BA50005D29202D203129202B202873697A656FDC
:10BA60006628736C6963655F74696D656F7574735F
:10BA700029202F2073697A656F662828736C6963A3
:10BA8000655F74696D656F757473295B305D292915
:10BA900029295D29292026262028282875696E74E1
:10BAA0007074725F7429202874696D656F757429CC
:10BAB00029202D20282875696E747074725F74298E
:10BAC0002028736C6963655F74696D656F75747345
:10BAD00029292920252073697A656F662828736CC7
:10BAE0006963655F74696D656F757473295B305D3B
:10BAF00029203D3D20302900574553545F544F5075
:10BB00004449522F7A65706879722F6B65726E6541
:10BB10006C2F74696D656F75742E63002173797372
:10BB20005F646E6F64655F69735F6C696E6B65649B
:10BB30002826746F2D3E6E6F646529005745535457
:10BB40005F544F504449522F7A65706879722F6B59
:10BB500065726E656C2F706F6C6C2E630009696E78
:10BB600076616C6964206576656E742074797065A1
:10BB7000202830782578290A0A006576656E742DAC
:10BB80003E73656D20213D202828766F6964202A48
:10BB90002930290009696E76616C69642073656DCE
:10BBA0006170686F72650A0A006576656E742D3E75
:10BBB000717565756520213D202828766F696420A0
:10BBC0002A2930290009696E76616C6964207175D3
:10BBD0006575650A0A006576656E742D3E73696742
:10BBE0006E616C20213D202828766F6964202A2907
:10BBF00030290009696E76616C696420706F6C6C25
:10BC0000207369676E616C0A0A006576656E742D33
:10BC10003E6D73677120213D202828766F6964206E
:10BC20002A2930290009696E76616C6964206D6586
:10BC300073736167652071756575650A0A006576BD
:10BC4000656E742D3E7069706520213D2028287630
:10BC50006F6964202A2930290009696E76616C6950
:10BC60006420706970650A0A0009696E76616C6902
:10BC700064206576656E7420747970650A0A0057D1
:10BC80004553545F544F504449522F7A6570687938
:10BC9000722F6B65726E656C2F6D656D706F6F6C5A
:10BCA0002E630028616C69676E20262028616C690C
:10BCB000676E202D20312929203D3D20300009616B
:10BCC0006C69676E206D75737420626520612070E9
:10BCD0006F776572206F6620320A00616C69676E4B
:10BCE000203D3D2030207C7C20282875696E7470B2
:10BCF00074725F74296D656D20262028616C6967F8
:10BD00006E202D20312929203D3D203000096D690C
:10BD100073616C69676E6564206D656D6F72792003
:10BD200061742025702028616C69676E203D202594
:10BD30007A75290A00141400001C2030401C2000D1
:10BD4000001C2030400040903D6AF1A5AD641DCD3F
:10BD5000273EBFFC680F404099CAAC00FFFFFFFFC1
:10BD60001F00286E756C6C29002A666C6F61742A3E
:04BD700000000000CF
:10BD7C00FFFFFFFFFF1F00001F000000000000007E
:10BD8C007FFE0000E40700001D40000000000000E2
:10BD9C000000000000000000FFFFFFFF1FFF1B0062
:10BDAC00BAABBABA10101010A0354D00FF0000004D
:10BDBC00C4090000000000000080004000000000EA
:10BDCC00000000000C0000000000000000FF7F00DD
:10BDDC000000000000000000000000000000000057
:10BDEC0000000000000000000000000019340000FA
:10BDFC00D1340000B14B0000494800009D310000D7
:10BE0C00F14300009D310000F1430000214100008E
:10BE1C007D410000DD4E0000C14E0000DD4E0000F3
:10BE2C00C14E0000F9470000914800004149000054
:10BE3C00E5480000CD30000025440000B52F00007F
:10BE4C004D4D0000B52F0000B52F0000B52F0000A0
:10BE5C00B52F0000B52F0000A14900001D4B0000BC
:10BE6C00B52F0000B52F0000CD3000002544000098
:10BE7C00FD4100004D4D0000B52F0000994C000015
:10BE8C00854A0000B52F0000B52F0000A149000025
:10BE9C001D4B0000354C0000094A0000894700008A
:10BEAC006D3300009D5300006D33000011590000EC
:10BEBC0049590000FD37000071380000394200007C
:10BECC00E530000039420000E5300000E9310000A7
:10BEDC00E93100001D3F0000FD300000194F00004B
:10BEEC004C0500206405002084050020EC05002092
:10BEFC000C060020A54F0000540500206C05002006
:10BF0C00B8050020F40500201406002000000000F5
:10BF1C000000000000000000000000000000000015
:10BF2C000000000000000000000000000000000005
:10BF3C0000000000000000008D9D000000000000CB
:10BF4C003799010000000000CD9D000000000000AA
:10BF5C0083990100000000007F990100000000009F
:10BF6C00CF990100000000009B9901000000000027
:10BF7C00CB99010000000000E999010000000000CD
:10BF8C00B399010000000000000000000000000058
:10BF9C000000000000000000000000000000000095
:10BFAC000000000000000000000000000000000085
:10BFBC000000000000000000000000000000000075
:10BFCC000000000000000000000000000000000065
:10BFDC000000000000000000000000000000000055
:10BFEC000000000000000000000000000000000045
:10BFFC000000000000000000000000000000000035
:10C00C000000000000000000000000000000000024
:10C01C000000000000000000000000000000000014
:10C02C000000000000000000000000000000000004
:10C03C0000000000000000000000000000000000F4
:10C04C0000000000000000000000000000000000E4
:10C05C0000000000000000000000000000000000D4
:10C06C0000000000000000000000000000000000C4
:10C07C0000000000000000000000000000000000B4
:10C08C0000000000000000000000000000000000A4
:10C09C000000000000000000000000000000000094
:10C0AC000000000000000000000000000000000084
:10C0BC000000000000000000000000000000000074
:10C0CC000000000000000000000000000000000064
:10C0DC000000000000000000000000000000000054
:10C0EC000000000000000000000000000000000044
:10C0FC000000000000000000000000000000000034
:10C10C000000000000000000000000000000000023
:10C11C000000000000000000000000000000000013
:10C12C000000000000000000000000000000000003
:10C13C0000000000000000000000000000000000F3
:10C14C0000000000000000000000000000000000E3
:10C15C0000000000000000000000000000000000D3
:10C16C0000000000000000000000000000000000C3
:10C17C0000000000000000000000000000000000B3
:10C18C0000000000000000000000000000000000A3
:10C19C000000000000000000000000000000000093
:10C1AC000000000000000000000000000000000083
:10C1BC000000000000000000000000000000000073
:10C1CC000000000000000000000000000000000063
:10C1DC000000000000000000000000000000000053
:10C1EC000000000000000000000000000000000043
:10C1FC000000000000000000000000000000000033
:10C20C000000000000000000000000000000000022
:10C21C000000000000000000000000000000000012
:10C22C000000000000000000000000000000000002
:10C23C0000000000000000000000000000000000F2
:10C24C0000000000000000000000000000000000E2
:10C25C0000000000000000000000000000000000D2
:10C26C0000000000000000000000000000000000C2
:10C27C0000000000000000000000000000000000B2
:10C28C0000000000000000000000000000000000A2
:10C29C000000000000000000000000000000000092
:10C2AC000000000000000000000000000000000082
:10C2BC000000000000000000000000000000000072
:10C2CC000000000000000000000000000000000062
:10C2DC000000000000000000000000000000000052
:10C2EC000000000000000000000000000000000042
:10C2FC000000000000000000000000000000000032
:10C30C000000000000000000000000000000000021
:10C31C000000000000000000000000000000000011
:10C32C000000000000000000000000000000000001
:10C33C0000000000000000000000000000000000F1
:10C34C0000000000000000000000000000000000E1
:10C35C0000000000000000000000000000000000D1
:10C36C0000000000000000000000000000000000C1
:10C37C0000000000000000000000000000000000B1
:10C38C0000000000000000000000000000000000A1
:10C39C000000000000000000000000000000000091
:10C3AC000000000000000000000000000000000081
:10C3BC000000000000000000000000000000000071
:10C3CC000000000000000000000000000000000061
:10C3DC000000000000000000000000000000000051
:10C3EC000000000000000000000000000000000041
:10C3FC000000000000000000000000000000000031
:10C40C000000000000000000000000000000000020
:10C41C000000000000000000000000000000000010
:10C42C000000000000000000000000000000000000
:10C43C0000000000000000000000000000000000F0
:10C44C0000000000000000000000000000000000E0
:10C45C0000000000000000000000000000000000D0
:10C46C0000000000000000000000000000000000C0
:10C47C0000000000000000000000000000000000B0
:10C48C0000000000000000000000000000000000A0
:10C49C000000000000000000000000000000000090
:10C4AC000000000000000000000000000000000080
:10C4BC000000000000000000000000000000000070
:10C4CC000000000000000000000000000000000060
:10C4DC00000000000000000000000000300C0020F4
:10C4EC004BC6010051C6010053C6010079C60100BC
:10C4FC0057C6010083C601005DC601008DC6010050
:10C50C0063C6010099C601006FC6010073C6010025
:10C51C0065C601006BC6010089C6010093C6010007
:10C52C00780C002001FF00008BC9010097C90100A5
:10C53C009BC90100A3C90100A7C9010000000000AC
:10C54C0000000000000000000000000000000000DF
:10C55C0000000000000000000000000000000000CF
:10C56C0000000000000000000000000000000000BF
:10C57C0000000000000000000000000000000000AF
:10C58C00000000000000000000000000000000009F
:10C59C00000000000000000000000000000000008F
:10C5AC00000000000000000000000000000000007F
:10C5BC00000000000000000000000000000000006F
:10C5CC00000000000000000000000000000000005F
:10C5DC00000000000000000000000000000000004F
:10C5EC00000000000000000000000000000000003F
:10C5FC00000000000000000000000000000000002F
:10C60C0000000000000000001159020000000000B2
:10C61C00000000000000000000000000000000000E
:10C62C0000000000000000000000000000000000FE
:10C63C0000000000000000000000000000000000EE
:10C64C0000000000000000000000000000000000DE
:10C65C0000000000000000000000000000000000CE
:10C66C0000000000000000000000000000000000BE
:10C67C0000000000000000000000000000000000AE
:10C68C00000000000000000000000000000000009E
:10C69C00000000000000000000000000000000008E
:10C6AC00000000000000000000000000000000007E
:10C6BC00BC3604000000000099D8010005D8010028
:10C6CC00000000000000000000000000000000005E
:10C6DC00000000000000000055D801000000000020
:10C6EC0078400400000000005DD70100000000004D
:10C6FC000000000061DE010045D1010031D10100D4
:10C70C000000000051DF01000000000000000000EC
:10C71C000000000039E701000000000000000000EC
:10C72C0014000000060000005BD60300FDDE0300D1
:10C73C00D9170200000000000000000000000000FB
:10C74C002DE203000000000011E2030001220200B0
:10C75C0000000000000000006C66040000000C00EB
:10C76C0000000000000000000000000000000000BD
:10C77C000000000000000000C523020000000000C3
:10C78C00000000008E66040000001000AC130020B6
:10C79C003A000000981300203A0000005C130020BF
:10C7AC003A000000841300203A000000C01300205F
:10C7BC003A000000481300203A000000FC1300204F
:10C7CC003A000000C04104000000000027E703000D
:10C7DC0000000000000000000060004000000000AD
:10C7EC00000000000000000000000000000000003D
:10C7FC00000000000000000000000000000000002D
:10C80C00000000000000000000000000000000001C
:10C81C00000000000000000000000000000000000C
:10C82C0000000000000000000000000000000000FC
:10C83C0000000000000000000000000000000000EC
:10C84C0000000000000000000000000000000000DC
:10C85C0000000000000000000000000000000000CC
:10C86C000000000000000000000000002541020054
:10C87C0000000000000000000000000023EC03009A
:10C88C000000000000000000000000007D4C0200D1
:10C89C0000000000000000000000000069750200AC
:10C8AC0000000000000000000000000021740200E5
:10C8BC000000000000000000000000009D8002004D
:10C8CC00000000000000000000000000017A0200DF
:10C8DC00000000000000000028100020281000209C
:10C8EC000000000000000000D999020025A90200F8
:10C8FC0091A8020000000000000000008D9C0200C6
:10C90C005BFB030021FC03005597020000000000B4
:10C91C00EB05040000000000000000000000000017
:10C92C00144B040000000200204B040000000A001D
:10C93C00304B04000000200000000000000000004C
:10C94C0000000000000000000000000000000000DB
:10C95C00000000000504040000000000444B04002B
:10C96C0000000200504B0400000002005C4B04006D
:10C97C0000000200C4100020C410002000000000C1
:10C98C00000000000E000000D8100020D81000207D
:10C99C00E1ED020000000000000000007F10040028
:10C9AC000000000000000000F8100020F81000202B
:10C9BC0001000000010000000811002008110020F7
:10C9CC0010110020101100200000000001000000D8
:10C9DC0020110020201100200000000000000000A9
:10C9EC00483700200000000000000000000000009C
:10C9FC00000000000000000000000000000000002B
:10CA0C000090D003FF000000900200005C11002099
:10CA1C005C110020E9250400E525040067330400BF
:10CA2C00E1A20300D5A20300C9A20300000000008C
:10CA3C0031A30300C0110020B8110020B011002058
:10CA4C0000000000A8110020F1A403003DA4030085
:10CA5C0071A40300B9A40300546600203A00003A04
:10CA6C00586600203A00003A5C6600203A00003A12
:10CA7C00606600203A00003AA86B0020D411002018
:10CA8C00941100208C1100208811002084110020AA
:10CA9C0028002800F7009ECADC240EE5A9E093F3D9
:10CAAC00A3B50100406E0601010101010000060161
:01CABC000178
:10CABD000000000000000000000000000000000069
:07CACD000000000000000062
:10CAD4000000000000000000000000000000000052
:10CAE4000000000000000000000000000000000042
:10CAF4000000000000000000000000000000000032
:10CB04000000000000000000000000000000000021
:04CB1400000000001D
:04CB18000000000019
:10CB1C000000000000000000318203000000000053
:10CB2C0000000000000000007812002078120020A5
:10CB3C0079D101000000000000000000000000009E
:10CB4C0000000000000000000000000000000000D9
:10CB5C003182030000000000000000000000000013
:10CB6C00B0120020B01200206DD1010000000000B6
:10CB7C0000000000000000000000000000000000A9
:10CB8C00D0120020D012002000000000BCEF0020CA
:10CB9C000000000002000000300000000000000057
:10CBAC00F0120020F01200200000000080BA0020DB
:10CBBC000000000002000000B800000000000000AF
:10CBCC001013002010130020000000001CF00020A7
:10CBDC0000000000140000001C0000000000000019
:10CBEC0000000000F0BB0020000800000000000066
:08CBFC00000000000000000031
:10CC0400481300204813002000000000000000002A
:10CC14000E0000005C1300205C13002000000000E4
:10CC2400000000000E0000007013002070130020AC
:10CC340000000000000000000E000000841300202B
:10CC44008413002000000000000000000E0000001B
:10CC5400981300209813002000000000000000003A
:10CC64000E000000AC130020AC13002000000000F4
:10CC7400000000000E000000C0130020C0130020BC
:10CC840000000000000000000E000000D41300208B
:10CC9400D413002000000000000000000E0000007B
:10CCA400E8130020E813002000000000000000004A
:10CCB4000E000000FC130020FC1300200000000004
:08CCC400000000000E0000005A
:10CCCC0010140020101400200000000001000000CF
:10CCDC0020140020201400202814002028140020E8
:10CCEC00000000000100000038140020381400205F
:10CCFC00401400204014002000000000010000003F
:10CD0C0050140020501400205814002058140020F7
:10CD1C0000000000010000006814002068140020CE
:10CD2C00701400207014002000000000FFFFFFFFB3
:10CD3C008014002080140020881400208814002007
:10CD4C00010000000100000098140020981400203D
:10CD5C00000000000000000000000000AC140020E7
:10CD6C00AC140020B4140020B41400200000000007
:10CD7C000000000000000000C8140020C8140020AF
:10CD8C00D0140020D014002000000000000000008F
:10CD9C0000000000E4140020E4140020EC14002037
:04CDAC00EC14002063
:10CDB000000000000000000000000000001500203E
:10CDC00000150020081500200815002000000000B4
:10CDD0000300030010000000000000009443040062
:10CDE000FCD7002000000000000000000000000050
:10CDF00034150020341500203C1500203C1500207F
:10CE000000000000140014001000000075A50200CE
:10CE1000B04404009CEC0020000000000000000072
:10CE20000000000068150020681500207015002023
:10CE30007015002000000000030003000000000047
:10CE40000000000030420400E8D200200000000092
:10CE500000000000000000009C1500209C15002030
:10CE6000A4150020A415002000000000020002000C
:10CE7000100000007178020080430400ACD4002050
:10CE8000000000000000000000000000D01500209D
:10CE9000D0150020D8150020D81500200000000073
:10CEA00001000100000000000000000048430400F1
:10CEB00094D40020000000000000000000000000EA
:10CEC00004160020041600200C1600200C1600206A
:10CED000000000000D000D0004000000C14302002E
:10CEE0001C420400F0D00020000000000000000000
:10CEF00000000000381600203816002040160020E0
:10CF000040160020000000000100010000000000A9
:0CCF1000000000004442040034D4002063
:04CF1C0015E015E027
:0400000320002ECDDE
:00000001FF
