:10000000105D0120190A02004D810300050A02005B
:10001000050A0200050A0200050A0200050A02009C
:10002000000000000000000000000000E90A0200DB
:10003000050A020000000000D10C0200050A0200BF
:100040004D0D02004D0D02004D0D02004D0D020040
:100050004D0D02004D0D02004D0D02004D0D020030
:100060004D0D02004D0D02004D0D02004D0D020020
:100070004D0D02004D0D02004D0D02004D0D020010
:100080004D0D02004D0D02004D0D02004D0D020000
:100090004D0D02004D0D02004D0D02004D0D0200F0
:1000A0004D0D02004D0D02004D0D02004D0D0200E0
:1000B0004D0D02004D0D02004D0D02004D0D0200D0
:1000C0004D0D02004D0D02004D0D02004D0D0200C0
:1000D0004D0D02004D0D02004D0D02004D0D0200B0
:1000E0004D0D02004D0D02004D0D02004D0D0200A0
:1000F0004D0D02004D0D02004D0D02004D0D020090
:100100004D0D02004D0D02004D0D02004D0D02007F
:100110004D0D02004D0D02004D0D02004D0D02006F
:100120004D0D02004D0D02004D0D02004D0D02005F
:100130004D0D02004D0D02004D0D02004D0D02004F
:100140004D0D02004D0D02004D0D02004D0D02003F
:100150004D0D02004D0D02004D0D02004D0D02002F
:100160004D0D02004D0D02004D0D02004D0D02001F
:100170004D0D02004D0D02004D0D02004D0D02000F
:100180004D0D02004D0D02004D0D02004D0D0200FF
:100190004D0D02004D0D02004D0D02004D0D0200EF
:1001A0004D0D02004D0D02004D0D02004D0D0200DF
:1001B0004D0D02004D0D02004D0D02004D0D0200CF
:1001C0004D0D02004D0D02004D0D02004D0D0200BF
:1001D0004D0D02004D0D02004D0D02004D0D0200AF
:1001E0004D0D02004D0D02004D0D02004D0D02009F
:1001F0004D0D02004D0D02004D0D02004D0D02008F
:100200004D0D02004D0D02004D0D02004D0D02007E
:100210004D0D02004D0D02004D0D02004D0D02006E
:100220004D0D02004D0D02004D0D02004D0D02005E
:100230004D0D02004D0D02004D0D02004D0D02004E
:100240004D0D02004D0D02004D0D02004D0D02003E
:100250004D0D0200E9A803004D0D02004D0D0200F6
:100260004D0D02004D0D0200D3A803004D0D0200FC
:100270004D0D02004D0D02004D0D02004D0D02000E
:100280004D0D02004D0D02004D0D02004D0D0200FE
:100290004D0D02004D0D02004D0D02004D0D0200EE
:1002A0004D0D02004D0D02004D0D02004D0D0200DE
:1002B0004D0D02004D0D02004D0D02004D0D0200CE
:1002C0004D0D02004D0D02004D0D02004D0D0200BE
:1002D0004D0D02004D0D02004D0D02004D0D0200AE
:1002E0004D0D02004D0D02004D0D02004D0D02009E
:1002F0004D0D02004D0D02004D0D02004D0D02008E
:100300004D0D02004D0D02004D0D02004D0D02007D
:100310004D0D02004D0D02004D0D02004D0D02006D
:100320004D0D02004D0D02004D0D02004D0D02005D
:100330004D0D02004D0D02004D0D02004D0D02004D
:100340004D0D02004D0D02004D0D02004D0D02003D
:100350004D0D02004D0D02004D0D02004D0D02002D
:100360004D0D02004D0D02004D0D02004D0D02001D
:100370004D0D02004D0D02004D0D02004D0D02000D
:100380004D0D02004D0D02004D0D02004D0D0200FD
:100390004D0D02004D0D02004D0D02004D0D0200ED
:1003A0004D0D02004D0D02004D0D02004D0D0200DD
:1003B0004D0D02004D0D02004D0D02004D0D0200CD
:1003C0004D0D02004D0D02004D0D02004D0D0200BD
:1003D0004D0D0200FFA803004D0D02004D0D02005F
:1003E0004D0D02004D0D02004D0D02004D0D02009D
:1003F0004D0D02004D0D02004D0D02004D0D02008D
:100400004D0D02004D0D02004D0D02004D0D02007C
:100410004D0D02004D0D02004D0D02004D0D02006C
:100420004D0D02004D0D02004D0D02004D0D02005C
:100430004D0D02004D0D02004D0D02004D0D02004C
:100440004D0D02004D0D02004D0D02004D0D02003C
:100450004D0D02004D0D02004D0D02004D0D02002C
:100460004D0D02004D0D02004D0D02004D0D02001C
:100470004D0D02004D0D02004D0D02004D0D02000C
:100480004D0D02004D0D02004D0D02004D0D0200FC
:100490004D0D02004D0D02004D0D02004D0D0200EC
:1004A0004D0D02004D0D02004D0D02004D0D0200DC
:1004B0004D0D02004D0D02004D0D02004D0D0200CC
:1004C0004D0D02004D0D02004D0D02004D0D0200BC
:1004D000054B00221B78826001330260034A4260B0
:1004E000C371FF2303727047981000208001080039
:1004F000064A074B02604FF42872DB78828008229C
:10050000C371002382710372704700BF71820100C2
:1005100098100020064A074B02604FF43E721B7988
:1005200082800822C371002382710372704700BF6A
:100530004971010098100020064A074B02604FF4F1
:10054000B8729B7B82800822C371FF238271037281
:10055000704700BF756A010098100020074AD378E1
:1005600012791344064A02604FF48472C371FF2368
:100570008280042203728271704700BF98100020AD
:100580008184010010B5044603F0AAFD084A00EB7F
:100590004000D378C0001279103013440022A080AC
:1005A000A26022600422E371FF23A271237210BDB6
:1005B000981000202DE9F341C41D0028064624F0C0
:1005C00007040CBF0020204600F094FC071E04DA4C
:1005D0006FF00B0002B0BDE8F0818E4D2989E888EC
:1005E0000331EB7A0330AA7A89B280B212F087FB2A
:1005F000011EEDDBEB783C442A79002E04F1030464
:10060000134408BF002024F00304DBB218BF2046C7
:10061000594300F01BFE20440EB9B042D8DBAA7B40
:100620000446B2B12B7C697C13441944FF29CFD80E
:100630000330002EAA89C9B220F003040CBF0020A9
:10064000204600F077FE0028C2DB04440EB9B44215
:10065000BEDB714FD7F80080B8F1000F17D0E97BEF
:10066000A9B195F83030002B00F0FD8040234FF405
:1006700081720734002E24F007040CBF00202046AE
:10068000C0470028A4DB04440EB9B442A0DBA9781B
:10069000A1B1AB7B1BB93B6883B1EB7B73B1073472
:1006A000002E24F007040CBF0020204606F088F836
:1006B00000288DDB04440EB9B44289DB574B1B681C
:1006C00093B1E97D81B10334002E2A7E24F0030426
:1006D0000CBF0020204698470028FFF679AF04445D
:1006E00016B9B442FFF674AF4D4B1B688BB1A97DB0
:1006F00079B10334002E24F003040CBF00202046FF
:1007000098470028FFF664AF044416B9B442FFF6D8
:100710005FAF444B1F68B7B1697CA1B10334002EB1
:100720002B7D24F0030408BF0020009318BF20464F
:10073000EB7CAA7CB8470028FFF64AAF044416B900
:10074000B442FFF645AF384B1B6893B1E97D81B1E8
:100750000334002E6A7E24F003040CBF00202046E0
:1007600098470028FFF634AF044416B9B442FFF6A8
:100770002FAFB6FA86F795F825007F09A0B10334AC
:10078000AB7FE97E24F0070419443B4644F004049F
:10079000C9B2224600F0C8FE0028FFF619AF044493
:1007A00016B9B442FFF614AF95F8261000295DD0B3
:1007B00004F10708002E2A8D28F007080CBF00203E
:1007C000404612F0B0FA041EFFF602AF4444002E79
:1007D0004FD1B442FFF6FCAE95F82010002956D058
:1007E00095F82430002B52D06A8C0734002E02F189
:1007F000240224F007080CBF0020404692B212F0F9
:1008000092FA0028FFF6E4AE40447EB9B042FFF60B
:10081000DFAE0BE0981000209C7C0020A07C002024
:10082000AC7C0020A47C0020A87C002003306B7FDF
:10083000E97E20F0070019443B4640F0040495F897
:100840002400C9B2224600F061FE0028FFF6C0AEC7
:1008500004449EB9B442FFF6BBAE6B6B13B3E6B172
:100860006C630020B6E62523282202E7002EB3D0D1
:100870008846298D40460EF015FEADE76A8C40464D
:1008800095F82010083292B20EF012FEE5E7002E25
:10089000E3D0002211461046F6E728343FF598AE23
:1008A000204697E6002EDCD1FAE700BF014608B5E6
:1008B00072B6094B9B6B0BB108489847BFF34F8F3B
:1008C0000749084BCA6802F4E0621343CB60BFF3E8
:1008D0004F8F00BFFDE700BF981000209852040022
:1008E00000ED00E00400FA0513B5114C6846638979
:1008F000ADF800302389ADF80430E388ADF802305C
:1009000003F03AFA18B148F65300FFF7CFFF207D05
:1009100003F088FA10B14CF2CD70F6E7E07C03F0FA
:100920007BFA10B144F29C50EFE702B010BD00BF5B
:1009300098100020F8B5054600285FD011F0DAFBCA
:1009400018B94FF0FF342046F8BD0FF0CDFFB0F5D9
:10095000FA7FF6D82B4C01262B4B0827A5630025E0
:10096000284684F83C50257084F830501D6065633B
:100970000EF08AFD254B29222946601D1D6018F0C6
:100980002FFF1B2303221F212846E38023810223FC
:10099000A272E3722376F723E27349226384FB2376
:1009A000A181294623854FF48073E274E385A77003
:1009B000E6702671A673A674667684F82C6001F042
:1009C0000BFE2A463146304601F0D8FD044618B1E8
:1009D0004AF6B030FFF76AFF014601F0EBFD0A204E
:1009E00003F078FB38460CF059FDEFF3108572B632
:1009F00000F0C0FD002DA6D162B6A4E76FF015048B
:100A0000A1E700BF981000209C7C0020A87C00205B
:100A100038B51446002840F0EC80774D95F83C300E
:100A2000032B00F0E38019B312B96FF0150038BD45
:100A30000139172900F2DD80DFE811F018002900E4
:100A40002C00470071007A0093004D007D0080006B
:100A50008D005300590067006C0099009C00AA00AB
:100A6000AD00B000A200B300B700D0001378EB7067
:100A70000020FFF79FFD0028B7BF012302236FF07E
:100A80000B0085F83C30A8BF85F83C30CFE71378E1
:100A90002B71EDE71379002BC7D05379002BC4D00D
:100AA000128841F6EF739A42BFD8638841F6D47139
:100AB0001B3B9BB28B42B8D81A2AB6D92368A288AE
:100AC000C5F806304D4B9A80D2E713782A7C9342C2
:100AD000ABD3AB73CCE71378AA7B9342A5D82B7426
:100AE000C6E71378AA7B93429FD86B74C0E713784C
:100AF000002B9AD05378013BDBB2F82B95D81388A2
:100B000092786B823E4B9A70B2E7107868750CF061
:100B1000D1FCADE71378002B87D06B76A8E713786C
:100B2000384A126812B1012B7FF67FAFEB739FE753
:100B30001388AB819CE71378EB7599E71378324AF9
:100B400012682AB9012B7FF670AF23782B768FE7D6
:100B5000002BFAD169E71378082B3FF666AFAB7527
:100B600086E71388FF2B3FF660AFAB7080E7137802
:100B7000AB767DE713780E2B3FF657AFEB7677E732
:100B80002368224A2B6263685360238913816FE7CD
:100B900013782B776CE71378AB7769E713786B776B
:100BA00066E7137885F82A3062E701F0E1FC98B136
:100BB000007900F001026178207801F0DFFC002864
:100BC0007FF435AF6378012B7FF652AF0EF062FCF5
:100BD00000287FF44DAF28E70246ECE71078431E6B
:100BE000092B3FF622AF03F075FA41E74FF0FF30D3
:100BF0001DE76FF02C001AE7981000209E100020CF
:100C0000AA1000209C7C0020A87C0020B8100020A6
:100C1000F8B507460D4630B329B311F0070422D1C9
:100C2000124E96F83C30012B02D16FF00B00F8BD4C
:100C3000032B02D14FF0FF30F9E700F0D3FC00287E
:100C4000F8D02846FFF7B6FC0028EEDB18F014F8C1
:100C50003846716B03F0B8F9FFF746FE03232046D0
:100C600086F83C30E3E76FF01500E0E798100020CD
:100C700010B5074C94F83C30032B03D103F0BCF9BA
:100C800004F03EFA12F08DF9002084F83C0010BD0B
:100C90009810002008B503F043F903490420BDE88B
:100CA000084000F01FB900BF3905000008B503F087
:100CB0004BF903490320BDE8084000F013B900BF19
:100CC0001505000008B503F061F90649012000F0A0
:100CD00009F90549002000F005F9044B044A1A609F
:100CE00008BD00BFD1040000F10400009C7C00207E
:100CF00049B4000008B50549132000F0F3F803F0EB
:100D0000BBF8BDE808400CF0BDBB00BF8505000086
:100D100008B50549132000F0E5F803F0ADF8BDE88B
:100D2000084009F07FB800BF8505000008B502F053
:100D3000F9FF03491620BDE8084000F0D3B800BF12
:100D40005D050000074B4FF0FF3141F6FF72C3E92C
:100D5000001205490022C1E900221F21C3E9021245
:100D6000704700BFC0040020D81000203F280CD8D6
:100D700001380B4BC0F3421200F01F0053F8223031
:100D800023FA00F000F001007047FF2806D0403839
:100D9000044BC0F3421200F01F00EFE70120704740
:100DA000C0040020D8100020054A01460068134600
:100DB000496803C340F48C2300201360704700BFD0
:100DC000C00400200246034B0068516803C30020A2
:100DD000704700BFD81000200246034B00685168DE
:100DE00003C30020704700BFC80400203F280DD86F
:100DF0000138C0B24209084B00F01F0003EB820328
:100E00009B6823FA00F000F001007047FC2801D134
:100E10003920EFE700207047C00400200A8870B531
:100E200095B2C67BC2F30E020488023602F11003AB
:100E30003444C35AA4B233442344013BB3FBF4F318
:100E400003FB0422438892B29342034B8ABF2B4098
:100E5000AB4313430B8070BD0080FFFF08B54B1EF2
:100E6000062B03D84CF2A650FFF720FD094B994200
:100E700002D947F24660F7E719B900B101600846A8
:100E800008BD28B103680022C3E901211A1D1A60B8
:100E90000431F4E7FAFFFF7F10B5114B00EB41047A
:100EA0001A786389B3FBF2F303FB0223013A1A4475
:100EB000B2F5706F027928BF00231A448378B2FB21
:100EC000F3F0194403FB1020091AB1FBF3F003FB04
:100ED000101313446FEA43436FEA5343638110BD19
:100EE000E0100020024B03EB80035960704700BF05
:100EF000E01000202DE9F04F10F0070A85B00546FC
:100F000003D04EF6A700FFF7D1FCDFF85C81044662
:100F10004FF0010B08F16406B1463746D8F80030AF
:100F20008DF80BA043B101A898479DF80A30082B13
:100F300002D94CF63910E6E79DF80B1059BB05B104
:100F4000316008F104080436C845E7D1002D73D09C
:100F50000023DFF818914FF0180C984689F80030FC
:100F600057F82CA00CF1FF3CBAF1000F54D09AF8BE
:100F700004609AF802E0FF2E46D060460022411C31
:100F800037D19644BEF1FF0F3FD90BB189F80080ED
:100F900044F6E620B7E79DF80A00BDF80820434272
:100FA0000244013A1A40B2F5803F02D34EF6165081
:100FB000A9E7022801F1050338BF022004EB43042E
:100FC00000F1FF3C4042644404407DB1A4EB430384
:100FD000336099701A8083F803B09DF80C00187183
:100FE00001984FEA104C1881A3F806C002FB014497
:100FF000A7E757F8201029B191F804B0B34504BF12
:10100000897852180138BAE70022F0458AF804209E
:101010003CBF5FFA8EF80123BCF1FF3FA0D10BB1BA
:1010200089F80080182640F6FF6A57F82680B8F144
:10103000000F15D1013EF8D2601B05B0BDE8F08F5E
:1010400008EB410309F101094046A3F80AA0FFF7A4
:1010500023FF5FFA89F198F802308B42F0D8E9E774
:101060004FF00009F5E700BFE4100020E010002079
:1010700038B54FF6FF730380174B03EB81039B6E6C
:10108000ABB19C781A79B2FBF4F104FB1122D2B215
:10109000114603EB4105B5F90A50002D0FDB013174
:1010A000B1FBF4F504FB1511C9B28A42F1D100205D
:1010B00038BD18466281BDE8384011F0FDBD03EB34
:1010C00041046289C2F30E020280D8780028F0D170
:1010D0004FF6EF10FFF7EAFBE01000201A4B03EB8E
:1010E000810370B59C6E05461CB3030421D40146F0
:1010F000204611F0C4FDFF28014604D02046BDE87B
:10110000704011F0D9BDA078B5FBF0F300FB13538C
:10111000DBB219460A1D04EB4206B6F90260002E46
:1011200009DB0131B1FBF0F200FB1211C9B28B42B5
:10113000F0D1002070BD8B4201D00023E37004EB9E
:1011400042025580DAE700BFE0100020094B03EBB4
:101150008103014610B59C6E204611F090FDFF28DA
:10116000014604D02046BDE8104011F0A5BD002086
:1011700010BD00BFE0100020F8B5104B074603EB90
:10118000810301469C6E204611F079FDFF2806463A
:1011900011D0E288238953EA024506D00146204651
:1011A00011F08AFD01463846A84720463146FFF730
:1011B00073FE0020F8BD0520FCE700BFE010002012
:1011C00038B50E4B0446827903EB8203986E08B95A
:1011D000052038BD8278E1799142F9D24B1CE37148
:1011E00000EB41035D89B3F90A30002BF3DBA580E6
:1011F00011F062FD20600020EBE700BFE01000204E
:1012000008B5114B03EB81039B6E1BB94EF6C5204D
:10121000FFF74CFB9A78C01A511DA0EB41001988CA
:10122000B0FBF1F0002801DB824202DC41F2B74062
:10123000EEE703EB40035889B3F90A30002B02DADA
:101240004EF63450E4E708BDE010002070B50446C7
:1012500010F003000E4603D04BF6BD00FFF726FB4F
:10126000FFF7FCFD054624B1034831460460FFF753
:10127000F5FD284670BD00BFAC1100202DE9F14FEF
:10128000DFF874B01E4680460D46DBF8003091460C
:101290009DF828A09DF82C701BB945F61E00FFF79D
:1012A00005FB52460921484611F0B2FB3A4684B28A
:1012B0000921304611F0ACFB81B2DBF8000021447B
:1012C00011F0B2FCC8F8000018B9286001B0BDE800
:1012D000F08F20445346494609222860D8F8000080
:1012E00011F05DFB3B4609223146286801B0BDE89C
:1012F000F04F11F054BB00BFAC11002070B50E468A
:10130000044611F098FB0546304611F094FB044B5F
:101310002A1821461868BDE8704011F0A9BC00BF2A
:10132000AC110020024B186808B111F071BC704775
:10133000AC1100201F2AF8B50ED89200033222F01B
:101340000303B3F5803F2ED2184CB0B1850711D0FE
:101350004FF6FC00FFF7AAFAFF2A4FEA420304D92E
:10136000FF329A42A8BF1A46E8E77C2BB8BF7C231D
:101370001A46E3E721706060238122F003022823EC
:101380006468002512044B430127120CEEB2B142EF
:1013900001D81846F8BD10B1C6182770666013440E
:1013A00001352834F2E74FF0FF33F2E7B0110020A7
:1013B000154A002170B553681578C8B2854203D824
:1013C00049F28140FFF772FA1C461846013114F8C1
:1013D000286B0EB92346F0E7002199700124128989
:1013E000996103F126055C709208D96103F11E042E
:1013F000596824F8022FA54243F8041F1144F8D17C
:1014000000234361037070BDB01100200A4B1B899B
:10141000B3F5FF7F4FEA930006D25A089B1A9BB29E
:10142000984238BF18467047B3F5EE6F01D8FF22D7
:10143000F4E740F27263F3E7B01100204B782DE936
:10144000F04106460C4602F0040702F0FB05EBB142
:10145000002D34D1FF23A3707B0804EB57073A7D9E
:10146000032A02D1022D18BF0133E218012103F132
:101470000C0004EB8303117500225B6824F8102034
:10148000A2703046C6E90032BDE8F081002DE1D1FE
:101490000123084601F11E028D614B7004F1260CF8
:1014A000194BCD611B8949689B0822F8023F94457E
:1014B00040F8041F1944F8D100236361CAE7D1F84A
:1014C000048014220021A018617018F089F90E4BD5
:1014D0001B89B3F5FF7F0FD25A089B1A9BB208EB0A
:1014E0000301C4F804802384A1606284C4F80C80E2
:1014F000A3842161E284ADE7B3F5EE6F4FF0FF0204
:10150000EBD940F27263EAE7B011002007B5CDE9EC
:1015100000230B4603490246081D11F01CFD03B0D1
:1015200000BD00BFDC11002013B5CDE900230B4640
:1015300002460349034811F00EFD02B010BD00BF82
:10154000E4110020E811002008B54B1E032B03D93D
:101550004CF27300FFF7AAF90028054A0CBF0523D7
:101560000C2303EB8103053323F00103137008BD43
:10157000EC110020124B01224FF0FF3000215A6085
:10158000C3F80803C3F80015C3F804255A6040F6F1
:10159000FE72C3F808034FF48060C3F8001503F52A
:1015A00060330849C3F80825C1F88800BFF34F8F9E
:1015B000BFF36F8FC1F88801C3F80825704700BFDB
:1015C00000A0045000E100E002680020014B1A6016
:1015D000704700BFF0110020014B1B68184700BF87
:1015E000F0110020024B1868003818BF0120704726
:1015F000F0110020014B9B68184700BFF01100203C
:10160000014BDB68184700BFF0110020014B1B693C
:10161000184700BFF011002010B4024CD4F814C0D9
:1016200010BC6047F0110020014B9B69184700BFB8
:10163000F0110020014BDB69184700BFF0110020BA
:1016400030B503680446054D45F8043B0FCC0FC583
:1016500094E8070085E8070030BD00BFF0110020C6
:101660000A4606489C2302F8033BC368C1F80330CE
:101670000369536043699360704700BF10120020F4
:10168000024B5A8C02435A845B6A1847101200209E
:10169000014B00215B6A18471012002010B5144C52
:1016A0000DF078F80DF068FE208DFFF7F1FF237E36
:1016B00063B122460F4904F1190052F80C3BE36074
:1016C00063685360A368936013F093FD218DE06A13
:1016D00005F082FAE36AB3F8B20005F027F8636B0D
:1016E000218E94F832009847002384F8383010BDDA
:1016F0001012002061160000034B93F838300BB134
:10170000FFF7CCBF704700BF1012002070B5274C08
:10171000E56A95F8B060CEB101280AD1638C1A074A
:1017200007D594F839300BB1012070BD2B7C082B04
:10173000FAD00129F8D8238D228E03F02003134319
:10174000F2D15EB901280AD03046EEE70028F0D188
:10175000638C5B07EDD52B7C072BE9E720BB0CF0F6
:10176000E3FB6B698342DFD3AB7C002BDCD1638C62
:1017700036B19A0704D594F8390080F00100D4E717
:10178000002BD1D194F83A301BB994F83B30002BA0
:10179000CAD0E36AD3F81821B3F82431108A9842EA
:1017A0002CBF00200120C0E71846BEE71012002021
:1017B00008B5084B93F83820022A03D049F6FB50AD
:1017C000FFF774F8DA7A42F00102DA72BDE80840F5
:1017D000FFF764BF1012002010B586B00C4611F060
:1017E000FAFB0023059004F188010420CDE90333BE
:1017F00041F6EF73029304F198030193064BDB6A01
:1018000093F8B030B3FA83F35B090093D4E91E2355
:101810000DF0DAFB06B010BD1012002010B586B036
:101820000C4611F0D8FB0023059004F1880102203A
:10183000CDE90333094B9A8F029204F19802019289
:10184000DB6A93F8B030003B18BF01230093D4E962
:1018500020230DF0B9FB06B010BD00BF1012002010
:1018600010B50B780446013BDBB2012B05D8828909
:10187000006816F09DFEA08010BD0268887813787D
:1018800060F3C303C87860F38203087960F304133C
:10189000487860F301031370A38953700223A38077
:1018A0004A792168012A0B7862F345130B70E3D162
:1018B000084BDB6A93F8C22093F8C330032A03F085
:1018C0001F0308BF002243EA82138B700323A38007
:1018D000D2E700BF1012002073B5144C0646256CE9
:1018E0000DB1E36C1BB942F6D410FEF7DFFF2A7886
:1018F0002B4661F3010203F8032B1846B4F850207D
:10190000E16C10F067FD0DF1020201A9E064606D69
:10191000656411F073F9019811F05EF9B4F8501094
:101920003060606D11F03AF902B070BD1012002005
:1019300070B52B4C41F6F6720646E56AA36DA264BB
:10194000AA7EA18F95F83101636482B905283ED142
:10195000E365244BA266C4E9183200232248E366FB
:10196000103843610CF068FE0DF006FD0FE0043105
:10197000052889B223D11B4A04F15C00E3650023EA
:10198000C4E91823C4E91A3323670CF055FE7EB965
:1019900095F83131B5F8EA10033BDBB2012BB5F80D
:1019A000EC308CBF30462820184480B20CF08EFEFC
:1019B00000200CF0CBFE022384F8383070BD606F3D
:1019C0000CF026FE616F606C0DF07AFBDFE7E365DB
:1019D0000333064A6366064B2266A366BDE700BF73
:1019E00010120020F61F000D7C1200200200000DD6
:1019F000F31F000D2DE9F041264C0646884694F869
:101A00003870012F03D049F2C870FEF74FFFE56A26
:101A10002B794BB1002104202971FFF731FEE36AD5
:101A200093F8B03003B16F712B7A052B0FD11A499F
:101A30000220FFF725FEE36A93F8B0303BB1D4F8FB
:101A400080301B789A1E5342534184F839301EB1BE
:101A5000BDE8F041FFF722BEB8F1000FF8D03146E3
:101A60003046FFF753FE0028F2D1AB7EE46A23B183
:101A7000294604F1B000FFF7D1FE94F8312101208E
:101A8000B4F8EA100CF0B2FC0020BDE8F041FFF71A
:101A90004FBF00BF10120020901200202DE9F04728
:101AA000B54C88B000230746E56A0293ADF80430D0
:101AB000CDF80B302A7A8DF80330062A00F29E8189
:101AC000DFE812F007009F017A017A019C018D0185
:101AD0008D01A5F84C3095F8B030A3B9B4F88C203E
:101AE000ADF8042001A904A8A5F8242102F08AFE7B
:101AF00000283DD0049E002E3AD0012384F88E3079
:101B000005232B7258E0AB7B243BDBB2072BE5D9D6
:101B1000EB7B243BDBB2072BE0D995F830610CF06E
:101B2000FDF9E16A032800F1FF3014BFB1F81E315E
:101B30001B23C0B29F4236BFDB1B00239BB203288E
:101B400096BF8E4A042212565343721ED2B2032A03
:101B500097BF8A48042212181279B3FBF2F3B1F846
:101B60001C21B4F88C100B449A4228BF1A46B7E7E0
:101B7000BDF80430002B00F01C81E36A93F85D305F
:101B8000002B40F016810DF1030201A9D4F890005A
:101B900010F077FF0646002800F00B819DF80380C7
:101BA000B8F1000F40F0C08000233380B3700323EE
:101BB0002B72012384F88E304FF0000895F83031F5
:101BC000052B40F021812B7A002B14BF0223012327
:101BD0005A1E8DF80830012A00F21A81012B00F0FC
:101BE00015811621B5F8B200FFF7B0FA0078002190
:101BF0008DF80E000CF052FABDF80430604AA2676E
:101C0000A4F8843003B1F31CC4F880306A7A2E7AC9
:101C10008DF80A20022EAA7A8DF80B2004D0053EFA
:101C2000012E8CBF012603268DF80960B8F1000F44
:101C300000F0F28000209DF809308DF80C00032B95
:101C400040F0FF80D4F880301B781B2B40F0F980E7
:101C5000012105F1C2000CF08BF901238DF80D3044
:101C60009DF80C30474E003B18BF012384F83A30F2
:101C70006B7E002B00F0E980B4F88430002B00F07C
:101C8000E48005F1B00011F0A6F9032800F0DB8034
:101C900007280CBF102304233B49B4F8845003C920
:101CA0002B44A56FCDE90401B4F87C00616FADF859
:101CB000140004A8069102A90495ADF81C30FFF7A2
:101CC000CFFD049BBDF81420BDF81C10069DE365F4
:101CD0000023A4F860200D222C48A4F8681041F6D7
:101CE000FF71E36684F8623084F8632084F86A3018
:101CF00084F86B20736065660CF09EFC02A811F0FE
:101D000052F92B46D4F88020B4F8841001900DF0DD
:101D1000C1FA01200CF01AFD012384F8943084F8F4
:101D2000383008B0BDE8F0870146D4F8900010F0D4
:101D30004FFF10F051FFD0F800A0D0F804900746F4
:101D40005AEA090324D100239DF803203B707B70DD
:101D5000BB70FB703B717B71BB71FB71002A3FF460
:101D600023AF327802F00302012A3FF420AF0222AF
:101D70002B772A721DE700BF1012002073D60300D4
:101D8000981200207C120020881200206C12002083
:101D900017F083F9824579EB0109D4D20023ADF81D
:101DA000043095F83021052A18BF01232B72394ED3
:101DB00004E74FF00008F1E7B5F824310DF1030214
:101DC00001A9D4F89000ADF8043010F05AFE064690
:101DD00000287FF4EEAE4DF64700FEF767FD01A93F
:101DE00004A802F00FFD08B1049E16B945F24E405A
:101DF000F3E7012384F88E30062382E64DF63B603C
:101E0000EBE74FF00008D2E70023E1E60020EEE622
:101E1000BDF804303246F2E6032E03D11B78022BC4
:101E20003FF408AFD4F8900010F082FE38B9032ECA
:101E30003FF400AF02F004FD80F00100FBE601205A
:101E4000F9E600230AE7082326E702A91248FFF76C
:101E500007FDD4F88010A36FB4F87C206166B4F855
:101E60008410E3650023A4F860200D220B48A4F839
:101E7000681041F6FF71E36684F8623084F86320ED
:101E800084F86A3084F86B2073600CF0D5FB0DF099
:101E900073FA3EE798120020881200206C1200208E
:101EA0002DE9F04F984C8BB0824694F8383003916E
:101EB0000021022BE56ADFB2CDE9041103D045F21F
:101EC0002F60FEF7F3FC95F83131052B61D104F159
:101ED0004C0208A9606C16F0A9FB9DF823309DF810
:101EE00020B001939DF824309DF8216002939DF865
:101EF0002290AB7EDDE90801ADF81C10090C0690BC
:101F00008DF81E10BAF1000F00F0B3817BB1B4F868
:101F1000503063B195F83131052B08D106A87B49C3
:101F200011F041F8E36C08901A460DF037F9B4F857
:101F3000501019B1606D10F01BFE01460BF1FF3817
:101F4000238D21645FFA88F843F40073B8F1010F20
:101F500023856B7A3FD9013303F001020199914245
:101F600040F08C802A7A002A3ED1B8F1010F48D97E
:101F70000427B5F84C30022FA5F84E305AD104A9E9
:101F8000D4F8900010F0A0FD00285FD14DF29950D8
:101F900097E7626C13780891CDF8231003F00301E2
:101FA0008DF82110C3F3C0018DF82210C3F3800116
:101FB0008DF82310C3F30011C3F340138DF82410E0
:101FC0008DF825305378A4F8503003231A44A4F830
:101FD0004830E26481E7019AD21A12F0060F10D15C
:101FE000013303F00702B9E7032A6B7203D8012A11
:101FF00008BF0127BDE7053A012A19D940F66E70DE
:102000005FE7238E43F0100323860027AB7E002B6F
:102010007ED0B4F85030002B7AD00DF0CDF90328E3
:10202000FBD002282CD1FFF739FB0BB0BDE8F08FB5
:1020300003279EE7032F10D102F0F4FB10B948F2FA
:10204000D6403EE700210820FFF71AFBD5E91E32F3
:10205000013342F10002C5E91E320021E36A297210
:1020600093F8B0302BB16B791BB110206971FFF779
:1020700007FB238D43F400632385C6E75746C5E776
:10208000002845D1B8F1010FAB7A07D803F0070358
:1020900099453DD1012384F83230C4E703F00102B1
:1020A0009145F7D003F00103994541D1B4F8508030
:1020B000B8F1000F00F0AD80731E012B00F2A98073
:1020C000238D95F81A9043F4805323850BF026FF57
:1020D0000328B5F81E3107D1B9F1000F0CBF1F223C
:1020E0001B22934228BF1346B4F850209A421BD8B3
:1020F000236CEBB194F89530002B00F08A80238D8F
:1021000043F02003238513E010120020601200200A
:10211000BBF1010F0CD0BBF1020FAB7AC2D1A3EB24
:10212000090212F0060F71D0238E43F010032386AC
:102130004FF00008C146236C05F1B00B002B40F0B6
:10214000BA80B4F85030B3FA83F35B09029A012ADB
:1021500014BF002303F0010384F83B30039B002BE2
:1021600000F0AB800CF016FBB9F1000F40F0C78017
:102170004FF00108238D5A0606D44020FFF788FA55
:10218000238D43F040032385E06A7FB1EB8843B998
:1021900090F8B0302BB1B4F80530B4F807201343F1
:1021A00004D0B4F809300133A4F80930BAF1000FB3
:1021B00000F0AA80B4F805300133A4F805300023FC
:1021C00084F8963004F0A2FA049830B110F004FDBF
:1021D00000220272594603F0ABF8059B33B100228E
:1021E0001A720C225946059803F070F8B8F1000FE6
:1021F0007FF419AF238D1B063FF517AF8020FFF743
:1022000047FA238D43F0800323850EE703F007038D
:102210004AE7AB7A032E03F10103AB721FD0731EA2
:10222000012B0DD8B8F1000F82D0D1464FF0000835
:10223000D5E92032013342F10002C5E920327AE7C4
:10224000B8F1000F3FF474AF002E7FF471AFD5E901
:102250002032013342F10002C5E9203268E7238DC4
:1022600001202C4943F4805328712385FFF708FA95
:10227000EDE70BB10DF0C2F894F89630013384F815
:102280009630238D43F4806323850BF047FE0328AB
:102290000CD1B4F850804FF00009B8F11B0F4F4635
:1022A00094BF4FF000084FF0010844E74FF00008DA
:1022B000C14647463FE7012348E794F896100120BE
:1022C000FFF724FA00287FF44DAF6B7E1BB129463F
:1022D0005846FFF781FA002095F83021B5F8E8104C
:1022E0000CF084F8B4F85000FFF7D8FBB9F1000FF8
:1022F0003FF440AF314605A8FFF7EEFA3AE7314622
:1023000005A8FFF7E9FA33E7B4F807300133A4F87A
:10231000073057E75C120020064B10B593F83820C1
:1023200002F0FF0422B91C7604F04EFC204610BDDA
:102330000C24FBE710120020094B0A4A10B51A6062
:10234000FFF7EAFF18B148F67620FEF7AFFA064C21
:1023500001F06EFEA06501F06FFE606710BD00BF6A
:10236000B07C00206025000010120020F8B5684CF9
:10237000054694F8386006F0FF000EB901B11AB9AD
:1023800040F60430FEF792FA84F8953005F1B00675
:1023900061626263208684F8960084F8320084F8D3
:1023A00094006084208584F83A0084F83B0084F827
:1023B0008E0084F83900A067C4F88000A4F8840077
:1023C0006064E064A4F85000E5620BF0FFFD0CF0DF
:1023D000D3FF95F938010BF067FE95F83031D5F849
:1023E000DC70052B75D1FB43B5F8B20047EA0367F3
:1023F00016F04AF8818800680BF068FE38460CF049
:10240000E9F8687F0BF074FD95F82C000BF076FE70
:10241000B5F8E8305D2B03D9B5F8EA305D2B01D86B
:102420000BF05EFDE36A93F8B070002F56D104F014
:10243000AFFB95F83021374B4FF47A7153F82230C7
:1024400003F5FA73B3FBF1F33333191838460BF085
:10245000B9FF314B18680CF0C3F8D5F8C830C4F890
:102460009030D5F8CC306365AB7B243BDBB2072BD7
:102470003CD9EB7B243BDBB2072B37D9B5F8FA30DC
:10248000B5F81E71A4F88C3003F016F9E36AB8426F
:1024900093F8B03038BF3846A0874BBB6B7E1BB17A
:1024A00029463046FFF798F90020FFF7F7FA002396
:1024B00023606360A360EB886380B5F8B23023804B
:1024C00095F82C302371D5F834310BB101221A6004
:1024D000F8BDD5F8D4000BF0EFFD8FE704F058FB02
:1024E00095F8312100F155010120B0E71B23C7E722
:1024F000AB7E1BB129463046FFF790F90120FFF76C
:1025000017FAE36AD3F8F8010CF0AEF8CFE700BF92
:10251000101200206CDD0300B07C0020014B93F80A
:102520009400704710120020054A92F88E00138D17
:1025300010B113F4C06F01D1C3F30030704700BF76
:1025400010120020024B93F82900C0F3C00070471E
:1025500010120020014B93F89600704710120020D3
:10256000B1170000A11E0000F5190000F9160000C7
:10257000014B1868704700BF6013002008B5431E68
:10258000032B11D84B1E032B0ED8094B0129597070
:102590000CBF00210A2198701A71997201461046E9
:1025A000FEF7D2FF002008BD6FF01500FBE700BF6B
:1025B00078060020074A537A40B143F0040300290B
:1025C00053720CBF002307235371704703F0FB03C2
:1025D000F5E700BF7806002040EA4100014BD870C3
:1025E000704700BF780600202DE9F341002407461C
:1025F0008846114D26462B78CDE900668DF80630C9
:102600006846FEF7DDFD28B101340435082CF2D10F
:10261000002005E06B88009AD058B84203D1012011
:1026200002B0BDE8F081B8F1000FE9D0784013F0B6
:102630003AF80128E4D8F2E74431010010B5044625
:1026400010F051FD08B9002010BDE04310F04BFD23
:102650000028F8D0E31683EAA4635A1E1A42F2D087
:10266000E3B25A1E13405A1E1342ECD0A0B213F02C
:1026700064F80B28E7D8204613F05BF81828E2D856
:10268000A3B2B3EB144F04D184EA142313F0FF1F59
:10269000D9D0044B63405A1E1A4214BF01200020B7
:1026A000D2E700BFD6BE898EF0B5070C164BA7F552
:1026B000AA4203EA9023543A012A20D927F4004081
:1026C00042F6AA22801A18BF0120002216211F24D8
:1026D000164687EA060562EA0505013511D0DD03D5
:1026E00001394FEA5303ADB245EA56064FEAC43505
:1026F0004FEA5404ADB245EA5202EAD1F0BD0020DF
:10270000E3E70020FAE700BFE0FF3F000138C0B276
:10271000042808B503D94EF23F70FEF7C7F8014B05
:10272000185C08BD94D603000138C0B2042808B56F
:1027300003D94EF23F70FEF7B9F8014B185C08BDA3
:10274000DCD703000138C0B2042808B503D94EF223
:102750003F70FEF7ABF8014B185C08BDF6D80300DC
:102760000138C0B2042808B503D94EF23F70FEF715
:102770009DF8014B185C08BDCED90300F7B50023C6
:1027800005460E461746CDE900336846FEF718FDAC
:1027900008B100201AE0009CAC42F6D0304604F1AB
:1027A000B50310F0DFFC394694F8B42012F012F8AB
:1027B0000028EAD004F1BC0394F8BB2005F1BC0169
:1027C00095F8BB0012F006F80028DED003B0F0BD8B
:1027D000054A516A02F11D03127F11F8030BC0F381
:1027E000801011F0F7BF00BF1C76002038B5B0F89C
:1027F000B250044628460AF0B5FE16212846FEF7D8
:10280000A5FC054B00F11401204693F86C20BDE8AF
:10281000384016F05CB800BF68130020012817D8B4
:102820000D48824216D8012B0DD140F252739A42C4
:1028300010D9A1F6C410094B98420BD88A428CBF1C
:10284000122000207047042BF3D140F6C313EEE7AB
:1028500012207047302070478FFD7002CBF370025A
:1028600010B504460A4814F017FF0A49204608F03C
:10287000D9FE204614F041FE38B1204608F032FB64
:10288000204614F006FF002010BD1220FCE700BF18
:10289000A4130020AC130020F8B58C1F40F67A4733
:1028A000BDF81860A4B2BDF81C50BC4216D8941FE5
:1028B000A4B2BC428CBF0024012488B91A48C07B52
:1028C00088B194B96FF45067C819062804D86FF41A
:1028D00050601018062808D92046F8BD0024ECE7FF
:1028E00090F88900ECE7002CF6D0914219D803FB50
:1028F0000555B5F5FA7F14DCA6F10A0340F67640DB
:102900009BB283420DD8104610F032FC42F2107395
:1029100000FB05F15E43B6EB410F8CBF01240024A0
:10292000DAE70024D8E700BF681300202DE9F04360
:102930009846814B85B00446804D0F461868164670
:102940001B7902908DF80C3095F86D3013B102A808
:1029500002F0EAFA3946204602F080FAAB69C4F880
:10296000F03096F84A2006EB4202B2F82A90484628
:1029700010F0FEFB01466FF450608144B9F1060F80
:1029800040F28280908C4FF0961210F0F1FB002301
:10299000C4F8E82040F2E24284F83A31A4F8EC307E
:1029A00004F0A0F840F2E2430146A4F8FC31C4F878
:1029B000D010C4F8F81101F087FB8306A97B53BF40
:1029C0001B23EB882A891A46A4F8FC305C4BA4F838
:1029D000FE201B6884F8F8101BB194F938113846B2
:1029E0009847584B1B6813B1574920469847EB7BD3
:1029F000003B18BF012384F83931544B1B681BB1CD
:102A00005349B4F8B20098470123A4F8E630514B7B
:102A10001B681BB15049B4F8B20098474F4B1B6874
:102A20001BB14F49B4F8B20098474E4B1B6813B125
:102A3000B4F8B20098474C4B1B6813B1B4F8B2001D
:102A400098474A4B1B6813B1B4F8B2009847484BFB
:102A50001B6813B1B4F8B20098472B8904F1C80081
:102A6000EA8869790333033201919BB2297992B2E2
:102A7000009104F1CC01FEF701FCD4F8C83083B911
:102A80004AF64950FDF712FF012384F83A314FF01E
:102A90004D13C4F8E8300023A4F8EC304FF47A73F7
:102AA00083E7D4F8CC3013B945F6CF00EAE710F04D
:102AB0002AFBC4F8D400B8F1000F05D002F01AFECA
:102AC00020F07F40C4F8DC0096F84A302046E969DF
:102AD00006EB4306338EA4F8D830F38EA4F8DA3030
:102AE00015F060FA02A904F11E0011F0E5FF95F857
:102AF0006D3013B9FF2384F845322B6F0BB120469C
:102B000098471C4904F1B00011F0AFFA02F0F2FD51
:102B10000C23B0FBF3F202FB1300431D0D30DBB2BC
:102B2000C0B2082B98BF0346204684F82A3011F023
:102B300087FF05B0BDE8F0838D62040068130020B4
:102B4000D07C0020C87C002074130020E47C00208E
:102B500094130020E07C0020CA130020DC7C0020BD
:102B6000BC130020C07C0020C47C0020B47C00206A
:102B7000E87C00207213002010B504210020FEF72D
:102B8000E5FA044668B90421FEF7A8FA044618B924
:102B900046F6BC10FDF78AFE034B93F9741013F050
:102BA0002EFF204610BD00BF68130020014BD888BF
:102BB000704700BF68130020014B93F8280070474E
:102BC0006813002038B511F004FE002501F078FFED
:102BD000224C01F0E3FA12F0E5FA03F003FE02F0F2
:102BE000C3F90AF09FFC012001F02AFA1C4B1D4A90
:102BF00029461D601B2304F14400258084F86C5095
:102C0000A581E573A57484F8395084F84250C4E96D
:102C10000123F92310222382134BE3634FF4E06373
:102C2000A4F8403016F0DCFD012342F2107204F1EA
:102C3000620084F844302375C4E9122215F0DBFBEE
:102C400004F1540015F0FBFB0022002384F88050AF
:102C500084F82850C4E91E2338BD00BF6813002043
:102C6000CC7C002003021B0001010002064B41F650
:102C70004C521B211A629973C3E9062241F2883231
:102C80005A62FFF79FBF00BF6813002073B5424D23
:102C90000446AB69AE7BC0F8F030EB7B003B18BF5D
:102CA000012380F839313D4BC0F8D03002F0EEFC02
:102CB000002818BF002601F007FA830684F8F860A0
:102CC00053BF1B23EB882A891A46A4F8FC30344BE7
:102CD000A4F8FE201B6823B194F93811B4F8B200AF
:102CE0009847304B1B6813B12F49204698472F4B0C
:102CF0001B681BB12E49B4F8B20098472D4904F166
:102D0000B00011F0B2F90123A4F8E6302A4B1B6899
:102D10001BB10021B4F8B2009847284B1B681BB1C7
:102D20000021B4F8B2009847254B1B6813B1B4F8E2
:102D3000B2009847234B1B6813B1B4F8B200984710
:102D4000214B1B6813B1B4F8B20098471F4B1B68A6
:102D500013B1B4F8B20098472B8904F1C800EA888F
:102D600069790333033201919BB2297992B20091C0
:102D700004F1CC01FEF782FAD4F8C8301BB942F254
:102D80000B20FDF793FDD4F8CC3013B94FF6542047
:102D9000F7E702B070BD00BF6813002000093D00D6
:102DA000D07C0020C87C002074130020E47C00202C
:102DB0009413002072130020E07C0020DC7C0020B3
:102DC000C07C0020C47C0020B47C0020E87C002073
:102DD0002DE9F34105460F4613F051FE002800F09F
:102DE0009080284613F076FF40B1B7F80130013BE0
:102DF0007F2B03D9122002B0BDE8F081284613F0E2
:102E00006DFF08B90C20F6E7284613F0AEFC002849
:102E1000F8D1284613F0DDFD06460028F2D12846F9
:102E200005F05EFB0028E5D0F9782846B7F8018068
:102E300013F03BFF05213878FEF788F90446072197
:102E40003878FEF783F924B138B14CF25120FDF700
:102E50002DFD08B3044690F8E5602B4F3B68DBB1CD
:102E60004034204613F0CBF9B0B1204613F0A7F957
:102E700090B93EB1254B20461B68984760B14DF292
:102E80007350E4E7224932463B682046096A984776
:102E900010B140F6B920DAE742F21073284603FB7E
:102EA00008F813F00FFF014638B94246284604F0EF
:102EB000D3FB20B34FF68800C9E703210DF10600CC
:102EC000FEF7D6F8044608B90D2094E7BDF80610C1
:102ED00001F0F6FF2146284613F030FF2046FFF7A9
:102EE000D5FE42462146284604F0B6FB10B141F219
:102EF000D770ACE7064B1B6F0BB1204698470020FC
:102F000079E7422077E700BFD87C0020D47C0020FE
:102F100068130020024B1B6803B118470C20704750
:102F2000CC7C0020014B93F974007047681300209B
:102F3000034BDA8802801B7983700020704700BF42
:102F40006813002070B5837806461A2B08D8042B26
:102F500004D92C4A22FA03F3DB0705D412200BE034
:102F6000292B01D03B2BF9D1308811F043FD70B1F2
:102F700090F83C210AB10C2070BDB27880F83D2158
:102F8000FF2280F83C2110F063FA0020F4E70A21C8
:102F90003088FEF7DBF8044690B3B0F8AC0111F0CE
:102FA00029FD05460028E6D00921B4F8AE01FEF758
:102FB000CDF818B949F2BC00FDF778FC03781BB9CD
:102FC00094F8C831032BD6D195F85631002BD2D1C5
:102FD00094F8F031002BCED1B4F8B031A5F85831C7
:102FE00094F8B83185F85A31037D85F85B31B378B0
:102FF00085F85C3184F8F031FF2385F85631C4E759
:103000000220B9E72000380438B50278447802F08D
:10301000010354EA030101D1112038BD92071AD4EB
:103020008578002DF8D0002B18BF002400E01D4645
:10303000204610F0DBF80028EED0284610F0D6F835
:103040000028E9D0064B00201A7B9C7222F0030274
:10305000DD721A73E1E7002BE9D000242546E7E78B
:103060006813002010B5008811F0DDFCD0B190F895
:10307000522112B13A24204610BD90F8682002F087
:10308000FF04002AF6D190F85F20920705D1FF22B5
:1030900080F8522110F0DCF9EDE70349603012F0BE
:1030A000A8F8E8E70224E6E7656001002DE9F047AB
:1030B00003780446032B03D912252846BDE8F08780
:1030C00043780F2BF8D813F00C0F57D16278930880
:1030D000120759D4637EA578002B5AD1012DEBD16C
:1030E00001F046F885434DD194F8028018F00105AF
:1030F00006D001232269A168E078FFF78FFB05461F
:1031000018F0020F07D002232269A168E078FFF7C8
:1031100085FB2843C5B218F0040F00F08E8094F8A8
:1031200003A00423D4F80890226950464946FFF7CB
:1031300075FB284310F0FF05BFD1B8F1050F0ED184
:1031400094F804800423E16862694046FFF766FB57
:1031500005460028B1D1C24514D1894512D1237E3C
:10316000013BDBB2062BA7D801210020FDF7EEFFC3
:103170000546A0B941F68A60FDF798FB10F00CF8FF
:103180000028A3D1112598E703F00303032BA1D056
:1031900092E715F0FA0F8FD1002D8DD0A0E7A8305F
:1031A00014F0E9FC18B195F854309B0743D1657EC3
:1031B000E278003DA078637818BF0125012A03F06A
:1031C0000308C3F3810C14BFB2FA82F20222A16891
:1031D00000F0040318BF520910F0010F94F800909A
:1031E00094F818E023D026695BB16769F319994216
:1031F00007D24B089E4228BF1E468B1B9F4228BF0A
:103200001F460F4B83F84250002583F83C0083F89B
:103210003D2083F83E9083F83F8083F840C083F8D8
:1032200041E083F844001F65C3E9121645E7002B0F
:10323000E7D02769E5E70C253FE7002D8FD03CE775
:103240006813002000B5837989B0032B2AD88DF844
:103250000530012340F2712142798DF80630037860
:103260008DF804208DF80730B0F801304B430393FC
:10327000B0F803204A430D4991F841100592A2F697
:10328000C4128DF81C1000218DF81D1008498A42C7
:103290000AD8A3F6C4138B4206D801A8FFF706FF8D
:1032A00009B000BD1220FBE73020F9E768130020C9
:1032B0003C369C002DE9FF4107460078012813D1D8
:1032C0007B78012B03D9022B0CD1BB8853B17A88B0
:1032D000B2B1BB88A3B10A214A434FF4A0614B436A
:1032E0009A420DDB122479E00028FBD10121FDF781
:1032F0002DFF0546002840F08D8042F2665007E021
:1033000001210020FDF722FF054618B947F2E250DF
:10331000FDF7CCFABB88002B76D114F07DF800289D
:1033200074D195F81431002B72D12846FFF798FA22
:1033300004460028D6D10121DFF830810846FDF788
:1033400005FF98F81310064619B110B94CF2C400E5
:10335000DEE798F83C200023CDE9023312F00103A8
:103360001CBFD8F84C000290520741BF04AA02EBE0
:103370008303D8F8502043F8082C002941D096F850
:103380001431002B3DD07B88DBBB98F83C303046B5
:10339000009302ABD8F8482098F83E1014F022F9B8
:1033A00078B3304614F0EDFB06F14003074605F113
:1033B0004002683653F8041BB34242F8041BF9D1AB
:1033C0002846FFF74DFA014610B140F2EF609FE743
:1033D0000C2F07D10246284614F083FD204604B086
:1033E000BDE8F08117B147F28C1091E798F83D30B5
:1033F0002846296D43F0040385F8543014F051FD3C
:10340000ECE7BA887988E6E71124E7E73A24E5E7AC
:103410000C24E3E714F060FB04460028DED195F8A5
:10342000543095F8A62022B195F8A720134385F8CB
:10343000A600053BDBB2012BD0D82B6D13B943F6A8
:10344000AE6065E701210846FDF780FE4FF4C072CB
:10345000294606460EF0BEFF002386F8943004236A
:10346000316D304686F85430C8E700BF681300203D
:103470002DE9F04F457A8BB00446AA0718D545F0E0
:1034800001054572072D15D800F072FE35EA0000DF
:1034900040F0958094F848308BB9012D0AD1A3698A
:1034A000A74AA3F25373934200F24781012609E031
:1034B0006B07E7D1122420460BB0BDE8F08F15F062
:1034C0000106ECD1AF0745BF731CB1464FF0FF09B1
:1034D000DEB26D070AD5B31D9A4A54F82330A3F61D
:1034E000C413934200F229810136F6B204F10807B1
:1034F00004F122054FF000085FFA88F39E422ED8AF
:103500000FF04AFE237810B99A1E022A57D9042BCD
:10351000D0D813B9A378012BCCD86378032BC9D8A2
:1035200094F84930013BDBB2062BC3D8864F01210A
:103530000020FDF70BFEFB7C0546002B46D1012148
:103540000846FDF703FE002818BF054605F1A80050
:1035500014F011FB0646002852D00C24ABE7994525
:103560002FD0D7F804A03B695345A3D86A8B2B8C86
:103570009A429FD80120B5F814B06988EB892A894E
:10358000CDE900B00020CDE90213FFF785F900284E
:1035900000F0D380B8F1000F13D028880299884238
:1035A00088D1E988914285D1AA89039B9A4281D129
:1035B0006B8A5B457FF47EAF3B689A4501D011244E
:1035C00079E708F101080437023595E7A83014F0CF
:1035D000D2FA0028B3D06FF00043D5E92A129A42FC
:1035E00008BFB1F1FF3FAAD1637A2846009304F1E6
:1035F0001803E268617813F0F5FF064600289ED0B4
:10360000284613F00FFF08B13A2454E7284613F078
:1036100003FF0028F8D1BB7C43B9CDE9063307236B
:103620008DF81E3006A8FDF7CBFD60B300210DF12B
:103630001600FDF71DFD074600287CD00123224619
:10364000BDF81610FFF772F9384614F0C3FC1EB926
:103650006178284613F084FF04F10308A2782178EA
:103660002846434613F028FF00286FD1122400217A
:10367000B7F8B200FDF780FD00283FF41CAF4DF60F
:103680002D70FDF713F9069B93F8CD20802AC9D041
:1036900093F8E530002BC5D05FE7637A8DF81860AA
:1036A00013F00101E26818BFA06907921EBF0890DD
:1036B00001208DF81800481C13F0020FC0B218BF8B
:1036C000014658071BD59DF81800063103F0050385
:1036D00054F8211040F00400052B09918DF81800D2
:1036E0000DD108980B189A4209D25308834228BF7B
:1036F0000346D21A08938A4294BF0992099106A9F7
:10370000284607F08FFF94F848102846003918BF64
:10371000012113F0CEFE94F84910284613F0AFFEB5
:10372000284613F0B6FF3946284614F0BAFB0024A9
:10373000C1E60B249BE70D24BDE63024BBE600BFA9
:103740003CF67002CBF370026813002016B92846CD
:1037500007F0C8FB21784346A278284613F00DFFF6
:1037600094F8099000F004FD09EA0001284601F0F0
:10377000050113F087FE16B9042385F854302F6530
:103780004246A0780FF0EEFC0146284613F00FFFEA
:10379000237833B94246A1783846FEF7EFFF002878
:1037A000C7D1002E3FF479AF0421284613F0AEFEB6
:1037B0000028BCD10C245AE710B5437994B0032BF0
:1037C00057D823F00203027940F271218DF80630B8
:1037D000D0F806308DF80420CDF807304389027BFD
:1037E000ADF80B3001238DF805208DF80D300388DE
:1037F0004B43049342884A430792A2F6C412847B47
:10380000417B41EA0421ADF82810047CC17B41EAE8
:103810000421ADF82E10847C417C41EA0421ADF8EE
:103820003410047DC17C41EA0421ADF83A10417D99
:10383000847D41EA0421ADF84010C17D007E41EA5B
:1038400000210E48ADF8461000218DF84C108DF87F
:103850004E100B4990F841008A428DF84D000AD86D
:10386000A3F6C4138B4206D801A8FFF701FE14B0DB
:1038700010BD1220FBE73020F9E700BF68130020DD
:103880003C369C0073B507230024CDE900448DF835
:1038900006306846FDF794FC08B1002610E0009C55
:1038A00094F8CD30802BF4D094F8E560002EF0D061
:1038B00094F83131002BECD194F8CC30002BE8D1C6
:1038C00001210020FDF742FC054618B94DF6D14014
:1038D000FCF7ECFFA83014F04EF9234BDB7C7BB3F4
:1038E000E8B195F85430053BDBB2012B17D82846D8
:1038F00014F047F9044610B14FF24920E8E7284692
:1039000007F060FA95F854302246214623F004036C
:10391000284685F8543014F0E4FA00240DE0012123
:103920000846FDF713FC054610B941F66740CFE79E
:10393000A83014F020F960B90C24204602B070BD04
:1039400028B9002EF8D0FF2384F8CC30E5E7002E0C
:10395000F9D1284614F015F904460028EDD128467F
:1039600007F030FAE9E700BF6813002013B50446FA
:1039700010F074FF002851D02046FF2401F0E4FA33
:103980000023CDE900336846FDF71AFC68B3244BE9
:103990001B6803B1984700244FF48023CDE900430E
:1039A000FF246846FDF70CFC18B300204FF4A02359
:1039B000FF24CDE900036846FDF702FCE8B10021D1
:1039C0004FF4E023FF24CDE900136846FDF7F8FB30
:1039D000B8B100224FF43023CDE900236846FDF74B
:1039E000EFFB90B1002002B010BD009B83F8454270
:1039F000C9E7009B83F89A40D3E7009B83F83440E3
:103A0000D9E7009B83F83440DFE7009B93F8382028
:103A1000032AE3D1FF2283F82220DFE71220E2E726
:103A2000B87C002070B5837806460A2B34D800880D
:103A300010F0E0FF044688B313213088FDF786FBC1
:103A400018B948F68B70FCF731FF94F8543113B174
:103A50000C25284670BD837A03F0FF05002BF7D1B3
:103A600094F871301B0706D4FF2384F85331FF23E9
:103A700084F85431EDE794F87530DB0907D0037B07
:103A8000B178427B8B4228BF0B469A42EFD3044960
:103A9000023011F0A5FBDCE71225DAE70225D8E7B2
:103AA000618A0100F8B5067804460F46EF2E01D969
:103AB0001220F8BD4378827813F0100128D19D06BA
:103AC00003F003000CD50028F2D11807F0D45D07ED
:103AD00058B208D50028EBDB12F0030FE8D104E060
:103AE0000328F2D1E4E70028F6DA2079E278E579D4
:103AF00042EA0022607942EA0042A07940EA0520C9
:103B0000257A40EA05408242D2D81F2A14D8CFE74E
:103B10001806CDD402F0030203F060000243C7D1BF
:103B2000DD075BD503F00E02022A03D003F0060284
:103B3000042ABDD11807D8D5627A013AD2B2062A32
:103B4000B6D8A27A032AB3D813F0040302D1023AFA
:103B5000012A03D8E27A012AAAD813B9A37C032B3D
:103B6000A6D8237D00293CD0012BA1D1237E012B97
:103B70009ED8002942D06378D90703D500F000FA17
:103B8000002842D094F90130002B03DA0FF004FB37
:103B900000283AD004213046FDF7D8FA054600281F
:103BA00043D104213046FDF799FA0546002857D045
:103BB0002C4B93F9741012F022FF0021304614F0C0
:103BC000F4FB002837D1284613F079F821463870E5
:103BD000E0742846BDE8F84012F082BF13F00C0FE5
:103BE0007CE7022B3FF464AFA37D013BDBB2022BE9
:103BF0003FF65EAFE37D0F2BB8D959E700F0B8FA76
:103C0000820707D4237D022B01D1112051E7A37D28
:103C1000022BFAD000F0ACFA4307ACD4237D032B7F
:103C2000F3D0A37D032BA6D1EFE712F09EFD002871
:103C3000C3D00C203DE7403012F0E1FA0028C2D09A
:103C4000637803F03303002B7FF432AFA67D284660
:103C5000296A13F050F8FEF759FD8642B3D0E8E721
:103C6000072026E76813002030B503798BB00246A1
:103C7000042B52D84188B1F5804F4ED828480024F3
:103C80001844ADF804408DF80C40837A457943F030
:103C900010038DF811408DF8144043EA4503C57BAD
:103CA000007D43EA8503ADF824408DF8264043EAC1
:103CB000C003D2F8070003F01F03069003A88DF895
:103CC0000430BDF80430ADF80D3013888DF80F3096
:103CD0001B0A8DF8103021F07F4301A98DF81230B6
:103CE0001B0A8DF81330537B8DF8153053798DF8FE
:103CF000163093798DF81730B2F80B30ADF81C30D0
:103D0000937B8DF81E307F238DF81F304FF0011309
:103D10000893FFF7C7FE0BB030BD1220FBE700BFD2
:103D200094D6030008B540F2BE7000F095F940F259
:103D3000BD7000F091F940F2BC7000F08DF940F2D6
:103D4000BB7000F089F940F2BA7000F085F901F01B
:103D5000BBFE074B074A40F2BF701A6000F07CF9C7
:103D600001F0E8FE5320BDE8084001F095BC00BF1B
:103D7000C87C0020ED2700000278034672B142782B
:103D800062B142881A2A09D982881A2A06D900689B
:103D9000034A506000209B881381704712207047AF
:103DA0006813002002680020014B9A61704700BF31
:103DB0006813002002680020014BDA61704700BFE1
:103DC000681300200378A3F10A02112A9BBF024A5C
:103DD0000020122093737047681300200378FF2B94
:103DE00015D14378FF2B12D18378FF2B0FD1C378E5
:103DF000FF2B0CD1037923F0E0021F2A07D11F2BE0
:103E000005D05B09034A002082F841307047122038
:103E1000704700BF68130020014B187400207047E2
:103E200068130020014B587400207047681300206D
:103E3000024B1B6803B1184711207047BC7C00205F
:103E400008B5052000F008F914F055FA014B024AB4
:103E50001A6708BD68130020F553000008B5052057
:103E600000F0FAF805F0D2FF014B024A1A6708BDCC
:103E700068130020F553000008B53F2000F0ECF86F
:103E800002F0CEFB014B024A1A6008BDC07C002044
:103E9000F98A01000278531E012B16D84378022BB1
:103EA00013D843881F2B10D8501E03F01F03084956
:103EB00042424FEA83034241002043EAC2130A7B95
:103EC00002F0030213430B7370471220704700BFC8
:103ED000681300200378022B9BBF034A00201220A6
:103EE00082F86C30704700BF68130020024B93F8D3
:103EF0006C300370002070476813002008B5012261
:103F0000064B1A7104F0D6FA05F052F810F036F8A4
:103F100001F00EF9BDE8084003F010BDEC130020DD
:103F20000549064810B50FF0C4FF05490548BDE82E
:103F300010400FF0BEBF00BF34060020F413002075
:103F40003C060020F813002010B5094C094904F183
:103F500008000FF0AEFF04F10C0007490FF0A9FFB5
:103F600004F110000549BDE810400FF0A2BF00BFEA
:103F7000EC130020640600206C0600205C06002084
:103F8000014B1879704700BFEC13002010B50A4CA4
:103F9000072000F061F8094904F108000FF089FFDB
:103FA00004F10C0006490FF084FF04F110000549EC
:103FB000BDE810400FF07DBFEC1300204C06002040
:103FC000540600204406002038B5074C0D4601F089
:103FD00085F8A06825600FF064FFFEF747FE01F04A
:103FE000A1FB0123237538BDEC130020014B187D84
:103FF000704700BFEC13002010B50C4CE0680FF0C8
:1040000050FF20690FF04DFFFEF7DCFD202000F08F
:1040100039F82F2000F036F8262000F033F8292058
:1040200000F030F80023237510BD00BFEC13002012
:104030000048704798430020004870470214002051
:10404000014B5875704700BFEC130020014B587DA1
:10405000704700BFEC13002010B50849C0F3C70437
:10406000012300F00700064A8340085D03430B5517
:104070001378A34238BF2346137010BDD00400202C
:104080002E73002030B50E4AC0F3C705012100F0A1
:104090000700535D814023EA01030A4953550B7819
:1040A000AB4205D11A440020147814B100B10B7052
:1040B00030BD002BFAD0013B013A0120DBB2F3E71F
:1040C000D00400202E730020014BD3E9000170477B
:1040D000D0040020014B5870704700BF2E730020A1
:1040E000014B5878704700BF2E730020004870477E
:1040F000D8040020064B1878072881BF08381823F9
:10410000B0FBF3F001308CBFC0B20020704700BF9D
:104110002E73002000487047BCD60300F8B50C464B
:104120001321FDF713F8F0B1A4F1400106250F4F5C
:10413000C1F347137F78B3FBF5F4E6B2721CD2B239
:10414000974211D3182205FB143301F01F0102FB23
:104150000600DBB2012210308A4050F823301A42A8
:1041600014BF01200020F8BD0020FCE72E730020C2
:10417000094A106892F8F730C0F3C021C0F300205C
:10418000C3F38013400040EA810040EA031040F08E
:10419000010000F017007047D004002008B50CF0B3
:1041A000A3FB0023074A32F82310814205D302EB18
:1041B00083029378044A137008BD01330C2BF2D1AB
:1041C0000023F7E7ACD7030030730020024B1878C8
:1041D000072828BF07207047307300202DE9F04FD3
:1041E00087B0C3F3C01690F80F900446ADF80C30BA
:1041F000884690F86F3040F2BE71B0F8B2001746B2
:1042000043EAD30303F0010AFFF788FF0546BAF13A
:10421000000F01D1002876D094F8B03004F1B00A34
:104220000293B8F1000F74D040468DF81300002FB0
:1042300072D1FFF79DFF3D4B8DF81400D3F800B00D
:10424000BBF1000F0CD0A9F126000DF1130251466D
:10425000434243410298009305ABD847834638B99F
:104260009DF8133013B19DF8142032B94FF0090BAB
:10427000B9F1260F43D10022134694F8391129B120
:10428000990750D593074ED502221346FF2184F893
:104290004C1194F84B1101F0FF0B002940D184F828
:1042A0004E219DF80C209DF8401066F3C71284F84B
:1042B0004D3184F84B118DF80C20BDF80C20A4F87A
:1042C0004F21627E52B3A27E42B3354013F01003F9
:1042D00018BF2B4694F84F2105A950468DF814803D
:1042E00063F3C712BDF80C308DF8157084F84F21B8
:1042F000ADF816300FF0B9FE002384F84C31584663
:1043000007B0BDE8F08FB9F1260F85D04FF01A0B3A
:10431000F5E7FFF72DFF88E738468CE75B46D9E7DE
:104320004FF03A0BE8E74FF0090BE8E7EC7C002090
:10433000B0F8B23010B5044680F88E11A0F88F3175
:1043400090F83001FEF7F0F984F8910194F831010A
:10435000FEF7EAF9044984F8920104F28510BDE8F9
:10436000104010F046BF00BFC53F010070B50446C5
:10437000B0300E4611F06EFCB4F8B25094F8C8217B
:1043800094F8C93184F8D60104F5E57084F8D36156
:10439000A4F8D45184F8D72184F8D8310249BDE873
:1043A000704010F026BF00BFDB3F01007FB5034621
:1043B0000E460D0A019003EA1124020A04EA1024B1
:1043C0003440E10631D41A4905F0EF0402F0EF025F
:1043D00003F0EF03097806F0EF0549B921462846B6
:1043E0000FF013FE20B9114618460FF00EFEC0B1B3
:1043F00013401C4005EA040005460EF014FF044675
:1044000028460EF010FF032C06D19DF8063003F06D
:104410000303012B08BF0424E4B244EA002004B0E3
:1044200070BD03EA04001540E7E705242046F3E7E2
:10443000317300200138C0B204289DBF024B1B1805
:1044400058790020704700BFDCD703002DE9F04FFA
:1044500090F80EA088468DB00446AAF125061546B0
:1044600071427141052A06D00B2A04D00DB0BDE877
:10447000F04F0FF09BBEE37B272B3AD104F10F0BDB
:1044800098F8013098F8022003F01709134302F05E
:104490001706D80603D50B2D29D1B14527D109F12F
:1044A000FF37731E07EA090733401F431FD1304609
:1044B0000FF0B0FE40B394F83031984224D094F815
:1044C0004D21164213D0BAF1250F1DD094F82921A1
:1044D000164219D1013BDBB2042B11D80138904AA6
:1044E000C0B213440244987A937A98420CD9204679
:1044F000BCE7BAF1250F40F00B8104F10E0BBFE7CA
:104500004DF67D40FCF7D2F948460FF083FE40B1EE
:1045100094F83131834204D094F84E3119EA030FF4
:10452000E5D0B8F8033032464946204608930BAB35
:104530000093089B0FF07FFE9DF82C300646162155
:10454000B4F8B2000393FCF701FE034658BB049095
:10455000627E069252B394F81A900B2D40F0DA80E6
:1045600008F10505B9F1000F23D098F80A2002F0F0
:104570000102059294F83021DDF814A00792039A05
:1045800046EA0A06052AF6B200F01181002A40F038
:10459000C98046B3079A052A40F0C78063B9102046
:1045A0000DB0BDE8F08F427C0492D1E7DDF81890A1
:1045B000D3E7CDF81490DDE71A7C92B1032203F122
:1045C00008012846099315F0E4F80028E7D1099B73
:1045D000022208F1080003F10C0115F0DAF80028B6
:1045E000DDD10127B0E0079B5A1F5742574198F889
:1045F0000530002BD3D198F80630002BCFD198F896
:104600000730002BCBD198F80830002B00F09780B2
:10461000C5E7A37E002B00F09B8098F80A30039A30
:10462000C3F340030799B4F8B2000FF000FD98F807
:104630000A3003F0010260B1002AB0D0002F00F070
:10464000878094F94F21002AC0F282809B077FD592
:10465000A5E7002A7CD0F1E7059B8BB994F851318E
:10466000002B9CD1049B002B99D1DDF810A072E0A7
:104670000025F3E72C23A3738EE084F84B618BE0D5
:10468000CA46089BE288A4F8C032013B9B1A47F651
:10469000FD729BB293420DD92823204684F839300D
:1046A00001F01AFD04F10F039B457BD0002384F831
:1046B00056307AE0E37B0D2B02D00A3B012B01D868
:1046C0002A23EAE7039B84F8C2329DF82D3084F850
:1046D000C332D5B1039B84F8C4A2052B0CD116219B
:1046E000B4F8B200FCF732FD30B12B880381AB780F
:1046F0008372B5F8033083816D79C5F340052923B2
:1047000084F8C5528BF80030CCE784F8C452F6E741
:10471000022045E7B9F1000FAAD1CA464D461AE07A
:10472000DCD70300002E3FF462AF042204F1D40171
:10473000284615F02EF8074600287FF430AF98F889
:104740000930002B7FF42BAF069B002B7FF461AF69
:10475000B9F1000F80D1002E93D194F84B31012B89
:104760008BD194F85021304694F84F3194F83011A1
:1047700043EA022304F5307263F30F00E3880FF07D
:10478000BCFD00287FF476AF31462046FFF7D0FD10
:1047900084F84B618BF8006004F10F039B4585D1D1
:1047A0000023E373204610F0F6FF0020F8E6002E09
:1047B0007FF4F4AE01271AE7034B002283F85A2056
:1047C000A3F85C20704700BF32730020044B93F8BD
:1047D0005A20012A1ABF036001200020704700BF41
:1047E00032730020064A92F85A30012B1FBF012372
:1047F000A2F85C0082F85A30184608BF00207047C3
:1048000032730020064A92F85A3033B1026011B177
:10481000B2F85C300B80012070471846704700BF2B
:1048200032730020054B002293F85A00A3F85C2055
:1048300010B1012083F85A20704700BF3273002066
:10484000034B93F85A00B0FA80F04009704700BF5C
:104850003273002050B90A4A0120134603F8010BB5
:104860000868C2F801008A889A807047012805D13B
:10487000034B0A68D8719A608A889A81704700BF92
:104880009073002050B90B4B187888B1D3F80120F1
:10489000B3F805300A6001208B807047012806D1EB
:1048A000044BD87920B19A689B890A60F3E700200D
:1048B000704700BF9073002010B9044B1878704700
:1048C000012806BF014BD879002070479073002063
:1048D000F7B58A8800238DF80600ADF804200C4A4D
:1048E0008DF80730147802F5AC720868019DD9B2D2
:1048F0008C4201D8082107E052F8087F013356683E
:10490000AE4208BF8742F2D1084603B0F0BD00BFF7
:10491000A0730020084B002130B51C7A03F20F135E
:10492000CAB2944201D8082204E013F8015F0131B1
:104930008542F5D1104630BDA0730020F0B5244D5E
:1049400089B095F8A04105F2A111684622460DF004
:1049500041FD214668460FF061FF0446002835D02E
:1049600000EB400102A8C9B2FCF736FE95F8A93168
:104970000120013C95F8A021E4B205E00133B3FB2E
:10498000F2F102FB1133DBB203F120010DEB010662
:1049900016F8201C0029F1D104EB440106F8200C84
:1049A00003EB430220312A44694411F8187C82F851
:1049B000AA7111F8177C11F8161C82F8AB7182F8F5
:1049C000AC11EA1882F8A101002CD2D109B0F0BDD7
:1049D000A073002070B5064688B00C46002A4ED061
:1049E000294890F8A931C11891F8A1211AB941F6C6
:1049F0004F20FBF75BFF03EB43020133024492F8C5
:104A0000AA51E57092F8AB5192F8AC212571627110
:104A1000002281F8A12190F8A021B3FBF2F102FB62
:104A2000113380F8A93190F8CA3123B9174900F53C
:104A3000E17010F0DBFB65790D220021684605F07E
:104A40003F0545F04005657114F0CAFEE37804AAFD
:104A500069468DF80F30304623798DF80D508DF86A
:104A60000E30042314F0F4FD9DF81F3023709DF8E0
:104A70001E3063709DF81D30A37008B070BD032117
:104A80006018FCF7A9FDD6E7A07300203D4900009F
:104A9000044B1A7A824286BF1B1893F858010020F3
:104AA000704700BFA0730020044B1A7A824286BF71
:104AB0001B1893F850010020704700BFA07300201E
:104AC000074B00224FF461711A701A7283F8CB21E0
:104AD00083F8CC21A3F8CE1183F8CA21704700BF18
:104AE000A0730020014B93F8CC017047A073002005
:104AF00010B51446FFF7ECFE082813D0FFF70AFFA5
:104B0000094B1A7A82420DD904B12070034493F8FC
:104B1000482193F85801012A08BF40F0010000F035
:104B2000010010BD0120FAE7A0730020014BB3F88B
:104B3000CE017047A07300200A4B30B51C7A844226
:104B40000ED9184490F810012C3003EBC004A5795D
:104B50000D7053F8300010600120A388938030BDA1
:104B60000020FCE7A073002070B506460D4609F052
:104B7000D3FD08F01BFF0A4890F8CB4164B1017ADD
:104B800061B100F1900310303246002D08BF184685
:104B900008F0B2FE08F03AFF204670BD0C46FBE775
:104BA000A073002008B5024601F109030448012161
:104BB00000EB031008F0A0FEBDE8084008F026BF97
:104BC000A07300200246074810B590F8CB4124B1ED
:104BD000017A21B1103008F08FFE204610BD0C463E
:104BE000FBE700BFA07300202DE9F74F304E9A4637
:104BF00080468946337A0092834257D9331893F816
:104C0000504184F0010409B393F85831F3B944F0EA
:104C100002070134BAF1000F1AD1FA070BD50621A9
:104C200008F10900524601FB086106EB001001F58E
:104C30008C71FFF7CFFEBB0734D508F10100524657
:104C4000494606EB0010FFF7C5FE2BE02746E1E7DB
:104C500096F8A9514FF0010B002CDED0721992F892
:104C6000A1319BB9009BDBB1019200F02BFD05EB5C
:104C70004503019A4FEA102C334482F8A1B183F81E
:104C8000AA01000C83F8ABC183F8AC01013596F89A
:104C9000A031013CB5FBF3F203FB1255EDB2DBE7AB
:104CA00047F00407384603B0BDE8F08F0027F9E766
:104CB000A0730020F8B50646174C40B3217A04F5DE
:104CC000A8700FF0ABFD94F8A051074604F2A110B4
:104CD00029460FF0A3FD2D1AEDB2AF4219D80025D9
:104CE000237AE8B2834201D80120F8BD231893F853
:104CF000503153B90621324601FB0041093001F51C
:104D00008C7104EB0010FFF765FE0135E8E70546FE
:104D1000E6E70020E9E700BFA0730020F0B51B4FD5
:104D200089B006460D463B7A83422DD93B1893F84D
:104D300050414CBB0D222146684614F051FDEB78E2
:104D400006F1090004AA8DF80F3069462B7907EBAC
:104D500000108DF80E306B798DF80D30042314F0AF
:104D600077FC2A789DF81F309A420AD16A789DF81C
:104D70001E309A4205D1AC789DF81D30E31A5C4292
:104D80005C41204609B0F0BD0020FBE7A073002085
:104D9000074B1A7A824209D91A1892F850212AB977
:104DA000062202FB003000F58C707047002070472F
:104DB000A0730020064B1A7A824281BF1B1893F819
:104DC0004801B0FA80F0400998BF0020704700BF4A
:104DD000A0730020034B80F888101B680BB140883B
:104DE00018477047F07C00200B2808B503D94FF214
:104DF0008250FBF75BFD024B33F8100008BD00BF8B
:104E0000ECD7030030B50024D0F8D03042F2107552
:104E1000A0F84840C464B0F850405C43B4FBF1F4DF
:104E2000A0F850404C1E05FB0242B2FBF1F2A0F884
:104E30004A20094AB2FBF1F20132A0F85420B0F83E
:104E4000442005FB0244C26B5343B4FBF1F4B3FBB3
:104E5000F1F30464C36330BD005A62024FF4287258
:104E600010B50C46002114F0BBFC0122A0F8B240A2
:104E700082776FF0360280F86F20042280F870206D
:104E80006FF03B0280F871206FF0100280F8722002
:104E9000072280F87320002280F874206FF07F02D0
:104EA00080F875202B2280F86E20FE2280F8A62044
:104EB0007F22C272014A1278427710BD70750020BD
:104EC0004FF43E7210B50C46002114F089FC6FF0CF
:104ED00036010122A0F8B24080F86F1004218277D9
:104EE00080F870106FF03B0180F8B02080F87110EE
:104EF0006FF0100180F87210072180F87310002104
:104F000080F874106FF07F0180F875102B2180F805
:104F10006E10FE2180F8A6107F21C1720149097828
:104F2000417710BD70750020054B1B7833B9054BD8
:104F30001A681B79026003710120704700207047D6
:104F400071750020C8050020054BFF221A70054A24
:104F5000016811600179117100221A70704700BF59
:104F600071750020C8050020054B07B518681B792E
:104F7000009068468DF80430FFF7E6FF03B000BDEF
:104F80008D620400A1B13F280BD80B4B1B5C03F0D2
:104F90007F0291420ED08CBF0120002000EAD31086
:104FA000704700F11903DBB2112B03D8A738ECE7E7
:104FB000084670470120704704D80300FF230B7098
:104FC00002234B7083238B70014B1B78CB7070478F
:104FD000747500202DE9F84F47680D46FE6930468C
:104FE0000DF0E4FD044618B94DF2DF30FBF75EFC2E
:104FF000014630460DF0E8FDB4F800A083461FFAE4
:105000008AF8B8F1000F02D14FF64970EEE71C4B59
:105010001B68ABB9BB78FA782B706B78A5F802A047
:1050200062F3030323F0C0036B709BF8003003F0BE
:105030000303012B0ED0022B0CD04BF2EC00D5E772
:10504000C11C42467888984704460028E2D1204691
:10505000BDE8F88F6A78304663F305126A700DF088
:10506000BDFD044610B94EF65B00BFE742460BF1AA
:105070000301281D0DF0AEF930460DF048FDE6E7BE
:10508000F87C002038B5134C10220021201D14F0AC
:10509000A7FB0125257404F108031022002104F167
:1050A0001400C4E9013314F09BFB84F8205004F190
:1050B0001803094AC4E9053300236362A36284F834
:1050C0002C30C4F82D30C4F8313084F835301360FA
:1050D000A36338BD74750020F87C002010B5074C20
:1050E0002378FF2B03D040F2B250FBF7DFFB0DF02B
:1050F000D5F82070BDE81040FFF7C4BFCD050020F3
:1051000010B5034C20780DF0E3F8FF23237010BD99
:10511000CD050020014B18780DF0EAB8CD05002030
:10512000014B024A1A607047F47C0020D54F000002
:10513000014B024A1A607047F47C0020D54F0000F2
:10514000F7B506465D4DAB68AC69227A012A20D1DD
:10515000AA6B4AB1137A1BB94BF2A730FBF7A6FB37
:10516000AC6BCCB9002091E01A7A012AFAD01C4627
:10517000534AEFF3108172B650680068506001B96D
:1051800062B6A34208BFAC63237A2BB947F6193045
:10519000E4E705F11402ECE7277AFFB20523237256
:1051A0007B1E0B2B7AD8DFE803F076062134734C94
:1051B0003D3D3D3D3D68636813B94FF20E00CDE7BC
:1051C0002046314698470420EFF3108272B6237AC6
:1051D000052BD9B24FF0000365D12372A96BA14210
:1051E00000D1AB63002A44D162B642E0636813B9D0
:1051F00047F2B840B2E73146204698470346ADF83B
:105200000400C0B2C3F30723012B3DD0022BDBD136
:105210002AE0636813B94BF29B609FE720469847EA
:105220000020D1E7274B1B68002BF9D03A46606875
:1052300031469847A7F10A020420534253415B00CC
:10524000E4E7636813B94CF2CB6087E786223270DB
:1052500001225988B270727100229869A6F8031071
:10526000B2710DF054FC0420AB6BA34201D10023BA
:10527000AB6300283FF467AF08E0134B314620468C
:105280001B689847034660B9277290B103B0F0BD20
:1052900043F26B2062E74DF667205FE747F66B004D
:1052A0005CE70220E0E711B944F6380056E71846FB
:1052B00098E7002B7FF447AF54E700BF74750020D8
:1052C00078750020FC7C0020F47C0020134610B58B
:1052D000027A1AB144F28140FBF7E8FA0A46014625
:1052E0000248BDE810400FF05FBF00BF7875002096
:1052F000044890F82C301BB9034924300FF070BFDC
:10530000704700BF7475002099510100034606489C
:1053100090F83C203AB190F8352022B9034900F8C2
:105320002D3B0FF05DBF704774750020BD4F00002E
:105330000A4610B5037A1BB143F29510FBF7B6FA93
:10534000014606230248BDE810400FF02DBF00BF04
:10535000887500201346027A0AB1037270470A4624
:10536000014601480FF020BF78750020064B1B2234
:105370001A804FF4A4725A804FF480729A8040F2DF
:105380009A42DA80704700BFB2750020002900F110
:1053900010024FF01B110CBF4FF4A4734FF429639C
:1053A00082621B2201610162C1620649828302831B
:1053B0004281C3834383C3828382C3840163828621
:1053C000838470471B004801034B12B91880598031
:1053D00070479880D9807047B2750020012907BFB7
:1053E00002491230024909300FF003BFFF5101009A
:1053F000BF5201002DE9F041044690F84A3103F014
:10540000FF0823B1002380F84A314FF001082046FD
:1054100004F59F724346554D10F8B01FB1FA81F163
:10542000490910F035F8B4F84401B4F84621B4F84D
:105430004071B4F8426184F84881B8F1000F4DD151
:1054400029886B88884228BF08469A4228BF1A4696
:10545000B942A4F8440128BF3946B342A4F8462112
:1054600028BF33461B29A4F84011A4F8423102D0CA
:10547000B3F5A47F04D11B286BD0B2F5A47F68D00C
:10548000FF2384F83E31B4F8443141F6D4721B3B1B
:105490009BB2934203D947F69A20FBF707FAB4F878
:1054A00040311B3B9BB2934202D94DF2DA40F4E704
:1054B000B4F8463140F64812A3F5A4739BB2934268
:1054C00002D943F25500E8E7B4F84231A3F5A473DA
:1054D0009BB293423DD947F69F30DEE7A988EB881F
:1054E000884228BF08469A4228BF1A46B942054654
:1054F00028BF3946B34228BF3346B0F5807F1646F1
:1055000038BF4FF48075B1F5807FA4F844510D4643
:1055100038BF4FF48075A4F8405140F29A45AA4232
:1055200038BF2E46AB42A4F846611E4638BF2E4611
:10553000B0F5807FA4F8426106D8AA4204D8B1F53C
:10554000807F01D8AB4202D9FF2384F83E31BDE809
:10555000F081AB88B3F5807F04D1EA8840F29A43AA
:105560009A42F4D0FF2384F84A31F0E7B275002064
:105570002DE9F8430C469DF8241006330746A1F1A7
:105580000309008E13449DF820805FFA89F9B9F170
:10559000010F8CBF002628261E440FF054FEB9F1DF
:1055A000010F41468CBF7B8E4FF42963984228BF80
:1055B000184685B205EB0609A14538BFA4EB0909D9
:1055C000BC6A28BF4FF00009208A0FF03CFEA48A75
:1055D0000C4B84421B7A28BF0446A4B27BB9387AAC
:1055E00041460FF030FE48450A9B38BF484684428A
:1055F00088BF84B260191C803044BDE8F883002065
:10560000EEE700BFB27500202DE9F041074686B0F5
:1056100016461D4639BB1C4B284653F8224009F05C
:10562000A7F9804601F0B4FA04F22D444FF47A73DE
:105630009F304444B4FBF3F404440DF11603BDF869
:10564000302007F140000096CDE9015300231946B0
:10565000FFF78EFFBDF83430A3422CBFC0180019ED
:1056600006B0BDE8F081184609F082F9044601F061
:105670008FFA4FF47A7204F5464391301533B3FB39
:10568000F2F31C18D9E700BF6CDD0300014B187A58
:10569000704700BFB2750020532808B503D940F603
:1056A0005B00FBF703F9034A1378834238BF0346D4
:1056B000137008BDCE050020014B1878704700BF5D
:1056C000CE050020094AD2E90003434083EAB01125
:1056D00081EA43214FEAF34311605360044B58437E
:1056E0004FEAF06000EB8000704700BFBC750020FF
:1056F000BB79379E094AD2E90003434083EAB011DF
:1057000081EA43214FEAF34311605360044B58434D
:105710004FEAF06000EB8000704700BFD00500202A
:10572000BB79379E10B50A4C08210948FBF754FF96
:10573000D4E900321343F7D0064CFFF7DBFF2060BB
:10574000FFF7D8FF236860601843F6D010BD00BF94
:10575000D0050020BC75002008B502460FF0F3FF0D
:1057600040B108460FF0EFFF20B18A420CBF232062
:105770002A2008BD8A4209D1A2F13003DBB20B2BEB
:105780000ED8154840FA03F3DB071ED5322901D1A4
:10579000262A03D0322A03D1262918D12A20E8E765
:1057A0003E2907D1262AF9D03E2A12D03B2A10D111
:1057B0001F2902E03E2A04D126290CBF2A200020FE
:1057C000D7E73B29F2D11F2AF7E72320D1E73E296B
:1057D000F7D10020CDE700BFDEF7FFFF0B38C0B2E6
:1057E000432838B598BF0F4B0D4688BFFE2114469D
:1057F00098BF195C1046FFF7AFFF88B985B12978CB
:10580000342909D03F2909D0272908BF262120465D
:10581000BDE83840FFF7A0BF3221F8E73E21F6E7A8
:1058200038BD00BF56D80300094B0A4A1A600A4B1C
:105830000A4A1A600A4BC0F8B0300A4BC0F8AC30C4
:10584000094BC1F8B030094BC1F8AC30704700BF0C
:10585000547D0020178C0100507D0020498C0100F0
:105860000DD80000358B0100E38B0100358C010061
:10587000174B184A9A60184ADA62184A1A61184A8D
:105880005A61184A9A61184A1A63184A5A62184AA1
:10589000DA64184A9A64184A9A63184B184A9A604C
:1058A000184A1A62184A5A60184A1A60184A9A62C4
:1058B000184ADA62184ADA60184A9A61184A1A6372
:1058C000184A9A64184ADA64184A5A62704700BF44
:1058D000807D0020A9580100E15C0100B75C010057
:1058E0007F5C0100656200006966000021650000C0
:1058F000C35F0100E35F0100C1640000108000206D
:10590000BF580100775F0100255901000F5B0100BE
:105910000F5F0100F75C0100295F0100F95E0100E3
:105920008760010027600100156001008B5F0100A6
:10593000174B184A9A60184A5A60184A1A60184A4F
:105940009A62184ADA62184ADA60184A9A61184A62
:105950001A63184A1A62184ADA64184A9A64184A8A
:105960005A62184B184A9A60184A5A62184ADA6200
:10597000184A1A61184A5A61184A9A61184A1A63F1
:10598000184A9A64184ADA64184A9A63704700BF42
:10599000C87E0020A9580100CF5801004F5A0100CD
:1059A0007D5D0100CF5D0100B9630000DF5D010096
:1059B00069660000C1640000C35F0100E35F01008D
:1059C0002165000058810020BF5801008B5F010055
:1059D000F95D0100B35D0100155E0100596400002E
:1059E000876001002760010015600100775F0100FA
:1059F000054B064A1A65064A5A65064B064A1A6559
:105A0000064A5A65704700BF807D00205D63010033
:105A100033630100108000201F630100F763010061
:105A2000044B054A5A65054B054A1A65054A5A65ED
:105A3000704700BFC87E0020136401005881002019
:105A40001F6301003D640100054B064A9A65064A42
:105A5000DA65064B064A9A65064A1A66704700BF21
:105A6000807D0020C54401007D450100108000209C
:105A700001420100F5450100054B064A9A65064AB8
:105A80001A66064B064A9A65064ADA65704700BFF1
:105A9000C87E0020394501004D4400005881002097
:105AA000014201006F46010001490248FFF7BCBEF8
:105AB00010800020807D002001490248FFF7B4BE1D
:105AC00058810020C87E00200E4B0F4A0F48104915
:105AD00010B51A600F4B104A104C1A60104A114B47
:105AE000C2F84041C2F844010F4AC3F84411C3F858
:105AF00040210E4BC3F844110D49C3F84021C1E9C0
:105B0000504010BD607D002095840100BB840100E1
:105B1000A7840100647D0020178501006D850100C8
:105B2000C87E0020588100202985010010800020B7
:105B3000807D00200B4B0C4A1A600C4B0C4AC3F8BA
:105B400004210C4B0C4AC3F800210C4B0C4A1A6080
:105B50000C4B0D4AC3F804210C4B0D4AC3F800212D
:105B6000704700BF4C7D0020135D0100C87E0020FF
:105B7000D1620000588100203B5D0100487D00207B
:105B80002F5E010010800020575E0100807D002004
:105B90009D5E010073B5044601A80E46FEF716FE91
:105BA00018B947F2B370FAF781FE5A220021019822
:105BB00013F016FE019B3F2E1D4605F8036F43D8D8
:105BC0003F2E4BD8DFE816F05C00620067006F00E4
:105BD0008D00A601A6019800AF009B00A601A601BA
:105BE000A000AC00AF004A004A00B300A601A60125
:105BF000D400C700DF000A011D014A004A00A601C7
:105C000022012E01320136013D013F0141014301D4
:105C10004C01560184018601940196015E018E01BA
:105C20008C0176016C016E017001720178017C01BA
:105C30007A018001A6014A007E017401820190016F
:105C40009201A00188018A01F72E00F0578108D83F
:105C5000E72E00F05781E82E00F0528140F28B5081
:105C6000A1E7F82E00F04881FF2EF7D1284694F8DE
:105C7000B722D4F8B8120FF0ABF994F8B70203E0EA
:105C8000214628460FF04DFF18BBD7E02146284695
:105C90000FF052FEF8E794F8B0206ABB94F83D216B
:105CA00002201A7115E0D4F88C2217205A60D4F81B
:105CB00090229A60B4F894229A81D4F86C22C3F8A6
:105CC0000E20D4F87022C3F81220D4F89820C3F81C
:105CD0001620FEF787FD002840F01E814DF6FD508E
:105CE00061E7D4F806220D205A60D4F80A229A609F
:105CF000D4F89C20DA60ECE794F8A820D0E7294695
:105D0000204600F06FFCBFE7112206201A715922CD
:105D10005A7100229A718522DA71F0221A72D8E73C
:105D200094F8A220BCE7284600F04AFCACE794F8BF
:105D3000B02052B994F8A8203AB194F8A5201A716D
:105D400094F8A4205A710320C3E794F8A3201A7191
:105D500094F8A220F6E71621B4F8B200FBF7F6F9A2
:105D600078B190F80521214628460FF073FDB0E781
:105D70001621B4F8B200FBF7E9F910B190F804214C
:105D8000F1E70246EFE794F84F2194F85101C2F38E
:105D9000C01630B994F84D1194F84E217EB919719E
:105DA000D0E794F8301194F8312104290ED8032952
:105DB00028BF0421042A0DD8032A28BF042240EA60
:105DC000460019715A719871042082E7052908BFAD
:105DD0001021EFE7052A08BF1022F0E794F84D21C3
:105DE0001A7194F84E215A7194F84F21C2F3C010E1
:105DF00094F851210AB90028A5D042EA40029A71CC
:105E0000E2E7214628460EF0E0FA3DE71221B4F819
:105E1000B200FBF79BF900F15B0128460FF00AF98D
:105E2000232056E7284612F0D4FA2DE7284612F030
:105E3000D9FA29E7394B1B68002B67D14EF6D200FF
:105E4000B1E6374BF7E7374BF5E7374BF3E7374B1F
:105E50001B68002BF2D02246294623209847B3E73F
:105E6000324B1B68002BE9D0224629462420984754
:105E700005202EE72D4B1B68002BDFD0224629463C
:105E80002520F4E71221B4F8B200FBF75FF900F126
:105E90007D0200F15B0128460FF0D8F82B2018E7AF
:105EA000234BC8E7234BC6E7234BC4E7234BC2E78A
:105EB000234BC0E7234BBEE7234BBCE7234BBAE79A
:105EC000234BB8E7234BB6E7234BB4E7234BB2E7AA
:105ED000234BB0E7234BAEE7234BACE7234BAAE7BA
:105EE000234BA8E7234BA6E7234BA4E7234BA2E7CA
:105EF000234BA0E7234B9EE7234B9CE7234B9AE7DA
:105F0000234B98E7234B96E7234B94E721462846FB
:105F10009847B9E60120DCE602B070BD0C7D002098
:105F2000107D0020087D0020147D00207C7D002055
:105F3000187D00201C7D0020247D0020287D00206D
:105F4000387D00203C7D0020307D00202C7D00200D
:105F5000347D0020207D0020407D0020447D0020F5
:105F6000747D0020707D00206C7D0020687D002005
:105F7000547D0020507D0020587D00205C7D002055
:105F8000007D0020047D0020607D0020647D0020D5
:105F9000487D00204C7D0020787D00203F2803D8DC
:105FA000064B53F82000704700F11903DBB2112BA8
:105FB00001D8A738F4E70020704700BF807D00209B
:105FC0003F2803D8064B53F82000704700F119030F
:105FD000DBB2112B01D8A738F4E70020704700BFCF
:105FE000C87E00203F2803D8064B53F82000704796
:105FF00000F11903DBB2112B01D8A738F4E7002018
:10600000704700BF108000203F2803D8064B53F88C
:106010002000704700F11903DBB2112B01D8A7381B
:10602000F4E70020704700BF5881002030F8023CA0
:10603000F7B505460E46B0F8824073B101226846B6
:10604000ADF801408DF80020ADF80330FCF762FF99
:1060500018B146F2E170FAF729FC1B4B1B6813B12B
:10606000A5F130009847194B1B680BB120469847A3
:10607000174B1B680BB12046984783230027A6F8CF
:1060800003403370B7706B7AD5F89C0073710CF0D5
:1060900048FD10B947F29C20DDE739462046FBF762
:1060A0006BF803212046FBF767F818B9094B1B680A
:1060B00003B198470423002063F30700022363F32E
:1060C0000F2003B0F0BD00BFA4820020AC820020EE
:1060D000A0820020A882002073B50446D0F8C850E2
:1060E0004FF6FF760DF102010DF101022846ADF8E1
:1060F00002600CF0C6FC01A928460CF0E5FC48B192
:1061000001980CF069FD0022027204F1B001FFF762
:106110000FF9E7E7034904F1300002B0BDE8704031
:106120000FF061B82D6000007FB5C37B0446172BCC
:1061300001D112F010FCFF2584F80F5294F80E32B2
:1061400063B1164E33781BB142F60970FAF7AEFB15
:106150001021301DFBF740FA35700AE0E37B172B66
:106160000CD110216846FBF737FA694620460FF03C
:1061700033FD002384F80F3204B070BD68460C2153
:10618000FBF72AFA029BC4F89C306B4603CBC4F899
:106190000602C4F80A1284F80E52DEE7C475002025
:1061A00010B5054C23782BB91021201DFBF714FAEC
:1061B000FF23237010BD00BFC4750020024610B538
:1061C00090F80E328BB990F80F3203F0FF040BB148
:1061D000002010BD0C490B78002BF9D00C70C37B4C
:1061E000172B04D104310FF0F7FC0120F1E7CB6845
:1061F000C0F89C300B1D03CBC2F80602C2F80A128D
:10620000FF2382F80E32F0E7C4750020438870B592
:10621000A1F85930012500230C4681F85B50064651
:1062200081F8583081F85C300FF014FD94F85E303E
:1062300084F85D0053B116217088FAF787FF90F853
:106240002330022B14BF90F824302B4604F14F006A
:1062500084F85F300249BDE870400EF0C1BF00BF56
:10626000C15B010038B5837B04461F2B2BD1002571
:10627000B03084F85D5084F8565084F8975294F802
:106280005E30DBB184F85E500FF0E4FCB4F8B2107D
:1062900094F8C82194F8C931A4F8D41184F8D6012F
:1062A00004F5E570094984F8D35184F8D72184F8BE
:1062B000D8310EF09EFF0020A07338BD04F5B571F3
:1062C000FFF7A4FFF7E70220F7E700BFF33F010065
:1062D00070B5C37B04460E463BB1132B05D0113B72
:1062E0000F2B94BF0820012070BD94F85E301BB1C5
:1062F00094F8C831002B59D0A37B292B06D1232237
:106300002046E821BDE870400FF058BA1621B4F8D5
:10631000B200FAF71BFF054608B91A22F0E752222D
:10632000711C28300CF056F894F82E3105F1140049
:10633000C3F3C01385F87A3012F002FB002384F80F
:106340000E3295F8283013F002031CD0FDF7CEFE74
:10635000D0F8EC30DB0102D594F85E300BB1252289
:10636000CEE70223124904F5367084F8C8310EF0E6
:106370003DFF1723E37394F85E3013B920460FF006
:10638000FAF90020B0E70122C4F8E332C4F8E7329A
:1063900004F53670A4F8EB32B4F8B230054984F84D
:1063A000C821A4F8E1320EF01BFFE2E708209BE7CA
:1063B0003D5C0100115C010038B5C37B04460D460D
:1063C0003BB1132B05D0113B0F2B94BF08200120AC
:1063D00038BD94F85E3013B194F8C821BABBD4F834
:1063E000AC206ABB13B920460FF0C5F9D5F80B30C5
:1063F000C4F8FE31D5F80F30C4F80232D5F81330A6
:10640000C4F89830B4F8B230A4F8E132D5F80130CD
:10641000C4F8E332D5F80530C4F8E732B5F80930EE
:106420000025A4F8EB3284F8C85184F80E520949CB
:1064300004F536700EF0D4FE16232846E373C7E742
:1064400020460C220321BDE838400FF0B7B90820E0
:10645000BEE700BF115C010038B5C37B0446202BAA
:1064600003D04EF21400FAF721FA002594F85E30BA
:10647000B03084F85D50DBB184F85E500FF0EAFB79
:10648000B4F8B21094F8C82194F8C931A4F8D41122
:1064900084F8D60104F5E570084984F8D35184F8EE
:1064A000D72184F8D8310EF0A4FE0023E37338BD61
:1064B00004F5B571FFF7AAFEF7E700BFF33F01004F
:1064C00038B590F8B05004461DB9C37B23B1012004
:1064D0001BE00368DB07FAD4D1F8012020460E4BFD
:1064E000D1F8051013400D4AC4F86E30C3F30763AA
:1064F0000A4043F00803C4F8722084F871300FF0AA
:106500003AF91DB90423E373002038BD236843F032
:1065100001032360F8E700BF2FC904F7EFDF008015
:1065200008B5837B042B2FD1D1F80130D1F8052099
:10653000C0F86E30C3F30763C0F8722043F008035D
:1065400080F87130002380F85630837390F8B030B3
:106550000BB980F8533190F854319BB990F89B31C6
:1065600003F0FF0273B9B0F8B23000F29310427238
:106570004381D1F80130C360D1F80530034903618C
:106580000EF02EFE002008BD0120FCE74F5F010049
:1065900090F8542112B1084B1B68184790F89B21C2
:1065A0004AB9B0F8B22000F29310044942811A228D
:1065B00042720EF015BE7047B08200204F5F01009E
:1065C00010B50446FDF780FD044A054B0240092042
:1065D0000B40C4F80120C4F8053010BD2FC904F7E2
:1065E000EFDF008037B50C460546FDF76DFD0A4B21
:1065F0000A4A03400A4095F86E1000930B4001923E
:106600008DF800306B4603CBC4F801000920C4F8B4
:10661000051003B030BD00BF2FC904F7EFDF0080C5
:10662000014B024A1A607047B082002095D80000E2
:1066300038B5DB04154604D5837E13B10023C3634C
:1066400038BDC46B0134C4630FF0FCFC036C9C4286
:10665000F6D300230349C3632846BDE838400EF053
:10666000C8BD00BFB75F010038B5837B044690F812
:10667000B050012B07D01DB9C37B23B1012038E0F6
:1066800003689807FAD494F85F309A0713D44A78CD
:10669000D80784F869204A88A4F86A208A88A4F870
:1066A0006C2043F0020284F85F200FD5164904F1F4
:1066B00060000EF09EFD94F85F30D90710D4CDB97C
:1066C000E37B43B14AF27560FAF7F0F894F852317F
:1066D000002BEBD1EFE70123E37320460FF04BF8DB
:1066E000A37B0020012B4FF0000304BFA37384F8A9
:1066F000563038BD23689A0702D54CF6C610E3E73A
:1067000043F002032360E8E76560010010B504462A
:1067100006F0E8FE044B0146E0721B681BB1204600
:10672000BDE81040184710BDB8820020024B1B681E
:1067300003B11847704700BFB4820020F0B51F4D69
:1067400000242B7814709BB1013B6D68DBB21E1BDB
:10675000012E0FDC05EBC40655F8347076688E42C6
:1067600008BF874227D0B84271EB060612D21470D8
:106770000020F0BD1E19771055F837C005EBC70E85
:106780008445DEF804708F412CBFC6F34703C6F37F
:106790004704DCE705EBC30455F8335064688C42CA
:1067A00008BF854206D0A84271EB040428BF01331C
:1067B0001370DDE71C4601201470DAE7E87500204D
:1067C00010F0070208B503D042F24F40FAF76EF816
:1067D00018B1034B197258601A70C80008BD00BF89
:1067E000E8750020014B00221A707047E875002000
:1067F00010B5044690F838303BB9024603490830DA
:1068000012F0BBFC012384F8383010BDDD610100BB
:106810002DE9F043044689B00F46914690F8383090
:10682000012B62D1324B836212F08AFB2765054649
:106830000E463846494600F019F90146804604F1F3
:10684000480000F0DBF840F6B833ED1846F10006DA
:10685000B9F1010F38D100F0F9F88269002A3ED071
:10686000A16D7B1E0B44B3FBF1F34B43D2E9000255
:10687000DB1B61EB0101181841EB0201CDE9005669
:10688000A26D0FF0E4FC4019054646F100062046D3
:1068900000270FF035FC236B03905B6820688DF8B0
:1068A0000870984704238DF810008DF81130CDE959
:1068B0000656022384F83830204602A90FF051FC16
:1068C000384609B0BDE8F083B8F1000FDFD0D8F842
:1068D0000800D8E90021801841F10001CEE7B8F1A5
:1068E000000FD4D028463146C8E70C20E9E700BFA6
:1068F000DD610100024610B5052923D8DFE801F06B
:1069000003252212171F438F013343870FF057FCD3
:106910000146136B106819B9DB68BDE810401847D1
:106920009B68FAE7036B5B69BDE810401847074BAB
:106930001B68002BF8D14CF6E050F9F7B7FF036B5A
:106940001B69F1E74CF23D50F7E710BDF4750020EC
:10695000014B00221A607047F875002008B5044BFF
:10696000186810B9FFF7F4FF08BD0C20FCE700BF62
:10697000F8750020024B1879003818BF01207047C5
:10698000F875002082B08DE80600054BFF225A7191
:1069900000F110039DE8030083E8030002B0704794
:1069A000F8750020C3693BB983692BB9034B1B6899
:1069B0001B1A58425841704701207047F875002053
:1069C00030B50D4AFF231371D0E9065373B1D0E9F6
:1069D00002149D610C44D9682144D960816939B1A0
:1069E000CB610023C0E90633137130BD1560F5E7B4
:1069F000002BF6D0D960F4E7F875002010B5124AE4
:106A0000FF231371C16189B91368836103B1D86130
:106A100010600023C169C36099B1CB687BB1846801
:106A2000A3420AD248F2EB30F9F740FF8B69886144
:106A30008361002BEDD0D861EBE71B1BC360002303
:106A4000CB600023137110BDF8750020014B18684E
:106A5000704700BFF8750020034B00201B6803B986
:106A6000704718469B69FAE7F875002030B50B4B64
:106A700000244FF0FF351B6822462BB911B98A421A
:106A800008BF2246104630BDDC68844203D3AC42C6
:106A90003CBF25461A461C469B69EEE7F875002068
:106AA00070B50F4CFF232371036A1BB181689D6889
:106AB000A94203D241F69E60F9F7F8FEC2698669E1
:106AC000DA619E6152B193619A691AB1D361C26869
:106AD00011444A1BDA600023237170BD2360F3E781
:106AE000F8750020F8B54FF0000C0446274E084614
:106AF00086F805C0002135680B4685B97579002DEB
:106B0000F6D15BB1984224D3013CB0FBF3F11C44B5
:106B100003FB01F5B4FBF3F48C420DD9F8BD2F69EA
:106B20000BB19F4206D23B461FB94DF6FE30F9F736
:106B3000BDFEA98AAD69E0E7B5FBF3F603FB165687
:106B400026B9B5FBF2F602FB1656DEB10139ED1A95
:106B5000E2E7451E1D44B3FBF4F4B5FBF0F5AC428F
:106B6000DCD3B3FBF5F605FB16374FB9B6FBF2F7EE
:106B700002FB176727B9B6FBF1F701FB17671FB1D7
:106B80000135ECE72846C9E73046C7E7F87500202D
:106B9000024B18785B781844704700BFFE750020E0
:106BA000FF23084A0B700D234B7082238B701368F0
:106BB000C1F803305368C1F807309368C1F80B304F
:106BC000704700BF0076002016220021014812F015
:106BD00007BE00BF00760020F8B51C4C0546637D5B
:106BE0009BB390F8B03023BBD0E97A76FFF7D0FFA3
:106BF00095F83021164B333053F822304FF47A7227
:106C000003F2E733B3FBF2F3DB19B5F8B22046F138
:106C100000061B18228046F100066360A660EB8820
:106C200004F10C0002220B496380BDE8F840FEF736
:106C300091BB4B0609D5B0F8B2302380D0F868324A
:106C40006360D0F86C32A360E9E7F8BD00760020FD
:106C50006CDD0300A16B0000084B53F8203003F5F6
:106C6000224370B5B1338D184FF47A72B3FBF2F44E
:106C7000254407F075FE284470BD00BF54DD0300B5
:106C80002DE9F04F044691B0894690461F4690F892
:106C900031B1002B53D1437BDB1B18BF012303937E
:106CA0000DF08EF9054694F83B01FEF79DF804902F
:106CB000FFF76EFF0646B8F1000F40F0C680637B19
:106CC000032B40F0C580E37B472B05D00D2B03D071
:106CD000A37B472B40F0B780B4F8C0324B4564D15A
:106CE000D4F828322046B4F8FC21C4F81832D4F87D
:106CF000D030C4F81C32B4F87A321344C4F82032CD
:106D000003F00EF894F839A1BAF1000F09D0D4F8C5
:106D1000C82241F64B539A428CBF4FF0000A4FF005
:106D2000010A94F8D43263B9D4F8D020D4F8C83228
:106D30009A421FD0B4F8B20011F06AFB1AE00023A7
:106D4000ADE7B4F8B20011F060FB18B94FF641108E
:106D5000F9F7ACFDB4F8D0324FF0000AA4F8E630F1
:106D6000B4F8D2328381B4F8C032A0F80EA04381C7
:106D7000013B038294F83A31002B52D1BAF1000F53
:106D800052D1D4F8C43284F83AA1C4F8E030B4F84F
:106D9000C232A4F8E430D4F8C832C4F8D030D4F801
:106DA000CC32C4F8D830022363734FF0010AA17BC0
:106DB000E37B2C2918BF29290CBF01210021292B95
:106DC00000D041B1B4F8C032A9EB03031B0402D4D4
:106DD000204602F0D3F8B4F878222C36049BA9EBB5
:106DE0000202B4F806C01D4494F831E112B2A9EBD6
:106DF0000C0CADB2002A0FFA8CFC2BDAD4E99823E4
:106E0000C4E99C230023624684F836320123617B67
:106E1000032900F2AE81DFE811F01F001E017300AC
:106E20004101BAF1000F07D04FF04D13C4F8E8301C
:106E30000023A4F8EC30A4E74FF09613A4F8ECA0DC
:106E4000C4F8E8309DE7C246B1E74FF0000AC2E758
:106E5000C246C0E73B46DAE7714694F8F5010DF00B
:106E600099FD8346D4F8E0002946584409F000FD16
:106E70002946C4F82402D4F8D00009F0F9FC09A985
:106E8000C4F828020AA807F095FC099B0093DDE9E5
:106E90000A23D4E99C0112F05BF8049004F1B000DD
:106EA0000FF0F5FAD4F87C32D4F8E02094F83101F0
:106EB0009D1807F05DFDD4F8241200F52240A5F1DD
:106EC0002003049AB1305B1A30319B1B5B449D1A3E
:106ED0004FF47A733246B0FBF3F0B4F8E4302D1A75
:106EE00094F8310103EB4101FFF7B6FED4F87C3290
:106EF000C4F82C02EB1AB92B5AD848F6DC0027E765
:106F0000D4F8E0302946D4F81C02184409F0B0FC4B
:106F10002946C4F82402D4F8D00009F0A9FCC4F82A
:106F2000280204F1B0000FF0B2FAD4F8E030D4F83F
:106F30001C521D44B4F8FC31002B40F08880002F17
:106F400000F0858094F8310107F012FDD4F8241286
:106F5000D4F8683200F522406D1A94F83121B1302E
:106F6000203D1D44AF4B53F822204FF47A7302F2B8
:106F7000E732D4E998BCB2FBF3F2A5EB0B05B0FB0A
:106F8000F3F01544AD1B2D1AD4F81832D4F8202292
:106F900094F8310102FB0311B4F8E4303246303189
:106FA00003EB4101FFF758FE0123C4F82C02637381
:106FB0000023CDE90E339C4B0D9301238DF83D301A
:106FC000D4F8D030D4F82822653B9B1AD4F82C2270
:106FD0009B1B934228BF1346D4E99C12C4F8F83196
:106FE0006D18D4F8F41042F100021944CDE90A52A8
:106FF0000C91A4F87892C4E99C5202F0B1F810B157
:107000000C9B1E330C93B4F8E831A3EB09031BB2BD
:10701000002BD4BF012303238DF83C30BAF1000FBD
:1070200040F0AA80039B002B00F0EF80D4F8D01032
:107030000AA8D4F82832C91A0DF055FC80B20028ED
:1070400000F0E0801A9B03B118800120CDE0D4F855
:1070500024126D1A98E7D4F82802B4F8FC31D4F859
:10706000D050D4F820129C442D1AD4F82432ACEB22
:10707000010C55433033D4F818220CF1FF3C02FBCD
:107080000133B4F8E410324600FB0C33704601EBD8
:107090004301FFF7E1FDC4F82C0289E7D4F8D05092
:1070A0005543CFB1B4F8FC11B1B984F83612D4F815
:1070B000281201FB1255B4F8FC210491059253B338
:1070C0004ABBD4E99A23D4E99801904271EB0303B7
:1070D00008D340F651203BE694F8361200297FF49D
:1070E00067AFE4E74F4B203A53F82B304FF47A7BED
:1070F000D4E99801CDE9060103F2E73103F5224313
:107100000698B133121AB1FBFBF1B3FBFBF30A444F
:10711000D21A921B1544DDF814B03246049B704617
:10712000E34403FB0BFB0BF1300B4FEA4B0B5946CF
:10713000FFF792FDD4F8D03041F64B52C4F82C0240
:1071400093423FF635AF653B9B1B5B4594BFABEB72
:10715000030BABEB0B0BA0EB5B0005EB5B055FEAF6
:107160005B0BC4F82C0214BF0123002384F83632D1
:107170001EE74EF69670EBE5F7B1B4F8101231B396
:10718000B4F8122294F81432501CA4F8122202FB14
:107190000333994210DD9DF83C30013B002B0BDDA1
:1071A00001238DF83C30A4F81202FEF78BFA00F0B0
:1071B0000700013084F81402039B43B30AA904F5C5
:1071C0000E7011F0CBFE20B94DF2F530C0E50A4645
:1071D000D8E7DDE90A2388F00108C4E9962384F89A
:1071E0003482124D2B681BB9002011B0BDE8F08F1E
:1071F00004F50E7011F04EFF02460B46204629683A
:107200008847F1E7002FB8D1D8E7002FB5D10AA9F8
:1072100004F50E7009F050FC0028DAD14FF28660B8
:1072200096E500BF54DD030031720000BC820020EF
:10723000F0B5054685B0A0F50E74052900F2D280A0
:10724000DFE801F003CA31D0D0C510F8043CE28871
:107250000BB3B4F83232934208BFB4F8EC319A1A47
:10726000A4F8EE21E3802046D4E99623C4E99823CC
:1072700001F0ACFEA5F5F0752B78002B00F0A58091
:107280005A4B1B680BB120469847594805B0BDE8DA
:10729000F0400AF0A3B9B4F830329B1AA4F8EE31EA
:1072A000B4F83032DEE711F04BFED4E99823801AAF
:1072B00061EB0301012871F1000303DA44F66B600E
:1072C000F9F7F4FA6FF0010383424FF000038B41AA
:1072D00002DA41F63750F3E7D4F8D01009B1B0FB29
:1072E000F1F1E37BB4F83222472B0DD0A07B472885
:1072F0000AD00D2B08D04628E38805D00B44D11ABC
:107300000E0442D5013341E00132A4F83222B4F830
:107310007A320DF10E07E5880133364EA4F87A3241
:10732000B4F84A301D44B4F84830013DED1A3368D2
:107330005BB1B4F8321200222046013989B2984775
:10734000B4F832321844A4F83202B4F832126B1A8C
:1073500018042BD40023204600971A46FFF790FC10
:10736000012832D1B4F83222B4F8E811BDF80E3059
:107370001344521A12049BB204D5EA1A12F4004FB5
:1073800018BF0B46A4F83232D1E7531CA4F83232AE
:1073900015F8033C002BBAD1B4F8EC31B4F8322222
:1073A000934204BF0133A4F83232B0E7237E204673
:1073B000002B14BF08233E2384F83930FEF78CFEDF
:1073C00020460FF0F8FE0023637305B0F0BD05B052
:1073D000BDE8F0400BF015BE637B042BF3D041F207
:1073E00094006DE740F682406AE700BFD08200203B
:1073F000CDE70000DC820020F0B5044685B090F8AF
:10740000583003F0FF05002B62D1437B032B5FD183
:1074100011F096FDD4E99823801A61EB030101284D
:1074200071F1000354DB6FF00103834275EB01013E
:1074300003DA4EF69F30F9F739FAD4F8D020E38812
:107440000AB1B0FBF2F201331344A4F83032B4F8BD
:10745000EC31B4F830229B1A1BB2002B38DD04F556
:107460000E7011F092FD98B3FF2384F83532B4F812
:107470004A300DF10E07E588164E1D44B4F8483029
:10748000013DED1A33685BB1B4F83012002220469A
:10749000013989B29847B4F830321844A4F8300260
:1074A000B4F83032EB1A1B0412D4B4F830120023B3
:1074B0000122204689B20097FFF7E2FB012807D19D
:1074C000B4F83032BDF80E201344A4F83032D9E7B6
:1074D00005B0F0BDDC8200202DE9F3410E460446E4
:1074E00018B94FF62360F9F7E1F9052900F2AF80EA
:1074F000DFE801F0037E443FAD2E11F0CEFDC4E97C
:107500005401204601F0A8F9D4F84401A43811F040
:1075100019FD20460FF0DEFB054608BB014620465C
:107520000FF0B2FA00F1AE06D4F84401B04209D22D
:10753000301A0421192838BF192011F07EFD68B1D6
:1075400011F002FDC4F8446120460FF005FC4DB176
:10755000204602B0BDE8F0410FF0FFBB0125F1E786
:107560000025F1E7D4E95423C4E94E2302B0BDE875
:10757000F08102B0BDE8F04107F028B90FF0ADFA94
:10758000042380460F4684F8493111F0D9FC0722C4
:10759000A8FB023502FB0755D4F83C210192D4F830
:1075A00038219B18019A45EB0205D4F8202132B10D
:1075B00058EA070203D0984271EB050200D2032675
:1075C00084F84861D4E95626121A66EB010694F84D
:1075D00068C1BCF1000F07D1012A76F1000C0BDA6B
:1075E000204601F041F903E0012A76F10006F7DBBD
:1075F000002384F86031B9E7984271EB050C0FD293
:1076000058EA07070CD01B1A65EB01059A4276EB86
:10761000050105DB012B75F10001A4BF1A462E46BA
:107620000C49012304F1F800914284F861314FF0D4
:10763000000384F84031B341B8BF0A4604F5A07195
:107640000AF010F9002891D143F65A204BE742F690
:10765000625048E70040420F2DE9F84304460D46CA
:10766000164690F8603103F0FF07002B40F0908041
:1076700039467822F83012F0B3F82246454904F131
:10768000F80011F07AFDC4F82051FF2384F860312E
:1076900065B1FEF72FF800F00700202239460130CF
:1076A00085F8140205F50E7012F09AF840F20343C3
:1076B000A4F84831002384F8403109F01FF900F1A3
:1076C000490520460FF006FB0146ADB2B0B30CF001
:1076D00077FC00F12801304689B209F0C9F830443E
:1076E000AE3EC4F8440111F02BFC281841F1000112
:1076F000C4E95401012084F824010FF0A1FB361ADB
:10770000C4F828614FF0FF366FF00041002504F106
:10771000F800D4E95423C4E95661C4E94C23C4E910
:107720004E2304F5A07142F2107284F861510AF000
:1077300099F830BB42F21860F9F7B8F82046DFF844
:1077400058900FF0A1F9AE30C4F84401B9F8000028
:1077500048B1E08C38B1FDF7CDFFB9F80030B0FB8F
:10776000F3F202FB1300054411F0EAFB2D1841F17E
:107770000001C4E95451002EC4D0761941F1000132
:10778000C4E7294620460FF0EAFA3846BDE8F883F8
:107790000C27FAE7D974000016760020034B00226C
:1077A0009A7042F210721A800EF0E2BE1676002035
:1077B000014B9870704700BF16760020054B1B6880
:1077C00010B51BB946F6CC70F9F770F8BDE810405B
:1077D000184700BFD88200202DE9F341044606294E
:1077E00000F29F80DFE801F0042513272A2F97007D
:1077F000837C03F0FF0253B900920123B0F8EC112F
:10780000FFF73EFA28B145F21F70F9F74FF804234D
:10781000637300231A46A4F87A32E388A4F832325C
:1078200084F8352206F074FE02B0BDE8F04109F09C
:107830006BB90323437302B0BDE8F08111F03AFA4B
:10784000C4E99A01F7E7384B1B6823B100F1B00295
:10785000D0E99A0198471421B4F8B200F9F776FC00
:10786000002856D094F83131013B042B4ED8DFE884
:1078700003F0034749494B000A30858894F83101E9
:107880000EF0F5FD6430D4F82832A84234BF2D1A2A
:107890000025D4F8D000EA189042244A88BFC31AC1
:1078A000927894BF00235B1B22B9D4F8F020934256
:1078B00028BF1346D4F8F871D4F8F42007EB000879
:1078C00003201744DD1B11F08FFB032125EAE5752A
:1078D000854228BF0546284611F0AFFB10B12F4462
:1078E00011F032FB0123BD22394604F1B0000DF046
:1078F00037FE6061404602B0BDE8F04111F022BBA6
:107900001430BAE71E30B8E72830B6E740F65770B3
:107910007BE79625B2E7B03002B0BDE8F0410EF04B
:10792000B6BD4AF6766070E7CC820020167600205D
:10793000014B1880704700BF16760020014B024AA9
:107940001A607047D8820020F9730000054B187840
:10795000012804D01878831E584258417047C0B29D
:10796000704700BF1C7600208B1E1206DBB213D5B9
:10797000022B18D80E4A32F813200E4B53F8213040
:107980004FF47A7103F2E733B3FBF1F3411E03EBDB
:10799000C11300FB02307047022B07D8044A02EBE8
:1079A0004303DA88E9E74FF48072E6E7F022E4E780
:1079B0009AD803006CDD0300D928F0B5044628BF2F
:1079C000D924BDF814600546303401F5A57006F0E1
:1079D0000207A4B2FF2C28BFFF2416F0010621D114
:1079E0000FBB002B00F0C580911EC9B2022996BFC3
:1079F0007B4C40F6480134F811100844D92D7FD94A
:107A0000D93D941EF721ADB2E4B2002B00F0CF8037
:107A1000F635022CB5FBF1F500F2C680714B33F858
:107A200014306BE0EFB1911EC9B2022997BF6E4CC2
:107A30004FF4147104EB410189890144D01E0128DF
:107A400037D801F614409830002E3BD0023AD2B21B
:107A5000022A97BF644BC02303EB42031B8B1844DD
:107A60004EE053B1911EC9B2022997BF5E4C40F659
:107A7000480104EB4101498ADFE7032A05D1611D72
:107A800089B2890101F5C871D7E7042A05D1611DC2
:107A900089B2090101F5BF71CFE7022A0BBF04F1DA
:107AA0000B0104F10A0189B289B20CBF8900C90037
:107AB000C3E7022A01F19C0114BF4FF4B070B42057
:107AC0000844C0E7EBB1911EC9B2022996BF474CEA
:107AD00040F6480134F81110D92D084410D9D93D89
:107AE000941EF721ADB2E4B24BB3F635022CB5FBD0
:107AF000F1F559D83C4B03EB4403DB8B03FB05004A
:107B0000F0BDF12D294628BFF121032A05D11331FB
:107B100089B2890101F5C871DEE7042A05D1133164
:107B200089B2090101F5BF71D6E7022A0BBF1931ED
:107B3000183189B289B20CBF8900C900CCE7B5FB06
:107B4000F1F3022CDBB239D8294931F8141001FBCA
:107B50000300C3EB4311C3EBC103ED1AADB2002D1B
:107B6000CED00835032AABB22BD19B0103F21A43C6
:107B700075E7032A06D10534A4B2A40104F5C8743C
:107B800020443BE7042A05D10534A4B2240104F5BE
:107B9000BF74F5E7022A0BBF0B340A34A4B2A4B2B7
:107BA0000CBFA400E400EBE740F69213A6E7B5FB98
:107BB000F1F3022CDBB201D80E49C6E740F6921170
:107BC000C5E7042A03D11B0103F5467347E7022AE0
:107BD0000BBF9B00DB0003F5BB7303F5CD733EE7E2
:107BE000ACD80300B8D803009AD80300ACD803007F
:107BF000B8D80300B8D80300294B5A6A10B5D2F898
:107C00000F30C0F8D430537D117D1B0443EA0123AB
:107C1000D17C0B436FF45061C0F8DC30B2F81930FE
:107C2000591806298DBF40F2E241A3F550634FF485
:107C30007A714B438EBF00214B430121C0F8D030F5
:107C400080F83A11937DF9B103EB830303EB8303CF
:107C50009B00A0F8E430B2F81730E9B164214B433F
:107C6000C0F8E030B2F81B30A0F8D830B2F81D30C0
:107C7000A0F8DA3092F8243003F01F025B0980F894
:107C80002A2080F83B3110BDC3EB431403EB84037F
:107C900003EB83035B00DCE740F2E241DFE700BF78
:107CA0001C760020074BD0F879205B6AC3F80320CC
:107CB000B0F87D20A3F8072090F8781018460CF053
:107CC000A4BF00BF1C760020D0F8903073B50BB174
:107CD00001221A608378DB0727D50023144E056A3A
:107CE000CDE9003303238DF80630FF233377684650
:107CF000F9F766FAC8B9009CA542F8D005F1BC03B3
:107D000095F8BB2004F1BC0194F8BB000CF062FDB7
:107D10000028ECD094F8B430B4F8B9203377D4F814
:107D2000B530C6F81D30034B9A8002B070BD00BF5D
:107D30001C7600203976002038B5084C054600F145
:107D400079010623606A00220DF044F895F8781056
:107D5000606ABDE838400CF058BF00BF1C760020B8
:107D600070B504460E461346407F6588324615F0CE
:107D700004050CBF294604F18701FCF735FF4107D4
:107D8000054621D4C2070BD50123607F84F87830E3
:107D9000FCF7FEFF0368C4F879308388A4F87D30CF
:107DA000AB0701D4012070BD084B0121586AD4F8FB
:107DB000873084F88610C0F80930B4F88B30A0F80A
:107DC0000D300CF027FFEDE70020ECE71C760020DB
:107DD00010B50446084694F8E83063BB23780829B8
:107DE00004F1EB0284F8E93015D004F1EA01FCF764
:107DF000A3FE18B947F61C00F8F758FD94F8EA30CE
:107E000043F0020384F8EA3004F1E0000A49BDE8D7
:107E100010400DF0E5B9094B586A034613F8031BEF
:107E2000C1F3801184F8EA10D0F80310C4F8EB1005
:107E30009B889380E8E710BD8D6701001C760020C9
:107E400070B504460E461546FCF700F998B923783C
:107E5000A4F8D16084F8D030637C84F8CF500BB1A3
:107E600094F8563004F1C60084F8D3300249BDE8D6
:107E700070400DF0B5B970BD2D69010038B5B0F88E
:107E8000563004461A4D0133C3F30E03A0F85630A2
:107E90002B7B2BB106F040FC05F088FD00232B73F3
:107EA00000232B7094F899302BB101212046BDE8B6
:107EB00038400EF0D3BB637CBBB1B4F856209A4275
:107EC00013D3012120460EF0C9FBA3782046DB071F
:107ED00047BF236A432243224FF6FF7148BFB3F8DE
:107EE000B210BDE83840FFF7ABBF0021DEE700BFAE
:107EF0001C76002010B5FFF729FD064C28B1237B26
:107F00001BB106F009FC05F051FDA06ABDE8104068
:107F1000FFF7B4BF1C7600202DE9F0410746FFF7BC
:107F200015FD054618B946F61C40F8F7BFFC224C73
:107F3000A26A166A0EB196F839611FB3616A02F13E
:107F4000790392F8782011F8097BF8090CF042FCCB
:107F5000C0B13146606A0CF083FE98B1A26AFFF7A7
:107F6000F5FC10B944F20110DFE723781046E16A0E
:107F700003F180434969013B51F8233007F00F01B9
:107F800098470546237B1BB106F0C6FB05F00EFDA6
:107F90007DB1A06A0EF01CFB30B106F059FAE36A1D
:107FA000BDE8F0419B681847A06ABDE8F041FFF7C3
:107FB00065BFBDE8F08100BF1C7600200346074A7C
:107FC000906A03B909B9FFF759BF1378D26A03F170
:107FD00080431269033B52F8233018471C76002077
:107FE00003292DE9F043054685B0174607D143889C
:107FF000980722D40024204605B0BDE8F08382789B
:1080000090F89830D107DBB2F4D5002BF2D14FF0C5
:108010000108DFF8D49099F80C60BEB10CF014FCA4
:108020000828387015D002AA0DF10701FCF784FD6D
:1080300030B941F64200F8F739FC4FF00208E8E7A2
:1080400002A99DF807000EF052F806463B78082B6F
:1080500008D1D9F8241011F8030BC0F380100EF0EA
:1080600046F80646D9F8241005F1800395F87F20DC
:1080700011F8030BC0F380100CF0ACFBD9F82410FE
:10808000044611F8030BC0F380100CF0D3FB8146BB
:10809000FCF790FE40B1B9F1080F1BD04846FCF741
:1080A000F7FC80F00103D8B23A78082A14D01CB942
:1080B0006C7FA21A544254416A8853079BD400280B
:1080C00098D176B9EC7C444518BF84420CBF01249A
:1080D000002490E70020E7E780F001022240D4B2BC
:1080E000EAE7344687E700BF1C760020F0B585B08C
:1080F0000823052104460DF107028DF80730FFF72C
:108100006FFF054618B90025284605B0F0BDFAF7FF
:108110005FFB07460028F6D1324E216A726A91F859
:108120001EC0104610F8033BC3F3401303EA0C03D0
:108130008B77D2F80330C1F8B5308388A1F8B93015
:108140001346D4F820C013F81F1BC1F380118CF81C
:10815000B410D2F81F001B79029060468DF80C30E5
:10816000FFF74AFD02AB94F912200121206A0EF0BC
:1081700055FB216A84F8A5702046B1F8B2309DF80D
:108180000720A4F8A630FF2384F8C3304FF6FF730E
:10819000A4F8C4300EF06DFB134904F19C000DF0FF
:1081A0001FF8FBF753FF60B9236A04F1D4000F49AD
:1081B000B3F8B220A4F8DD209B7F84F8DF300DF007
:1081C0000FF8236A00222046B3F8B210FFF738FEFA
:1081D000074B00221B683270002B95D02146206A85
:1081E000984791E71C760020C1670100776701007E
:1081F000E882002073B5044640880D4610F0040064
:1082000003D12279962106F0F1F8032D04D0052D33
:108210002AD0012002B070BD08230DF107022946C3
:1082200020468DF80730FFF7DBFE0028F1D0237CD5
:1082300023B19DF807102046FFF7CAFD0F4D062217
:10824000042620466B6A5A701E70FFF72BFD616E84
:10825000686A94F868200CF0F5FC2521686A2E7095
:1082600006F0D6F90020D5E7054B1B68002BF9D0A6
:108270002046984780F00100C0B2CBE71C76002072
:10828000E4820020F8B504460E4609B340300EF0F3
:10829000BFFDB8B963881A072ED504F140000EF06F
:1082A000C9FD074604F140000EF0B2FD381AC0B215
:1082B0000EF0C6FD3B4A5368034404F1400053608E
:1082C0000EF086FD04F140000EF087FD05F016FF6C
:1082D000344D002394F88620686A037043706388E5
:1082E000103B0D2B5AD8DFE803F05559510C593586
:1082F00059595959595959352046BDE8F840FFF7A1
:10830000BDBD06234370202303702046FFF7CAFC3F
:10831000638823F008039BB2152B05D094F86020E6
:10832000E16D686A0CF080FC0323217900202B703A
:1083300005F0E8FF25210746686A06F069F906B9E5
:10834000AF6063881B0704D50EF077FD0744C4F8BF
:108350002C71F8BD0C2321214370034603F8091B3F
:1083600052B1D4F887200121C0F80920B4F88B203D
:108370009A800CF04FFCC8E7D4F88020C0F80920A0
:10838000B4F884209A8094F87F10F2E706230370F3
:108390004370BAE7022303700623F9E744F295100D
:1083A000F8F784FA1C7600204388102B10B504D10E
:1083B0000121BDE81040FFF765BF0C4C9621027902
:1083C000012006F013F8237B23B105F0C5FA402005
:1083D00006F096F92521606A06F01AF99621002028
:1083E00006F074F90123237010BD00BF1C76002035
:1083F000024B0121986AFFF745BF00BF1C760020A1
:1084000010B5144C237B1BB106F086F905F0CEFAAB
:10841000A06A0EF0DDF8A26A18B1538803F01803C1
:1084200023B91046BDE81040FFF728BDFFF78EFACC
:1084300018B948F28720F8F739FA23781046E16A2C
:1084400003F18043C968013BBDE8104051F8233077
:10845000184700BF1C760020064810B5037803F0CB
:10846000FF042BB92422214611F0BAF9204610BD91
:108470000C24FBE71C76002010B50023084C237069
:10848000FBF7D6FD6062FFF7E7FF18B14BF69E30B1
:10849000F8F70CFAE36A13B948F6CD70F8E710BDA7
:1084A0001C760020014B024ADA6270471C760020DD
:1084B000CC880000044B054A1A60054B054A1A6037
:1084C000054B064A1A607047E4820020ED800000E8
:1084D000E88200201F660100E08200209D850000E8
:1084E000F8B5057D0446AB1E05F0FD05DFB2012F92
:1084F0001DD800F1800190F87F000CF09BF9064632
:1085000063889A061AD4082E13D1002D37D0FBF7B2
:108510009DFD00283CD1E37E002B37D0D4F81530E8
:10852000C4F87930B4F81930A4F87D3006E0082694
:10853000E6E73046FCF7B8FA0028E6D1012F667767
:108540008CBF00230123003D237718BF012584F849
:108550007850FCF7EBFA054610F0F2FC00220E4BC7
:1085600084F88620E5FB0301C4E91C01114620467E
:10857000FFF7F6FB58B945F25020F8F797F904F1E8
:1085800079012846FCF77EF90028D7D10020F8BDF4
:1085900004F179010120F5E740420F002DE9FF4188
:1085A00008230DF10702052104468DF80730FFF777
:1085B00017FD002875D0FAF70BF9002871D13B4D53
:1085C000206AFFF719FB6B6AD3F81F0093F823208A
:1085D00002908DF80C20226AD3F80310C2F8B5106F
:1085E000B3F80710A2F8B9101B78206AC3F3801300
:1085F00080F8B4302E4B1B6813B1012221469847F6
:10860000276A0E23686A082697F8B4800022437010
:108610004FF00301C378067003F03F03C3700CF002
:10862000FEFB2046FFF788FB4146686A0CF0F2FA31
:108630000623012207F1B501686A0CF0CBFBFF218C
:10864000686A05F0E5FF276A204639460EF053FBBD
:108650000DEB0603014694F9122038460EF0DEF8C1
:10866000216A00239DF80720204684F8A530B1F840
:10867000B230A4F8A630FF2384F8C3304FF6FF735E
:10868000A4F8C4300EF0F5F8236A2E70B3F8B220C7
:10869000A4F8DD209B7F84F8DF30012004B0BDE822
:1086A000F0812046FFF7EAFBF7E700BF1C760020C9
:1086B000E88200202DE9FF41604E0446327802F046
:1086C000FF0312B90278FF2A03D14CF69F60F8F736
:1086D000EDF87360F381737380F89930584B6846F6
:1086E0000093584B0193584B0293F36A5B680393D2
:1086F00005F076FF05F06AFC06F00EF805F056F975
:10870000524805F0D9FC524805F064FF04F14000DE
:108710000EF05EFB04F140000EF05FFB05F0EEFC96
:1087200094F9120005F0C0FC04F15C01A06D0AF0A0
:1087300087FB074604F16401A06D0AF0A8FB8046A0
:10874000002F53D094F82430002B4FD0B4F956505A
:10875000ED43ED0F237F13B963885B070AD56FF0F4
:108760000043D4E91C129A4208BFB1F1FF3F47D140
:10877000002D4CD194F89B301BB947EA0807FFB293
:10878000D7B1638813F0100516D194F8543094F8DB
:10879000530003F00F0340EA03200EF0B9FA94F8F7
:1087A000543084F85300C0F3032023F00F03034335
:1087B00084F8543084F89B5094F83F3073B1D4F867
:1087C0003530C4F82B30D4F83930C4F82F30B4F831
:1087D0003D30A4F83330002384F83F30706A033012
:1087E000FCF7F0F9307304B0BDE8F081B8F1000F88
:1087F00004D094F82550002DA8D1ABE74546A9E751
:1088000010F09EFBD4E91C2390429941B0D3012281
:1088100029462046FFF7A4FA50B1FCF787F9054630
:1088200010F08EFB0B4BE5FB0301C4E91C01A1E733
:10883000002D9FD040F2231049E700BF1C76002096
:1088400001840000197F0000BD7F0000D6BE898E24
:108850005555550040420F00024B9862DB6A1B6879
:10886000184700BF1C76002043881A0710B504463D
:108870000FD5036A3C2210499C304272B3F8B230E3
:108880004381FF2380F827304FF6FF7303850CF0F8
:10889000A7FCA3782046DB0747BF236A3C223C2283
:1088A0004FF6FF7148BFB3F8B210FFF7C9FAFF23C4
:1088B00084F8993010BD00BFC1670100F581000048
:1088C000A98300007769010071690100236D01002F
:1088D000F57E0000F1830000C8880000C088000019
:1088E000BC8800000138022808B503D946F29A5026
:1088F000F7F7DCFF13290B4B06D811290DD81029E7
:1089000008D046F61770F3E71529FAD103EB4003B8
:10891000D88801E033F8100008BD03EB40039889C4
:10892000FAE700BFC2D803002C4A38B50346948842
:1089300010681C43402B948004D10421BDE83840CA
:10894000FEF74ABF802B01D10521F7E713F002059E
:1089500003F0010412D06CB90D68297807299171D0
:1089600038D00B2931D0052923D09B0644BF0823DA
:10897000137338BD43F64F00F7F798FF002CF4D07F
:10898000916009680978062909D00B29EDD1C17BCE
:108990001229EAD10121457680F85E10E5E7C17B16
:1089A0001C29E2D1002400250121C0E91E454176A1
:1089B000DBE7C17B1839C9B20129D6D800240025CC
:1089C0000121C0E920458176CFE7C17B1129CCD1B7
:1089D0008476CAE7697880F8A810C6E74C7600204C
:1089E0002DE9F04104460E468D4F002940F0CB8022
:1089F000BB88190753D590F8A6302A2B14D00DD870
:108A0000222B18D0292B13D01C2B0DD094F8A63074
:108A1000FE2B21D14BF6C100F7F748FF3C2B15D0B8
:108A20003D2BF3D17F4B12E0002384F855312046D3
:108A30000CF09AFEEAE780F856617B4B1B68002B2E
:108A4000F5D000F5AB71AC309847F0E7774B1B6879
:108A5000002BDBD09847D9E7FE2384F8A630E37BD0
:108A60001E2B06D10025204684F85D500CF093FEA5
:108A7000E573A37B372B2CD0432B32D0242B07D18B
:108A8000E37B243BDBB2072B94BF2B232523A3736B
:108A9000237C082B02BF02237B7384F8A630BB889B
:108AA000DA074BD5E37BB968113BD1F80080DBB224
:108AB00098F800500F2B1DD80B2D19D8012D06D971
:108AC000AA1E40F23333D2B2D340DB0712D40826B9
:108AD00059E0012384F8B5320023A37384F856309B
:108AE000D6E7002384F8643120460CF03DFECFE742
:108AF000E82DECD109792846FCF744FA08B9294653
:108B00006BE0012D01D9162D49D1A07B0CF061FE3F
:108B100030B1A37B242B03D0252B30D12B23A3737F
:108B20002846FDF74DFA0346002847D1FF2DE6D130
:108B30003B69002B4FD0012384F8B632BB8858071D
:108B400004D5227C072A04BF01227A7399074BD5EA
:108B5000B87901230D2884F8A73042D0112857D0C6
:108B6000072857D0FDF750FA034600283AD1BA79C2
:108B7000FF2A51D1372284F8B402A27334E0162DB3
:108B800014BF022620263B7B1B0705D5E37B113B48
:108B9000DBB20F2B98BF08263046BDE8F081112DBF
:108BA00015D005D8072D14D00D2DB9D1204B05E0D7
:108BB000142DB5D11F4B1B68002BA0D0BA684146BD
:108BC0002046127998470028B8D00646DBE71A4BB2
:108BD000F4E71A4BF2E798F8001020460CF009FE73
:108BE000F1E7174B20469847BB88DA06CBD5E37BE5
:108BF000B4F8B2000A2B04BF0B23E3730FF005FC9B
:108C00000028C0D0837C002BBDD000238374BAE73A
:108C10000C4BE7E70C4BE5E74FF45E60FCE600BF6A
:108C20004C7600208C8300200083002044830020A9
:108C3000398D00006C83002031710100918D00009E
:108C40009D6E0100536F01007B6F010000290346F8
:108C500008BF1F21252870B514461AD8222846D8E7
:108C60001D2812D80D2801D8002070BDA0F10E06D5
:108C70000125F6B2B54040F2512635401CD11628E8
:108C80001FD01D28F0D1254A32E02028ECD1244AFB
:108C90002EE0262836D0A0F12E02D2B2102AE3D838
:108CA000012040F295159040284233D10D2A33D04F
:108CB000102AD9D11B4B26E00021BDE870400EF0F0
:108CC000F1B9937B252B09D12046FBF731FB84F8C2
:108CD0004B510023A37384F85630C5E72B2BC3D127
:108CE000D37B243BDBB2072BF3D92A21ECE70E4AD6
:108CF0001568002DB8D00A46204619462B46BDE817
:108D000070401847094B1B68002BADD02046BDE8CA
:108D100070401847064AEBE7064BF4E770830020E3
:108D2000FC82002064830020508300208083002088
:108D30000C83002034830020837B02464978212B5A
:108D400017D00ED8042B16D00F2B16D0D07B272887
:108D500017D0333BDBB21C2B15D80C48C05CFFF797
:108D600075BF2B2B03D02D2B09D0252BEED1162030
:108D7000F5E71420F3E70E20F1E71220EFE72320B8
:108D8000EDE71720EBE7FE20E9E700BFD4D80300AA
:108D900070B54D780446837B3E2D74D81C2D06D8C3
:108DA000A5F10E02D2B2092A4CD9002070BD1D3D9A
:108DB000212DFAD801A252F825F000BFC18E000083
:108DC000AB8D0000AB8D0000AB8D0000AB8D0000C3
:108DD000AB8D0000AB8E0000AB8D0000AB8D0000B2
:108DE000CB8E0000AB8D0000AB8D0000538F0000D8
:108DF000AB8D00004B8F0000AB8D0000AB8D0000F1
:108E0000D38E0000AB8D0000038F0000AB8D0000FF
:108E1000178F0000AB8D0000AB8D00002B8F000082
:108E2000EF8E0000AB8D0000AB8D0000AB8D00001D
:108E3000AB8D00004F8F0000AB8D0000AB8D0000AC
:108E4000CF8E0000012140F2512001FA02F60642C5
:108E500025D1082AA9D1252B01D02B2BA5D120461D
:108E60000CF082FCE37B262B9FD094F86F301A2104
:108E7000204623F0090384F86F30FBF759FA0023EA
:108E800084F84B3191E7F82D59D0FF2D8DD1324B1D
:108E90001B69002B89D0012380F8B63285E7224672
:108EA0002846BDE870400EF0FDB82D2B7FF47DAF55
:108EB0002A4B1B68002B3FF478AF2046984774E795
:108EC000362B7FF472AF264BF3E7264BF1E7264BA8
:108ED000EFE7382B02D04F2B7FF467AF234B1B6893
:108EE000002B3FF462AF2E21204698475DE7392BD7
:108EF0007FF45BAF1D4B1B68002B3FF456AF362150
:108F0000F2E73A2B7FF451AF184B1B68002B3FF46C
:108F10004CAF3021E8E73E2B7FF447AF134B1B6883
:108F2000002B3FF442AF3221DEE7442B7FF43DAF0C
:108F30000E4B1B68002B3FF438AF3521D4E7492B8B
:108F40007FF433AF0CF010FC2FE7094BB1E7094B6E
:108F5000AFE7094BADE700BF4C76002058830020F7
:108F60007483002078830020688300201C83002005
:108F70002083002030830020F4820020064B074A23
:108F80001B68126810B504460BF07DFB06212046D5
:108F9000BDE81040FEF720BC288300205483002049
:108FA000024B0020C3E90400704700BF4C7600204C
:108FB00008B50022044BC3E90422FCF7B9FCBDE864
:108FC0000840FDF7EDB800BF4C760020F8B5604DC5
:108FD000002704462860AF802F736F73FF2380F84B
:108FE0005830B0F8EA31002B00F0A08090F8A6309D
:108FF000FE2B40F09B8090F83C31002B00F09680D7
:10900000037C073BDBB2012B40F2908090F83D31AE
:1090100002210122A0F8507080F8A8300DF049FF1D
:10902000022184F8F2712046FCF7B4FDB4F8EE1189
:109030002046B4F8E6300139B4F8F02189B2B1FB2A
:10904000F3F31344A4F8F031B4F848300B44A4F817
:109050004830B4F84E3001330B44A4F84E30B4F825
:109060004C3001330B44A4F84C300DF0F9FF10B133
:10907000E36B0B44E363B4F8EA310027012B9CBF98
:109080000133A4F8EA3109B184F8F671E37B84F87E
:10909000F2710A3BDBB2012B0FD8E388B4F8C0228F
:1090A0009B1A1E0409D404F2C22104F11E000BF025
:1090B00003FDE773FF2384F85730B4F8EE2104F181
:1090C000B00120460BF03EFDE37B22492046113BD8
:1090D000214ADBB20F2B8CBF00230123F9F746F99D
:1090E000696911B100200FF0F9FD237BD80703D582
:1090F00000212046FBF71CF9237B590703D50021EB
:109100002046FBF733F9237B9A0704D5002104F5A9
:10911000B570FCF763F9237B1B0704D5012104F527
:10912000B570FCF75BF900232373F8BD94F8A61023
:10913000FE297FF478AF094B1F68002F3FF476AF0C
:109140000FF0ABFF02460B462046B8476EE700BF64
:109150004C7600202989000071910000C082002017
:10916000024B1869003818BF012070474C76002068
:109170002DE9F04F744F0D4689B08146B9883C689F
:109180008B05204655BFB4F8482000230132A4F8CF
:1091900048304CBF84F8F631A4F848200DF060FF49
:1091A00038B10B4604F5B57204F1B0012046FDF765
:1091B0003FFABB8803F4C06333B1237E002B00F079
:1091C0009A80032B00F09D80227EBB88012A03D168
:1091D0001E0544BF02222276B9F1000F40F04A81F9
:1091E000580656BFB4F810224A460132A4F810229D
:1091F00003F00A020A2A0DD1BA79022A0AD123F011
:10920000080329462046BB80FFF7EAFB28430823D2
:1092100085B2BB8029462046FFF7E2FB3B69284325
:1092200085B2002B4DD01422002103A810F0D8FAEB
:1092300094F8310105F09CFB00F5FA7694F83101C1
:1092400005F08EFB4FF47A7394F83911B6FBF3F600
:10925000B4F8B2300644D4F8D000ADF80C30E3884E
:10926000ADF81260ADF810300BF0B0FB94F8B632E8
:10927000ADF80E002BB1BB681A689B8806928DF87A
:109280001C3094F8B52203A89DF8143062F3000353
:109290008DF814303B6998470023069A84F8B6325B
:1092A00084F8B5326AB194F8B43253B9A37B372B42
:1092B00007D09DF81C3023B11178FF2925D11B2B35
:1092C0002AD994F8A630FE2B4ED1002D4CD1237C08
:1092D000073BDBB2012B47D994F83C3123B394F818
:1092E0003D3101220221A4F8505084F8A8302046D4
:1092F0000DF0DFFD38E0012121762046FEF76CFA03
:1093000062E7022301212376F7E70729D9D1022B4F
:10931000D7D15178FF29D4D10121C4F8B82284F8DB
:10932000B73284F8B412CCE7E37BA3F110085FFAFC
:1093300088F8B8F1100F40F2D0812368D90705D51D
:109340002A460921D3E700BF4C7600209A0740F156
:10935000EA802A460C2120460DF0ABFD94F85F30E0
:1093600043F0010384F85F30B4F8F03194F8F3610E
:109370000133A4F8F031002E00F00A84F9F7E2F886
:1093800010B10023A4F8F031B4F8B2000FF03DF8AA
:10939000237E8246012B00F214844FF0010BE388F8
:1093A000DFF8A4825B44B4F8E660A4F8E831D8F8AA
:1093B0000030002B00F06084012E40F25D84F9F74C
:1093C000B3F8D8F800300246E1882046984700F10B
:1093D00001081FFA88F894F8F431002B3FD1BBF153
:1093E000010F3CD9E37B0BB10B2B38D1A37BB3BB73
:1093F000237CA3BB237E022B31D194F8F63173BBBF
:10940000D4F8C80009F08DFB48B394F8A630FE2BC1
:1094100025D1B4F8EA31012B21D9B4F8F011B4F810
:10942000D82091421BD2BAF1000F05D0BAF80E3005
:10943000ABB99AF8123093B90BF1FF33521A9BB2C1
:1094400092B2B3FBF6F3934228BF134603FB0686A2
:10945000003B1FFA86F818BF012384F8F2317B4BDA
:109460001B681BB14146204698478046E3889844D4
:10947000A4F8EC81BB885E0657BFB4F8FC3100232A
:10948000B4F8EE219B18A4F8FC3194F83C3123B9D0
:10949000237C073BDBB2012B06D8B4F85030B4F87C
:1094A000EE211344A4F8503094F8561031B1B4F8BA
:1094B0005230B4F8EE211344A4F8523094F95C20F1
:1094C000002AC1BFB4F85A30B4F8EE011B18A4F852
:1094D0005A3094F8393063B9B9F1000F40F015846F
:1094E0007B7B022B40F0CC8394F8A830062B18BF6E
:1094F000162394F8382022B9204684F83930FCF736
:10950000EBFD20460DF057FE514B1B681BB1514A35
:10951000204611689847002384F8583009B0BDE808
:10952000F04FFBF77FB95E0702D52A461321DEE62E
:10953000180706D594F8A0302A4684F8A8300721E9
:10954000D5E6190602D500221B21D0E613F0100241
:109550006AD094F83F31002B40F092801621B4F885
:10956000B20004F1B008F7F7F1FD002842D090F8FE
:109570000531012B3ED100F1EC06E27B292A3DD0DA
:1095800094F80EA0AAF12902D2F1000A4AEB020ACD
:1095900094F83E2102F0FF019AB304F2C22304F5CD
:1095A0009F7231464046CDF800A00BF0A8FE002384
:1095B00084F83E311621B4F8B200F7F7C7FD70B356
:1095C00090F805A1BAF1010F29D100F1EC0631465E
:1095D00040460BF0D2FE20B1514604F5B570FBF7C2
:1095E000FDFE738900221521A4F8A830F389A4F8A0
:1095F000AA307CE604F580760023BEE74FF0010A2E
:10960000C6E703AA40460BF043FF04F2C22303AAB5
:1096100031464046CDF800A00BF071FECAE704F5D4
:1096200080764FF0000AD2E713F0400101D02421E8
:109630005DE613F4807202D00A461E2157E613F449
:10964000007109D02F2152E67C8300204C8300203A
:10965000F8820020D805002013F4005201D00A46F9
:10966000F0E713F4806101D0312140E613F4805219
:1096700002D00A462C213AE61B0501D5F72136E631
:10968000E37B3D2B00F0B48018D82F2B00F0B68080
:10969000352B6DD0262B78D0A67B002E40F0B480E1
:1096A000E37B103BDBB2102B40F2B68094F84630DF
:1096B000002B00F0B1800122122118E6452B00F0AA
:1096C0009A804E2B00F09D80402BE5D1A54B204683
:1096D0001B6898470022332109E6113B0F2BDBD88A
:1096E00001A252F823F000BF2997000099960000CC
:1096F0009996000099960000999600002F97000017
:10970000419700007D9700007D970000999600002A
:10971000999600009996000099960000999600008D
:10972000999600008597000000220B21DFE5204676
:10973000FCF744FD00283FF417AE00220421D6E5D3
:109740002046FCF73BFD00283FF40EAEB4F8B20013
:109750000FF0FAF8022807D003280CD001287FF474
:1097600003AE0022E721C2E54EF64B03A4F8A23077
:1097700000221121BBE54EF64A03F7E720460DF023
:10978000B0FBF1E500220621B1E594F84B31022B44
:109790001BD194F8513113BB637E4BB1A37E3BB117
:1097A00094F83031052B1AD094F84D31C3F30013DF
:1097B0001621B4F8B2001E46F7F7C8FC08B1437C86
:1097C0001E4376B90022172191E594F84B31012B05
:1097D0007FF462AF94F84C31002BDAD05CE70123C0
:1097E000E6E7B4F8B2000FF087F80028EAD153E7B3
:1097F00000222D217BE500223A2178E5002220215C
:1098000075E500223C2172E5092E05D194F8A130BE
:10981000012284F8A83092E6B8F1100F7FF6A4ADCB
:1098200094F8A630FE2B7FF49FAD002E7FF49CAD04
:1098300094F853313BB101220E2120460DF039FB43
:1098400084F8536190E594F8523183B194F85F80C5
:1098500018F0030F0BD148F0010801220C2120461B
:109860000DF027FB84F85F8084F85261EAE794F8F2
:10987000543173B194F87530DB0902D001222B21E9
:1098800035E5394B1B68002B00F09980204698473E
:1098900095E094F83E31C3B394F83F31ABBB162149
:1098A000B4F8B200F7F752FC28B194F84831012B14
:1098B00080F8043124D004F58076E17B04F59F72B2
:1098C00004F2C22329291ED0A17BA1F1290CDCF1CD
:1098D000000141EB0C01009104F1B00031460BF0A6
:1098E0000EFD002384F83E310122142120460DF0A4
:1098F000E0FA7389A4F8A830F389A4F8AA3033E514
:1099000000F1EC06D9E70121E5E794F84A3153B1BB
:1099100094F83F313BB994F83031052B03D1204600
:10992000FBF768FD20E594F84B31012B76D194F8D4
:109930004C31002B72D1E67BA6F12403072B6DD9A5
:1099400094F8308108F1FF33DBB2042B05D894F88A
:109950003121013AD2B2042A08D94EF23F70F6F70B
:10996000A5FF00BF1883002020830020DFF870B21D
:1099700094F84DA15B445146587F0DF065FA70B3E1
:10998000934494F84E119BF81D000DF05DFA30B32E
:1099900094F851311BBB94F8506104F5307294F87F
:1099A0004F014146E38840EA06200AF0A6FC06463D
:1099B00090B901462046FAF7BBFC84F84B6194F855
:1099C000A630FE2B7FF4D0AC94F8B432002B3FF4D9
:1099D000CBAC0122FF218AE42C23A373C4E4A6F1BB
:1099E0004703012BEBD90A3E042EE8D994F85131F4
:1099F0006BB9637E13B90122162178E4A37E002B94
:109A0000F9D0B8F1050F02D01AF0100FF3D0B4F866
:109A1000B2000EF071FF0028EDD1D0E794F8563176
:109A200013B10122222162E494F8553143B16D4B08
:109A300020461B689847FE280146C0D0012256E404
:109A400094F85E3113B101221D2150E494F85F3186
:109A50006BB194F87330DB0902D001222E2146E469
:109A6000614B01220C2120461B6898477CE494F846
:109A7000603113B10122362139E494F8613113B118
:109A80000122302133E494F8643113B101223821EA
:109A90002DE494F8623133B1544B20461B6898474B
:109AA0000122322123E494F8633113B101223521DC
:109AB0001DE494F8653113B10122262117E494F8CE
:109AC000BC3213B101223E2111E494F8673103F056
:109AD000FF0683B14121B4F8B200FAF71FFB38B199
:109AE000434B20461B68984701223B21FFF7FFBBF1
:109AF000404B1B68CAE694F8BD3263B13E4B20462A
:109B00001B68984738B10122292120460DF0D1F970
:109B100084F8BD6296E694F8663143B10122F821DB
:109B200020460DF0C6F9002384F866318AE694F8E1
:109B300069319BB194F84C3183B9E27BA2F12403E3
:109B4000072B0BD9A37B3E3BDBB2042B06D93E3A55
:109B5000042A03D901222321FFF7C9BB94F86831F5
:109B6000012B06D1002384F8683101222521FFF75B
:109B7000BEBB94F86831022BF4D0204B1B68002B3D
:109B80003FF41DAF2046984700287FF4EDAB16E761
:109B9000F8F7C4FC08B1A4F8F061F8F7DBFC002882
:109BA0003FF4F2AB94F8F6310133DBB2022B84F8C8
:109BB000F63182BF0023A4F8F03184F8F631FFF7C4
:109BC000E3BB237C082B1BD1B4F84830022B7FF673
:109BD000E4ABB4F84A3001331FFA83FBFFF7DFBB75
:109BE000D4D8030084830020088300201083002041
:109BF0003C83002030830020F082002094830020EA
:109C000094F846301BB1A37B0F2B7FF4C6ABB4F89E
:109C100048202046B4F84E30B4F84A109A42B4F8BE
:109C2000E66001F101012CBF891AC91AA1EB860176
:109C30000DF016FAF0B1236CE26B01339B1AA3EB23
:109C400086039942A8BF1946BAF1000F05D0BAF8A9
:109C50000E30043B9942B8BF1946304B1B6813B114
:109C600020469847014601297FF797AB1FFA81FBF1
:109C7000FFF795BB0B46E4E74FF00108FFF7ABBBDE
:109C8000012B08D1637C002B7FF433AC00212046EC
:109C9000FDF7A2FD38E455B1E80633D4290734D4E2
:109CA000AA0635D4AB0736D149F65C6057E639B120
:109CB000B4F85210B4F85430994201D3222318E476
:109CC000002A05DDB4F85A20B4F854309A42F5D28F
:109CD000B4F85020B4F84A309A4209D2227EB4F83F
:109CE000483052B1B4F84A209A42CFD8082300E451
:109CF00094F83C31002BE1D1F0E7052BC6D93E2387
:109D0000FFF7F7BB1E23FFF7F4BB3D23FFF7F1BBC3
:109D10002323FFF7EEBB2A23FFF7EBBBEC820020E7
:109D200070B50446D0F8C802D4F8D030984219D1A2
:109D3000B4F8CC22B4F8D8309A4213D1B4F8CE6239
:109D4000B4F8DA30F61A18BF012694F8D432002B92
:109D50003CD0B4F8B2000EF058FB28B94CF2A27017
:109D6000F6F7A4FD0126F0E7B4F8D022B4F8E63007
:109D70009A4219D1B4F8D23282899B1A18BF0123B2
:109D8000A57B472D14D0E27B472A0FD00025B4F8DD
:109D9000CE222046D4F8C812FBF734F885B300234E
:109DA000A3730323237670BD0123E9E73343EDD08A
:109DB000144B1B6813B945F2A150D1E7A5F1470236
:109DC00000212046554255419847E0E7002EDDD05E
:109DD000B4F8B23094F83911A4F8B1310AF0F6FDB4
:109DE000B4F8CC32A4F8B30104F2A710A4F8B5314A
:109DF000B4F8CE320449A4F8B7310BF0FAF9C5E74C
:109E0000E573CEE75C8300202F5A010008B5FBF70D
:109E100007FE024B024A1A6008BD00BF6C83002097
:109E2000C56F010008B5FBF747FE024B024A1A60F6
:109E300008BD00BF2083002095D800000D4B0321F2
:109E4000186830B50D4690F8A52090F849400132C9
:109E5000B2FBF5F303EB4303D31ADAB244FA03F38C
:109E6000DB0703D4013911F0FF01F0D180F8A52000
:109E700030BD00BF64760020014B18680DF078BA41
:109E80006476002008B503F02DFB014B187008BD67
:109E9000DC050020054B10B41C68827C836804F14B
:109EA000420194F8410010BC0AF094BC6476002092
:109EB000024B18686C3001F02DBB00BF64760020A7
:109EC0000122962138B5114C104604F08FFAFFF7A5
:109ED000EFFF656801F0DAFA63682860186818B95E
:109EE0004AF2C630F6F7E2FC0DF035FC10B94CF63C
:109EF000AD60F7E7252104F08BFB9621002004F0EC
:109F0000E5FB636804221A7138BD00BF6476002047
:109F100038B5194D04466B681B79022B03D94EF6F0
:109F2000DC10F6F7C3FC2B68027C83F8A4201A44EB
:109F3000C168996692F87C2183F878214268C3F859
:109F40008820037A022B0ED004F040F804F0E4FBE2
:109F500003F02CFD094804F043FB094804F03AFBE8
:109F6000084804F0A9F8637C23B12B685B6E0BB141
:109F700001221A6038BD00BF64760020C0AF000027
:109F800055555500D6BE898EF7B5454D0023074679
:109F90000E462C686372236DB3F8B22093F8391122
:109FA000D3F8D00062810AF011FD2B6820841A6D6D
:109FB000B2F8D810B2F8DA2059849A844FF47F426C
:109FC000DA844FF6FF721A85FFB1012130460AF09C
:109FD0001FFF01463078C0092C6894F84830F3B16F
:109FE0000DF033F9D8B10B6863618B88287B04F1DD
:109FF0000E022383082846D004F10D01FAF79CFDD8
:10A0000080B943F26170F6F751FC6946A8680AF01E
:10A01000F5FDAB6869461878C0F38010DCE70023D3
:10A020006361E3E72C68637B43F0020363733FB330
:10A03000002130460AF0ECFE0368C4F81A30838829
:10A04000E3832B68186D93F95910B030FAF7C2FE0C
:10A05000286814490BF0C4F828681349036D2A30A6
:10A06000B3F8B220A0F809209B7FC3720BF0C1F8AF
:10A070000221286801F034FDFFF71AFF03B0F0BD9C
:10A0800004F17800D8E794F87E306373A36FC4F8C6
:10A090000E30B4F87C3093800023C4F81A30CFE738
:10A0A00064760020A57201006372010008B5064BBA
:10A0B00093F900207F2A03D14EF2C040F6F7F6FB59
:10A0C00002707F221A7008BDDC05002010B50478EC
:10A0D0008EB004F00F0404A922460DF062FBFFF7D6
:10A0E000D1FE042C33D11B4C059A2368107893F8C9
:10A0F000781088422BD1507893F87910884226D175
:10A10000907893F87A10884221D1D07893F87B1018
:10A1100088421CD1107993F87C10884217D151796C
:10A1200093F87D20914212D19DF8212093F87E3042
:10A130009A420CD10DF10F00FFF7B8FF9DF90F30D7
:10A1400004A90093237C227B60680DF016FB03209A
:10A150000EB010BD647600200D4A536810B5197911
:10A16000022903D84CF67D30F6F7A0FB19790829AF
:10A1700002D941F61C70F7E71B79526903F180435D
:10A180009268033BBDE8104052F82330184700BFE7
:10A190006476002010B5054C637B2BB104F0BCFA4B
:10A1A00003F004FC0023637310BD00BF647600203D
:10A1B00010B5054C23782BB104F0AEFA03F0F6FB92
:10A1C0000023237010BD00BF1C77002010B5094C80
:10A1D000FFF7E0FF012263681A7100222368A3F8E9
:10A1E000792183F87B21FFF763FE2068BDE81040EA
:10A1F0000DF082BE6476002008B5FFF7CBFF044B5C
:10A2000000209968FFF7C0FEBDE80840FFF734BEA4
:10A2100064760020062938B51D469DF8104019D9EE
:10A2200009291BD802B18CB143689BB912B9437894
:10A23000DB0615D40B4B5B6818680DF0ACFA00B167
:10A2400034B92DB9FAF74EFC00F00104204638BDB0
:10A250000120F9E79DF814402C43F7E70024F5E7C7
:10A260000124F3E76476002038B50C1E05460CBFC8
:10A27000052003201044FAF7A5FC094B587370B170
:10A280005CB9033D012D8CBF5024552403F064FBC1
:10A290002046BDE8384004F033BA4024F6E738BD24
:10A2A000647600202DE9F0413D4CFFF701FE656822
:10A2B00001F0ECF863682860186818B94EF2C150D4
:10A2C000F6F7F4FA0DF047FA074610B94EF21210FD
:10A2D000F6E7236893F8A6306BB123681A6D93F8FC
:10A2E000A710C3F8102193F854200A4383F8542090
:10A2F000002283F8A620206890F8A430034493F845
:10A300007C81636880F878811A7952B11B79012BBE
:10A3100007D000210DF03CFC18B9BDE8F041FFF773
:10A3200055BF23681F4A93F8A530D05C03F0E6FEC2
:10A33000236893F8A420134493F87C61022E2DD057
:10A3400004D8012E05D04DF6D430B9E7F31E012B09
:10A35000F9D801F095F805463146012003F0D2FF07
:10A360002946384604F054F908F1FF333A4640468E
:10A3700059425941FFF778FF626808210023517163
:10A3800021732168D3801372E37381F89530A3732E
:10A390002374537203231371BDE8F0810D25DBE7AD
:10A3A00064760020FBD80300114A10B5536800B949
:10A3B00031B9184601F0F8F8BDE81040FFF706BFC4
:10A3C0001979082903D84EF20F00F6F76FFA1979B8
:10A3D0000C2902D94BF21560F7E71B79526903F19A
:10A3E00080435268093BBDE8104052F823301847BB
:10A3F00064760020054B1A6892F85420920703D027
:10A400005B68186801F06AB8986870476476002045
:10A4100070B5334D06466B681A79032A0AD01A794B
:10A42000042A07D0FFF7E6FF044638B940F23F5050
:10A43000F6F73CFA18680DF08EF9F5E72B6893F8FB
:10A44000543013B949F6F950F2E7AEB10AF08AFD7B
:10A4500030B16B681A79022A15D84AF6EE70E7E730
:10A4600020460AF09AFD0028F3D11E4B1B681BB151
:10A47000204698470028ECD16B681A79022A17D831
:10A480004AF28270D4E71A79082A02D947F24D308D
:10A49000CEE71B7920466A6903F180431269033BCA
:10A4A00052F8233098470C2812D94FF6D940BFE70D
:10A4B0001A79082A02D94CF20170B9E71B796A6946
:10A4C00003F180435269033B52F823309847EAE78F
:10A4D0006B69DB68BDE8704053F82030184700BF57
:10A4E00064760020A48300202DE9F043012387B087
:10A4F000074688468DF80D3016468DF80E307F4B96
:10A500007F4C1B6833B160680DF10E020DF10D0137
:10A51000407A98474FF420737D6823FA08F313F0CC
:10A52000010228D045BB002E4CD1D4E9002192F87D
:10A53000540000F00303400703D53E78751E6E42B9
:10A540006E410BB19DF80D308B710EB19DF80E6010
:10A55000CE7192F894304BB12368D3F8900050300C
:10A560000BF02DFE10B9636801221A7200252846EF
:10A5700007B0BDE8F0832DB32946787C0CF065FE6A
:10A580008146002A70D0637B5BB150B1002E62D04F
:10A5900065680AF059F9636868715B792373012370
:10A5A000A37363685879082865D17968787C0BF0C3
:10A5B0009EFD6268054679680532787CFAF798FA5C
:10A5C000002869D0616822684B7A92F84B90002B82
:10A5D0007FD192F84A3092F8540010F0030007D06F
:10A5E000019538468A79414600923246FFF712FEBD
:10A5F00063682268987192F8540010F0040008D043
:10A6000001953246DB794146384600934B46FFF7C9
:10A6100001FED4F8049099F806300BB19DF80D3086
:10A6200089F8063008B19DF80E00364B89F807000E
:10A630001B6823B131463846984789F808007A6884
:10A640006AB3797C236883F87E10116899679288D1
:10A65000A3F87C2023E0236893F87811012997D18F
:10A660002846FAF781FA6073637B002B99D0B9F121
:10A67000000F96D08CE704AA0DF10F01FAF75CFAEF
:10A6800018B946F27240F6F711F904A99DF80F00C7
:10A690000BF02DFD054695E76368D8801872636856
:10A6A0001A7A42BB9A7932BBDA79B86800283FF44B
:10A6B0005EAFB8F1070F7FF45AAF597908293FF41C
:10A6C00056AF002A3FF453AFFAF76CFA0123E37355
:10A6D0004DE7B9F1000F0BD192F85790B9F1020F85
:10A6E00006D0A9F10400D0F1000949EB000972E796
:10A6F0004FF001096FE70122D7E700BFA0830020D8
:10A70000647600209C83002038B5154D2C6894F8A1
:10A710004830F3B16FF00043D4E920129A4208BFE9
:10A72000B1F1FF3F15D00EF00BFCD4E9202390428D
:10A7300099410ED32B6893F848305BB92D68FAF72E
:10A74000F5F904460EF0FCFB064BE4FB0301C5E9FA
:10A75000200138BD0120FAF7ADFA0028F9D0EDE765
:10A760006476002040420F0010B50446FFF7D0FB8E
:10A77000237A032B03D145F63970F6F797F80BB916
:10A78000FFF75CFB054B1B6893F9590003F08CFC49
:10A79000FFF788FDBDE81040FFF7B6BF64760020E4
:10A7A0002DE9F843674F002306468946B8682521FE
:10A7B000D7F80080037043700EF087FA054630B971
:10A7C00000250320FAF7A2FD2846BDE8F883BC68FF
:10A7D000032E23783ED123F00F0343F003032370AD
:10A7E0000C236370D8F87830B868C0F80930B8F82E
:10A7F0007C30A0F80D3098F87E100AF00BFAD7F8EC
:10A80000008098F8483098F841907BB198F854301F
:10A810005B0740F1828098F84B30002B7DD098F890
:10A820004C00FAF7B5FA0446002879D108F1420441
:10A8300023684946B868C0F80330A388A0F80730F9
:10A840000AF0E3F9404BD3F80C32002B6BD003F045
:10A85000FFFDB5E723F02F03222243EA491362707C
:10A8600043F0050323703B681A6DD2F8D420C4F876
:10A870000F201A6DD2F8DC30E374190A1B0C217515
:10A88000637592F83A0192F83911B2F8E430002871
:10A890003DD04FF0640CB3FBFCF3A375D2F8E0306D
:10A8A000C0B36420B3FBF0F3E3751B0A2376D2F840
:10A8B000D0000AF08BF839686076000AA0760B6D3C
:10A8C000BC68B3F8D820E276120A2277B3F8DA200F
:10A8D0006277120AA277D3F81F20C4F81F2093F8DA
:10A8E000233084F823300B6D93F82A2094F8243019
:10A8F00062F3040384F82430F9F768FC94F82430F8
:10A9000003F01F0343EA401384F824306AE740F25F
:10A91000E24CC0E740F2E240C4E77B68587980E748
:10A920004FF0010984E7052E7FF44EAF3B682168A4
:10A930001A6DC2F8BC10A188A2F8C0101B6D83F874
:10A94000BB9041E76476002000A0085010B50021BC
:10A950000320FFF725FF18B9BDE81040FFF736BC0C
:10A96000054C032120680DF013F90028F4D063682A
:10A9700009221A7110BD00BF6476002070B5164C14
:10A98000636818680CF0E7FE064618B943F2DF204A
:10A99000F5F78CFF63680A22002120681A7101F024
:10A9A0009FF8236805201B6D9D7F3378C3F3401308
:10A9B0001D402946FFF7F4FE18B9BDE87040FFF7C7
:10A9C00005BC042120680DF0E3F80028F5D02368C9
:10A9D0001B6D9D7770BD00BF647600202DE9F04FA0
:10A9E000044689B0062900F2C980DFE811F0600052
:10A9F000EB000700C700C700C7002600704D03F03A
:10AA000027FD2F6897F854309A0714D06E68B379F1
:10AA10008BB10DF11F00FFF749FB9DF91F3002229A
:10AA20002146029330462B7B0193FF23009307F1CD
:10AA300042030CF092FE03201FE0614D6E68B37973
:10AA4000002B00F09B802F6897F85420930717D5B0
:10AA50000DF11F00FFF72AFB9DF91F30304606223B
:10AA6000029321462B7B0193FF23009307F14203BE
:10AA70000CF073FE002309202B7409B0BDE8F08FA1
:10AA8000D7077BD5560701D503F0E2FC0DF11F0077
:10AA9000FFF70CFB9DF91F202B6802922A7B4233A3
:10AAA0000192FF220092062221466868C1E7444DC8
:10AAB0002B6893F8542050073AD56868C279002A69
:10AAC00036D0626893F85C1016788E4259D1567869
:10AAD00093F85D108E4254D1967893F85E108E42B2
:10AAE0004FD1D67893F85F108E424AD1167993F8F9
:10AAF00060108E4245D1517993F86120914240D146
:10AB0000627C93F85B10511A4A424A4193F85710FD
:10AB1000012952D0033901294FD9002A4DD193F888
:10AB20004C30082B02D042799A4246D003F090FC78
:10AB30006E68B379002B3ED02F6897F854209307A6
:10AB400021D50DF11F00FFF7B1FA9DF91F303046F6
:10AB50000022029321462B7B0193FF23009307F1F0
:10AB600042030CF0FAFD012309202B746B68DA799B
:10AB7000002A82D19B79002B7FF47FAF03F068FC21
:10AB800059E70022C2E7D60715D5500701D503F0D3
:10AB90005FFC0DF11F00FFF789FA9DF91F202B685C
:10ABA000214602922A7B42330192FF220092002228
:10ABB00068680CF0D2FD0320D8E70A20D6E700BF72
:10ABC00064760020684D81682A68807C0CF03DFB2B
:10ABD00092F854306E68814692F84880590796F88A
:10ABE00006A096F807B088F0010840F1948092F82A
:10ABF0004B30002B00F08F8092F84C60082E00F054
:10AC00008C803046F9F750FF48EA00005FFA80F880
:10AC1000B9F1000F00F083803046A168FAF77EF8A2
:10AC200006462B6893F8542093F8417052074ED58E
:10AC3000626893F85C101078884272D1507893F86B
:10AC40005D1088426DD1907893F85E10884268D18B
:10AC5000D07893F85F10884263D1107993F8601030
:10AC600088425ED1517993F86120914259D1627C3A
:10AC700093F85B10501A42424241696849790829A9
:10AC800051D093F84C30591A4B424B41002E4CD1C5
:10AC9000B8F1000F4BD02046CDE90423FFF7FAF8B6
:10ACA000DDE90423BBF1000F0FD0296891F857109C
:10ACB000012955D0A1F1030CBCF1010F50D921B9E4
:10ACC000002A4DD108B1002B4CD103F0C1FB2B68F9
:10ACD00093F854309B073FF4AEAE03F0B9FBBAF1E2
:10ACE000000F3FF4A8AE2046FFF7D4F8D5F8008057
:10ACF00000B9F6B10DF11F0047EA4607FFF7D6F994
:10AD00009DF91F30FFB202932B7BCDE9007308F150
:10AD100042030122C8E6767970E7002681E74E46B5
:10AD20007FE70022A9E70023B0E70120BAE7304619
:10AD3000B8E798F85520023AD2B2012A3FF67BAE26
:10AD4000B9F1000F3FF477AE0DF11F00FFF7AEF938
:10AD50009DF91F3002932B7B0193FE230093D6E7CE
:10AD60000028B2D00A2088E66476002030B58BB087
:10AD70000546FFF787F8124B1B6893F8543003F031
:10AD8000060323B101229621002003F02FFB2C782B
:10AD90006946284604F00F020CF003FD002204F07F
:10ADA0000F016846FFF7A0FB04F00F016846FFF7AC
:10ADB00015FE0446FFF7EEF920460BB030BD00BF8C
:10ADC00064760020036D10B504461BB948F6676031
:10ADD000F5F76CFD022208494272B3F8B2304381A4
:10ADE000FF2380F827304FF6FF7303850AF0F8F948
:10ADF0000023236510BD00BFA57201002DE9F041BD
:10AE0000244E8046F9F714F90121B0600020F6F7CE
:10AE100065F9054618B948F28450F5F747FD4FF437
:10AE2000C07200210EF0DCFC01210846F6F756F94D
:10AE3000044620B14FF4C07200210EF0D1FC022173
:10AE40000020F6F74BF9074680B102F02DFB0728EA
:10AE500002D842F65B70E0E702F026FB12230021E5
:10AE600003FB00F2384602320EF0BAFC736913B9E4
:10AE700046F6DB70D1E740460CF0D9FA28460CF0D4
:10AE800078FE24B12046BDE8F0410CF072BEBDE86A
:10AE9000F08100BF64760020014B024A5A6170477E
:10AEA00064760020A8AF0000036810B51BB94CF20F
:10AEB0009C60F5F7FBFC044A13606C3353605369E4
:10AEC000BDE810401B6818476476002008B5044BA5
:10AED000586800F069FBBDE80840FFF777B900BF8C
:10AEE0006476002038B590F84030044613F0FD0F2A
:10AEF00004F1420114BF0120002084F84100F9F759
:10AF0000C1FC94F84030023BDBB2012B94BF01231B
:10AF1000002384F8483014D8F9F708FE05460EF0EF
:10AF20000FF8084BE5FB030194F84830C4E9200111
:10AF30003BB10020F9F7BEFE18B947F22310F5F730
:10AF4000B5FC38BD40420F00014936300AF04BB91C
:10AF500083720100799E0000CDA10000797201008A
:10AF6000A5A20000797201007972010079720100D6
:10AF700079720100797201004DA900007DA90000DD
:10AF80007972010079720100C19E0000F9A10000F0
:10AF9000E3730100D173010007740100F97301002C
:10AFA0006DAD0000CDA0000069A7000088AF0000D3
:10AFB00090AF000054AF0000A0AF000098AF0000B9
:10AFC00059A1000011A40000A9A300007B74010096
:10AFD00008B5431EDBB229B1032B07D94FF20A0093
:10AFE000F5F764FC042B02D8024AD05C08BD4EF28F
:10AFF0003F70F5E7FED8030008B507F0C9FE054A23
:10B00000D2E84F3F0133DBB2C2E8413F0029F7D11C
:10B0100008BD00BF7C760020024BA0F108015868F3
:10B02000FFF7EABF7C7600202DE9F84F1F46374B2B
:10B030000E46934600211A7804689DF828509DF822
:10B040002C809DF930909DF834A0016032B9A4F1B4
:10B0500008015868BDE8F84FFFF7CEBF1A2204F187
:10B0600009000EF0BDFB0123A372BBF1060F46D809
:10B07000DFE80BF0042F33453B453700E37A43F01C
:10B080001303E372012304F10E024146237547F6D0
:10B09000FF73304684F81890E38204F10D030CF03E
:10B0A00030FBE37A5B072ED5AB1E012B8BBFB36859
:10B0B0003B681A68E3618ABFE261BB889B88E576DA
:10B0C00023840023237212492046BDE8F84F0AF07A
:10B0D0008AB8E37A43F01503D3E7E37A43F0100329
:10B0E000CFE7E37A43F01203CBE7E37A4AF01A0A98
:10B0F00023F01B030AF01B0A43EA0A03C1E74AF6DE
:10B100000210F5F7D3FBFF23E376DAE77C76002025
:10B1100039B1000010B50C46096849B101F10803C6
:10B12000984203D0034B5868FFF766FF0023236063
:10B1300010BD00BF7C7600202DE9F04F05468DB094
:10B140000C4600200121F6F701F8064618B941F631
:10B15000F430F5F7ABFBA8300CF00DFD18B196F804
:10B160005430042B2ED130460CF056F950BBB44C61
:10B1700004F1080604F10C07AB6A93B92846FFF7FF
:10B180004BFF4FF40073ADF804309DF804300020FD
:10B1900063F307009DF8053063F30F200DB0BDE8A1
:10B1A000F08FA96A0B68B142AB624FF000030B70DD
:10B1B0004B708B70CB70DFD0B942DDD06068FFF789
:10B1C0001BFFD9E7AF6A3FB39E4B9F4227D0043B9A
:10B1D0009F4224D007F13B094FF00008F8F736FFF3
:10B1E0008246B8F1000F40F0FC8002A948460CF0FE
:10B1F00087FBBAF1000F17D004F10D00EE7A16F0BC
:10B20000100614D09DF81820059907F0E3F89DF872
:10B2100018604FF0010828E005F13309DCE74FF032
:10B2200001084FF00009D9E704F11C00E6E7002F00
:10B23000EFD09DF80830022BEBD0014695F8323064
:10B24000E522484609F024FE95F8323006460344CC
:10B25000484685F8323009F013FE95F83280A8EBA5
:10B260000001D1F1000848EB0108BAF1000F00F02D
:10B27000BC80EB7ADA0605D440F6094069E7D0468F
:10B280000026F6E713F0040FAA7A687B4FF03E031E
:10B290002FD0E97EFE292CD123700B23E270A370FE
:10B2A000130160710233637001232371D5F80E30EE
:10B2B000C4F806306B8A21736381EB69C4F80D30E2
:10B2C0002B8CA4F811302B7EE3745D4E06F1080A36
:10B2D00057453ED12379022262F3461305F1280037
:10B2E00023710CF028FA02272846FFF795FE042662
:10B2F00042E02370022106F10A03E270607102FB52
:10B300000313A1706370D5F80E30C4F806306B8A51
:10B310002673264463812B7E7373EB7A13F0080245
:10B3200002D004232371D0E703F00300032801D1E6
:10B330002271CAE7580701D50123F3E7DA0705D4DC
:10B340009B0701D52171C0E70323EBE74CF20A30DC
:10B35000FFE606F10C094F4515D105F128000CF068
:10B36000EAF96A7D6AB92379042662F346132371E8
:10B3700002272846FFF750FE8DF804608DF805700F
:10B3800003E70026F4E71FB3B8F1000F1BD005F167
:10B3900028000CF0D0F939467068FFF72DFEAB6A33
:10B3A0000022534585F8322094D04B4501D12379B2
:10B3B00092E79DF80830022B05D1237923F068032A
:10B3C0000127237193E72379012262F34613F7E7FC
:10B3D000EE7A16F01006CFD0237967F34613237167
:10B3E00081E700287FF44BAF06468E2305F1230149
:10B3F000237006F11803AA7A5343E270221D023328
:10B40000637005F10B0353F8040B8B4242F8040BF5
:10B41000F9D195F814A095F815B0F8F755FEC1F3D9
:10B42000402950464946FFF7D3FD6073BBF1000F3A
:10B4300004D049465846FFF7CBFDA073E67644E7B3
:10B440007C76002088760020343270B5054692B2B2
:10B450000C461E4607F067FC25B1034A556014747C
:10B460005674147070BD00BF7C76002010B5034C7C
:10B47000606807F077FC237C237010BD7C76002089
:10B48000014B587C704700BF7C76002038B5124DC8
:10B49000686807F06DFC044618B945F69800F5F7A2
:10B4A00005FAD5E84F3F013BDBB2C5E8413F002933
:10B4B000F7D1342204F108000EF092F947F6FF723A
:10B4C0000121E462E283FF22627584F82320E27C9A
:10B4D00061F34612E27438BD7C76002038B5436AC9
:10B4E00004468BB90A4D686807F042FC606218B9DF
:10B4F00047F63620F5F7DAF9D5E84F3F013BDBB2E6
:10B50000C5E8423F002AF7D1606A3B3038BD00BF32
:10B510007C760020036810B5044683B19A6A1AB19C
:10B5200042F6DC60F5F7C2F9596A41B101F1080051
:10B530008342084B08BF22605868FFF75DFD216811
:10B5400031B1044B08395868FFF756FD00232360DA
:10B5500010BD00BF7C76002038B5046805469CB15C
:10B560000F49204609F048FE0E4B00221A735A7309
:10B570009A73DA73EFF3108272B6A16A0C3359B979
:10B58000A362E36202B962B6286800F12401FFF702
:10B59000C1FD00232B6038BDE16A0B60F1E700BFFD
:10B5A00039B100007C76002038B50446006818B335
:10B5B00000F12401FFF7AEFD2168104B4D7DB5B1C0
:10B5C00000221A725A729A72DA72EFF3108272B60D
:10B5D000886A083340B98B62CB6202B962B62046F2
:10B5E000BDE83840FFF7B8BFC86A0360F4E7083920
:10B5F0005868FFF701FD256038BD00BF7C7600204C
:10B6000010B504460246064900F58C700DF0B5FDF4
:10B61000224604F5A4700249BDE810400DF0ADBD0E
:10B620007F7C01007FB590F8142102F0FF031AB16E
:10B6300044F28C70F5F73AF90C78039314F0010298
:10B6400018BF8D68CDE9013318BF019514F00405CA
:10B6500029D004ADCE6805EB820545F80C6C154683
:10B6600080F845514A68124DC0F8C820C0F8F8204B
:10B6700040F27122A0F8FC20032215F8011B0C42B5
:10B680000BD004A900EB830601EB8301013351F8D1
:10B690000C1CDBB21639C6F8CC10013A12F0FF02CE
:10B6A000EBD104B070BD002ADAD14AF69120C1E78F
:10B6B00010D903002DE9F04F04468FB090461D4687
:10B6C000BDF860A003910DF03BFCD4F8CC300746E8
:10B6D0002046049105930CF061F98346002D00F09B
:10B6E000DD81B8F1000F00F0E680814617F5FA63BE
:10B6F0000693049B43F10006FBF7AEF9054604F1FF
:10B70000E80029460790FBF779F9D4F8101111B138
:10B7100007980CF084FABBF1000F17D0D4F8F0B002
:10B72000BDB1A868069BD5E90021CDE90036801897
:10B730005A4641F100010AF08AFD8345034609D2C9
:10B7400048F68900F5F7B2F8A946CFE7D4F8C8B0B3
:10B75000E6E72B46D4F8C810069A9D1801F2CF727E
:10B76000134446F10006B3FBF1F34B43EB1A66F1C9
:10B77000000CBAF1000F00F099801FFA8AFA42F229
:10B78000107029463246EAFB0012C4E93A3CC4E98B
:10B790002A124FF0000A04EB0A03204693F87C11AA
:10B7A0000CF0E1F88346D4E92A134A1B069363EBB5
:10B7B0000600012A70F100034FF00003C0F25D8122
:10B7C000DDF814C09445834100DB059204EB8A0A3E
:10B7D000DAF8CC00DDF814A0824528BF8246C4F810
:10B7E000DCA0B8F1000F05D0D4E93A23C4E92C5607
:10B7F000C4E930230423039AC4F8D8B02046059145
:10B80000C4E92E56537233462A460CF0DDF8039BEA
:10B810001872C3F804B0B9F1000F00F039810123A8
:10B82000039A05991370C91B049A069B63EB0203E4
:10B83000012973F100024FF00002C0F22081A74EEF
:10B840008E429A4100DB0E46D4F81031D4F8C880FD
:10B85000002B40F0198107252046A8FB05590CF064
:10B860009DF8002800F00D81D4E92C32ED1849EB49
:10B870000203AF42049A9A410ED2ED1B049A63EB85
:10B8800002036FF00102AA424FF000029A4102D374
:10B89000AE4228BF2E46B046039BC3F81080DA455F
:10B8A00034BF002001200FB0BDE8F08F4FF0FF3112
:10B8B0006FF0004269E7002838D06FF00043D4E908
:10B8C0002A129A4208BFB1F1FF3F2AD094F84431BE
:10B8D0002046234493F87C110CF045F817F19802A8
:10B8E000049B0546099008A843F100038DF82080C9
:10B8F000CDE90C2340F20343ADF828300DF043FCB2
:10B9000010B947F6E4601DE7D4E92A320C995B1AB6
:10B910000D9962EB01025B1B62F10002002AC0F28A
:10B92000A5803D46049E4FF0010932E7D4E93A264E
:10B93000D4F8C850BB1A5219B3FBF5F305FB03F357
:10B9400046F100069B18A3EB070246F10006972A72
:10B9500005D8ED1846F10006C146C2461BE794F82B
:10B960007C1120460BF0FFFF0423D4F8B8208DF89B
:10B970002930D4F8C850099020468DF82080D4E9A9
:10B980003A13521AB2FBF5F26A43521843F100031C
:10B99000CDE90C230CF018F829468DF8280008A8EA
:10B9A00008F072FFDDE90C56D6E751F8042F013399
:10B9B00002F1160CCC459FBF821A0AF1010A91448C
:10B9C0005FFA8AFADAB29645EFD804EB0A0320460A
:10B9D00093F87C110BF0C7FF484404EB8A03D3F8BB
:10B9E000CC30834208D3A3EB0903002B23DA40F6C3
:10B9F0005210A7E6A94668E094F84511D4F8C8208B
:10BA0000514510D9AA420BD90AF1010A5FFA8AFA04
:10BA100004EB8A03D3F8CC3003F116021546E4E7B1
:10BA200043F205708EE6AA42F8D852009542F5D34B
:10BA300042F28B2086E6AD19059320464FF00009AF
:10BA40004BF10006D4E92C230BF066FFD4F8C83084
:10BA50005843D4E93A321B18204642F10002C4E9A7
:10BA60003A322A4633460BF057FF94E63D46049E91
:10BA70004FF00109CDF814806FE70593A6E616464E
:10BA8000E2E6D4E93032F1E64FF0FF352B46F0E63E
:10BA9000039B83F80090C3E9045600E7B8F1000F58
:10BAA0007FF452AED4F8C82007F19805D4E93A13D0
:10BAB0007E1AB6FBF2F656437618A5EB060543F15F
:10BAC000000BAA4296D8A5EB0209002394F845E1A1
:10BAD00004F1C8016FF015009A4673E70040420F69
:10BAE00001292DE9F347064605D9022900F099807E
:10BAF00045F2B8204FE001F00107D0E92C9402F0A4
:10BB000013FA96F8788182463846414608F042FF9B
:10BB10000546404602F02CFF002F3ED0A8F102035C
:10BB2000DBB2022B39D8544A02EB43031A8A15EBD5
:10BB30000A052CBF0123002315EB090544EB030480
:10BB40004E4B53F8283003F2E73318444FF47A731E
:10BB5000B0FBF3F02D1A64F10004AD1844F10007B6
:10BB6000FBF716F83330D6F810812C1A67F1000570
:10BB7000D8F8D070FAF76AFF06F1E80398420FD0C0
:10BB80003A46CDE90045D8E97A010AF060FB8742E0
:10BB900010D24EF65110F4F789FE4FF4FC72C6E74E
:10BBA00098F8390130B13A46CDE90045D6E93A0175
:10BBB0000AF04DFB324BD6F810111B6891F83A6130
:10BBC000834212D9002ED1F8D03041F66A0603EB39
:10BBD000000218BF4FF4FA768642C1F8E030A1F8AF
:10BBE000E46016D84AF64700D5E746B164224FF420
:10BBF000FA76B0FBF2F353430246C01AECE740F288
:10BC0000E24241F66A06B0FBF2F353430246C01A21
:10BC1000E2E7121945F10005C1E97A2502B0BDE855
:10BC2000F087D0F8103113B94AF6BD40B3E70025CC
:10BC30005D7390F8781183F8301183F83111FF2487
:10BC400083F832410339D0F81001012900F1F000E6
:10BC50008CBF00210121F9F799FBD6F8100100F003
:10BC6000C9F9C6F8105186F8164102F051FC02B02D
:10BC7000BDE8F04705F06CBD04D903006CDD03009E
:10BC80009076002008B50B4B28B101280CD041F26A
:10BC9000ED60F4F70BFE18601A6841F669039A42EA
:10BCA00006D947F2B910F4E740F6C4121A60F3E778
:10BCB00008BD00BF9076002038B5094B53F82040EE
:10BCC000084602F055FE054604F22D44FAF760FFDF
:10BCD0004FF47A7389302C44B4FBF3F4204438BD1C
:10BCE0006CDD03002DE9F84F91F80EA09B46054648
:10BCF0000C46AAF147031646012B15D9CF7B473FC7
:10BD0000FFB2012F8CBF00270127BBF1000F04D029
:10BD100000220121204601F05FFB637B032B66D8E4
:10BD2000DFE803F0046159610127EEE71EB94DF623
:10BD3000E460F4F7BBFD4FF00008012304F1B0000C
:10BD4000464663730CF0FAF8DFF8F490D9F8003047
:10BD500023B159462046984708FB00662046D4E99F
:10BD60007A32F31842F10002C4E97A32C5E90032AE
:10BD70000CF0C5FA00283DD0637B012B0CBF0223D9
:10BD800003232B75D4F8F430AB60BBF1000F55D012
:10BD9000AAF10D0ABAF1010F98BF47F00107002F71
:10BDA0004CD14146284608F09EFD87B220460CF053
:10BDB000A6FA8246874226D3012308FB00F12B75A1
:10BDC000D4E97A325B1842F10002C5E900329EB92B
:10BDD00049F2BA30ADE7D4F838820323D4F854627C
:10BDE00063734644B0E7D4F8D060B046ACE744F2A1
:10BDF0005F709EE70123C4E74146284608F073FDC3
:10BE000082441FFA8AF701223946204601F0E4FAFB
:10BE1000D9F800305BB101212046984708FB00F0BB
:10BE2000D5E900321B1842F10002C5E90032D4F80E
:10BE3000F430AB60D5E90023C4E97A23BDE8F88F7C
:10BE4000A883002070B586B004460D461646002132
:10BE5000182268460DF0C4FC164B2A4604F50475FA
:10BE600003930123214668468DF815303346FFF7CA
:10BE700039FF6946284636B10DF070F848B943F2EB
:10BE80001150F4F713FD04F017FE10B940F2FD60F5
:10BE9000F7E7E388084E0133E38033683BB1284677
:10BEA0000DF0F8F802460B4620463168884706B088
:10BEB00070BD00BFBDBE0000C4820020F8B50746BB
:10BEC000A0F5047505297DD8DFE801F003766B7CC9
:10BED0007C726B7B1BB94DF6F450F4F7E7FC2846F7
:10BEE00001F0D4F9002870D0384B1B680BB12846FC
:10BEF0009847A7F5B07614217088F5F727F9002840
:10BF00004DD096F88030013B042B45D8DFE803F094
:10BF1000033E404042000A30848895F8311195F87C
:10BF20003001FFF7C9FE1630294B84421A788CBFC6
:10BF3000241A0024336A1B1B1AB9326C934228BF9F
:10BF40001346A7F5907703207F681637DC1B0DF0AA
:10BF50004BF8032124EAE474844228BF04462046B7
:10BF60000DF06BF810B127440CF0EEFF00233946BA
:10BF70006D22304609F0F4FA6861D5F8D0000CF073
:10BF8000E1FF1448BDE8F84005F028BB1430C3E7D2
:10BF90001E30C1E72830BFE740F657709DE7962472
:10BFA000BBE7284601220021BDE8F840FFF74ABF61
:10BFB000BDE8F84007F025B86B7B042B05D047F6A9
:10BFC000DC608AE74CF6E54087E7F8BDD4820020C4
:10BFD00094760020CDE70000024B00221A700BF08F
:10BFE000BCBF00BF94760020014B1870704700BFA3
:10BFF0009476002030B5044687B018B94DF2FC1095
:10C00000F4F754FC437B03F0FF0513B147F62030EF
:10C01000F6E71822294668460DF0E2FB9DF8152048
:10C020000B4B214642F00102684603932B468DF8E4
:10C0300015200122FFF756FE694604F5047004F04E
:10C040003BFD10B94FF28160DAE707B030BD00BFA9
:10C05000BDBE000038B5174B85079C881A6844EAB6
:10C0600000049C8000F0010410D55CB909680978CF
:10C07000062999710ED00B2916D0820644BF0822DA
:10C080001A7338BD4DF67B60F4F710FC002CF4D029
:10C090009960F2E7917B1D29EFD100240025012151
:10C0A000C2E920459176E8E7917B132908BF947691
:10C0B000E3E700BF9876002038B5837B0446A3F100
:10C0C0004702012A1CD9C27BA3F10D01473A01297D
:10C0D000D2B213D8012A8CBF00220122E188B4F821
:10C0E0005002013189B288422ED194F86452002D59
:10C0F0004AD03AB94AF60400F4F7D8FB012A23D80B
:10C100000122EBE7324B1B6813B943F25F60F3E7A0
:10C11000002120469847002584F86652B4F85E2234
:10C120002046D4F85812F8F76DFE032120460BF094
:10C1300065FFA37BA3F14702012A03D9A3F10D02F6
:10C14000012A3DD80023A373A3F129012C2B18BF8A
:10C150000129E37B94BF01210021292B00D0B1B339
:10C16000E388B4F8482201339B1A1B042FD4194BDF
:10C170002046194A1B68126808F085FA20460421F7
:10C18000BDE838400BF03ABFB4F8B23094F839113A
:10C19000A4F8B131D4F8580208F018FCB4F85C32B5
:10C1A000A4F8B30104F2A710A4F8B531B4F85E32D4
:10C1B0000A49A4F8B73184F8B05109F01AF8AAE78F
:10C1C000E27B473AD2B2012A98BFE573BCE738BD9B
:10C1D000608300202C830020E08300202F5A010080
:10C1E00010B54C78837B3F2C1ED8112C1ED9A4F19E
:10C1F00012022D2A1AD8DFE802F01B191B191B198D
:10C2000019191919192A192E19191922191919196F
:10C210007019196C1919321945195519195D3D19FB
:10C22000194D196E19191965F82C4DD0002010BD43
:10C23000024601212046BDE810400BF0A2BF2D2B85
:10C24000F4D1274B1B68002BF0D09847EEE7362B34
:10C25000ECD1244BF6E7312BE8D1234BF2E7382B16
:10C2600001D04F2BE2D1214B1B68002BDED02E21B9
:10C270009847DBE7392BD9D11C4B1B68002BD5D055
:10C280003621F5E73A2BD1D1184B1B68002BCDD0C6
:10C290003021EDE73B2BC9D1144B1B68002BC5D0D7
:10C2A0003921E5E73E2BC1D1104B1B68002BBDD0D7
:10C2B0003221DDE7442BB9D10C4B1B68002BB5D0E4
:10C2C0003521D5E70A4BBDE7492BAFD109F04CFA30
:10C2D000ACE7084BB6E7084BB4E7084BB2E700BF42
:10C2E000E4830020D8830020BC830020CC8300207E
:10C2F000E883002024830020D0830020B083002026
:10C3000070B514460A1E08BF1F223B2842D82228B7
:10C3100008D803284CD0A0F11203D9B20D2917D99F
:10C3200000203EE0A0F123010123C9B28B40474920
:10C330000B4240F0868059076CD13B28F0D1444B2A
:10C340001B68002BECD020461146BDE87040184712
:10C350000D2BE5D801A151F823F000BFA5C30000C3
:10C3600021C30000A5C3000021C30000A5C3000035
:10C3700021C3000021C3000021C3000021C300002D
:10C3800021C3000021C3000021C4000021C300001C
:10C3900035C40000E8280BD0A0F1FE0358425841F4
:10C3A000400070BD22460021BDE870400BF0E9BEA0
:10C3B000A37BA3F11A01012902D9143B012B42D816
:10C3C00094F85E30002B3ED184F85D3084F856300E
:10C3D00094F8C13103F0FF051BB146F24610F4F7A3
:10C3E00065FAB4F8B23084F8C221A4F8C33184F8F5
:10C3F000C55184F8C65184F8C75184F8C85184F8EF
:10C40000C95184F89752134904F2B91008F0E8FEB4
:10C41000A57385E7104B1B68002B81D0014605E012
:10C420000E4B1B68002B3FF47BAF1D212046BDE85F
:10C43000704018470A4B1B68002B3FF471AF1F2157
:10C44000F4E7084BE7E70220ABE700BF00A84C0089
:10C4500038830020C15B0100DC830020D4830020EE
:10C46000B8830020C8830020837B02464978053BBF
:10C47000DBB24A2B96BF0248FE20C05CFFF740BFEC
:10C480001AD903002DE9F04F9D4F89B00E463C6844
:10C490000390002284F85820B98820468B055CBFA1
:10C4A000B4F848200132A4F848200AF0EAFD38B177
:10C4B0000B4604F5B57204F1B0012046FAF7B8F85E
:10C4C000BB8803F4C06333B1237E23B90121204626
:10C4D00021760BF093FD039B002B40F0F881002E9A
:10C4E00040F0F581BB885D0705D5227C072A02BF95
:10C4F000012226747A73980712D5B8790123072888
:10C5000084F8A73009D0112821D0F9F76BFD034634
:10C5100020B94FF44350F4F7C9F97A4B20469847B5
:10C52000BB88190740F1B18094F8A6302A2B35D882
:10C530001B2B0ED8012B59D0032B60D0B3B394F82A
:10C54000A630FE2B40F08A8047F63200E3E76E4BC0
:10C55000E4E71C3B0E2BF2D801A252F823F000BFF7
:10C560001DC600003FC500003FC500003FC50000DC
:10C570003FC5000025C6000033C600003FC50000CF
:10C580003FC500003FC500003FC5000051C6000088
:10C5900055C600003FC500001DC600003D2B5BD006
:10C5A0003F2B0CD03C2BCAD1584B3CE0E288B4F86E
:10C5B0005012521A1204C2D484F86632BFE7E388DC
:10C5C000B4F850229B1A1B0402D4002384F866326C
:10C5D000A37B472B03D1002384F85630AFE7E37BDE
:10C5E000472BACD1204609F0D6F8A8E7E388B4F889
:10C5F00046229B1A1D04A2D40023A3739FE7A37BAA
:10C60000143BDBB2092B05D840F2412222FA03F396
:10C61000D80794D4002384F89732CFE7002384F816
:10C620005531D9E73A4B1B68002B88D020469847F4
:10C6300085E7002384F85631364B1B6823B104F597
:10C64000AB7104F1AC009847204609F08DF876E70D
:10C65000314BE8E7314BE6E7314BE4E7FE2384F862
:10C66000A630A37B292B34D028D80B2B2CD00D2B14
:10C670002DD0E37B472B04BF4823E373237C082B97
:10C6800001BF02237B7300232374BD8815F00105CD
:10C690005CD0BA68A17BD2F8008094F85E0098F86C
:10C6A00000500BF050FDF8B1112D1BD8012D03D90E
:10C6B0001C4BEB40D90717D4082547E0432B0AD081
:10C6C000472BD6D1482300E00C23A373D1E70E23D8
:10C6D000FBE72A23F9E7002384F86431204609F0B8
:10C6E00043F8C6E7E72DE7D111792846F8F74AFC69
:10C6F000D0B9BB68414620461A7909F08AF824E08F
:10C7000098760020338101006D810100488300206C
:10C71000B483002004830020EC830020AC8300203D
:10C7200090830020742802000D2D34D0112D34D0B8
:10C73000072D34D02846F9F731FC03460028D8D01D
:10C74000BA68414620461279984705463B7B1B074D
:10C7500007D5A17B94F85E000BF0F5FC002818BF0C
:10C7600008252046FFF7A8FC94F8A630FE2B40F0E1
:10C77000AC80237C073BDBB2012B40F2A68094F80F
:10C780003C3103F0FF0263B10023A4F850300223D0
:10C79000A4F8A63099E0BC4BD2E7BC4BD0E7BC4B29
:10C7A000CEE7A37B63B994F84620002A42D0122238
:10C7B000A4F85230A4F8A620012384F8563084E06F
:10C7C000282B00F0BF802BD8132B75D008D8032B53
:10C7D00000F0B280122B75D0103B102B75D929E0D8
:10C7E0001D2BF9D140F2BF71B4F8B200F7F796FCF7
:10C7F000002800F09B80B4F8B2000CF071F8022819
:10C8000000F0D884032800F0D88401285DD10623E5
:10C8100084F85600A4F8A6300023A4F8523054E05F
:10C82000352B00F0A2803FD8322B00F09C80342BB7
:10C8300000F0A580E37B062B00F2B680002B40F0D1
:10C84000A08094F8A630FE2B3FD1A37B002B3CD1D7
:10C8500094F86632002B00F0048294F86432002BC6
:10C8600040F0FA81E07B08F0B4FF8146002840F0F8
:10C87000F881E37B342B00F0F48194F8643283B1C7
:10C880004921B4F8B200F7F749FC8046002800F0CF
:10C8900008824723A4F85290A373012384F85630EA
:10C8A0003F23A4F8A63012E2412BC3D1794B204696
:10C8B0001B68984734236BE70B23A4F8A630A4F831
:10C8C000522079E720460BF0A2FC3543AEB294F833
:10C8D0003C3123B9237C073BDBB2012B04D8B4F8ED
:10C8E00050300133A4F8503094F8561021B1B4F808
:10C8F00052300133A4F8523094F95C2022B1B4F8DC
:10C900005A300133A4F85A30039B002B40F0B08416
:10C910007B7B022B00F0A884012B40F05184637CC8
:10C92000002B40F06884002100F06EBC0623A4F8C0
:10C930005200A4F8A6303FE794F8A13084F8A8305C
:10C94000072325E794F84C3233B91823A4F8A6300E
:10C950000023A4F85230B8E7B4F8B2000BF0CCFFD3
:10C960000028F2D1B1E72123A7E71123A4F8522030
:10C97000A273A4F8A630012384F8A830A5E72723E2
:10C9800006E7013B052B3FF65CAF01A252F823F00E
:10C9900099CA0000B5CA000075CA00001DCC00008D
:10C9A00043C8000021CC0000233BDAB22C2A3FF61A
:10C9B00048AF2C2B3FF645AF01A252F823F000BF41
:10C9C000C5CA000043C8000043C80000B7CB000040
:10C9D00043C8000043C8000043C8000043C800002B
:10C9E00043C8000043C8000025CC000043C8000035
:10C9F00043C8000043C8000043C8000043C800000B
:10CA000043C8000045CC00000FCC000029CC00003A
:10CA100043C800002DCC000043C8000031CC00000A
:10CA200043C8000043C8000043C8000043C80000DA
:10CA300043C8000035CC000043C8000043C80000D4
:10CA400043C8000043C8000041CC000043C80000B8
:10CA500049CC000043C8000043C8000055CC00008A
:10CA60004DCC000043C8000043C8000051CC00007A
:10CA70002DCC000094F8A03084F8A8300723A4F847
:10CA8000A63000231CE000BF69C40000F78101004C
:10CA9000E1C10000C08300200C230022A4F8A630CE
:10CAA00094F85F30A4F85A2043F00103E27384F84D
:10CAB0005F30C6E61323A4F8A6300023A4F85A304A
:10CAC000E373BEE694F83F31002B7FF4BAAE162133
:10CAD000B4F8B200F4F73AFB00284FD090F80531D3
:10CAE000012B4BD100F1EC09E27B292A4AD094F8C2
:10CAF0000E80A8F129085FFA88F8B8F1010F8CBF01
:10CB00004FF000084FF0010894F83E21EAB304F218
:10CB10004A2304F59F72494604F1B000CDF8008025
:10CB200008F0EDFB2323E373002384F83E31162144
:10CB3000B4F8B200F4F70AFBC0B390F80591B9F16C
:10CB4000010F33D100F1EC08414604F1B00008F0C8
:10CB500014FC20B1494604F5B570F8F73FFCB8F86D
:10CB60000A30A4F8A830B8F80E30A4F8AA3015237B
:10CB7000A4F8A6300023A4F85A3062E604F58079C0
:10CB80000023B1E74FF00108BEE705AA04F1B000A9
:10CB9000012108F07DFC04F24A2305AA494604F16C
:10CBA000B000CDF8008008F0AAFBC0E704F580785B
:10CBB0004FF00009C8E794F84B31012B19D094F8D5
:10CBC0004B31022B7FF43DAE1621B4F8B200F4F7DE
:10CBD000BDFA98B1437CD4F828212046D4F84D11F1
:10CBE00007F0A2FB94F84C3253B91823A4F8A630EE
:10CBF00027E694F84C31002BE1D1E5E70346EAE75C
:10CC0000B4F8B2000BF078FE0028EED119E611233B
:10CC1000A4F8A630002384F8A8304FE70923E5E7FD
:10CC20001B232CE72423E1E71E2328E72F2326E7F5
:10CC3000312324E7A24B20461B6898473423D5E7CD
:10CC40003A23D3E72723D1E73F23CFE72C23CDE7B0
:10CC50003C23CBE7F723C9E794F85431002B3FF48A
:10CC600001AE94F89732002B60D094F85431002B29
:10CC70005CD140F2BF71B4F8B200F7F74FFA48B197
:10CC8000A37B243BDBB2072B50D9E37B243BDBB2F5
:10CC9000072B4BD9637EBBB1A37E73B947F2D90092
:10CCA00039E4884B1B6813B941F6F73033E41A2195
:10CCB0002046984784F8668209E00A23A4F8A63043
:10CCC0000023A4F8523046E020460BF0A0FA94F876
:10CCD000A630FE2B7FF4F9AD94F84532002B3FF4DB
:10CCE000F4ADE07B08F075FD00287FF4EEADE3883D
:10CCF0000A2B7FF6EAAD05A8F8F716F900283FF4ED
:10CD0000E4AD052204F11F0105A80CF042FD48B175
:10CD10000598C4F840029DF8183084F84432012385
:10CD2000A4F8A630002384F84532CEE594F85331B8
:10CD300003F0FF020BB10823C0E794F8543103F06D
:10CD4000FF0183B194F87530DB0908D02B23A4F8D8
:10CD5000A630A4F85220012384F85630B7E75A4B86
:10CD60001B6873BBB3E7D4F898326BB31F22E07B28
:10CD7000F8F734FD40BBD4F898323BB113F8472C98
:10CD8000012A07D041F2A450FFF7C5BB4BF6C950AA
:10CD9000FFF7C1BB13F81E3C03F0FF011BB145F2C6
:10CDA000C220FFF7B8BB94F87130980607D51F234F
:10CDB000A4F8521084F85620A4F8A63087E7434B15
:10CDC0001B682046984782E794F852317BB194F86B
:10CDD0005F3013F003027FF47AAF0C2143F00103BC
:10CDE000A4F8A61084F85F3084F8522164E794F820
:10CDF0003E31C3B394F83F31ABBB1621B4F8B20057
:10CE0000F4F7A4F928B194F84831012B80F80431E3
:10CE100024D004F58078E17B04F59F7204F24A2364
:10CE200029291ED0A17B2939C9B201298CBF002133
:10CE30000121009104F1B000414608F060FA00239E
:10CE400084F83E31B8F80A20A4F8A820B8F80E20DB
:10CE5000A4F8AA201422A4F8A62032E700F1EC08D6
:10CE6000D9E70121E5E794F84A3153B194F83F310D
:10CE70003BB994F83031052B03D12046F8F7BAFAC4
:10CE800025E794F84B31012B51D194F84C31002B0C
:10CE90004DD1E07B08F09DFC002848D194F830810A
:10CEA00008F1FF33DBB2042B05D894F83121013AA5
:10CEB000D2B2042A0CD94EF23F70FFF72CBB00BF50
:10CEC000C08300206083002024830020BC830020D6
:10CED000DFF8609294F84D114B4493F84B0009F041
:10CEE000C8FF10B3914494F84E1199F84B0009F023
:10CEF000C0FFD0B194F85131BBB994F84F0141460D
:10CF000094F850C104F51272E38840EA0C2007F04F
:10CF1000F4F9804630B901462046F7F709FA84F85B
:10CF20004B81D4E62C23A373D1E61623C6E694F8EE
:10CF3000553103F0FF02B3B37F4B20461B6898477F
:10CF4000FE283FF4C4AE00231E2884F8A60084F80F
:10CF5000A7300CD93F281CD823287FF6B1AE24383F
:10CF6000764BC0B2C340D9073FF5B1AEA8E6012267
:10CF7000734B82401340002B7FF4A9AE15280FD0CD
:10CF800011287FF49DAE94F8A82032B1A4F8523055
:10CF90009DE6F7287FF494AE99E6A4F85A2096E629
:10CFA000A4F85A3093E694F85E3103F0FF080BB111
:10CFB0001D23CCE694F8563103F0FF026BB30A212F
:10CFC000B4F85801F4F7C2F810B984F8560173E6C2
:10CFD00090F8F03103F0FF0213B984F856216BE6A4
:10CFE00090F8C831032B14D8DFE803F00202050DD6
:10CFF00084F8568160E694F85C3180F8F1310023C2
:10D0000084F8563158E62223A4F8A630A4F85280BA
:10D01000A1E647F22C10FFF77EBA94F85F3103F0D7
:10D02000FF0163B194F87330DB0901D02E238EE643
:10D03000444B01220C2120461B68984747E694F890
:10D04000603103F0FF022BB13623A4F8A630A4F818
:10D05000521080E694F861310BB1302377E694F8F2
:10D060009D325BB10E21B4F8B200F4F76FF808B945
:10D07000392323E690F86232002BF9D094F864311A
:10D0800003F0FF080BB1382318E694F8623103F07F
:10D09000FF012BB12C4B20461B6898473223B3E786
:10D0A00094F8633103F0FF020BB13523CDE794F818
:10D0B0009E320BB128234AE694F8653193B194F877
:10D0C00066327BB994F872305A0609D51F4B1B683B
:10D0D000002B3FF4FCAD204698472723FFF7E1BB28
:10D0E0001B4B3DE694F86731A3B13B220021E07B66
:10D0F000F8F774FB804668B94121B4F8B200F7F73D
:10D100000DF828B1134B20461B6898473B237BE75B
:10D11000114B55E694F8663103B3F823A4F8A63012
:10D1200000231A46A4F85230012384F8563084F8BC
:10D130006621C1E51AD9030088830020092949091D
:10D1400087120849C483002014830020F083002044
:10D15000F483002040830020D083002094F86931BC
:10D160009BB194F84C3103F0FF0173B9E27BA2F15B
:10D170002403072B09D9A37B3E3BDBB2042B04D944
:10D180003E3A042A01D923235FE794F86831012B42
:10D1900004D1002384F8683125225CE694F86831D4
:10D1A000022BF6D0384B1B68002B3FF490AD204685
:10D1B00098478CE54026FFF788BB8026FFF785BBA4
:10D1C0008EB1F30652D4370752D4B50752D1700648
:10D1D00052D4310652D4F20552D4B30652D44EF290
:10D1E0002820FFF798B9B9B1B4F85210B4F8543008
:10D1F000994211D9222384F839302046F8F76CFF80
:10D2000000230221E381237620460AF0F7FE09B0CD
:10D21000BDE8F04FF7F706BB2AB1B4F85A20B4F8CE
:10D2200054309A42E6D8B4F85020B4F84A309A42C2
:10D230000ED2B4F85020B4F854309A42DAD2227E9A
:10D24000B4F848304AB9052B7FF66DAB3E23D2E7E0
:10D2500094F83C31002BCDD1EBE7B4F84A209A4248
:10D260003FF661AB0823C6E71623C4E71E23C2E7D7
:10D270003D23C0E72A23BEE74B23BCE74A23BAE796
:10D280002523B8E72323B6E79883002070B54E4BDB
:10D290000025044618609D801D735D73B0F84C3006
:10D2A0000133A0F84C30B0F84E300133A0F84E30C6
:10D2B000FF2380F85830837B0B3BDBB2012B11D866
:10D2C000C388B0F846229B1A1E040BD400F51071D7
:10D2D0001E3007F0F1FBA37B0C2B08BFA573FF23C7
:10D2E00084F85730B4F8302204F1B00120460132FE
:10D2F00092B207F027FC0023A4F8303294F856309D
:10D300002BB1B4F85220B4F854309A4214D294F9A4
:10D310005C302BB1B4F85A20B4F854309A420BD296
:10D32000B4F84A20B4F85030934205D2217EB4F8C4
:10D33000483039B9052B07D900210846FFF7A2F874
:10D34000002034E09A42F7D994F8A610FE292FD095
:10D350002046F8F71FFCA17B04F5B57594F85E0034
:10D360000AF0F1FE194A034619492046F4F7FEFF78
:10D37000237BD80703D500212046F6F7D9FF237B6E
:10D38000590703D500212046F6F7F0FF237B9A07C3
:10D3900003D500212846F8F721F8237B1B0703D586
:10D3A00001212846F8F71AF800230120237370BDE5
:10D3B000084B1D68002DCED00BF06FFE02460B46C9
:10D3C0002046A847C7E700BF9876002085C4000024
:10D3D00055C00000C8820020B0F830320B4470B550
:10D3E000A0F830320446B0F848300D4616460B44DB
:10D3F000A0F84830B0F84E300B44A0F84E30B0F8EA
:10D400004C300B44A0F84C3009F03BFE90B1E36B7C
:10D4100020460B4404F1B001E36308F013FED4E9A5
:10D420000F239A4206D30023154904F5B570E36330
:10D4300007F0DFFE94F8563023B1B4F852302B4495
:10D44000A4F8523094F95C3023B1B4F85A302B442C
:10D45000A4F85A3094F83C3123B9237C073BDBB263
:10D46000012B04D8B4F850302B44A4F85030204697
:10D47000FEF722FE16B1E3881D44E58070BD00BFB3
:10D48000B75F010008B5F8F70FFB024B024A1A60BC
:10D4900008BD00BF2483002095D80000014B187000
:10D4A000704700BFF8760020014B1878704700BF26
:10D4B000F8760020014B1874704700BF1C770020DD
:10D4C000074B93F900301844142804DC10F17F0F47
:10D4D00003DB40B27047142070476FF07E00704746
:10D4E0007E7700207F2307B50DF107008DF8073008
:10D4F00001F020F903469DF9070053B1084B5B7812
:10D500005B425BB21844142805DC10F17F0F04DB8A
:10D5100040B203B000BD1420FBE76FF07E00F8E7D7
:10D520007E770020024B00221A705A70704700BFAD
:10D530007E7700208B787BB18A886AB138B90B7806
:10D54000023BDBB2032B96BF05490120C85C1040AB
:10D5500008BF10460AF082BF0028FBD10878704748
:10D56000DCD9030070B50E461621F3F7B7FD04466B
:10D5700018B941F2B860F3F799F94FF484720021B9
:10D580000CF02EF9F8F7B6F80546F8F7B3F80123D2
:10D59000A08125F07F45237021463378A560C3F331
:10D5A000C01363703078C0F38400FFF7C3FF074BEC
:10D5B00004F8EC0B03F118051868083353F8041C41
:10D5C0002246AB4203C21446F6D170BDE0D9030037
:10D5D0001FB50C466B46032205490BF0CCF8082218
:10D5E00020460DEB02010BF0A8F804B010BD00BFFF
:10D5F000F8D9030070B5044600F114030C220A495F
:10D6000014300BF0B8F804F12403042204F11400E0
:10D6100006490BF0B0F804F1340104F11400FFF7EF
:10D62000D7FFFF23A37370BDFBD9030007DA030004
:10D63000F7B5099C154604220F46019020460DEBD4
:10D6400002011E460BF079F82A463946201D0BF0E0
:10D6500074F8281D3146522220440BF06EF805F173
:10D6600056000899522220440BF067F80A9B05F1F6
:10D67000A802214602480BF07EF803B0F0BD00BFBF
:10D680000BDA03002DE9F0471D46B6B00646884682
:10D6900006AB29463A48144620220BF06CF806AB3C
:10D6A0000B22384918460BF066F820220021284644
:10D6B0000CF0B5F81621B6F8B200F3F747FD037C7D
:10D6C000002B58D00289837AADF8102005228DF8FE
:10D6D00012308389ADF8133004F114050AAF04F158
:10D6E000660304A9029500932B460197D6F8D4004F
:10D6F000FFF79EFF244A3B465168106803C3118917
:10D70000927A198004F124019A702B460DF13302AC
:10D7100053F8040B8B4242F8040BF9D1DFF860A0F8
:10D720004FF001092B4606A8B8F1000F14BF41467F
:10D73000514610228DF843900BF01DF82B463946C8
:10D7400028461C220BF017F806F188030422AAF1E0
:10D75000040128460BF00FF806F198012846FFF760
:10D7600037FF0023A37384F80D902046FFF742FF94
:10D7700036B0BDE8F08701228DF81030ACE700BF6D
:10D780000BDA03001BDA03009362040038B50C4681
:10D790001621F3F7DBFC18B942F29C00F3F786F888
:10D7A00090F8223013B949F29160F7E700F138039D
:10D7B00004F1100200F1480153F8045B8B4242F877
:10D7C000045BF9D1826C22625A686262002380F89D
:10D7D000223003491830BDE8384007F007BD00BFCC
:10D7E0009B87010008B51621F3F7B0FC18B949F280
:10D7F0002E30F3F75BF8002380F82130024918300F
:10D80000BDE8084007F0F2BC698801002DE9F0414D
:10D81000837B05460E464C2B37D11321B0F8B2005E
:10D82000F3F794FC96F8028047780446474513D1F5
:10D8300018227B1E06F11B0102FB0303F21C1033AE
:10D8400052F8040B8A4243F8040BF9D1B378627B97
:10D85000934238BF13466373284607F085FFF6F7F7
:10D860003FFC73786278934206D9824204D24745DE
:10D8700002D10020BDE8F0810549A01C237307F008
:10D88000AFFC002385F85431F3E70120F2E700BF35
:10D89000618A010038B513210446B0F8B200F3F7ED
:10D8A00055FC054694F854314BB1204607F05CFF17
:10D8B0000349A81C07F094FC002384F8543138BDB8
:10D8C000618A0100064BD3F8000138B1D3F8040196
:10D8D00020B1D3F80801B0FA80F04009704700BFCA
:10D8E00000A00450034B00221A705A7010229A7044
:10D8F000704700BF80770020F8B507460220144625
:10D900000D0101F0A3FD104B104A01265C60191DAA
:10D910009A6002F1807203341E701D83DC60C3E9DB
:10D9200004270022243303F80A2C0D2203F8092CC3
:10D93000074AC2F83015074903C983E80300C2F853
:10D940000865C2F83835F8BD807700200300000B69
:10D9500000A0045028DA030008B5022001F076FD8B
:10D960000E4B01220E491A7000220E4BC3F8002103
:10D97000C3F80421C3F808210B4AC3F8802003F53B
:10D980006433C3F88C10A3F57C33C3F88C21A3F562
:10D9900000530822C3F8042508BD00BF807700208B
:10D9A0000600008000A0045003000080144A08B55F
:10D9B000137803B300231349C1F8803001F56431B3
:10D9C000C1F88C30A1F57C31C1F88C3108210E4BA7
:10D9D000C3F80815FFF776FF40B101235370938E0B
:10D9E000FF2B05D94DF21810F2F760FF102350708D
:10D9F0009370002313700020BDE8084001F026BD9D
:10DA00008077002000A004500020045008B50220B8
:10DA100001F01CFD0121064B00221970054BC3F8D3
:10DA20000021C3F80421C3F80821196008BD00BF14
:10DA30008077002000A00450094B1A7862B1094B8E
:10DA4000D3F8002152B1D3F8040140B1D3F8080152
:10DA5000B0FA80F04009704758787047022070474C
:10DA60008077002000A00450064A08B513782BB137
:10DA7000FFF728FF20B192F8340008BD9078FCE74A
:10DA80001020FAE780770020024BD3F8A00300F0C3
:10DA90000100704700C0FF00084BD3F8A423D3F85F
:10DAA000A833511C9BB203D14FF6FF718B4203D0B8
:10DAB00002608380012070470020704700C0FF0093
:10DAC0000B4B30B5D3F89053D3F89443D3F8981355
:10DAD000D3F89C2305EA04030B401340013317BF1E
:10DAE00005600020446081601CBFC260012030BD21
:10DAF00000C0FF000B4B30B5D3F88053D3F88443FC
:10DB0000D3F88813D3F88C2305EA04030B401340A1
:10DB1000013317BF05600020446081601CBFC260F4
:10DB2000012030BD00C0FF000C4B0022C3F80022D2
:10DB3000C3F81822C3F82022C3F80C22C3F8142219
:10DB4000C3F81C22C3F8A422C3F8A822C3F8B42245
:10DB5000C3F80422C3F83822704700BF00A0085061
:10DB6000094B00210948C0F870135A6883F8451022
:10DB700022F003025A60C0F8002D054AC0F8102DAB
:10DB800083F84410704700BFB877002000A0085009
:10DB900080320200EFF3108272B60D4B93F84610FC
:10DBA00021B11B78012B04D0022B0ED002B962B632
:10DBB000704710F0040FF9D1064B0021C3F840154F
:10DBC00003F5A04301211961F0E710F0020FF2E71D
:10DBD000B87700200050085008B5134B1872013870
:10DBE000124B09281CD8DFE800F005090D0B0F11B6
:10DBF000131519170322C3F8002508BD0422FAE7FC
:10DC00000622F8E70522F6E70822F4E70022F2E709
:10DC10000122F0E70F22EEE70A22ECE70922EAE709
:10DC200049F68E70F2F742FEB877002000A0085047
:10DC300037B51C4CA27A7AB1207B02F0F7F818B104
:10DC40004BF23F20F2F732FE214694F90B0003B06D
:10DC5000BDE830400BF043B8134A15684DB194F954
:10DC60000920A8470F498DF807000BF038F803B0DA
:10DC700030BD0138C0B209280CD894F909200DF143
:10DC800007030A4C205C0BF032F9014628B148F634
:10DC90005D50D7E748F25050D4E79DF907000BF0EC
:10DCA00029F9DFE7B87700200C84002030DA030080
:10DCB0001049114B91F8312052B1104AC3F8082194
:10DCC000A3F5A043D3F84001B0FA80F040097047B3
:10DCD000D3F8002491F8320042F00102C3F8002486
:10DCE00030B9D3F8200500F0F600023818BF012043
:10DCF000704700BFB877002000A008500B000080DC
:10DD000005280C4B07D14FF48272C3F8442E0A4AFF
:10DD1000C3F8482E704708280BBF40F2022240F299
:10DD20000312C3F8442EC3F8442E14BF40F25B62C2
:10DD3000024AEDE700A00850B71DC1042110010000
:10DD400038B5124D0446124A2B8AC2F8083741F200
:10DD50001D42934205D9284600F0E4FF288A00F0CE
:10DD60008FFE2B7A052B0A4B05BFA0004CF2010257
:10DD700044F0400440F4804009BFC3F8E82EC3F8E3
:10DD8000E44E40F00200C3F8E40E38BDB87700203E
:10DD900000A00850334B70B593F83020012A03D00F
:10DDA00043F69F70F2F782FDB0F5005F02D347F2B1
:10DDB000A140F7E71A7A93F84510013A092A3AD8B0
:10DDC000DFE802F005433C3C220505310505002350
:10DDD0000825012203241E4633430904C0F30B0027
:10DDE0002B4301F4702140EA044043EA02231E4A17
:10DDF00040F000700B43BDE87040C2F8203EC2F80E
:10DE0000280E184800F06CBF1878012802D1DA7C7F
:10DE1000012A21D00021012209250B4614460E4675
:10DE200040F2FF10D8E7002208254FF080634FF042
:10DE300000761446D0E749F2FA20B3E7082500231C
:10DE4000012203244FF0C746C6E70825002301221C
:10DE500003244FF08076BFE70023032106251446F4
:10DE60001E46DDE7B877002000A0085010B5044634
:10DE70000846FFF78FFF0A4B0A4A0B49DA64E21C97
:10DE80009C641A650022C3E91512DA6503F14801A2
:10DE9000064AC2F8F41EDC62BDE81040FFF708BF76
:10DEA000B87700200200000DF31F000D00A00850FD
:10DEB000054B002193F8312019801AB1034BC3F8A8
:10DEC000401170471A867047B877002000500850FC
:10DED0004822002101480BF083BC00BFB877002026
:10DEE000024B012283F83120704700BFB877002031
:10DEF000014B5873704700BFB877002008B518B1C0
:10DF000045F28B10F2F7D2FC034B0B4493F8200040
:10DF100000F5166008BD00BF30DA0300014B93F82E
:10DF200024007047B8770020024B186A9B69C01A1A
:10DF3000704700BFB87700200A4B93F82420D3E93C
:10DF40000630C01A084B03EB82039B6CC01A074BC8
:10DF500053F822304FF47A7203F2F313B3FBF2F367
:10DF6000C01A7047B877002030DA030054DD030090
:10DF700038B5134B134DC5F870330378032B03D01A
:10DF80004AF2A970F2F792FC437801290E4A03F095
:10DF90003F0308BF0821546818BF002143F40C3325
:10DFA00044F0030482F8451043F420735460C5F82C
:10DFB000004DC5F8103D012382F8443038BD00BF44
:10DFC0000800008000A00850B87700202DE9F0413B
:10DFD000284E4FF48067C6F89070BFF34F8FBFF3A1
:10DFE0006F8F0AF0B3FF0546234C0BF056F84FF045
:10DFF0000108401B214DA061C5F8A480FFF794FDE6
:10E0000000F0C8FC1E4BC5F8408EC5F8003404F083
:10E01000B1F91C4B1C4AC5F838331C4BC3F8C82057
:10E02000033AC3F8C42040F6FE72194BC5F8143306
:10E03000184BC3F804250023A3842362238684F8A5
:10E040003230D5F8002DA4F8443063734FF4807358
:10E050006260C6F89071C5F88834236E376103B1E9
:10E0600098470D4B1B6813B1BDE8F0411847BDE858
:10E07000F08100BF00E100E0B877002000A0085068
:10E08000000048E0030000800800008000500850B5
:10E09000010000800020085008840020014B987483
:10E0A000D9747047B8770020024B002258729A72D8
:10E0B000704700BFB8770020020E034B0002C3F880
:10E0C000342EC3F82C0E704700A008500A0A0A4BE1
:10E0D0000906C3F8342E0F22C3F82C1E03F5805313
:10E0E000C3F81C010843B0FBF2F2C2EB0212801A23
:10E0F000C3F80801704700BF00A0085010B5044CD9
:10E100000146A073607BFFF7F9FE208210BD00BFBF
:10E11000B877002038B5437C04460D4D052B12D14D
:10E1200001884068FFF7D2FF23896B82E268094BC0
:10E13000C3F84C2E207CFFF7E1FF94F91230002247
:10E140006B72AA7238BD0068FFF7B6FFEEE700BF3A
:10E15000B877002000A00850014B1882704700BF1C
:10E16000B877002038B50C460546FFF735FD204648
:10E17000FFF7E6FD2146084C2846FFF759FD207AB7
:10E18000FFF7BEFD204600F045FD0AF09DFD01238E
:10E1900084F8303038BD00BFB877002010B50C4689
:10E1A000FFF71AFD20460B4CFFF7CAFD0A4AD2F8CA
:10E1B000003443F01003C2F80034207AFFF7A0FDCA
:10E1C000204600F0B9FC0AF07FFD012384F83030CE
:10E1D00010BD00BFB877002000A008502DE9F8431B
:10E1E0003F4B06460C4690461B6803B198470AF021
:10E1F000B3FE07460028FAD03A4D002E47D14FF023
:10E20000010995F8303085F800906BBBA97B40463A
:10E21000FFF7A8FF95F8313053B3334BC3F80090A4
:10E22000324B4FF47A7233F8183003F5FA73B3FBBC
:10E23000F2F3E41AA9692E4B21442E4AC3F8401583
:10E24000C3F8C0210122DA64D3F84C358B4244DA9A
:10E25000294B1B680BB130469847284B1B6803B10C
:10E2600098473846BDE8F88395F83130002BD7D170
:10E27000234B4FF47A7253F8283003F5FA73B3FB4B
:10E28000F2F31C4AE41A184BC3F80021D2E7012E1E
:10E290001FD102232B7095F8303083B9A97B4046FB
:10E2A000FFF77CFF95F831306BB10F4B5E600E4A83
:10E2B000D2F8003443F01003C2F80034BAE795F8FE
:10E2C0003130002BF3D1084B293C0A4AC3F8042112
:10E2D000B0E748F68820F2F7E9FA0027C1E700BF67
:10E2E00004840020B877002000A0085098DD0300C7
:10E2F000005008500B00008018840020FC83002090
:10E300006CDD0300F8B5294B05460F461B6803B1C9
:10E310009847274E002386F831300AF01DFE00286A
:10E32000FBD065BB0123B17B38463370FFF71AFF82
:10E330003378012B03D04CF6AF70F2F7B7FA1D4AD1
:10E34000D36402F5A04213601A4BD3F84C451A4B24
:10E350001B6813B1214628469847184B1B6803B128
:10E360009847B369E41AF5B9154B4FF47A7253F82C
:10E37000273003F5FA73B3FBF2F31819F8BD012D3A
:10E38000E2D10223B17B38463370FFF707FF3378C1
:10E39000022B02D040F69F70CFE7064BDD6403F5F9
:10E3A000A0435D60D0E704F12900E7E70484002082
:10E3B000B87700200050085018840020FC8300200B
:10E3C0006CDD030008B5FFF709FF58B9064B0122C1
:10E3D000C3F8400503F5A04302201A61BDE80840D8
:10E3E000F6F794BF08BD00BF00500850F8B5174DB0
:10E3F00006461746084695F825301BB94DF22930D8
:10E40000F2F754FA96B9012B2C6A95F824100AD128
:10E4100000F08CFD2044A9693A46411A3046BDE817
:10E42000F840FFF7CFBF0AF06AFCF3E7012E0AD1EC
:10E43000012B2C6A95F8241002D100F05FFDE9E76A
:10E440000AF068FCE6E70020E5E700BFB8770020A7
:10E45000F7B5294B4FF48062284C4FF0FF37284D19
:10E46000D4F88864C4F89074C3F89021287A00F036
:10E47000AFFB244B244AC4F8003400232B86C2F897
:10E480004035C4F80831C4F80031C4F80431D4F878
:10E490002025D2B2C2B18DF80770C4F82032012312
:10E4A00023619DF8073013B1D4F8203233B19DF8C1
:10E4B00007304BB94FF4F140F2F7F8F99DF8073007
:10E4C000013B8DF80730ECE7104B06F480741B68B5
:10E4D0000BB1287898470023084EC6F820322B70DD
:10E4E00095F844300BB1FFF73BFB1CB14FF4807340
:10E4F000C6F8883403B0F0BD00E100E000A0085089
:10E50000B8770020000048E000500850F883002051
:10E51000002370B5284DC5F84835C5F84435C5F811
:10E520004035C5F84C35FFF793FF244B1B6803B10A
:10E530009847234B1B6803B198470024214EC5F828
:10E54000C441C6F80841C6F80041C6F80441C5F800
:10E55000C840C5F8C440C6F80441C6F8004103F0FD
:10E5600025FF194B40F6FE72C6F83843C6F814432F
:10E57000C5F8C041C3F808254FF48062134B5C70A6
:10E58000C3E90744124BC5F84845C5F84445C5F8EA
:10E590004045C5F84C45C5F84841C5F84441C5F863
:10E5A0004041C5F84C41C3F89020BFF34F8FBFF3F3
:10E5B0006F8FC3F8902170BD005008501484002064
:10E5C0000084002000A0085000200850B8770020E8
:10E5D00000E100E0014BC3F84C0E704700A008506A
:10E5E00038B5084B05461B6833B10748984718B142
:10E5F0004EF2DD50F2F75AF9044C95E80F0084E82A
:10E600000F0038BD1084002095DB00001C7800202E
:10E6100008B5FFF72BFC58B9064B0122C3F840059B
:10E6200003F5A04303201A61BDE80840F6F76EBE6B
:10E6300008BD00BF0050085010B504460846FFF75B
:10E64000A9FB074B2268C3F8F44E064BDA62FFF7CA
:10E650002FFB18B943F65700F2F728F910BD00BF99
:10E6600000A00850B8770020144A93691844136A30
:10E67000834210B5124C09D30220F6F747FE00235F
:10E680000122C4F840350F4B1A6110BD01235370AD
:10E690006364D4F844250532824206D3094AD2F88D
:10E6A0000C120029F1D11361EFE70023C4F84431C3
:10E6B000054BC4F84405C4F8C431E6E7B877002038
:10E6C0000050085000A008500900008038B50B4CDD
:10E6D0000346084694F8255094F82410012D227A18
:10E6E00009D100F033FC236AA2699B1A1844BDE8E3
:10E6F0003840FFF7B9BF00F045FCF4E7B8770020D9
:10E70000044BC3F8940ED3F8002442F04002C3F83F
:10E710000024704700A00850054BD3F8002422F0D5
:10E720004002C3F800240022C3F8942E704700BFB3
:10E7300000A00850044BD3F8183703F07F035B4266
:10E7400003700120704700BF00A0085010B50E4CA8
:10E7500094F83130B3B101280C4B0D4A05D1C3F800
:10E760000421094800F0E8F90AE0C3F80021002874
:10E77000F7D1207AA17BFFF75BFA204600F04AFA36
:10E780000AF0A2FA10BD00BFB877002000A0085020
:10E7900007000080054B0022C3F84025044AD2F848
:10E7A0002035DBB20BB101231361704700500850D4
:10E7B00000A00850044B30B5D3E90E451B6CC0E9EE
:10E7C00000450B6030BD00BFB87700202DE9F04157
:10E7D0000AF0B6FB5D4C5E4B0122C4E90E01DA641F
:10E7E000D3F84C3523645B4B1B680BB120789847FA
:10E7F000594B0022C3F80821C3F80021C3F80421B3
:10E80000C3F80421C3F80021D3F8002422F01D022C
:10E81000C3F8002494F844300BB1FFF7A1F94C4938
:10E82000D1F848352362D1F84435E361237884F880
:10E830002530494BD3F81852D3F82062D3F8B402EC
:10E84000FFF772F92778022F5CD1637823B1D1F8F2
:10E850004431003B18BF0123227A052A69D13F4980
:10E86000D1F84C110BB9CF0765D4FFF721FB636ECC
:10E87000BDE8F0411847D31E012B33D8364BD3F8EF
:10E880001C3E13F006032CD0022B2DD003220025B2
:10E8900084F82420FFF70CFB237A052B2E4B2AD17A
:10E8A0002E4AD2F85411C90720D540BB830003F18A
:10E8B000A04303F50B23D3F87021D3F8603192B253
:10E8C0009A431CD101300428F0D1234BD3F81C3ECD
:10E8D000DB0714D4A36E284685F00101BDE8F041A2
:10E8E000184703220125D3E70422FBE7D2F854217D
:10E8F00012F0700FE9D0D3F80C3EDA07E5D4A36E1E
:10E900000020E9E7012F0FD1237A84F824302DB1BC
:10E91000FFF7CEFAE36E39460020DFE79EB1FFF73E
:10E92000C7FAE36E2946F7E76EB1FFF7C1FA236F26
:10E930009EE7002B99D10543F6D0002A9BD146F6DD
:10E940003060F1F7B3FFBDE8F08100BFB877002079
:10E9500000500850F883002000A0085000B0085074
:10E96000024B03EB8003986C704700BF30DA030062
:10E97000024B03EB8003186E704700BF30DA0300D0
:10E98000034AD2F8283E23F00073C2F8283E7047AD
:10E9900000A00850344A08B5D2F8E015334B99422C
:10E9A00003D041F63E70F1F781FFD2F8E415304B09
:10E9B000C3F88016D2F8EC15C3F88416D2F8F41513
:10E9C000C3F88816D2F8FC15C3F88C16D2F80416D2
:10E9D000C3F89016D2F80C16C3F89416D2F8141691
:10E9E000C3F89816D2F81C16C3F89C16D2F8242641
:10E9F000C3F8A026D3F8182522F4E022C3F818257E
:10EA0000D3F8182542F4E022C3F81825194AD3F8A0
:10EA10007C170A40184942F09652C3F87C27D3F875
:10EA2000182942F08062C3F81829144AC3F8202933
:10EA3000D1F8142322F0FF0242F08002C1F814231F
:10EA4000D1F8102322F0FF0242F0A002C1F81023F7
:10EA5000D3F880276FF3173242F0804242F49612C7
:10EA6000C3F8802708BD00BF00C0FF0080A6085083
:10EA700000A00850FBFF0F0000B0085050800200BB
:10EA8000194A0346F0B5D2F83C468BB0174A01AD9F
:10EA900002F120071068083252F8041C2E46BA42D0
:10EAA00003C63546F6D1A3F59F502823127804F00B
:10EAB0001F0417383270133C0D4AB0FBF3F0C31833
:10EAC000D2F840160DEB030021F01F0110F9243C91
:10EAD000C2F840162344D2F8401683F305030B43D3
:10EAE000C2F840360BB0F0BD00C0FF009F620400CA
:10EAF00000B00850028A41F21D439A420C4A0D4B65
:10EB0000D2F850178BBF41F4002121F40021C2F844
:10EB10005017C2F850178BBFD3F84C26D3F84C26A9
:10EB200022F4002242F40022C3F84C26704700BFB2
:10EB300000A0085000B0085008B5FFF7DBFF028ABC
:10EB400041F21D439A421F4A33D91F49D1F8443636
:10EB500023F0030343F00103C1F84436D2F87037C1
:10EB6000027A23F4FC631849052A0CBF43F08002A3
:10EB700043F0C002134BC3F87027D3F8402642F489
:10EB80000042C3F84026D1F87C2642F00402C1F8C6
:10EB90007C260E4AC3F8802802F5B00202F6ED7218
:10EBA000C3F88428D3F8542722F47002C3F85427FA
:10EBB00008BDD2F8483723F0030343F00103C2F83D
:10EBC0004837CBE700A0085000B0085015005800A7
:10EBD0000E4B4FF00042C3F8A42803F58050D3F841
:10EBE000501721F40021C3F85017D0F84C1621F427
:10EBF0000021C0F84C16C3F88028C3F88428044AC2
:10EC0000D2F86C26C3F83C28704700BF00A008501B
:10EC100000C0FF0010B5FFF76DFF017A028A4B1F9D
:10EC20005842584141F21D439A42284B8CBF012261
:10EC3000002202EB400233F8120003EB42031A8970
:10EC400010D9234CD4F86C36002B0BDB0129C3F30D
:10EC50000B0304BFD4F824491B191E4CC3F30B0348
:10EC6000C4F83C381B4B42F4300240F4B000052994
:10EC7000C3F88008C3F88428D3F8542722F470021C
:10EC8000C3F85427D3F8542742F47002C3F854272A
:10EC9000114AD3F860160DD041F48041C3F86016D4
:10ECA000D2F88C1641F40041C2F88C160B4AC3F816
:10ECB000A82810BD21F48041C3F86016D2F88C3624
:10ECC00023F40043C2F88C36F3E700BFC8DA030030
:10ECD00000C0FF0000A0085000B00850D8359803CD
:10ECE0000378012B13D1037A052B10D1827C72B9E2
:10ECF000094B4FF48071C3F8441EC3F8482E074AED
:10ED0000D2F80C3123F47F23C2F80C317047034B47
:10ED1000034AC3F80C21704700A0085000B0085007
:10ED2000295752651FB5048A41F28143144A9C4217
:10ED30008CBF022304231B0543F00343C2F80036B3
:10ED400001AB104A1069516903C3906901A91860A9
:10ED5000002331F8020FA04201D9DBB202E00133F7
:10ED6000052BF6D106481A44D0F82816127F0B4618
:10ED700062F34F3362F31243C0F8283604B010BD7B
:10ED800000B00850C8DA03000A8AF8B541F21D4302
:10ED90003A4E91F808E09A424FF064038CBF326813
:10EDA0007268BEF1050F02FB03F308D18A7C032AC7
:10EDB00036D9052A3CD94BF6A210F1F777FD4FF072
:10EDC000240C4FF46167002237242D4D9842D4BFA4
:10EDD000181A0020BEF1050F32D190428B7C38BF4B
:10EDE0001046032B36D8B36898424FF0000138BF65
:10EDF00018461923B84294BFC2EB0002C2EB0702C7
:10EE000005EB4400B2FBF3F22B4692B25E7801EBC5
:10EE1000560189B28A4225D21888C0F30800F8BD8D
:10EE20004FF0380C41F2C75732227A24154DCDE706
:10EE30004FF0380C41F2AE577D227724124DC5E7D2
:10EE40006423B0FBF3F39C4515D3904238BF1046C2
:10EE50000023C9E7042B01D1F368C5E7052BF7D1DF
:10EE60003369C1E702339842D0D104F10044013C38
:10EE700035F81400D1E74FF6FE70D0E70006002009
:10EE8000ECDA03005ADB03004EDC03004FF6FE739E
:10EE9000184A98421BD1D2F8503711F1290F23F0AC
:10EEA0003403CCBF0321012143EA011343F00403DF
:10EEB000C2F8503702F58052D2F84C3623F03403B2
:10EEC00043EA011343F00403C2F84C367047D2F80A
:10EED0005037C0F30800084923F03403C2F8503714
:10EEE000D1F84C3623F03403C1F84C36C2F8100781
:10EEF000704700BF00A0085000B008500A4B033A0A
:10EF000003EB4103012AB3F9503210B54FF47A7480
:10EF100004FB00338CBF02200A2003F2E73393FB8B
:10EF2000F4F3181A10BD00BFECDA0300064B4FF4DF
:10EF30007A7203EB4103B3F9503202FB00331344FE
:10EF400093FBF2F0704700BFECDA030038B55D1DAB
:10EF50000B4B03EB410103EB8203B1F95042D3F8B1
:10EF600068321C444FF47A7304F6B73403FB004450
:10EF7000104694FBF3F42544FFF7F2FC284438BD17
:10EF8000ECDA030070B5064608461546FFF7F0FCBC
:10EF9000094B03EB8503D3F868424FF47A7304F608
:10EFA000B73403FB0644241A2846B4FBF3F4FFF7F6
:10EFB000D7FC0530204470BDECDA0300014B002281
:10EFC0001A7070472C7800202DE9F04788B000F0C7
:10EFD000030901200D469DF854A014469846119F40
:10EFE0009DF8506000F032FA314A49EA0A63DFF8CE
:10EFF000C4C0002082F801A00221CCF804352E4BB9
:10F00000CCF88000C3F88400A3F57C33C3F88401F6
:10F01000A3F50053C3F80815BDF84830696853805C
:10F02000EB6809BA1BBA02910093AB681BBA019353
:10F030002B681BBA03936B4600F5A271013053F89D
:10F04000045B04284CF82150F6D104A8D7E900311C
:10F0500009BA1BBA0491210A059324069DF8403091
:10F0600041EA086124BA003B21F00041079418BF2F
:10F07000012341EAC371002309BA06910D4903F542
:10F08000A474013350F8045B042B41F82450F6D1EA
:10F09000022E08D8094B9B5DC1F848350023137137
:10F0A00008B0BDE8F08747F6B660F1F7FFFB00BF98
:10F0B0002C78002000A0045000300850B0DD030080
:10F0C0002D4B2E4A03F1380C2DE9F04105460E4632
:10F0D000002403F10807DFF8A880DFF8A8E0C3F8F0
:10F0E00044801E65C3F854E05C66D2E90101C3E9BF
:10F0F000085E8CE80300711C1964D2E90901C3E9B8
:10F100001201F11C99652049C3E91714D2E90501E0
:10F1100087E80300691CC3E90418D2E90701EA1C67
:10F120009A625A88C3E906019A850E2283F82E4016
:10F13000012183F82F20C3E90C44B278AA70134A46
:10F14000C2F830C5C2F83875C2F80441C2F80841A7
:10F1500019700F4B0F49C2F8803002F56432C2F8C3
:10F160008410A2F57C32C2F8843102220A4BC3F823
:10F170000425BDE8F08100BF2C780020B0DD03003D
:10F180000100000C0100000DE803000E00A0045077
:10F190000100008006000080002004502DE9F743A4
:10F1A000364C050C364E8E46DFF8D88004F1380C0C
:10F1B000A4F86800A8F800500F8822650E22E780A6
:10F1C00084F857206278A4F84C50032AA4F85470AD
:10F1D00096E803008CE80300D6E90201C4E91001B7
:10F1E00004F168014FF00D00A1644FF0000184F8B4
:10F1F0004F0084F84E1084F85610C4E916110AD056
:10F20000072A0CBF10220422974206D8012323713B
:10F2100003B0BDE8F0830822F6E7BD1A1A4A1B4E78
:10F22000AEF8005006F1080723620E23A58492E889
:10F23000030084F82730164B86E80300D2E9060164
:10F2400006F1620287E80300B8F80010A26100220C
:10F25000A1830D21A277E177FF2184F82620C4E95C
:10F260000A22C3F84815C3F830C5C3F83865C3F897
:10F270000421C3F8082101221A60C9E72C78002074
:10F28000B4DD030018060020C4DD0300347800203C
:10F2900000A004502DE9F74F0D46060C31490093AC
:10F2A000314B0E805978A3F868000329DD8056D0D1
:10F2B00007290CBF4FF010084FF00408DFF8ACB07E
:10F2C0004FF00D092A4C4FF00E0E1A6204F1080798
:10F2D00004F1300C04F162029D8445449E8383F85E
:10F2E0001F9083F827E0A3F8546083F857901A65BD
:10F2F0009BE8030084E80300DBE9020187E80300E0
:10F3000004F16001002799619F7783F8267083F8E4
:10F310005670DBE90401C3E90A778CE80300DBE9F6
:10F320000601C4E90E01C4E91001009AA3F85C507B
:10F330002D0C9A65FF2283F85E5083F85FE0C3E9E5
:10F3400018770C4BC3F848250122C3F83045C3F8A1
:10F3500038C5C3F804711A6003B0BDE8F08F4FF0F0
:10F360000808ABE7180600202C780020B4DD030065
:10F370003478002000A004500C4A13788BB100238D
:10F380000B490220C1F8803001F56431C1F88430A6
:10F39000A1F57C31C1F88431A1F50051C1F808050F
:10F3A0001370044B01221A80704700BF2C78002094
:10F3B00000A004501806002008B50E4B1B79B3B905
:10F3C0000D4BD3F8082122B10420F5F79FFF02204E
:10F3D00008BDD3F8042122B90520F5F797FF0320D3
:10F3E000F6E7D3F80004003818BF0120F0E700204A
:10F3F000EEE700BF2C78002000A00450014B012252
:10F400005A60704700A0045038B5084C0025D4F865
:10F410000035032B04BF01236360C4F80055C4F812
:10F420000055FFF7A9FFC4F8805038BD00A0045074
:10F43000054B4FF48062C3F88820BFF34F8FBFF3B2
:10F440006F8FFFF7E1BF00BF00E100E010B5044699
:10F45000FFF7DAFF012C06D0022C09D03CB142F2B2
:10F460001C70F1F723FA074B0222C3F8002510BDE8
:10F47000044B0322C3F8002502F10042C3F88020A8
:10F48000F5E700BF00A00450014B1860704700BFB3
:10F490009C780020024B1868003818BF0120704784
:10F4A0009C780020014B186099807047D07800202C
:10F4B000024BD86019745A82704700BFFC78002054
:10F4C00008B50D4B9A79052A10D0082A11D0197A5F
:10F4D0000A4B002218600A48DA60C3E901021846A4
:10F4E000FFF7AAF8BDE80840FFF74ABA40F2FF115B
:10F4F000EEE7FF21ECE700BF90790020547900206F
:10F50000962F000D30B5194C87B0A379052B21D16A
:10F51000174A049249F61572ADF80420154A029272
:10F52000628AADF80C208DF815302525637901A885
:10F530008DF814508DF81630FEF7ECFD2079FF2879
:10F5400010D12846FEF7DAFD0B4B1888FEF704FEB3
:10F5500007B030BD082B074A08BF0022049222687A
:10F560000192E0E7FEF7CAFDF2E700BF90790020C4
:10F57000555555AA555555002E0600202DE9F74F33
:10F58000FEF724FDB34BB44C1868FFF729F8B34DD0
:10F59000FFF7B8FF637CABB1A1790020FEF7B2FEA4
:10F5A0002869FFF78DFFAE4AAE4904F13000D2F86A
:10F5B000003423F00103C2F8003403B0BDE8F04F7B
:10F5C00006F025BE237C63B10322012101A88DF83A
:10F5D00006308DF8042023FA02F28DF80520FEF79C
:10F5E000C7FCA27964210020FEF7ECFE00F076FB58
:10F5F0002869FFF765FFA17C9B4800F09DFBA2797D
:10F600002B69052A24D0082A00F01C81184609F02D
:10F61000BAFB227C637A01A9003A286903F00F0340
:10F6200018BF012243EA42138DF80430237A8DF883
:10F63000053009F0ACFB217C19B1C908286909F033
:10F64000B1FB2869227A617A023000F0E1F9D1E059
:10F65000E07CA67C012840F0BF80A18C03F1030967
:10F66000E07D09F06CFBE18C0246207E09F067FB2F
:10F670000746218D607E42EA870209F060FB05465D
:10F68000618D42EA0512A07E09F059FBDFF8DC81AA
:10F6900042EA8012682108F10C0A02251A71002240
:10F6A000D97018F8017F09EB05043AF8021F3846B3
:10F6B00009F045FB022831D003285DD0012840F035
:10F6C00089800027C1F3042C023527806778EDB2CA
:10F6D000217027F01F0747EA0C0760F34617677091
:10F6E0000A4463494145DCD14FF0090411F8047C18
:10F6F000A1F11A00002166F30614198067F30101D5
:10F700001C705C78997065F305045C70417A09EBB4
:10F71000050003B0BDE8F04F00F07AB93AF808CC24
:10F72000002005350CFB07110CF00F0B2060CCF30B
:10F73000041C89B294F801E0EDB2C1F304202EF06C
:10F740001F0E21704EEA000E012060F3461E84F861
:10F7500001E007F00F0E07444EEA0B1EB84084F894
:10F7600002E094F803E001382EF01F0E20714EEAFB
:10F770000C0E84F803E0B3E73AF808CC0020063515
:10F780000CFB07110CF00F0B2060CCF3041C89B2AA
:10F7900094F801E0EDB2C1F304202EF01F0E2170A9
:10F7A0004EEA000E012060F3461E84F801E007F0E7
:10F7B0000F0E07444EEA0B1EB84084F802E094F89E
:10F7C00003E001382EF01F0EA0804EEA0C0E84F8E4
:10F7D00003E085E7002183E77EB91E8001211A78C6
:10F7E000997061F3020260F3C3021A705A7862F0F2
:10F7F0000F025A7003B0BDE8F08F1E4A1278DA701B
:10F80000A28A511C89B2B1F5007F03D34FF488401E
:10F81000F1F74CF80025012736011D80C0001D7846
:10F8200006F0700600F00800597067F30205C1F396
:10F8300000210643181D25F0780599702E431E708F
:10F84000617A66E7627A1846217A03B0BDE8F04F24
:10F8500009F000BB1C84002090790020547900201E
:10F8600000A00850538D0100C0790020A679002027
:10F87000AA7900203BDE0300F8B504465D4D95F8FB
:10F88000D430002B40F0B2800378283BDBB2D62B7B
:10F890000DD98379FBB98378083BDBB2F62B06D907
:10F8A000C378FF2B17D0042B03D8002B73D1122061
:10F8B00049E0052BFBD1027B052AF8D8437B012BBD
:10F8C000F5D8017C0329F2D8002B42D1C389002A44
:10F8D0003AD1002BEBD1E4220021474809F080FF08
:10F8E000464B2B60207809F035FA287123796B712B
:10F8F00063782B72A379002B54D00123AB716B7406
:10F9000063792B74A07800F0C9F93D4B6872C5F893
:10F91000D03000F0E5F83B492866A8792D6300F067
:10F92000E5F8A368E860C5F888003748C5F8DC301A
:10F93000F6F75EFFE968002233488439F6F768FF7E
:10F94000022385F8D430F8BD013BB3F5FF7FC2D365
:10F95000ADE7002A4CD000F1100100F11E03143075
:10F9600011F8012F0F2AA2D842B91A88B2F5806F78
:10F970009DD2884203F10203F2D1ACE733F8082CA0
:10F98000203A92B2B2F5F07F91D21A88203A92B220
:10F99000B2F5F07FECE74279002A9CD0013B012BC5
:10F9A00099D984E704F10C06184B04F12407324678
:10F9B000083303CABA4243F8080C43F8041C16463D
:10F9C000F5D1128811491A80E07800F05FF9E678E5
:10F9D000304600F027F938B9731E042B03D94DF6D1
:10F9E0009A30F0F763FF3046A87189E70C20AAE748
:10F9F0001120A8E7907900209479002029417671A0
:10FA00007DF5000098790020C0790020A2790020BF
:10FA100042F696739A422DE9F7438146904603D900
:10FA200042F6E220F0F742FF08291FD8DFE801F094
:10FA3000210D142416181A1C05001026164D00243A
:10FA400044451CD303B0BDE8F0830F2301260DF11C
:10FA500007058DF80730F2E75523F7E7FF23F5E7B1
:10FA60000023F3E7F023F1E7AA23EFE742F60E7055
:10FA7000D8E7FF26094DE2E7FF26094DDFE7A8EBAF
:10FA8000040709EB04002946B74228BF37463A4627
:10FA90003C4402F09FFCD3E7109B01001F9C010037
:10FAA000209B010038B5034615468A1C082903F837
:10FAB000012B0A4A1468C0F801405468127A5C604D
:10FAC0001A7203D84CF29A60F0F7F0FEA1F1090225
:10FAD0000A302946BDE83840FFF79ABFD2620400D9
:10FAE000014B1868704700BF20840020431E2DE999
:10FAF000F0410F460978042B00F28A80DFE803F01A
:10FB000003031C2024003B7A002B18BF013102287C
:10FB100015BF0A310B31C9008900C8183F490A686E
:10FB200002F1F80318440B68B0FBF2F05043834233
:10FB300071D943F2EF705CE0880100F53470EDE7B5
:10FB4000080100F5E770E9E7FB7A012B53D107F1D3
:10FB50000E0107F11A0007F1120C0526002511F815
:10FB6000012F30F8023F02B943B130F8084C04339A
:10FB7000043402FB04331D44AAB902368C45EED18D
:10FB800097F80A802946404609F028F9BB7B08F11E
:10FB9000FF3704460133DB01042F28D8DFE807F0E4
:10FBA0000A081E202300072A94BF05360636E5E71B
:10FBB00003EB530303EBC505314640464934013D91
:10FBC000FFB2B5FBF3F509F0F1F8154B2044DB5D0E
:10FBD00000EB85006B4300EB53009FE75B00E9E718
:10FBE00003EB4303E6E79A00A2EB9303E2E743F655
:10FBF0003000F0F75BFEBD7A0121284609F0D6F807
:10FC00000446B989284609F0E9F82044453085E7DB
:10FC100009F004F982E7BDE8F08100BF300600205A
:10FC200040DE0300FF2808B5174B27D101221A71C7
:10FC30001B78152B1ED8DFE803F00B241D0D0F13C6
:10FC4000110F1D1D1D1B191D1D1517171717171730
:10FC5000062008BD0120FCE70220FAE70420F8E7AF
:10FC60000320F6E70820F4E70520F2E70A20F0E792
:10FC70000920EEE74EF61F40F0F718FE002018713D
:10FC8000E7E70720E5E700BF24840020FF2802BF44
:10FC9000014BDB780B7070472484002008B50D4AB7
:10FCA00000239370FF2810D15378033BDBB2082B5D
:10FCB00006D840F2A91121FA03F3DB0700D59070B2
:10FCC00053780B2B02D8044AD05C08BD44F6F240AE
:10FCD000F0F7ECFD2484002045DE0300054B1A7983
:10FCE00032B11B78072B02BF034B0322C3F8102845
:10FCF000704700BF2484002000A0085008B5FEF71C
:10FD000065FD034B0022C3F81C22C3F8182208BD6E
:10FD100000A0085008B5074B9B781BB94DF29A100C
:10FD2000F0F7C4FD032903D1BDE80840FFF7E6BFA3
:10FD300008BD00BF2484002070B5364B9A78002A95
:10FD400067D05B78033B082B0DD8DFE803F0050C88
:10FD50000C110C110C111C002F4AD2F8003423F0A6
:10FD60000103C2F800342D49BDE8704006F04FBAD7
:10FD7000294B8022C3F88824D3F8002422F40022DF
:10FD8000C3F80024EFE7244BD3F8F45EEA6832F0BE
:10FD90007F4203D047F64550F0F788FD6C682E6827
:10FDA000C4F3170403362E60E61E04F2FD74AE8021
:10FDB000360CC4F30A04AE710A26EE71184DC3F86E
:10FDC000202EC3F8285EC3F8E04EC3F82C2E154C45
:10FDD000C3F8342EC3F8442EC3F84C2EC3F8482E73
:10FDE000114AC2F80C4111B94DF2D160D4E70901B2
:10FDF00001F0700141F00041C2F80011D3F8002475
:10FE000022F40022C3F80024D3F8002442F0200298
:10FE1000B6E770BD2484002000A0085015FD000046
:10FE2000FF0101802907506500B00850014B1B6895
:10FE30009B6A18477406002030B4044C9DF80850A3
:10FE400024680295E468A44630BC6047740600202C
:10FE50009F8E0100A58E0100A78E0100CD8E0100AE
:10FE6000AB8E0100D78E0100B18E0100E18E010042
:10FE7000B78E0100ED8E0100C38E0100C78E010018
:10FE8000B98E0100BF8E0100DD8E0100E78E0100FA
:10FE900038B50A24084D2B680120C3F30803062B4C
:10FEA00009D009F029F8013CF5D12868C0F3080011
:10FEB000831F5842584138BD00071250014B0122A0
:10FEC0001A707047787A0020014B1878704700BF8D
:10FED000787A00202DE9F04110F0FF05294F04D079
:10FEE000012D4CD041F670000CE0DFF89C8001261B
:10FEF00098F80030BE60002B3FD0FFF7C9FF18B95B
:10FF000041F6710002F074F8204C3046204BC4F8E2
:10FF10004437C4F85C374FF00043C4F854373E60B0
:10FF200008F0EAFFD4F82437304643F01003C4F851
:10FF3000243708F0E1FFD4F82437C82043F0080341
:10FF4000C4F8243708F0D8FFD4F82437304643F4F7
:10FF50000053C4F8243708F0CFFF0A20C4F84457F0
:10FF600008F0CAFF3046C4F85C5708F0C5FFC4F873
:10FF7000545788F80160BDE8F0813E60FBE77D6280
:10FF8000F9E700BF00E01050787A0020000012501E
:10FF90000100008010F0FF00F8B53A4B04D00128B2
:10FFA0006BD040F2F9600DE0374E7278002A61D0D4
:10FFB000364B1B68C3F30803392B05D0692B03D0DC
:10FFC00041F6720002F014F8314C01252D4B4FF030
:10FFD00000470A20C4F84C775D6008F08DFF2D4B78
:10FFE0003220C4F84437C4F85C37C4F8547708F0BA
:10FFF00083FFD4F82437022023F40053C4F82437B5
:020000021000EC
:1000000008F07AFFD4F824372846002523F00803A7
:10001000C4F8243708F070FFD4F824370A2023F0FE
:100020001003C4F8243708F067FFC4F84C57FFF7F3
:100030002FFF10B941F67300C4E7C4F84457C4F861
:100040005C5775700F4A0123D3600023C2F800315A
:10005000B3700C4AD2F80834DB070AD4D2F86834FB
:1000600013F0010302BFC2F81031C2F81831C2F810
:100070001431F8BD01225A60E4E700229862C3F807
:100080001C21E6E700E01050787A002000071250AB
:100090000000125001000080014B01229A7070474D
:1000A000787A002008B50A4B28B101280BD04EF20F
:1000B0004D3001F09DFFD3F8103113B9054B9878FE
:1000C00008BD0120FCE7D3F86C04C0F30040F7E75B
:1000D00000E01050787A0020044BD3F8103113B9A7
:1000E000034B987870470120704700BF00E0105024
:1000F000787A0020024BD3F8080400F00100704722
:1001000000E01050024BD3F8480400F001007047A3
:1001100000E01050024BD3F84004C0B2704700BF5B
:1001200000E01050084AD2F84C34D2F84C2413F4B2
:10013000803306D002F00303C0B21B1A5842584164
:1001400070471846704700BF00E01050F8B5254BC7
:10015000D3F80C34DA0303D448F6CD1001F048FF8D
:10016000214BD3F80438022B05D0042B2BD073B3CA
:1001700048F6CE10F2E7032006254FF480761B4A9E
:1001800001271B4BC0F1000C146A536624F03F0496
:1001900097645764136CDB03FCD4136A116C03F08F
:1001A0003F03C1F30A01711A884215DC3F2B07D0C7
:1001B0000133234313620029B8BF49428D42E8D975
:1001C00000239364F8BD022003258026D7E706208C
:1001D0000C254FF40076D2E78C45ECDB002BEFD0FA
:1001E000013BE6E700E010500000125000081250FA
:1001F0000100008070B50123154D04460E462B54B6
:10020000FFF76AFF98B92CB1012C0ED04CF60D30D7
:1002100001F0EEFE11232A19012105EB84059170EE
:100220000C4A6E60C2F8043370BD8023F3E7002EE1
:10023000FAD034B90220B047002305EB84056B6087
:10024000F2E7012C01D12046F5E749F65950DFE7E6
:100250007C7A002000E01050044B002219181A5438
:100260008A7003EB80014A60704700BF7C7A0020EF
:1002700010B50446FFF728FE0028034B14BFD62014
:1002800000202044988110BD7C7A0020014BD88941
:10029000704700BF7C7A0020014B9889704700BFEF
:1002A0007C7A00200B4B034410B51A7C632A03D9D7
:1002B0004DF6706001F09CFEEFF3108472B61A7C6C
:1002C00001321A741B7C012B01D1FFF703FE04B924
:1002D00062B610BD7C7A002070B51B4C0346221814
:1002E000117C19B944F67A3001F082FEEFF31085E3
:1002F00072B6117C01391174127CFAB9A27C02B376
:10030000F8B9124AD2F80C24D20304D4237CABB936
:10031000FFF740FE12E0E27C12B1E074FFF716FF37
:10032000EFF3108672B6237C03F0FF000BB9FFF7E2
:1003300031FE06B962B6064B00225A6605B962B6AE
:1003400070BD1846E4E700BF7C7A002000E0105042
:100350000008125010B508F0DFFD0C4CFFF7BCFE92
:1003600060B1237D3BB90A4B01229A610423637576
:100370000023A37510BD08F0D2FDF9E70323012285
:100380006375034BC3F80423F2E700BF7C7A0020B7
:1003900000E01050014B01221A62704700E010503B
:1003A000044BD87D28B1044BD3F81001B0FA80F08B
:1003B000400970477C7A002000E0105038B50D4BA2
:1003C000DC7D7CB90125DD7508F0A6FD0A4B102205
:1003D000C3F81041C3F81441C3F81841C3F804230B
:1003E000DD6138BDFFF7DCFF0028FAD040F217309E
:1003F00001F0FEFD7C7A002000E01050024B587D99
:10040000003818BF012070477C7A002037B5184C9F
:10041000237D63B9606A00F00300FFF783FE30B10B
:10042000EFF3108372B6627D1AB103B962B603B0FE
:1004300030BD0122627503B962B608230D4DC5F8BF
:1004400008334FF42073ADF80630BDF806309BB288
:100450005A1EADF80620002BF7D1C5F80C3184F8F0
:100460002830FFF777FF0823C5F80433DFE700BF24
:100470007C7A002000E010502DE9F74F514CA37C0E
:10048000002B00F09C800323ADF804304E4BD3F8D2
:100490000051D3F81C21003D18BF012522B10122D3
:1004A00045F080058DF80520D3F80881D3F8142194
:1004B00012B9D3F8183173B1434B0026C3F8146155
:1004C000C3F81861C3F81061E37D0BB108F027FD94
:1004D000E67508F077FE3C4BD3F810316BB3E37D43
:1004E0001BB108F01CFD0023E375A37845F010054F
:1004F00013B102238DF80430344E0DF1040A324B4F
:100500004FF00009B71EC3F808531AF8010B03286F
:100510000AD03B7843B14FF0000B336887F800B046
:1005200013B19847C6F800B009F10103043601374A
:100530004FF00109022BE8D101E0002DDCD1B8F128
:10054000000F08D0204B0022C3F808210422C3F872
:100550000823FFF75BFF94F82860EA071A4BF6B20E
:10056000D3F80C7108D5627D032A05D1227D7AB9B2
:100570000422627501229A619FB1134B0022C3F8D5
:100580000C21637D042B08D043F6436001F030FD5D
:1005900008F0C5FC02236375EEE70223637508F0DB
:1005A000BEFC66B1002384F82830637D022B01D1A4
:1005B000FFF7D0FE03B0BDE8F04F08F0B0BC03B0C9
:1005C000BDE8F08F7C7A002000E01050807A002097
:1005D00010B5054C606A00F00300FFF7A3FD00288A
:1005E000F8D0002010BD00BF7C7A0020F8B5054689
:1005F00050B10278022A07D8437842B9013B1F2B39
:1006000002D88378212B07D96FF01500A5E0002BC5
:10061000FAD18378002BF7D1724B4FF48042C3F8A4
:10062000A020BFF34F8FBFF36F8FC3F8A021FD232E
:100630006D4A6E4CC2F808330023C2F81C31C2F870
:100640000031C2F81031C2F81431C2F81831C2F8C2
:100650000831C2F80C3123746374AB88E381FFF76F
:1006600049FD10B10123237023740120FFF71AFD07
:1006700010B10123637063745B4E40F25630FFF794
:10068000F7FDD6F80C34D80316D5FFF705FD602327
:10069000554E0022C6F804332B78A978012BE27559
:1006A000626223752176A27529D0022B20D03BB33C
:1006B0004FF61D6001F09CFC0120FFF7F3FC0028C1
:1006C000E5D1C6F81001FFF705FCD6F81031002B74
:1006D000FBD00027C6F81071C6F81471C6F818715F
:1006E000FFF734FD3846FFF755FC414B5F66CEE718
:1006F00008F012FCD6F80C34D903FBD50223636250
:10070000FFF700FD78B3FFF705FD636A03F003030D
:10071000984228D1AB790BBBFFF75AFF237E63B118
:100720002B7853B9FFF7D8FC054601F07BFD6FF03D
:100730000043002D52D0C4E9070300234FF4804248
:1007400063750123A374274BC3F8A0211A62FFF736
:10075000BBFB08B108F0E0FB0020F8BD224B0422EF
:10076000C3F80423DAE7204B012200215A61C3F8C1
:10077000081194F82410C3F840141A610422C3F835
:100780000423AA79002AC9D1D3F80423520702D43A
:1007900043F288308EE7174A1769116907F010078E
:1007A00041F010011161D3F808310BB908F05BFF7B
:1007B0000D4ED6F8083173B1FFF70AFF27B90D4A7D
:1007C000136923F0100313610423C6F808330023D0
:1007D000C6F80831A2E708F045FFEAE7C4E90730A8
:1007E000ABE700BF00E100E000E010507C7A0020A1
:1007F0000008125000ED00E038B50E4B04460D46DF
:100800001A791AB14EF66F0001F0F2FB01280DD8EB
:1008100003445A790AB1002038BD01225A71FFF70A
:1008200041FD29462046FFF7E5FCF4E76FF015008F
:10083000F2E700BFA87A002070B50C4C0546267977
:100840001EB143F6975001F0D3FB01280AD80444A7
:1008500063792BB1FFF700FD28466671FFF73CFD79
:10086000002070BD6FF01500FBE700BFA87A0020E4
:1008700010B501B3F0B14FF0FF33104A1C46E0FB56
:100880000134944203D948F2E61001F0B1FB1A0D8D
:10089000C3F30F100A4B42EA04324FF22444B2FB76
:1008A000F4F100EB024003FB1100B0FBF4F040EA6E
:1008B0000140013010BD0846FCE700BF3F420F0079
:1008C000000024F4014B9B68184700BFA87A002061
:1008D000014BDB68184700BFA87A0020014B1B6959
:1008E000184700BFA87A0020034B1A790AB9FFF70E
:1008F000CDBC988D704700BFA87A0020034B1A79B1
:100900000AB9FFF7C9BC988A704700BFA87A0020CF
:10091000024B1B790BB9FFF779BD7047A87A00200D
:10092000014B9B69184700BFA87A002038B51D4CC1
:1009300023792BB3FFF7D2FF50B91B4DC5F8100137
:10094000FFF7C0FFD5F81031002BFBD0FFF7C0FF39
:10095000154B6022C3F80423636A9847002806DB1E
:1009600094F82E3023B10123002084F8303038BDB4
:10097000FFF7D6FF0028F6DA48F23A2001F038FBFC
:100980000A4BA3610A4BE3610A4B23620A4BA36043
:100990000A4BE3600A4B2361FFF728FE0028E2D0F0
:1009A000E5E700BFA87A002000E01050D105010063
:1009B0002B8F0100FD030100198F01001F8F010023
:1009C000258F0100074B10B51C791CB142F615505C
:1009D00001F00EFBFFF74CFCFFF75EFC00F0BAFDE8
:1009E000204610BDA87A002008B5074800F0A0FDF9
:1009F000054800F019F801F0EDF801F005F800F0F5
:100A0000E5F9012008BD00BFDC7A002008B5054BE0
:100A10001A781AB143F20D7001F0EAFA58601970B1
:100A200008BD00BFE47A0020024B986000221A70D3
:100A30005A607047E47A0020F7B51E4C2378012BEA
:100A4000DAB204D0022A2ED0012003B0F0BD0DF19D
:100A50000701606800F0D8F965686B7DDB071CD57D
:100A6000AB7F042B19D000F0EDFD0746A8B100F0D4
:100A7000EFFD2B69D5E900269A18BB6846F1000600
:100A80000A332CBF012500251B1845EB01059342B5
:100A9000B54102D3606800F0BBFA002363602370A5
:100AA0009DF80700D1E70DF10701606800F0B6F985
:100AB000F3E700BFE47A002073B504460D4600F06A
:100AC000C1FD0646A37F012B1AD02946234605F116
:100AD000180251F8040B914243F8040BF9D1012399
:100AE0000DF107012046A37700F08EF916B1012021
:100AF00002B070BD034B0421986808F01EFDF6E7B4
:100B00000020F5E7E47A0020024B0621986808F0FF
:100B100014BD00BFE47A0020174B1868F0B560B12F
:100B200050F8102C50E9063418380A3344F1000408
:100B30009B18826944F1000402B9F0BD52E9061520
:100B4000994275EB0406F8D2077D12F8046CB7429F
:100B50000CD009D90A3152F8103CA2F1180045F125
:100B600000055B1845F100041268E5E79688878B5D
:100B7000F61B3604EED4F7E7F07A0020F8B5234CE4
:100B8000002323716371A371E371EFF3108272B6D6
:100B9000A168E3606160A36002B962B60026636881
:100BA00003B9F8BD9A79A3F11800032A07D11A688E
:100BB00001219E7153F80C3C62609847EFE71B6877
:100BC000E3B1183B0746124A997F042906D09B7F60
:100BD000032B14D040F6065001F00AFAB0F81CC0FE
:100BE000998BA1EB0C010904996944BF07F1180224
:100BF000184621B11F46A1F11803E5E7044A13681E
:100C000002211B681360C3688677D6E7F07A00205C
:100C1000F47A0020042300F118028377002303767E
:100C200043768376C376044B996811B99A60DA608B
:100C30007047D9680A60FAE7F07A0020F7B5154CDA
:100C400005460E460021206838B901B3124B1878CA
:100C500003B0BDE8F04001F04BBB50F8142C50F845
:100C6000083C019250F8182C07689B18019A42F131
:100C70000002AB42B24108D2236818381B682360D7
:100C8000FFF7C8FF01213846DEE70446FBE703B063
:100C9000F0BD00BFF07A00209A060020494B1B6887
:100CA0002DE9F74F044682838B46D0E9002003B13B
:100CB000183B94F815C0DFF80CE10CF0010C002B88
:100CC0003BD0D3E90056AA4270EB060135D3BCF104
:100CD000000F2CD0277D197D8F4228D399684D199C
:100CE00046F1000615F10A0846F1000E424570EB88
:100CF0000E0119D22169891840F1000788457EEB61
:100D0000070901D241467746A942B7410FD2204692
:100D1000FFF780FF2C4B187801F0EAFA00238BF8DC
:100D2000003003B0BDE8F08F11460746ECE703F151
:100D3000180E9B690BB1183BC3E7BCF1000F34D010
:100D40009BB3A168891840F1000901910199D3E989
:100D5000007611F10A0549F10001AF4276EB01017D
:100D600023D2257D197D8D4218D39D68ED1946F15A
:100D7000000615F10A0A46F10008524570EB080119
:100D800010D22169891840F100078A4578EB070CD9
:100D900001D251464746A942B741B8D39B6923B116
:100DA000183BD3E711460746F5E7DEF80020234657
:100DB00043F8182FCEF80030FFF7AEFEA042ADD1B9
:100DC0000123ACE7F07A00209A06002010B50B4C06
:100DD0002378FF2B03D048F65E1001F009F908488C
:100DE00001F05CFA074B002220701A705A709A705A
:100DF000DA709A60DA601A8210BD00BF9A0600208D
:100E00007D0B0100F07A0020034B1A8A10B4541CA9
:100E10001C8210BCFFF742BFF07A002038B50446B0
:100E20000D46FFF779FE031B04F1180158425841A3
:100E30002870044808F0A9FB10B100230120A37713
:100E400038BD00BFF07A002038B5114B044600F1E0
:100E500018019A68B2B19A6800209AB191420ED1F5
:100E600008B1A56905609D68A94204BF12689A602F
:100E7000DA68914200D1D8600023A37707E01046DA
:100E80001268EAE7034808F080FB0028F4D138BD77
:100E9000F07A0020F47A00202DE9F041264E044635
:100EA0000D46FFF7CBFE3068002843D0A0F1180CA8
:100EB00050E90631A34271EB050250F8102C3CBFFB
:100EC000234629460A322CBF012700279B1841EBF5
:100ED00007020768604627B900F118037361BDE88F
:100EE000F08157E906CE9C457EEB0201F4D290F8E2
:100EF000148017F8041C884514D011D96445234682
:100F00002A46A7F1180075EB0E0157F8101C3CBFDC
:100F1000634672465B1842F100020A3342F1000256
:100F20003F68D8E7B988B0F81C80A1EB0801090434
:100F3000E4D4F5E70346D1E7F07A002010B5054C7C
:100F40006169204608F021FB18B160690023183858
:100F5000636110BDF07A00201449F0B50D6805B347
:100F600015F8041C183D814219D812F10A04D5E97C
:100F700000C643F10001A44576EB01070CD22F69AE
:100F800017EB0C0746F10006A7428E4107D3B4F1D8
:100F90000A0041F1FF31F0BD64463146F7E7AD6923
:100FA000DDE74FF0FF300146F5E700BFF07A0020A3
:100FB00008B5837F022B1CD1437D13F0020302D0BE
:100FC0000023837708BD0322037643768376C376B6
:100FD0000D4B827700F11802996839B99A60DA608E
:100FE0000A4B1878BDE8084001F082B9D9680A6058
:100FF000F5E7837F012BE5D0837F042BE2D043F21A
:101000005B7000F0F5FF00BFF07A00209A06002028
:1010100010B500F118010446084808F0B6FA18B9EE
:101020004EF2FC6000F0E4FF2046FFF7F3FD044BB6
:10103000BDE81040187801F05BB900BFF07A0020DD
:101040009A0600202DE9F74FD0F810E0BEF1000F0E
:1010500003D045F2D82000F0CBFF836890F81480CD
:101060000193D0E90014EFF3108972B6264A136891
:101070000BB3B2F810C0019D183B0A35D3E9002626
:101080004EF1000A6D1844EB0A0A95427AEB060706
:1010900011D38A4276EB040716D31F69BF1846F1B5
:1010A000000BAF427BEB0A0B34BF01250025BDB915
:1010B0009B69002BDFD1B9F1000F00D162B6C0E906
:1010C000001403B0BDE8F08F12F10A079D6846F1E5
:1010D000000A7F194AF1000AB94274EB0A0AE3E7F1
:1010E0001D7DA84509D0E3D912F10A019D6846F19A
:1010F0000004691844F10004DAE79D8BA5EB0C05A8
:101100002D04D5D5F0E700BFF07A0020024B052171
:10111000186808F012BA00BF087B0020064B586818
:1011200010B518B94CF2C63000F062FFC368052153
:10113000BDE81040184700BF087B00202DE9F84F9C
:10114000274C8146237BA668A3BB94F80D8018F03A
:10115000010803D0E3899E4238BF1E4600F074FDAB
:1011600010EB060B05460F4641F1000A5846514662
:10117000FFF792FE08B3D0E900329B457AEB0201FB
:1011800004D29D1B9B46924662F100070023154A3C
:10119000284639462362C4E904BAC4E9065700F078
:1011A0002BFDB8F1000F02D0E3899E4216D0022336
:1011B0000D4A0DE04FF00008D0E7237B2BB1637B95
:1011C0009B0702D5636A012098470023074A2373CF
:1011D00084F82830C9F80020BDE8F88F0123E7E73C
:1011E000087B00200D110100FD1201004F9101004C
:1011F0002DE9F04717463D4C002B68D0E289D3E932
:1012000000566432854276EB01034FF000033CBF89
:1012100005460E462362B5EB000A66EB010952450E
:1012200073EB0902C4E9045627DA237B3BB1637BE5
:101230009A0702D5636A012098470023237394F824
:101240000D8008F00108A36803F5E1739A4579F170
:1012500000011FDAB8F1000F11D0E089244A281AE2
:1012600066F10001C4E9060100F0C6FC0623214A2C
:1012700084F828303A60BDE8F0879846E3E7B5F196
:1012800032001B4A66F10001C4E9065600F0B4FCC6
:101290000523ECE7FFF71CFBA368B8F1000F0CD0A7
:1012A000E089984209D9281A114A66F10001C4E977
:1012B000060100F0A1FC0123D9E7E81A0C4A66F107
:1012C0000001C4E9060100F097FC0223CFE7237B6D
:1012D0002BB1637B9B0702D5636A012098470025E9
:1012E0002573FFF7F5FA2B46034AC1E7087B002078
:1012F0000D110100FD1201004F9101000239F8B5F6
:101300000546032900F2D380DFE801F00602083F1A
:10131000684B002283F82920002023E0654C94F8D4
:101320002830042B08D8022B27D8013B012B1AD9CF
:101330004EF2516000F05CFE053B012BF8D8FFF740
:101340007BFB0028E8D000F06FFC00F07DFC064637
:101350000F46FFF7A1FD2A46034639463046FFF700
:1013600047FF0220F8BDFFF767FB0028D4D000F04C
:101370005BFC2846FFF7E2FEF3E7FFF75DFB002882
:10138000CAD0012384F82930C6E74A4C94F82830A3
:101390001A1F012A2AD8042B94F829600CD100F0D6
:1013A00097FB48B900200021FFF776FD08B1FFF751
:1013B0002FFEFFF78DFADCE7002EC6D1FFF7BEFD4A
:1013C0000028C2D06060C4E90B6600F03FFB606893
:1013D000022331468377C3689847D4E9040107F0B4
:1013E000B4FE354B84F828602B60BAE700F02CFC83
:1013F000A369C01A236A9842ACBF2062236294F8A2
:101400002830022B19D1FFF75DFA94F82830022B0F
:10141000D4E904012CD1637BDB071BD5237BCBB93B
:10142000E389264AC01A61F10001C4E9060100F00F
:10143000E3FB032384F828306EE7637BDA0701D5EA
:10144000207B10B146F2840074E7636A9847012359
:101450002373DAE7236A3238184A41F1FF3118184A
:1014600041EBE371C4E9060100F0C6FB0423E1E7A8
:10147000012B0AD1A368114AC01A61F10001C4E925
:10148000060100F0B9FB0223D4E7236A32380B4A85
:1014900041F1FF31C01841EBE371C4E9060100F0EE
:1014A000ABFB94F82830062BE0D10523C2E742F2CB
:1014B000DF603FE7087B0020C11401000D1101002F
:1014C00002392DE9F041054604292BD8DFE801F067
:1014D00003090B2A0E00154A537B003B18BF01235A
:1014E000137300201CE0FFF7A7FAFAE70F4C00F097
:1014F000C7FA00F0A9FB0F460646FFF7CDFC804671
:101500006068FFF755FD002300223046636000232A
:101510003946C4E9042343462A46FFF769FE022000
:10152000BDE8F08143F6DB3000F062FD087B00206F
:10153000064A002310B5064C0260206084F828306B
:101540006373FFF7DBF93230A06010BD4F910100EB
:10155000087B002008B5064B1A681168054A9142BD
:1015600003D049F2BE4000F043FD3230986008BD20
:10157000087B00204F91010010B5EFF3108472B684
:10158000034B0421186807F0D8FF04B962B610BDF8
:10159000087B002008B5084B5A681AB94FF2E7706B
:1015A00000F026FDD3E90421BDE808408018034A75
:1015B00041F1000100F020BB087B00201D1101005B
:1015C00008B5054B5B681BB94DF6206000F010FDB7
:1015D000BDE8084000F028BB087B002008B5044B9C
:1015E0005A681AB947F6866000F002FDD86208BD55
:1015F000087B002008B5044B5A681AB94AF27F20CC
:1016000000F0F6FC186308BD087B0020054B1B6B3F
:1016100010B51BB94EF6787000F0EAFCBDE810403A
:10162000184700BF087B0020054BDB6A10B51BB9CB
:101630004CF6E31000F0DCFCBDE81040184700BF9A
:10164000087B0020014B5868704700BF087B0020D2
:1016500008B5054B5A681AB940F26E5000F0C8FC44
:10166000D3E9040108BD00BF087B0020034B587B71
:1016700010F0010018BFD889704700BF087B002018
:101680000028ADBF00F1604000F00F00044B00F5F2
:101690006140B4BF185C90F800034009704700BF78
:1016A00014ED00E02DE9F04105460F46E1B9114E79
:1016B00033681BB14DF6FC4000F09AFC30600E48D8
:1016C000FFF78CFF0D48FFF795FF07F0E6FC6B7DF9
:1016D00004465B0708D507F039FC0A34241A746005
:1016E00000F0C4FA0028FBD02B6A3946686ABDE8CE
:1016F000F0411847407B002021170100011701002D
:10170000064B1B6810B51BB940F6E60000F070FCF4
:101710001A6A0421586ABDE810401047407B002037
:10172000064B1B6810B51BB943F2C52000F060FCE6
:101730001A6A0321586ABDE810401047407B002018
:10174000024B00221A601A81704700BF407B0020C4
:1017500008B5074B1A681AB949F2D76000F048FC7F
:101760000449D16000221A60BDE80840FFF7CCB9F7
:10177000407B0020A516010030B587B00C46054619
:1017800000211822684608F02BF8637A4FF0000019
:101790006168C3F38003029183F0010363F3820065
:1017A000237A8DF81430214B8DF81500039323789C
:1017B00043BB4007D4E90432CDE9003207D50A3BE8
:1017C00001F10A0142F1FF320291CDE90032637A60
:1017D00069469DF8152003F0020322F0030243F04E
:1017E000010313438DF81530114B5868C0F30800FE
:1017F000B8B11038FFF744FF98B92846FFF75CF9F5
:1018000007B030BD2369049307F09AFB9DF81530AB
:101810005B0744BF029B0A33CDE9000148BF029336
:10182000D5E7284607F09AFBEAE700BFA5160100B6
:1018300000ED00E008B50A4B1B681BB946F687703F
:1018400000F0D6FB5B7D5B0703D4BDE8084007F0E2
:1018500024BC07F022FC0A3041F1000108BD00BFA2
:10186000407B002070B50B7886B01BB141F26E1042
:1018700000F0BEFB4C7A4FF000060593C4F38003E2
:101880004D6883F00103029563F382060B7A8DF8AD
:101890001430104B8DF8156076070393D1E90431AD
:1018A000CDE9003107D50A3B05F10A0541F1FF31C9
:1018B0000295CDE900319DF81530C4F34004694626
:1018C000049264F341038DF8153007F047FB06B02E
:1018D00070BD00BFA51601007FB507F031FB0023E6
:1018E000194A0593194B039340F21E2302934FF0BC
:1018F000FF3304935368C3F30803CDE90001C3B178
:10190000103B4BBF03F00F0303F16043043B03F5AF
:1019100061434ABFD21893F80033137E5B0943B981
:1019200069460B48FFF7C8F858B942F6EC0000F0DA
:101930005FFB6946064807F011FB10B942F6ED005F
:10194000F5E707B000BD00BF00ED00E0551901004C
:10195000787B002008B5052932D8DFE801F003289C
:101960002431310D07F0E6FA174807F098FB1E38CE
:10197000BDE8084007F0E6BAFEF7B0FF18B1BDE8D1
:101980000840FFF7C1B807F0D7FA08B907F0D2FA54
:1019900000214FF4007007F050FB0028E4D142F220
:1019A0004E7000F025FBBDE80840FFF795BFBFF380
:1019B0005F8F054B002283F82020BFF35F8F08BDA7
:1019C0004EF68740EDE700BF787B002008B5FEF7B4
:1019D00085FF58B9BFF35F8F01220A4BD3E84F3F11
:1019E000DBB223B1BFF32F8FBFF35F8F08BD054874
:1019F000C0E8432F002BF0D1BFF35F8FBDE8084054
:101A0000FFF76ABF987B00204FF000430D4AC2F8F1
:101A10008030A2F58022C2F88031012302F57832AD
:101A2000C2F80435A2F58022C2F80435BFF35F8FF7
:101A30000021054B83F82010BFF35F8F202218464A
:101A400007F0CEBE00400C50787B002008B51CF09B
:101A50002BF8094AD2F8583743F00103C2F8583737
:101A6000FFF7B4FF054AD2F82C3F23F0030343F0FD
:101A70000103C2F82C3F08BD00200E5000B00850F2
:101A800008B51CF023F80E4AD2F8583723F00103AA
:101A9000C2F8583701220B4B5A604FF0FF32C3F89F
:101AA00008232022084BC3F8902100F0BDF8074A14
:101AB000D2F82C3F23F00303C2F82C3F08BD00BF2F
:101AC00000200E500050085000E100E000B0085027
:101AD00008B5FEF703FF0246C0B90E4BD3F800313C
:101AE0004BB90D494B6A0133312B4B620CD94DF682
:101AF000714000F07DFA07F01FFA10B14DF65A70F0
:101B0000F7E707F015FA0122104608BD024B002244
:101B10005A62F8E700E01050787B00201449202238
:101B2000C1F89020BFF34F8FBFF36F8F114BC1F8F7
:101B30009021D3F8040520F00300C3F80405D3F87E
:101B4000080540F00300C3F8080592FAA2F0B0FAC5
:101B500080F0C3F8100501205860D8604FF00040B5
:101B6000C3F880004FF0FF30C3F808030A617047E4
:101B700000E100E000500850134A4FF4E0632021D8
:101B8000C2F838330023C2F8AC35C2F8BC35C2F80D
:101B9000CC35C2F82031C2F82431C2F828310B4AC2
:101BA000C2F89C11C2F89C10BFF34F8FBFF36F8F28
:101BB000C2F89010BFF34F8FBFF36F8FC2F8901130
:101BC000034A1360704700BF00200E5000E100E0A0
:101BD000A07B002008B5FFF7CFFF054B4FF4A062B4
:101BE000C3F834232022034BC3F89C21DA6108BDDB
:101BF00000200E5000E100E0094B10B51C681CB13C
:101C00004EF6B07000F0F4F91A60C1F31301054B01
:101C10000122C3F8A005C3F8A415C3F8AC2510BD74
:101C2000A07B002000200E50054A136833B100232A
:101C30000449C1F8AC35C1F820311360704700BFCA
:101C4000A07B002000200E5030B54FF0FF30064C36
:101C50006FF04041D4E90023904271EB0305F9D3C2
:101C60001046C3F3130130BD40270E5008B5FFF7EF
:101C7000EBFF044BD3E90223904299412CBF012092
:101C8000002008BDA07B002008B5FFF747FF024BEE
:101C900001221A6008BD00BF0050085010B5FFF7C0
:101CA0003DFF0E4C0023C4F8BC35C4F82431FFF7C7
:101CB000CBFF0A3041F10001C4F8B005C1F31303B2
:101CC000C4F8B4354FF00043C4F8A4310123C4F87C
:101CD000BC35034BC3E9020110BD00BF00200E500C
:101CE000A07B0020144BD3F8342312F4A06F10B55E
:101CF00003D143F6DD2000F07BF9D3F8202162B157
:101D000000220E49C3F8AC25C3F820210B6813B993
:101D100047F60830EFE70A609847074BD3F82821C9
:101D20004AB10022C3F8CC25C3F82821034BBDE8F3
:101D300010401B69184710BD00200E50A07B0020EA
:101D4000034610B3007888B91A79012A1ED85A7947
:101D5000012A1BD89A680E49643A8A4216D8D86874
:101D60000C4B98422CBF00200120704701280CD159
:101D70001A79012A09D85A79012A06D8DA68044959
:101D8000643A8A4201D89868EAE70020704700BFA9
:101D90003C8601000040420F70B5044607F0D0F8C1
:101DA00040F2F966656AD4E90632963342F10002E0
:101DB0005B1905F5DF6542F10002B5FBF6F55B192D
:101DC00042F1000283428A410FD294F82A30052B57
:101DD00003D04DF2FB4000F00BF9236A0A2194F87E
:101DE000580098474FF69F00F5E7054C236813B15C
:101DF000984700232360BDE87040FFF7A9BC00BFEF
:101E0000B47B0020F8B504460D4639B9012380F8AB
:101E10005930FFF7C1FF02263046F8BD0E78032E79
:101E20006DD801A353F826F0171E0100391E0100DA
:101E3000A11E01005B1E01004868C72801D80026CA
:101E4000EAE7052107F0F9F80028F8D007F07CF858
:101E50006968204607F0DAF9DEE790F82870FFB9E4
:101E60004D682846FFF76CFF002848D02B78CBB987
:101E7000012121702B796A79DB1B18BF0123BA423B
:101E800018BF0526267243F00403AA68A5326260D3
:101E9000EA6863720323226184F82A3084F82910E7
:101EA0002046B6E794F82A20052A03D046F22000FF
:101EB00000F09EF8277004F130002B796979003B1F
:101EC00018BF0123002908BF3246227243F00403E1
:101ED000EA686372A532A9686260D4E906325B18C9
:101EE00042EBE1722146C4E90432042384F82A302B
:101EF000FFF742FC0028D3D148F22460D8E7012341
:101F000084F85930CCE700BF2DE9F84307468846EE
:101F100040B300F02DF800258146EEB2B14503D85C
:101F20006FF00B00BDE8F8833046013500F026F86D
:101F300090F82A40002CF0D1304600F01FF80B49F1
:101F40000546048580F82A40024680F85860303003
:101F500007F013F901232F62204685F82A3088F80C
:101F60000060DFE76FF01500DCE700BF1B920100A7
:101F7000014B1879704700BFB87B0020044B1A79D9
:101F8000824283BF1B68602202FB00300020704742
:101F9000B87B00200A4610F0030110B50AD1074CA7
:101FA0002271206008B9002010BD60235A4307F059
:101FB00017FCF8E76FF00D00F6E700BFB87B0020D4
:101FC000094B01225A604FF0FF32C3F808234FF447
:101FD0000062064BC3F88820BFF34F8FBFF36F8FAB
:101FE000C3F88821704700BF00B0045000E100E052
:101FF000014608B572B6094B5B680BB108489847B3
:10200000BFF34F8F0749084BCA6802F4E0621343DD
:10201000CB60BFF34F8F00BFFDE700BFC07B002048
:102020009852040000ED00E00400FA05F8B5234FD3
:1020300005460C4616463B78002B3CD106F05BFF6C
:102040007E601F4B01263C814FF48062C3F8A46080
:102050001C4BC3F89020BFF34F8FBFF36F8FC3F8B3
:102060009021FFF7ADFF184B002D14BF28461846EE
:10207000FEF75CFC0546E0B9FFF762FBFEF748FCA3
:1020800007F0A8F9FEF7B0FC18B94CF68B60FFF723
:10209000AFFF002C0BDB04F01F036409A4009E407B
:1020A00004F1604404F56144C4F8806126600123B2
:1020B0003B702846F8BD4FF0FF35FAE7C07B0020A3
:1020C00000A0085000E100E0A8DE0300074BB3F9D0
:1020D0000830002B09DB5A09012103F01F03994046
:1020E00002F14003024A42F823107047C07B0020EF
:1020F00000E100E0014B1878704700BFC07B002072
:1021000050B1074B03F1140253F8041B934240F8FB
:10211000041BF9D1002070476FF01500704700BF15
:10212000DC6204002DE9F74F81468A469346374C1E
:10213000DFF8DC80374E37780137FFB2D6E84F2F13
:102140000132D2B2C6E8452F002DF7D101226260DC
:10215000C4F80051C4F80451EFF3108172B62E4A4E
:10216000C6F804A0B260C6E905B259F8250005F525
:10217000A272013544F82200042DF6D1274AC4F892
:1021800030251032C4F838250122226001B962B628
:10219000D4F800212AB9D4F8042112B93278974230
:1021A0001AD043B10C9A32B1D4F840250C991A6078
:1021B000D4F83C250A60D4F80421002ABAD1317839
:1021C000B942B7D10323C4F80021C4F80421C4F8EC
:1021D000083303B0BDE8F08FD8F81020D206D7D569
:1021E00003224FF40061C4F804230D4AC2F8881199
:1021F000D4F80021002ACBD1D4F80421002AC7D179
:10220000019307F02FFA019BC2E700BF00B0045012
:1022100000ED00E0CC7B00201000000BD07B002004
:1022200000E100E01A4B4FF4000270B5C3F89820AB
:10223000BFF34F8FBFF36F8F164C0021164DC4F8BC
:102240000011C3F898212E692B6906F0100643F09F
:1022500010032B610123C4F804332360D4F8003148
:102260009BB11EB92B6923F010032B610123D4F815
:1022700008054FF400026360C4F808330023C4F873
:102280000031034BC3F8982170BD07F0EBF9E5E787
:1022900000E100E000700D5000ED00E038B50B49A2
:1022A000042301EBC302157905F0FF042DB1013BB6
:1022B000F7D248F69C50FFF79BFE41F8330001210E
:1022C0005471D8B29471117138BD00BFF07B0020F9
:1022D000042808B503D943F67820FFF789FE034B9D
:1022E000002203EBC0031A7108BD00BFF07B002081
:1022F000042808B503D945F2BB20FFF779FE0A4B45
:1023000003EBC0000379012B02D04AF20300F4E78B
:10231000437982790133DBB29A4218BF4371BDE839
:102320000840FFF7D3BE00BFF07B002038B505247E
:102330000F4D95F8281005EBC1031A79012A08D131
:1023400058799A79904204D05A799A7155F8313077
:10235000984795F82830013C0133DBB2052B28BFA4
:10236000002314F0FF0485F82830E2D138BD00BF07
:10237000F07B00200B4B0C4AC3F800230132C3F85A
:102380000C230132C3F818230132C3F82023013291
:10239000C3F81C23063AC3F8A0230732C3F8102160
:1023A000704700BF00A0085004000080084B0022C6
:1023B000C3F80023C3F80C23C3F81823C3F8202361
:1023C000C3F81C23C3F8A023C3F81021704700BF33
:1023D00000A00850844641EA000313F0030359D1DA
:1023E000403A33D3F0B4F0C9F0C0F0C9F0C0F0C93E
:1023F000F0C0F0C9F0C0403AF5D2F0BC26E0403A57
:1024000024D300BF0B6803604B6843608B68836014
:10241000CB68C3600B6903614B6943618B6983615E
:10242000CB69C3610B6A03624B6A43628B6A836246
:10243000CB6AC3620B6B03634B6B43638B6B83632E
:10244000CB6BC36340304031403ADBD230320BD3E8
:102450000B6803604B6843608B688360CB68C36024
:1024600010301031103AF3D20C3205D351F8043B3E
:1024700040F8043B043AF9D2043208D0D2071CBF1A
:1024800011F8013B00F8013B01D30B880380604643
:10249000704700BF082A13D38B07B0D010F0030396
:1024A000ADD0C3F10403D21ADB071CBF11F8013B06
:1024B00000F8013BA3D331F8023B20F8023B9EE732
:1024C000043AD9D3013A11F8013B00F8013BF9D2A3
:1024D0000B7803704B7843708B788370604670473D
:1024E00053B94AB9002908BF00281CBF4FF0FF317B
:1024F0004FF0FF3000F00CB8ADF1080C6DE904CEE0
:1025000007F0A9F9DDF804E0DDE9022304B0704723
:10251000704700BF08B5EEF715FCF1F76DFDEEF75B
:10252000E3F9002008BDFFF7EBBDF1F797BCF1F729
:1025300087BC01F00ABC01F00BBC01F00CBC01F03F
:102540000CBC10B586B0044601A8FFF7D9FD0223E4
:10255000002023704FF0FF336070A370E3709DF88C
:10256000043020716371BDF80530E380DDF8073079
:10257000A36006B010BD00F0DFBF70B50446FBF7E6
:1025800083FA0128054619D1601CFBF785FAA8B12A
:10259000A379002063F03F03A371F2F78DF938B1FE
:1025A00010220021E01D07F01BF90020257070BDEE
:1025B000E01DFBF785FA0028F2D0F6E70025F4E7E6
:1025C00010B504461022002107F00AF9102200215C
:1025D00004F1100007F004F9FBF78CFA0020F2F781
:1025E0006BF920B12046FBF76BFA002010BDFBF71A
:1025F0004BFA0028F6D0F8E710B50446FFF712FEB4
:10260000B0F5007F09DA10F5007F08DD0028B8BFBB
:10261000033080102070002010BD7F20FAE76FF09B
:102620007E00F7E78178008801F04BBB0078003826
:1026300018BF012000F05EBF37B505460C46008884
:102640000DF1060101F08EF82B882380BDF80630CD
:10265000638003B030BD38B505460C46EEF786FB07
:1026600030B13E2D04D12046BDE83840EEF7BEBB68
:1026700038BD37B504462046F2F762FD042805460A
:102680000DD123788A2B0DD0942B21D0204600F039
:1026900039F8A1782078FFF7DEFF0028EBD0284634
:1026A00003B030BD05213E20FFF7D5FF0028EDD156
:1026B000E37801A92279684643EA0223ADF80030A5
:1026C00001F08AFA0028D6D044F20D20EEF7EEF899
:1026D0001A213E20FFF7BFFF0028D7D16379694652
:1026E000A27901A843EA0223ADF8043011238DF842
:1026F0000630F1F79DFB0028BDD045F6CB40E5E75D
:1027000002F014BD10B503780446813B1B2B43D85F
:10271000DFE813F043004900550059006C008C00BD
:1027200092001C0086004F00A000A60078009600D2
:102730009A00AC00BA00D400DF00ED00F3001201F3
:1027400018011E01240142000C0106012920EEF7A8
:102750004DFB30B13E232370222363702923A370E5
:102760001AE00A20EEF742FB3E23237018B11F2324
:1027700063700A23F3E70123A37013236370E379E3
:1027800003F00103E371D4F81A30C4F80E30E38B80
:10279000638294F82030237510BD3E230370042318
:1027A00043701423DBE73E2303700A2343700323A3
:1027B000D5E73E2303700D2343700523CFE70523A0
:1027C0002370042306E05A20EEF7D0FA20B15A23F2
:1027D000237008236370DFE75920EEF7C7FA18B1BA
:1027E000592323700523F5E70823E9E75B20EEF77B
:1027F000BDFA18B15B2323700623EBE73023237067
:102800000323E7E73E230370FC20EEF7EFFA18B14D
:102810000C236370FC23A2E70B23637007239EE75E
:102820003E230370062343700C2398E713230370A1
:1028300083789B000133CDE7572303700223C9E758
:102840003E2303700D238AE73E2303700123437068
:10285000112384E73E2303700623437012237EE78F
:102860003E23037009234370132378E73E2303704C
:102870002420EEF7BBFA18B12423A3701423A9E790
:102880000E23A3701023A5E73E2303702520EEF747
:10289000ADFA227B20B125230B32A37062707BE757
:1028A0000F2304F10B0104F10800A37002F10803E7
:1028B00002326370BDE8104006F07BBF3E23037018
:1028C0002620EEF793FA18230028D6D02622A270ED
:1028D00080E73E2303702A20EEF788FA18B12B23F5
:1028E00063702A233BE71D236370192337E73E23D8
:1028F0000370072343701A2331E73E230370382007
:10290000EEF774FA18B13823A370262362E72C235C
:10291000A37020236370E38A03F00F03E3823BE795
:10292000FF2303700D234370802318E7FF230370F8
:1029300029234370812312E73E2303700C23437045
:1029400023230CE73E2303700E234370372306E74F
:102950003E2303700A234370352300E73E230370B0
:10296000FE2343702B23FAE608B510B96FF015006B
:1029700008BDFFF7C5FE0028F8D00020F8E710B525
:102980000C4648B141B1FFF774FE002820700CBF1F
:102990006FF02200002010BD6FF01500FBE710B5AE
:1029A000941C0C446343B3F5004FA8BF4FF0FF33B2
:1029B00010F0030403D04DF21920EDF777FF9BB21E
:1029C000B3F5004F02D940F22B50F6E7C4604460E3
:1029D0008460C2734380018010BD03888B4210B5B0
:1029E00003D248F64210EDF761FFC388048983EAF9
:1029F0000402C2F30E023AB1C3F30E0301221033F4
:102A0000C1528273184410BDA342F5D01046FAE7B4
:102A1000023101444A43B2F5004FA8BF4FF0FF32E4
:102A200090B2133020F00300B0F5004F34BF00B275
:102A30004FF0FF3070474088133020F00300B0F5AE
:102A4000004F28BF4FF0FF3080B2704738B5038881
:102A50008B4203D249F67960EDF728FF857B65B19B
:102A6000C388C3F30E031033C25A8A4207D3C1523C
:102A7000811DEEF7D3F900238373284638BD002566
:102A8000FBE7F0B586880346C088B6B2B04218D0DE
:102A90005F8903F11000DD7BC6F30E063D44845BC5
:102AA0000235E41B3544A4B228440D88A54284BFF6
:102AB0000C8025465989B1FA81F1490911709D812F
:102AC000F0BD00252846FAE7F8B5002683898288FC
:102AD00004460D460E60C3B14189C2F30E020B4499
:102AE00010329BB28718825A4381934203D94FF622
:102AF0002D60EDF7DBFE04D1011DEEF78FF9468165
:102B00002F6000230120A381F8BD1846FCE78388CD
:102B1000014602899BB29A4202D00831EEF77EB993
:102B200070478388C0889BB2C31A58425841704787
:102B300037B58288C58892B2954215D0848941897B
:102B40002144C2F30E041034035B99420EDB0DF1F5
:102B50000601ADF80620EEF761F9BDF80600401B4E
:102B600018BF012003B030BD0020FBE70120F9E7CA
:102B7000C38810B5048983EA0402C2F30E020AB9BD
:102B8000A34209D102888A4206D3C27BC3F30E0353
:102B900013441233184410BD0020FCE7C388C3F36C
:102BA0000E031033C152811DEEF738B98388C288F5
:102BB0009BB29A4206D0428922B9C3F30E03103366
:102BC0001844704700207047C37B0233C818704711
:102BD000C37B0233C81A70470230704738B5838808
:102BE000C2889BB29A4207D045892DB9011DEEF7E4
:102BF00015F98581012038BD0020FCE7038813808A
:102C0000C388C3F30E0310331844086000207047D4
:102C10000368002223B9C0E90132031D0360704735
:102C200059681B680A44F5E7072970B503D846F6CA
:102C30006230EDF73BFE0368C3B15C681E46026874
:102C40008C4210D0136863B901F10805AC420DD372
:102C5000546853500368651A54181B6865605350D4
:102C600002E01046E9E7146833460460184670BD78
:102C70000023C1E9003203680B600160704730B582
:102C800090B18478B1FBF4F304FB131300EB43021F
:102C900052898A4201D1D8B230BDC27822B900F13E
:102CA0000803D0B2844201D8FF20F5E733F8025F71
:102CB00001328D42F5D1EFE78278038805324B432C
:102CC00003EB42031844704737B500240546CDE9AD
:102CD00000448DF806006846ADF80440EEF770FA3F
:102CE00008B103B030BDBDF8044029462046EEF7D8
:102CF00043FA0028EFD046F25410EDF7D7FD70B537
:102D00001E460D460921FFF783FE0446324609217F
:102D10002846FFF77DFE40EA04031B0454BF001958
:102D20004FF0FF3070BD38B5D31D23F007030833D3
:102D300068B110F0070403D04CF6E850EDF7B6FD8B
:102D4000046000F10804C2800A4681801AB9594320
:102D500001F1080038BD0568013A256092B20460AF
:102D60001C44F3E718B1C2888188FFF7DCBF7047C5
:102D7000EFF3108172B6036833B11A680260002263
:102D80001A705A709A70DA7001B962B618467047B4
:102D9000EFF3108372B602680A60016003B962B68D
:102DA0007047012303707047F8B581F001040546B0
:102DB00011461F466400FF238370E4B203191B7D94
:102DC000012B05D00134E4B203191B7D012B0AD17C
:102DD00005EB4406338B328CD819904205DD002375
:102DE0002C44338323750020F8BD05EB84043A4658
:102DF00060681844FFF7EEFA338B1F4437830023D3
:102E0000AB700120F0E781F00101490010B5C9B2B3
:102E1000FF23837043181C7D012C07D10C3120F84F
:102E2000112002221A750023837010BD0131C9B22E
:102E300043181C7D012CF1D04EF6A520EDF736FD90
:102E4000024630B5837803F0FF00F3B9137D022BFF
:102E500019D0537D022B15D10346012089B10024DE
:102E6000D5180C332C7522F81340131803241C7545
:102E700002EB80035B680B6000F10C0332F8133047
:102E80008B80012030BD0123E8E70020FAE730B550
:102E90008278E2B9837D022B17D0C47D022C18D131
:102EA000032381B1002205190C342A7520F814205F
:102EB000C2180324147500EB83020C33526830F8F7
:102EC00013300A608B80012030BD0324E9E7002025
:102ED000FAE702F0FF00F7E7037D012B01D1008B39
:102EE0007047437D012B0CBF408B00207047837DD2
:102EF000012B01D1808B7047C37D012B0CBFC08B90
:102F000000207047838B23B9C08BC01A18BF0120E3
:102F1000704701207047027D022A01D1008B704763
:102F2000437D022B01D1408B7047032AF6D0032B3F
:102F3000F9D000207047827D022A01D1808B704732
:102F4000C37D022B01D1C08B7047032AF6D0032B1F
:102F5000F9D0002070472DE9F041074606989846C1
:102F60000E46430711469DF81C5002D010F0030096
:102F700003D04FF25550EDF799FC4FF48B72FFF7E9
:102F8000D2FE002D06AB044600FB08F114BF002062
:102F90001846EDF763FF15B9069B3B603460BDE84A
:102FA000F081EEF7E7BA027882B04378013AD2B204
:102FB000012A07D89B02022003F4406343EA004041
:102FC00002B07047427903F003030120520102F07E
:102FD00020021343F2E708B590F88030052B0ED19C
:102FE00016214088EEF7B2F818B940F29F40EDF78D
:102FF0005DFC4378012B14BF0720032008BD01208E
:10300000FCE7EEF74BBB013908B504290CD8DFE823
:1030100001F00305070709000A3008BD1430FCE77A
:103020001E30FAE72830F8E740F65770EDF73EFC1F
:10303000013908B504290CD8DFE801F003050707BA
:1030400009000A3008BD1430FCE71E30FAE72830CA
:10305000F8E740F65770EDF729FC013908B5042967
:103060000CD8DFE801F00305070709000A3008BDA6
:103070001430FCE71E30FAE72830F8E740F65770C6
:10308000EDF714FC013908B504290CD8DFE801F08C
:103090000305070709000A3008BD1430FCE71E309D
:1030A000FAE72830F8E740F65770EDF7FFFB10B568
:1030B0000F21EEF713F8044618B944F28C30EDF7FF
:1030C000F5FB4FF4BC72002106F08AFB01231422A9
:1030D00084F8F33084F8F42084F81731EFF76CFDAE
:1030E00084F8740110BD00EA400303EA430303EAD5
:1030F000430303EA430303EA430313EA43030CBF16
:1031000001200020704770B523250024F2F7F2FA61
:103110000646EFF793FA20B100213046EFF764FA44
:1031200048B10020013D01D00028EFD044B94AF257
:10313000E170EDF7BBFB30463446EFF7B5FAF1E747
:10314000204670BD0000D4000300D400050000003C
:10315000060000000A00BC010C00E4000D00E400C1
:103160000B003C0110F0FD0F14BF01200020704740
:103170006FF45063C318062B8EBF40F2E243A0F5F4
:1031800050604FF47A735843704720B190F8620250
:10319000003818BF0120704708B5F0F795FFC1F35C
:1031A000802008BD002307B5CDE9003304238DF846
:1031B00006306846EEF704F808B1002004E00098F5
:1031C00003F0D3FA0028F4D003B000BD1FB50022ED
:1031D00040F6881303A90092FCF72EFE05B000BD4F
:1031E0007E2808BF6FF07F00FFF7F0BF10B50446E0
:1031F00030B1F0F7BDFF84430CBF0120002010BDAB
:103200000120FCE7C2060AD483070AD410F00103A8
:1032100003D110F0040318BF032318467047052399
:10322000FBE70223F9E7C2060AD483070AD410F0A9
:10323000010303D110F0040318BF0323184670479D
:103240000523FBE70223F9E71B38012A80B20CD1E2
:1032500041F6D473984214D86FF4FE731944B1F553
:10326000326F8CBF122000207047E02809D8A1F5EA
:10327000A47144F2481389B2994294BF10461220B7
:1032800070471220704701292DE9F74F06460F4677
:1032900004D91125284603B0BDE8F08F008801F05D
:1032A000A9FB0446002877D0012F06D094F8B0304F
:1032B0005BB12378C3F340130CE016213088EDF79F
:1032C00045FF0028F2D10725E4E7E37BA3F12202C2
:1032D000534253418DF8073094F86E309B0603D467
:1032E0009DF80730002B59D0B6F806A03A46B6F83C
:1032F000089050464946FFF7A7FF002850D1B6F87E
:1033000002B0B6F8048058464146FFF79DFF0546D7
:10331000002845D141F6EF739A45BAD8B9F5296F1F
:10332000B7D89B45B5D8B8F5296FB2D84FF0FF088C
:1033300084F83F8120463B4604F59F7210F8B01F89
:10334000B1FA81F1490902F0A3F87288B4F8443166
:10335000934228BF1346B288A4F84431B4F84631EA
:10336000934228BF1346F288A4F84631B4F840319E
:10337000934228BF1346328984F84871A4F840313B
:10338000B4F84231934228BF1346A4F8423184F87E
:103390003E8184F83F517DE702257BE71A2579E7D6
:1033A000122577E738B5044603F069FBD0B1204613
:1033B00003F0DBF908B9002038BD204603F0BAF865
:1033C0000546204603F0B9F870B9002DF3D003216B
:1033D000B5F8B200EDF7D0FE0028ECD04FF2E37064
:1033E000EDF764FA4220E7E70C20E5E710B5044664
:1033F000FFF7D8FE58B901210020EDF7A7FED0B99C
:1034000001210846EDF7A2FED8B9012009E0F0F746
:103410001DFE68B1EFF7B0FB044603F057FC08B19E
:10342000002010BD204603F04DFC0028E3D0F7E754
:10343000002CE0D1F4E7A83004F09DFB0028DFD099
:10344000EEE7A83004F097FB80F00100C0B2E8E797
:1034500090F8B0203AB190F8F22122B1002280F821
:10346000F221F4F7ABB9704711224FF285030270D5
:10347000C2704FF05902A0F801308280C380002052
:103480007047082108B5EEF7A7F8002008BD38B549
:10349000054600880C46088080B201F0ABFA68B19E
:1034A000AB783BB990F93801A070FAF709F8A07031
:1034B000002038BD7F20FFF789FEF5E70220F8E7FE
:1034C00010B504466FF07F00FFF780FEF9F7F8FFB4
:1034D00020707F20FFF77AFEF9F7F2FF607000207E
:1034E00010BD0A4600F1100108B5072306F0B0F838
:1034F000002008BD012138B505460846EDF726FE37
:1035000018B942F25D00EDF7D1F9A83004F033FBB1
:10351000044620B92846F8F7B5FB204638BD0C20F4
:10352000FCE710B5014604460020F1F7ABF908B9F5
:103530002060A080002010BD10B50446F0F756FDB5
:1035400028B900202146F1F785F9002010BD0020A0
:10355000FFF74CFF0028F4D10C20F7E710B5044624
:103560000120FFF743FF28B101202146F1F772F94E
:10357000002010BD0C20FCE71FB502880A8044F231
:10358000902183888B4216D8B3F5296FADF80420BB
:1035900042884FF0000128BF4FF4296301A8ADF81D
:1035A0000620ADF80830ADF80A20ADF80C30FFF772
:1035B0006AFE05B000BD1220FBE71FB504888279C2
:1035C0000C808388CAB944F290218B421AD8B3F593
:1035D000296FADF80440418801A828BF4FF4296342
:1035E000ADF80610ADF80A101146ADF80830ADF888
:1035F0000C30FFF748FE04B010BD012AE7D140F6B9
:103600001D51E2E71220F6E770B5058800224688D2
:1036100028463146FFF718FE044618B931462846B9
:10362000F1F7D2FE204670BD03466FF06F01002017
:103630000A2210B56FF00404587099701C70DA708B
:103640001C7158719971DA7110BD008870B50880CD
:1036500080B20D4601F0CEF9044698B1002684F8F8
:10366000326194F83001EFF751F8A87094F8310105
:10367000EFF74CF8E87094F8323103F0FF00002BBC
:10368000EDD170BD0220FCE730B5044685B000885E
:1036900001F0B0F9054628B3A388FF2B24D803F026
:1036A0000303032B20D0E078FFF7A0FD10B9112011
:1036B00005B030BDA078FFF799FD0028F7D0A388AA
:1036C00000222846ADF80C208DF80C30BDF80C30E7
:1036D000ADF8083001230093029BE278A178F0F75F
:1036E0007DFDE5E70220E3E71220E1E737B58378C7
:1036F000C17803F0010451EA040220D0027903F0FA
:10370000020352EA03051AD0002C18BF0021002B37
:10371000037818BF00228DF802108DF8032042783C
:1037200043EA0223ADF8003043798279684643EAE0
:103730000223ADF80430FFF7A7FF03B030BD11201E
:10374000FBE707B503788DF80030437868468DF8BD
:1037500001300023ADF80230ADF80430EFF7AAFDD8
:1037600003B000BD10B50C4601F044F940B190F82B
:10377000B020C38812B90020238010BD0133FAE7BE
:103780000220FAE72DE9F7430546008801F04BF9DE
:10379000044600286ED090F8B03023B11126304690
:1037A00003B0BDE8F083AA881046FFF7E1FCD4F827
:1037B000D030A989984268890CBFB4F8E63001235B
:1037C000884201D91226EAE7019304F1B0002B895F
:1037D0000093EB886988EFF75FF8074600284BD025
:1037E00094F8663203F0FF06002B47D1A888FFF754
:1037F000BFFC804694F8313104F1B00094F83021D8
:1038000094F8B01001F026FF8045C7D30E21B4F81C
:10381000B200EDF79BFCFFF7B8FC88BBAB886FF4F8
:1038200050621344062B8ABF40F2E24364233746BA
:103830004345C7D23FB194F83021022A20D194F8F1
:103840003121022A1CD1A4F85232C4F85882EA79F4
:10385000AB7943EA0223A4F85C322B7A6A7A43EA12
:103860000223A4F85E32002384F86432FF2384F834
:10387000663294E7022692E7302690E73A268EE7F2
:103880000C268CE708B5008801F0CDF838B190F827
:10389000533113B9FF2380F85331002008BD0220B3
:1038A000FCE710B50446F0F70FFC206000206160D3
:1038B00010BD10B50446F0F707FCC4F80510C4F8B5
:1038C0000100F0F713FCF022014604F10900FEF7B5
:1038D00081FDF0F70FFC2070002010BD70B505468B
:1038E000008801F0A0F80446002800F0858090F8D8
:1038F000B03013B10C26304670BD437E23B1837EB9
:1039000013B16B7F012BF5D02B7F013BDBB2012B79
:1039100074D894F8973203F0FF06002B70D194F816
:103920006E30DA076ED5D4F8AC30002BE2D1637E6E
:10393000002B37D113212888EDF708FC002845D14A
:10394000D5F8023004F51F7205F11C01C4F88C3261
:10395000D5F80630C4F890326B89A4F8943205F19A
:103960000C0353F8040B8B4242F8040BF9D12A7F65
:1039700004F51A70531E5A425A416B7F591E4B422E
:103980004B41142142EA430384F8963294F82E31D5
:1039900062F3C71384F82E31EDF71EFEFF2384F87F
:1039A0009732A8E7A37E002BC4D040F2BF712888CD
:1039B000F0F7B4FB0028BDD016212888EDF7C6FB30
:1039C00000F11401204604F0AFFFB9E794F871301C
:1039D0001B0706D4FF2384F85331FF2384F85431A6
:1039E000AEE794F87530DB09AAD0037B092BA7D981
:1039F000437B092BF1D9A3E702267CE712267AE75D
:103A00003A2678E71A2676E730B589B0034600F102
:103A100018056A461868083353F8041C1446AB426C
:103A200003C42246F6D11868022320606846ADF828
:103A30001C30FFF753FF04461E220021684605F0A4
:103A4000EEFE204609B030BD38B50546008800F0CE
:103A5000D1FF0446002840D0AB78013BDBB2012BFC
:103A60003DD8437E0BB90C2038BD837E002BFAD0A5
:103A700040F2BF712888F0F751FB0028F3D0FF23F4
:103A800084F84C3194F84B3103F0FF001BBB94F8E1
:103A90003031052B1DD1AB785A1E5342534194F857
:103AA0002E2163F3C71284F82E210022C4F84B2183
:103AB000C4F84E21012294F84F1184F84B2163F38E
:103AC000C71184F8512184F84F11002384F84C3138
:103AD000CAE70346E9E73A20F7E70220C4E71220E5
:103AE000C2E737B50446EFF747F8054623781F2BA2
:103AF00018D8816D04226846EDF7A0FC224600210B
:103B0000A86D12F8013BFFF74FF968B1AC6D204684
:103B1000FFF7EDF9002102462046FFF774F9002077
:103B200003B030BD1220FBE70720F9E737B50446A4
:103B3000EFF722F8054623781F2B18D8816D002255
:103B40006846EDF77BFC22460121A86D12F8013B87
:103B5000FFF72AF968B1AC6D2046FFF7BDF90121E6
:103B600002462046FFF74FF9002003B030BD122077
:103B7000FBE70720F9E773B506460025EEF7FCFFE3
:103B800004468DF8045003F0A5F83378C0018DF891
:103B90000750012BADF8050005D101A92046EFF72C
:103BA00017F902B070BD2BB9204602B0BDE87040D5
:103BB000FFF7F8BB1220F4E710B504460088088030
:103BC000032180B2EDF7C2FA20B1A11CBDE810407C
:103BD00003F0FCBA022010BD008808B5088003215C
:103BE00080B2EDF7B3FA20B10021BDE8084003F040
:103BF000EDBA022008BD70B5054600880E46088063
:103C00000A2180B2EDF7A2FA08B10C2070BD0C2198
:103C10002888EDF79BFA0028F7D10D212888EDF7C9
:103C200095FA04460028F0D1288800F0E3FE20B180
:103C3000B0F8443020467380E8E70220E6E710B58C
:103C40000446008808800A2180B2EDF77FFA08B1A7
:103C50000C2010BD0C212088EDF778FA0028F7D150
:103C60000D212088EDF772FA0028F1D163880BB995
:103C70001220EEE7208800F0BDFE0346F8B164880C
:103C800042F21071A2B24A43B0F8E610D0F8D00068
:103C90004143B3F8D80000FB01118A42E8D3D3F8BE
:103CA000D000D3F8D0108142F9D1013A0020A3F816
:103CB00044400A44D863B2FBF1F21A64C9E7022017
:103CC000C7E710B50C460321EDF740FA90B1022C7E
:103CD00012D804F00102C4F3400480F8F42180F803
:103CE000F34112B190F8F2310BB9002010BDF3F797
:103CF00065FDFAE70220F9E71220F7E710B5044660
:103D00000078FF280AD00421EDF720FA58B1637833
:103D1000A27843EA0223C384002010BDB4F8010056
:103D2000F3F706FEF8E74220F7E710B504460078FF
:103D3000003818BF0120F8F757F92078003818BF6D
:103D40000120F3F735FD002010BD0820F0F784B9FD
:103D50000B20F0F781B904F0D0BA03F074BA70B553
:103D600003798AB0054613B14379002B6ED1AB7944
:103D70000733E856EC18FFF733FA222206460021F3
:103D80000DF1060005F02CFD2B788DF804606846D7
:103D90008DF800306B788DF80130AB788DF80230FB
:103DA000EB788DF803302B79DB008DF805306378E4
:103DB0008DF80C30A3788DF80D302279E37843EA42
:103DC0000223ADF80E3063798DF81030A3798DF8A9
:103DD0001130E37A8DF81230237C8DF81330637D37
:103DE0008DF81430E379227A43EA0223ADF81630D5
:103DF000237B627B43EA0223ADF81830A27C637C0C
:103E000043EA0223ADF81A30E27DA37D43EA0223A0
:103E1000ADF81C30A27A637A43EA0223ADF81E3073
:103E2000E27BA37B43EA0223ADF82030227DE37CD2
:103E300043EA0223ADF82230237E627E43EA022366
:103E4000ADF82430FBF718FD0AB070BD1120FBE778
:103E500010B5044600880880162180B2EDF776F987
:103E6000E8B1B4F80730082B09D853B1013B072B50
:103E700007D8DFE803F0080C060E06060610102B24
:103E80000BD0122002E001230370002010BD02239A
:103E9000FAE70323F8E70423F6E70523F4E7022013
:103EA000F4E710B5044604B910BD23689847646868
:103EB000F9E703680BB9016070471A465B6813B1F4
:103EC0008A42FAD170478A4218BF5160704708B5DC
:103ED00004F066F8EFF726F803F0A9FABDE8084009
:103EE000F2F73CBD08B5F2F733FDF8F775F8EFF7D8
:103EF00019F8BDE80840F6F781BF08B5FFF7E7FFFE
:103F0000BDE8084004F0F4B908B502F031FBF4F75D
:103F1000A3FA18B143F2C220ECF7C8FC0420BDE8B4
:103F20000840FEF7D1BE08B50320FEF7CDFE002005
:103F3000FEF7CAFEEDF7F6F9F0F73EFCEEF7ECF906
:103F400018B14AF2CE60ECF7B1FC08BDFFF7EBBF49
:103F500008B5FFF7D9FFF5F723F818B145F29340FC
:103F6000ECF7A4FC08BDFFF7DEBF08B5F4F79AFA3A
:103F7000F3F714FCBDE80840F4F77EBA08B5F1F792
:103F8000F5F900F024FCEEF7D7F90320FEF79CFECC
:103F90000020BDE80840FEF797BE08B5F6F77CFFA5
:103FA000FFF7A0FFFFF7EAFF04F0A3F9BDE8084020
:103FB000F1F7B6B80123038040F201134380704744
:103FC000FCF792BC0B46892203F8032BD0F809209A
:103FD000C1F80320427B1A7170470B46852203F813
:103FE000022BD0F80920C1F80220B0F80D209A80E9
:103FF00070470B46852203F8022BD0F80920C1F840
:104000000220B0F80D209A807047012804D10129C0
:1040100014BF002001207047022801D10229F7E7D0
:10402000042908BF04280CBF01200020704705297F
:1040300038B514461D460DD18AB91621EDF786F81C
:1040400078B140782346401B18BF0120184300F088
:10405000010038BD0023052C05D00020F6E7012320
:10406000F9E70346F2E70120F1E738B50D460446CB
:10407000F0F77EF82B78002B08BF034684F87C30DD
:104080006B78002B08BF034684F87D306B88A4F85A
:104090007E3038BDF7B58B7800251746044603F00F
:1040A00017030E4680F829314B781621A0F82A51C3
:1040B00003F0170380F82831B0F8B200EDF746F8A6
:1040C000042F0AD1F37894F82A2103F00105C3F3F1
:1040D000400363F3C71284F82A2100B145742623F4
:1040E000E37394F84C3103F0FF06002B42D194F8AF
:1040F0004B31012B3ED094F8313194F82821042B18
:104100003ED8032B28BF04239A4294F82C5194F8EC
:104110002D213DD194F8303194F82911042B33D856
:10412000032B28BF0423994232D1022340F2BE71EF
:10413000B4F8B20084F84B31B4F82E3184F84D5104
:10414000A4F84F3184F84E2194F82E71EFF7E6FF72
:10415000637EC7F3C0173BB1A37E2BB1384015F087
:104160001006C0B218BF064694F84F3166F3C71365
:1041700084F84F31204603B0BDE8F04001F0FBBAAF
:10418000052B08BF1023BFE7052B08BF1023CAE784
:104190000223294620460093B4F82E31F0F71EF88A
:1041A0000028E7D04BF2C630ECF780FB38B590F82A
:1041B0004B3104460D46012B02D11E21F0F7B8F811
:1041C000002084F84B015DB1182384F8A130092345
:1041D000A37394F8563093B94CF67B00ECF766FB6A
:1041E000E37B243BDBB2072B03D82046E57301F0C9
:1041F000D2FA20461821BDE8384001F0FABA38BD9D
:1042000008B5837B1BB14AF25160ECF74FFB2423C6
:10421000837308BD10F0010307D1820707D4430759
:1042200007D410F0100318BF052318467047022367
:10423000FBE70323F9E72DE9F84F1646054610463C
:104240001F4646EA0104FFF7E5FF82460846FFF7EE
:10425000E1FF89464AEA0404DDF8288083460443E6
:10426000E4B2003C18BF0124EFF782FF064018BFFC
:104270005646EFF77DFF95F8302110EA090118BF87
:104280005946B24214BF3346002388F8003095F8EF
:1042900031218A4208BF00210B4388F80110DBB2AC
:1042A00053B9EB88013FFF1A47F6FD73BFB29F4237
:1042B0008CBF002404F00104CEB995F83001EEF76C
:1042C00033FA032810D195F84B31012B0CD195F816
:1042D0004F3195F8302103F00303012B09D1042A53
:1042E00009D0042388F800302046BDE8F88F032E5B
:1042F000E8E7032AF8D00323F4E7032982B009D1C1
:1043000000F0030001280DD1042101205180138009
:1043100002B07047042905D100F00300012801D044
:104320000321F2E70020F3E7F0B585B00446084624
:104330001E4694F8305194F83171CDE900211146B0
:10434000F0F734F89DF80230C2B29DF80610C0F3C1
:104350000720C3F3C013954208BF002284F84C62C3
:1043600003EAD113874208BF0020617E84F84A2205
:1043700084F84B0284F84D3291B9002394F84A2214
:10438000052A1ED0FAB96A1F554255411BB194F84F
:104390004C3203B115B9002384F84D3205B0F0BD9D
:1043A000A17E09B9A37EE9E72946B4F8B200FFF778
:1043B0003EFE10B1012384F84C32637E002BF1D114
:1043C000DBE70125E2E70025E0E72DE9F84F0C46A1
:1043D00091F84A120546CB1E012B41D894F83021A2
:1043E000D31E012B3CD88A1A18BF012294F84B0225
:1043F000F0F720F80746AABB0846F0F71BF8064678
:1044000046EA070A94F84C8294F8A7301AF0FF0A9B
:1044100013BF4FF0000B88F001094FF0010BD94694
:104420004BB9B9F1000F04D1204601F000FAE3883E
:104430000344A4F84832B4F848321AF0100FAF70B1
:10444000EB704FEA13236E702B7114D1B8F1000F8B
:1044500018D194F84D32012B14D00520BDE8F88F07
:104460000022C3E70026CBE7D4F8D430C5F80530E6
:1044700000236B721CE0B9F1000F0DD00023C5F8CA
:104480000530F6E7B9F1000FF8D1BBF1000FEBD022
:1044900094F83031052BE7D11621B4F8B200ECF7CF
:1044A00055FE0389A5F80530837AEB7183892B814A
:1044B000AB7A0B2094F84D2262F3410368F30003BA
:1044C000AB72CBE7F7B50F46C17B0546164679BB05
:1044D000837B283BDBB2022B2CD901A8F0F792F9A1
:1044E00090B1019B0DF10301DB788DF803301622AA
:1044F000A87BF1F773F9044640B10246162128461D
:1045000001F05CF903B0F0BD0146F0E77B7832467C
:104510003946284603F017033BB1BB7803F0170375
:104520001BB1FFF7B7FD2046ECE701F072F9E9E7B0
:104530000120E7E72020E5E770B5C47B03460D4680
:10454000A4F12406072E17D9A4B9867B292E13D0EF
:104550004E7806F017063EB18E7806F017061EB1AB
:10456000FFF798FD204670BD29781846BDE87040D9
:1045700001F03FB90120F6E72020F4E773B5837B13
:104580000446242B34D14B7813F0170021D08B78BC
:1045900013F017031DD00026042A8DF80530ADF85E
:1045A000066094F851318DF804000BD1CA7802F0FE
:1045B0000101C2F340020B439DF8061062F3C711DC
:1045C0008DF80610019A2046D4F84D11FFF7ACFE85
:1045D00004E00023A4F84A3284F84C32012300207E
:1045E00084F856302823A4F85200A37302B070BD9B
:1045F0000120FBE738B590F84A320446DBB990F861
:104600004B221AB990F84C3283F00103E27B262A40
:1046100016D193B194F84B310025012BE57303D1EA
:1046200029462046EFF784FE84F84B512046BDE82A
:10463000384001F0B0B80023E8E72923E373F5E739
:10464000A27B282A0FD15BB1002520462946A573FD
:10465000EFF76EFE84F84B51002384F8563038BDD6
:104660002923A373F8E74DF6AB30ECF71FF908B533
:10467000C37B262B04D01BB149F2AF30ECF716F9FF
:104680002723C37308BD2DE9F04F85B00446934638
:10469000029390F8B0300191002B46D100F51276CC
:1046A000B57894F83031F778002D08BF1D460FB962
:1046B00094F831719D423BD194F83181B8EB0708F1
:1046C00018BF4FF0010884F8305184F83171FF238E
:1046D00084F8323194F81990B9F1000F01D094F8B0
:1046E0001A901621B4F8B200ECF730FD014610B371
:1046F00094F83021052A1ED101220391027494F806
:104700002E01C0F38400F8F715FF03990870B9F182
:10471000000F10D033798BB173794B7004F17801AD
:10472000B4F8B200F9F732F808E000F53076B7E7F0
:104730004FF00108C7E73379002BEFD1BBF1000F31
:1047400003D0294604F1B000D847029B1BB12A468A
:1047500039462046984794F8513194F84B2183F01C
:104760000103012A14BF002303F00103327943EA55
:10477000080343EA820694F83031052B21D1162133
:10478000B4F8B200ECF7E2FC00F1EC0104F1B00087
:10479000C4F8181100F0F1FD28B1052D0CBF46F04A
:1047A000080646F00206237B019A1E430023267367
:1047B00084F8513184F84B3132B1A37305B0BDE8B0
:1047C000F08F04F58071E1E7019BE373F6E7EFF703
:1047D000F3BF704730B542400C7818785D7844409C
:1047E00048786840E4B29D78C0B204448878684054
:1047F000DD78C0B20444C87868401D795B79C0B2E6
:1048000004440879497968405940C0B2C9B20444A7
:104810000C44D4420CBF0120002030BD02460020D1
:1048200001B970470139C9B2535C83F001030344F5
:10483000D8B2F5E708B5F0F74BF8082803D0BDE883
:104840000840F0F767B808BD08B504F020FA18B1C1
:10485000BDE80840F9F708B9082008BD70B503792C
:104860001F2B0FD8461E051D002416F8010F00F05F
:104870004FFF0444AE42E4B2F7D1012C94BF0020B4
:10488000012070BD0020FCE7F8B505460C46D0E9D4
:10489000047604F078FC18B94DF64B00ECF706F8F6
:1048A000ECB1D5E90423D21B63EB0603012A73F1B3
:1048B00000014FF0000114DB6FF0010090429941BC
:1048C00002DA49F6FD70E9E7631E1344B3FBF4F323
:1048D0005C43E41946F10006C5E904461C4620463F
:1048E000F8BD0C46FBE7F8B50C460546D0E9007666
:1048F00004F0D7FBF4B1D5E90023D21B63EB060328
:10490000012A73F100014FF0000115DB6FF0010087
:104910009042994103DA41F6EF00EBF7C7FF631EBF
:104920001344B3FBF4F35C43E41946F10006C5E914
:1049300000461C462046F8BD0C46FBE7022905D17F
:104940003C2825D980100F3880B27047CB1E012B30
:104950000ED804290BBF96234FF416731022402261
:1049600003F5BC73984213D9C01A90FBF2F0EBE741
:10497000052908D1B0F5C97F0AD36FF4C87318446C
:10498000C0F38F007047702802D9C0100E38DBE7E3
:1049900000207047022910B515D005D8012909D08B
:1049A00045F29160EBF782FF03390129F8D840F610
:1049B000A66010BD40F6C41340F2E242002814BFC6
:1049C00018461046F5E740F6C410F2E769B1A0F5C5
:1049D0007A7241F270739A4207D84FF47A73B0FB3F
:1049E000F3F000F5506080B2704740F2E243B0FB54
:1049F000F3F0F8E710B500210446ECF7A7FB28B95F
:104A000020460321BDE81040ECF7A0BB10BD437B5E
:104A100090F838202AB913F0FB0F14BF012010467C
:104A200070470020704708B5FFF7E4FF014610B952
:104A30000021084608BDFFF7EAFF0028F9D1F7E793
:104A400040F6B833B0F8DA20D0F8D010A0F84430EF
:104A5000F0F7D8B9C2B292FAA2F2030A93FAA3F31A
:104A60001B0E100E40EA0320704701310530002272
:104A7000C9B2F8B510F8013F8B4216D310F8056C97
:104A8000002301274C1E07FA03F5E4B2354218BF94
:104A9000214669B10133082BF4D10132D2B2052A83
:104AA000E8D144F21900EBF701FFC91AC9B2F4E7E3
:104AB00003EBC200C0B2F8BD0B6870B5C0F801309E
:104AC00004460B790546461D03F01F03437100237E
:104AD000C37215F8010F00F01BFE6871B542E37A4E
:104AE0001844E072F5D170BD81EA114170B50446F9
:104AF000C57A82EA0100032680B2FFF7ABFF013ED0
:104B000000EB001016F0FF06084480B2F5D14140DA
:104B1000252289B2B1FBF2F302FB1313C3F3C402E3
:104B2000D8B203F0070322445678012202FA03F3B5
:104B30001E4206D169432046090CBDE87040FFF7CC
:104B400094BF70BDF8B590F8295004466B1E242B15
:104B500003D940F2DE40EBF7A9FEDAB1807F0028EE
:104B600043D194F82B3094F82A1002FB013225230C
:104B7000B2FBF3F103FB1122D2B204EBD20302F039
:104B8000070684F82B20D97F0123B340194202D0B5
:104B900084F82C20F8BDB2FBF5F305FB132204F1D9
:104BA00023010132D2B211F8013F93421AD311F816
:104BB000055C0023012606FA03F72F4208D0013ACC
:104BC00012F0FF0204D103EBC00384F82C30E1E7BC
:104BD0000133082BEFD10130C0B20528E3D144F2F4
:104BE000B070B8E7D21AD2B2F5E7E28804F11E003D
:104BF000496AFFF779FF84F82C00CBE7D0F803303F
:104C00000B60B0F807308B807047037861F3861330
:104C100003707047037803F07F0343EAC113037006
:104C200070470078C00970471F2A38B5054603D978
:104C300046F27930EBF73AFE941D0930FDF7CAFBD6
:104C40006C7038BD1F2A38B5054603D94FF438605B
:104C5000EBF72CFE941D0930FDF7BCFB6C7038BDE2
:104C60000378024603F00F03032B40D0052B44D1F9
:104C7000C37F90F82000034392F82100034392F889
:104C80002200034392F8230000F01F00034313F0B7
:104C9000FF0033D05378222B2FD1B2F81930B1B1A5
:104CA000B3F5506F13D940F607518B4225D8B2F8AF
:104CB0001B30B3F5FA7F20D2B2F81D0040F67643E0
:104CC0000A3880B298428CBF002001207047991F9B
:104CD00040F67A4089B281420FD8917D481E07285C
:104CE0000BD8994209D2B2F817109942DEE7407802
:104CF000A0F10C035842584170470020704710B58E
:104D0000C27812F03F0263D0072961D8DFE801F0D2
:104D1000040B1E2A36424E5B037913F0010F0CBFC1
:104D20000020052010BD037913F00200FAD0052001
:104D300003F00103072903EB430300EB4300C0B278
:104D4000F0D1031F9342C8BF0020EBE7037913F0B3
:104D50000400E7D00520841D13F0020FE4B218BF51
:104D60002046E5E7037913F00800DBD00520441C5A
:104D700013F0040FE4B218BF2046ECE7037913F0F8
:104D80001000CFD00520841C13F0080FE4B218BF28
:104D90002046ECE7037913F02000C3D00846C41C7A
:104DA00013F0100FE4B218BF2046ECE7037913F0BC
:104DB0004000B7D0052000F1120413F0200FE4B238
:104DC00018BF2046EBE703795806F3D50620F2E733
:104DD0000020A7E770B506460C461D4619B944F2F7
:104DE000E550EBF763FD1146FFF789FF10B946F276
:104DF000D450F6E7011F29443F2902DD47F2525003
:104E0000EFE72A4621463044BDE87040FDF7E2BA9C
:104E100010B50446FFF773FF00B1204410BD30B554
:104E2000C1F38003C1F38014C1F340052344C1F3EF
:104E3000001404EB44042344C1F3401404EBC40401
:104E400003EB4403C1F300042C44C1F3C005134435
:104E500004EB44042C4403EB440313F0FF031CBF96
:104E600001330171C17818BFDBB263F30501C17072
:104E7000591C41701AB104339B1A013AC25430BD17
:104E80004378C278013B02F03F02981AC0B27047E3
:104E9000F8B51F4606460D461146FFF7F1FFC41B45
:104EA000E4B28C4228BF0C464DB1F1782246284628
:104EB00001F03F01043139443144FDF78BFA2046BB
:104EC000F8BDC37813F03F0323D0027912F0200F0E
:104ED000C2F3C003C2F3400014BF0921002112F045
:104EE000100F194402F001030344C2F3801003EBD6
:104EF00043031944C2F3800314BF03220022034476
:104F0000134403EB4103DBB25A1CD2B2002B18BF8F
:104F100013461846704738B5C4780546A309032BD5
:104F20001ED004F03F044378A34219D9FFF7C9FF0C
:104F3000A04215D894B12B79DB060FD50421284661
:104F4000FFF766FF48B1037803F03F03242B07D82F
:104F500080785F288CBF0020012038BD0120FCE74D
:104F60000020FAE70278437802F00F02072A12D8ED
:104F7000DFE802F0080408111111080E0C3B58423A
:104F800058417047063B1F2B8CBF00200120704703
:104F90000BB1FFF7C0BF00207047037803F00F0389
:104FA000072B0BD0082B0BD0042B0FD140780638E1
:104FB000C0B21F288CBF002001207047FFF7ABBF95
:104FC0004078A0F10E0358425841704700207047C6
:104FD0001B2A08B503D949F2B570EBF767FCBDE8A9
:104FE0000840FDF7F7B98388A1B1B3F5506F11D927
:104FF00040F6075293421BD8C388B3F5FA7F17D205
:10500000008940F676430A3880B298428CBF00206F
:10501000012070479A420BD8B3F5486F08D8427800
:10502000511E072904D89A4202D242889A42E2E7E6
:1050300000207047013001F1200351F8042B994200
:1050400040F8042BF9D10B880380704738B515461A
:105050000446FFF7EFFF2B68C4F823306B68C4F8F1
:10506000273038BD52220130FDF7B4B92DE9F84F91
:105070008B46164699469DF82840FFF7BBFC05462F
:1050800010B126B90123EB760120BDE8F88FD0F8E6
:10509000C87031463846FDF7A0FC824608B90020AA
:1050A000F3E7EDF783FD8642F9D851463846FDF720
:1050B0008BFDEB7E8046002B4FF0000318BF4FF0B6
:1050C000020BA0F8013080F800B05046FDF784FDD7
:1050D0008246ECB1B5F8EE40D4B103F031FF40F2B6
:1050E00071235C43201841F10001CAF800003246E8
:1050F000CAF8041008F103004946FDF76BF9314680
:105100003846FDF7A3FC30B94FF25040EBF7CEFB29
:1051100020462146E9E795F8B0302BB12846FEF746
:1051200097F90023A5F8EA310023ACE74378C3F3ED
:10513000011337B50446032B03D8DFE803F0050F4E
:105140001F05002003B030BD05780023407800F033
:105150000F0000930221231D628808E005780023D8
:10516000407801210093231D00F00F00628845EA7A
:105170000020FFF77BFF60B10120E3E7EEF7B6FF09
:1051800003685B05DDD560780123257800F00F000A
:10519000DFE7F0F7ADF8EFE71A230B7001234B7050
:1051A0008B707047EFF76EBF10B519B948F2DA602F
:1051B000EBF77CFB4A600B72EFF3108472B6031DB1
:1051C0000B6042681AB1127A012A08BF03600368B3
:1051D0001960016004B962B6BDE81040EFF79ABFEC
:1051E0000222F0F773B80322F0F770B80422F0F748
:1051F0006DB80222F0F7AEB80322F0F7ABB838B5BD
:1052000005460C4630F8CA0C1621EBF79FFF35F81F
:10521000CA3C8D22A4F80330227090B1B0F8FC3063
:10522000A4F80530B0F80031A4F80730B0F8FE302B
:10523000A4F80930B0F80231A4F80B3001236373ED
:1052400038BD038AFFDE052908B504D1800000F2CD
:10525000911080B208BD022910D005D801290AD0CA
:1052600043F25750EBF722FB03390129F8D88001AC
:1052700000F57470EDE70E30C000EAE70F308000F3
:10528000E7E7052908B504D1800000F2911080B24B
:1052900008BD022910D005D801290AD043F2575081
:1052A000EBF704FB03390129F8D8800100F574708D
:1052B000EDE70E30C000EAE70F308000E7E78D230E
:1052C0000B7030F8C13CA1F8033030F8633CA1F812
:1052D000053030F85F3CA1F8073030F8613CA1F8A8
:1052E000093030F85D3CA1F80B3000234B73704758
:1052F0008380BDF8003001804280C3807047F0B5E4
:1053000000F150069DF814709588B142148921D19E
:1053100090F88060033EF6B2012E05D90FB31E78D7
:10532000033EF6B2012E1CD8B5F5296F38BF4FF4F5
:10533000296590F881000338C0B2012805D9B7B1BA
:105340005B78033BDBB2012B11D8B4F5296F38BF72
:105350004FF42964D38852888B810A814D81CC8196
:10536000F0BD40F64806B54228BF3546E1E740F6B5
:1053700048039C4228BF1C46ECE72DE9F04F4B8ABE
:1053800085B00F880C4602930546CB8AD0F868900A
:1053900003938B8990F881109F42A288E08928BFEF
:1053A0001F46CB1E8242DBB2678228BF0246012B1A
:1053B0008CBF90464FF42968A145A4F8168020D1EF
:1053C000B5F870B0012B94BF4FF42960B5F87200A6
:1053D000BB4538BFBB46904238BF1046012BA5F8ED
:1053E00070B098BF0421A5F8720098BF4FF42960EF
:1053F000FFF7A4FA043080B2584528BF5846A5F8F4
:105400006E00A38A95F880106288C81E01932389D4
:10541000C0B2B4F810B09A4228BF1A46012892468A
:1054200028D9E388B4F80AC0634528BF63461E46FE
:10543000A145A4F810A0A6820AD10128304698BF41
:105440000321FFF77BFA504528BF5046A5F86C00B2
:10545000D34512D1DDE90232424508BFBB42019B70
:1054600014BF01200020B34218BF40F0010005B076
:10547000BDE8F08F4FF42966DAE70120F7E701F184
:105480009C0383423DBF9C38401A4008002070476F
:105490002DE9F04115461E46B0F84C80B0F84E702C
:1054A00099B302F082FD012E044631D10521FFF7A8
:1054B00045FA064605212046FFF740FA464541F6E3
:1054C000EF7228BF4646B3B21B2B38BF1B23934253
:1054D00028BF1346B84228BF384680B21B2838BFC1
:1054E0001B20904228BF104640F2FD12A24238BF56
:1054F000224694B240F61D52944228BF14466B8057
:10550000E880AC802C81BDE8F08101F073F8CAE737
:105510000221FFF713FA064602212046FFF70EFA92
:10552000464528BF4646B3B21B2B38BF1B23FB2B77
:1055300028BFFB23B84228BF384680B21B2838BF9B
:105540001B20FB2828BFFB20B4F5A47F38BF4FF4F5
:10555000A474A4B2B4F5296F28BF4FF42964CEE730
:105560002DE9F0470E4690F8811005461746A1F147
:1055700003099846B0F83CA05FFA89F9B9F1010F28
:1055800024D9B0F86E00FFF75EFE044695F880104F
:10559000B5F84A00FFF757FEB8F1000F19D16A8F2E
:1055A00006372318B9F1010F57448CBF0021282179
:1055B0003B441344B8F1000F0DD12A8F0B44134420
:1055C000B34294BFF01A0020BDE8F0874FF429647D
:1055D000DCE72A8FE4E76A8FF0E7F0B5838F0D46AA
:1055E0000446016A006C87B0814228BF014604F17D
:1055F0004000A9428CBF491B00214ABB628F0DF1BC
:10560000160694F88070029694F88160CDE90076D1
:10561000EFF7AEFF39460646BDF81600FFF78EF9E4
:1056200094F8483035448342656438BF034698B2E5
:1056300094F880301B28A3F103030246DBB228BF95
:105640001B22012B98BF1046A4F84A0007B0F0BDFA
:10565000228FD4E72DE9F743044640880D461646CD
:105660001F4603F0BCF98146D0B13146FDF7F5FC89
:10567000394680464846FDF7F0FC6DB90288B8F817
:10568000043029462046CDE900233B463246EFF759
:10569000BBFF03B0BDE8F083B8F800208388F0E7D3
:1056A00096231A46EDE700F05533400800F05530D8
:1056B000034403F033329B0803F033331A4402F0FF
:1056C0000F33120902F00F32134403F0FF101B0ACC
:1056D00003F0FF13184400EB1040C0B2704745F2CE
:1056E000555200EA020302EA5002981843F233339B
:1056F00000EA030203EA90031A4440F60F7302EA39
:10570000030003EA1213184400EB1020C0B27047E4
:1057100000F05503400800F05500034403F0330047
:105720009B0803F03303034403F00F0000EB131056
:10573000704780EA6000FFF7B6BF40F34E03584061
:1057400080B2FFF7CCBF32280CD006D8162818BF7D
:10575000012894BF012000207047A0F13E03584269
:1057600058417047012070470023837380F85630FA
:10577000A0F85230704790F8B0302BB9A0F85A30EA
:10578000012380F85C3070470023A0F85A3090F86D
:105790005C300133F5E708B590F8B03013B980F804
:1057A0005C3008BD90F85C30013B5BB2002B80F8A8
:1057B0005C30F6DA43F61460EBF778F808B580F859
:1057C000A31080F8A2203523C373FFF7D4FF002075
:1057D00008BDA0F10A03042B09D9A0F14703012B4E
:1057E00005D9243807288CBF0020012070470120EC
:1057F0007047036813F0080210B508D143F008039E
:1058000080F8A0100360FFF7B6FF104610BD01201E
:10581000FCE708B5C27B42B9097880F8A0100321E3
:10582000C173FFF7A8FF104608BD0120FCE7D0F8C0
:10583000D02041F64B539A4296BF4AF6C8730623CE
:10584000B3FBF2F3B0F8D8201344B0F8E62053438A
:1058500098B27047012A70B505460C4616461CD111
:105860001621B4F8B200EBF771FCD8B1EC308389A3
:10587000012EA5F80130B4F8AA30A5F80330038949
:10588000A5F80530B4F8A830A5F8073008D10023F2
:1058900084F84A310A206E7270BD01F58070E6E727
:1058A0000920F9E78389FFDE037C073BDBB2012B8C
:1058B00081BF4B7843740723037400207047037C37
:1058C000073BDBB2012B84BF08230374704710B57C
:1058D000C37B044623BBCB88C288A0F8C032013BFF
:1058E0009B1A47F6FD729BB2934206D9282380F893
:1058F0003930F0F7F1FB002010BDD1F8013000F293
:10590000C220C4F8C2324B790371FEF7A7FF20B959
:105910001E23204684F83930EBE70A23E373EAE7D5
:105920000120E9E708B5837B1BB140F2F260EAF79A
:10593000BDFF0B23837308BD38B5D1F8403205464F
:105940000C46C0F8013091F84432437191F8A73009
:1059500033B90846FFF76BFFE3881844A4F8460202
:10596000B4F846320820AB711B0AEB7138BD2DE943
:10597000F74F81460E4615461C46FFF758FFD9F8EB
:1059800004820746B8F1000F05D100232B60278061
:1059900003B0BDE8F08FF0F7EDFF0028F5D1D9F89E
:1059A000D0C0D9E97A320CFB07F1C91842F1000ED8
:1059B000D8E902231344D8F804200192D8F8002033
:1059C0009B18019A42F100028B4272EB0E0916D22B
:1059D000B1EB03096FF0010B6EEB020ACB4570EBE4
:1059E0000A0A03D24EF27620EAF760FFD8F8108058
:1059F00008F1FF304844B0FBF8F0E8FB00325B1AD6
:105A00006FF0010162EB0E0299424FF000019141EB
:105A100002D24CF29B40E7E7B3FBF6F206FB1233EF
:105A2000B3FBFCF291B217440CFB1133AEE70B460B
:105A3000822203F8032BD0F80920C1F80320D0F804
:105A40000D205A60427C1A720023CB70704770B5EB
:105A5000C67B04460D46002E57D190F83911062218
:105A60002846FFF7C0FA28B929782046BDE87040DB
:105A7000FFF7BFBE6B89E288A4F8C032013B9B1AD6
:105A800047F6FD729BB2934207D92823204684F83B
:105A90003930F0F721FB002070BDAB886FF4506205
:105AA0009A18062A95BFA3F5506340F2E2424FF4DC
:105AB0007A7230468CBF53435343C4F8C8326B7874
:105AC000C0B103EB830303EB83039B00A4F8C23252
:105AD0006B88B8B164225343C4F8C432EB88A4F88D
:105AE000CC322B89A4F8CE32002384F8D4320D2393
:105AF000E373D0E7C3EB431203EB820303EB8303AF
:105B00005B00E3E740F2E242E5E70120C4E708B5C5
:105B1000837B1BB149F23E30EAF7C8FE0D23837345
:105B200008BD73B50C46054691F83911D4F85802F2
:105B3000FEF74CFF6FF45062B4F8523282182871AD
:105B4000000A92B26871062A8BBF40F2E2426422D8
:105B5000002601268CBFB3FBF2F3B3FBF2F36B70AC
:105B6000B4F85C32AB711B0AEB71B4F85E322B7285
:105B70001B0A6B7294F8A73073B90DF1060304F594
:105B80001572D4F858122046FFF7F1FEE388BDF8ED
:105B900006201344A4F85032B4F85032AB721B0AFA
:105BA000EB72D4F8543246B164220C20B3FBF2F30A
:105BB000AB701B0AEB7002B070BD40F2E242F4E73A
:105BC0000B46842203F8022BD0F80920C1F80220EA
:105BD000D0F80D205A60704738B505460C46B0F82D
:105BE000B2001621EBF7B2FA18B945F66130EAF7C0
:105BF0005DFE214600F17B0304F1100251F8040B15
:105C0000914243F8040BF9D1FF2385F80E3238BDD9
:105C100038B50D460446A0F53670F0F785FA2A46E9
:105C20008A2302F8033BD4F80930C5F80330D4F8CE
:105C30000D305360D4F81130936038BD10B5A0F525
:105C400036742046F0F770FA20460021BDE8104077
:105C500002F0AEBE08B590F88030052B0DD11621AC
:105C60004088EBF773FA18B948F2FE10EAF71EFE07
:105C70004078012818BF022008BD0020FCE710B5BD
:105C8000837B04461A2B12D100F1880200F51B71A8
:105C9000052300F51F7003F0DBFC00230022002029
:105CA000C4E91E23012363761D23A37310BD1B2BA0
:105CB000F3D00220FAE7837B142B0FD1D1F8013007
:105CC000C0F87432D1F80530C0F87832D1F8093014
:105CD000C0F89C301A23837300207047022070475D
:105CE000837B102B01BF00231322437682730CBFEA
:105CF00018460220704708B5837B132B03D045F666
:105D00009120EAF7D3FD012380F85E3012238373DC
:105D100008BD0B46162110B50446B3F8B200EBF7E8
:105D200015FA18B94DF26F60EAF7C0FD00F17A017B
:105D30002046FFF797F9532010BD08B5C37B172BFA
:105D400003D046F68D00EAF7B1FD0123162180F855
:105D50005D301923C373B0F8B200EBF7F7F910B94F
:105D60004DF60E00EFE790F8283013F001031CBF4A
:105D700090F87A3003F00103437008BD10B5C37B7F
:105D800004462BB1113B0F2B8CBF0120082010BD06
:105D9000837E33B1D0F8AC302BB9FFF7ECFC112384
:105DA000E3730020F3E70C220A21BDE81040FFF75F
:105DB00005BD08B5C37B162B03D043F68950EAF71F
:105DC00075FD012380F85D301823C37308BDC37BC4
:105DD000122B03BF1323C37300200220704710B59A
:105DE000C37B04461C2B05D1FFF7D5FC20230020E4
:105DF000E37310BD0220FCE708B5C37B112B03D071
:105E000046F28420EAF752FD012380F85D30122328
:105E1000C37308BD08B5C37B183BDBB2012B03D9A4
:105E200047F69230EAF742FD1C23C37308BD0B46C8
:105E3000162110B50446B3F8B200EBF787F918B98C
:105E400042F2F020EAF732FD00F128012046FFF788
:105E500009F9532010BD10B5837B044633B190F887
:105E60005E301BB947F6E650EAF720FD0123162104
:105E7000B4F8B20084F85D301523A373EBF766F92C
:105E800010B94DF25910EFE790F8283013F0020FD7
:105E90000CBF0123022384F8C83110BD70B5837B89
:105EA00006460C46152B22D11621B0F8B200EBF7AE
:105EB0004DF9054618B946F68F20EAF7F7FC611C44
:105EC00052227A30FCF786FA95F87A3013F0020401
:105ED0000FD195F8282003F0010313406B701B23AA
:105EE000B6F8B200B373F7F77DFC204670BD022010
:105EF000FCE74FF48070F9E708B5837B1D2B03D0D6
:105F00004EF22110EAF7D2FC1F23837308BD08B5B7
:105F1000837B1BB148F28A10EAF7C8FC012380F8A2
:105F20005D301023837308BD08B5837B33B190F8CF
:105F30005E301BB94BF60F30EAF7B8FC012380F84E
:105F40005D3014238373002380F8C83108BD3E23DD
:105F50000A460B700C234B7004238B7000F109036D
:105F600003CBC2F8071019889B78C2F80300A2F887
:105F70000B105373704708B5837B1BB14FF28B50E6
:105F8000EAF794FC0423837308BD08B590F8B020A9
:105F900032B9C273A0F85A20BDE80840FFF7FBBB36
:105FA0000268D30703D443F6FE20EAF77FFC22F011
:105FB00001020260F0E787230B7030F8B83C4B8099
:105FC000704790F8B020837B4AB9052B01BF0023AE
:105FD00080F8463080F856308373002070470F2BCE
:105FE000F4E738B590F8B05004464DB9C37B53B9C7
:105FF0002046FFF7C0FB45B90223E373002038BDFC
:1060000003685B07F4D50120F9E7236843F0040334
:106010002360F3E790F8B0301BB1036823F004036A
:106020000360FFF7B8BB08B5837B1BB140F29370E8
:10603000EAF73CFC90F8B030002B14BF0F23052387
:10604000837308BD10B5D0E90F42A24206D30B8D71
:10605000121BC98E05334B43934202D3012380F8B0
:10606000463010BD0C230B7008234B7000238B703F
:10607000B0F85230A1F80330437A4B714389CB809A
:1060800083890B81704710B590F85F3004469A07FA
:106090000CD4837B1BB140F6AC50EAF707FC01221D
:1060A000A0F85230827380F8562010BD90F8B030BE
:1060B0003BB9C37B0BB9FFF76EFB002384F8523169
:1060C000F3E703689B07F8D5FFF765FB236823F028
:1060D00002032360F1E710B50B7901284C790A68B7
:1060E00043EA0421104608BF41F4803110BD07B5D2
:1060F000FFF7F1FF0DF10702F0F720FB03B000BD41
:1061000008B5036B00681B68984700F5AF7008BDC1
:10611000036B70B59B69044600680E4698470546B8
:1061200058B97368314604F108002364FBF724FB77
:1061300070B946F2C420EAF7B9FB94F83830022B64
:106140000AD104F14800F0F73BFC012384F8383011
:1061500085F00100C0B270BD94F83830032BF4D143
:10616000EFE738B504460D46FFF7D2FF18B1D5E981
:106170000423C4E9122338BD10B586B00446FFF7E6
:10618000BFFF002301908DF80030236B20685B680F
:1061900098470423A16D8DF809308DF808006846F2
:1061A000D4E91223CDE90423FEF76EFB638F694621
:1061B000184460872046FFF7D4FF06B010BD90F862
:1061C00038300BB90020704790F83830012BF9D0E7
:1061D00090F83800073818BF01207047022902469E
:1061E00008B507D1FFF7EBFF40B11046BDE8084006
:1061F000FFF7C2BFBDE80840F0F77CBB08BD90F8D0
:106200003830012B01D0FFF7DABFD8B2704708B59C
:1062100090F83830022B04D1032380F838308162A3
:1062200008BD90F83830052B01D10623F5E790F82A
:106230003830032BF3D090F83830062BEFD090F89D
:106240003830072BEBD046F28950EAF72FFB30B5F8
:1062500085B01546089BC01A099B61EB0304002C0E
:10626000214602DA404264EB440103AB2A46009324
:1062700002AB03F039FA002C039801DA00B1281AB6
:1062800005B030BD082A2DE9F34105460C4620D95A
:10629000B1F805301A2B1CD9B1F801301A2B18D9D6
:1062A000B1F80730B3F5A47F13D3B1F80330B3F5D9
:1062B000A47F0ED3092A09D11621B5F8B200EAF756
:1062C00045FF40B905F5807607460CE04B7A012B77
:1062D000F2D900201AE090F80471012F0CBF00F1F0
:1062E000EC0605F58076B4F8033030460093B4F838
:1062F0000510B4F80730B4F80120FEF7F9FF314675
:1063000005F1B000FFF739F818B9012002B0BDE877
:10631000F081394605F5B570EFF760F8F5E708B597
:10632000837B1BB142F2F520EAF7C0FA2123837385
:1063300008BD10B5837B0446213BDBB2022B0BD892
:10634000FFF7A0FF18B10421204601F057FE0020FE
:1063500084F85600A07310BD0120FCE7F7B5C67B9A
:1063600005460C461746002E3ED1082A16D9B1F82C
:1063700005301A2B12D9B1F801301A2B0ED9B1F809
:106380000730B3F5A47F09D3B1F80330B3F5A47F88
:1063900004D3092A0AD04E7A012E07D93A4621465B
:1063A000284603B0BDE8F040FFF733BA1621B5F830
:1063B000B200EAF7CBFEC8B1012E80F8056117D113
:1063C000EC30B4F803300093B4F80730B4F801208F
:1063D000B4F80510FEF78CFF23232846EB73FFF774
:1063E000CAF9002003B0F0BD0120FBE7012ED5D093
:1063F00005F58070E5E7002310B50446C373A0F8E7
:106400005A30FFF7C8F920460421BDE8104001F0DA
:10641000F5BD10B5837B0446213BDBB2022B0BD8C4
:10642000FFF730FF18B106212046F1F7D5F900201B
:1064300084F85600A07310BD0120FCE70368D9065C
:1064400010B5044603D44FF2A900EAF72FFA9A06D2
:1064500002D54DF61310F8E723F010030360FFF7A1
:106460009AF920460621BDE81040F1F7B5B910B5FC
:10647000F8F77EFA0446F0F78BFB4FF47A7204F5D6
:1064800046437B301533B3FBF2F3184410BD10B50F
:10649000044690F88100FFF7EAFF012201462046FA
:1064A000BDE81040FFF799B8002337B543731A468B
:1064B000A0F878321946009304461D46F0F7E0FB39
:1064C00018B14DF65F00EAF7F1F90123C4F8200294
:1064D000C4F818026373A4F83202A4F8300284F8F6
:1064E0003552E388A4F87A02013BE38003B030BD63
:1064F000F8B50D460023D0F82011044680F8243169
:10650000D0E9546781F8F52180F86031D0F8200196
:10651000FEF796FAD4F82001C0E99867C0F87C52DB
:10652000C0E99C67FFF7C0FFF7F7F2FFBDE8F8404E
:10653000FBF70EB9D0F82001704738B5044690F843
:1065400060319BB1FF2380F86831012100F007FC26
:1065500094F8603153B104F1F80002F016FD04F133
:10656000F80002F01EFD002384F86031002038BDE1
:106570002DE9FF410023CDE9003304238DF80630D7
:106580006846EAF71DFE78B1002603234FF0FF08A6
:10659000CDE902668DF80E3002A8EAF711FE054635
:1065A00030B104B0BDE8F0810098FFF7C6FFE7E71F
:1065B000029C84F81280637B43B104F50E77384661
:1065C00002F0E3FC384602F0ECFC6573A674E3E7E6
:1065D00008B590F8682142B990F8242142B1D0E979
:1065E0004A31994202D9F2F73FF90022104608BD1C
:1065F0000122FBE710B50446F0F7CAFA00F59871DE
:10660000226A236C9A4228BF1A461046FEF737FFCB
:10661000B0F5296F28BF4FF4296080B210BD012A60
:1066200070B506460D4614460BD0022A0ED08AB924
:10663000F7F77AFC224601462846BDE87040FFF78E
:1066400057BFF7F771FCC6F87C0270BD0122D0F885
:106650007C12F1E743F65470EAF728F970B5044666
:1066600021B101297DD049F6F52078E000F035FA16
:1066700094F8613105460E46D3B150EA010317D0B4
:10668000D4E94C32D4E95401C01A334661EB02011B
:106690002A4603F035F8694300FB0611A5FB000309
:1066A0001944D4E94C321B1841EB0201C4E94C31C6
:1066B000E38CEBBB0020D4E94C23AD184FF0000273
:1066C00043EB06032D1884F8402143F1000384F8BE
:1066D0006121C4E94C53C4E9545340F20343A4F884
:1066E000483194F8683103F0FF01DBB96FF00043E3
:1066F000D4E956029A4208BFB0F1FF3F25D02046A8
:10670000D4E9545600F0C0F9AE30D4E956325B1BE0
:1067100062EB06021B1A62F10002002A15DA20461B
:10672000F2F7A2F8F7F7F4FEBDE87040FBF710B8F7
:10673000204600F0CFFA0028BCD1EEF7C3FFE38C6F
:10674000B0FBF3F202FB1300B5E704F5A07104F10E
:10675000F800FBF711F80028E4D14AF60720EAF721
:10676000A5F8002380F82431DCE790F860010038B8
:1067700018BF012070470B46812203F8032BB0F8A5
:106780000920A1F80320C27A9A7070470B468C2228
:1067900003F8032BD0F80920C1F80320D0F80D200E
:1067A0005A60704708B5431E042B04D8DFE803F095
:1067B00007070703070048F24650EAF777F808BDD5
:1067C00038B588220B460C4603F8032B00F109026A
:1067D000293052F8041B824243F8041BF9D1127885
:1067E00003211A700123A588A3712846EAF7AEFC9D
:1067F00098B1E37843B103212846EAF7BDFC60B1C4
:106800004FF6B530EAF752F8EDF75EFC4B0404D5CD
:106810002846BDE83840FCF74ABC38BD70B5044690
:106820000D461E3019461646FEF746F984F83051DB
:1068300084F83151FF2384F83231E91E04F1F0006D
:1068400001298CBF00210121EEF7A0FD314604F1A2
:10685000B000EEF7BFFA94F83A31002B14BF4D2385
:106860009623A4F8EA30A4F8E8300023A4F8EC302A
:1068700070BD70B50D46044691F839111646D5F82D
:10688000D000FEF7A3F8B5F8D830A4F8BC00A4F8FF
:10689000BE30B5F8DA30A4F8C03095F83B3184F852
:1068A000C230237F63B394F87830012B28D194F859
:1068B0007E3003F0C003402B22D1D4F87930C4F8E5
:1068C000B030B4F87D30A4F8B430082E236A93F8C1
:1068D000B42084F8A92004F1AA02D3F8B5101AD084
:1068E000C4F8B6103046B3F8B93004F1A901A4F8E1
:1068F000BA30EEF721F938B949F24C00E9F7D6FF82
:106900000023C4F8B030DEE794F8A93043F0020366
:1069100084F8A93070BDC4F8AA10B3F8B9309380D8
:106920000023C4F8B630A4F8BA30F3E70B468B2244
:1069300010B503F8032BD0F80920C1F80320427BDF
:106940001A71CB789BB130F8C43C1B070FD4B1F857
:10695000054003212046EAF7F9FB40B10321204618
:10696000EAF70AFC18B14CF62D20E9F79FFF10BD9D
:106970000121F1F787BCFFF7FBBF8B882DE9F341BD
:1069800013F0180507460C4621D1086818B94EF2D5
:106990008B00E9F78BFF00F04DFAA68894F8118080
:1069A000217C3246F0F7E0FF2B460146424638464E
:1069B0000096F1F701F8A430D4E90223824273F182
:1069C00000032CBF0120002002B0BDE8F0810120AF
:1069D000FAE708B590F8A4300BB1012008BD90F893
:1069E000DC30002BF9D190F8CE0028B1EDF72EFB6A
:1069F00080F00100C0B2F1E700F0FF00EEE730B533
:106A00004FF4B87285B00D460021044602F0E8FE4E
:106A1000FF2323701323638042F21073E384EAF7A9
:106A2000C7FC00220146A0656846EAF707FD002280
:106A30000121A06DFCF7E7F90422A16D6846EAF791
:106A4000FDFC0022A06D1146FCF7DDF904F14000C9
:106A5000A57400F0B8F902A8EEF766FA18B94BF27F
:106A6000C300E9F723FF02A904F14400FEF724F86C
:106A700005B030BDFF23886D0B70FCF792B900782C
:106A8000FF3818BF012070472DE9F341054640301B
:106A90000F4600F0CFF969888046CA0606D528223D
:106AA000F1F720FF6D3002B0BDE8F0818B07A86DD3
:106AB00010D5FCF740FA6E880446297940463246E4
:106AC000F0F752FF009601463B466A792046F0F700
:106AD00073FFE7E7FCF71FFAEDE7D0E90201704723
:106AE0002DE9F04706469AB00C4607460AAD0DF16F
:106AF0000C080FCE0FC50FCE0FC50FCE0FC596E8F1
:106B00000F0085E80F00404600F05DF9A37A94F885
:106B100001A08DF83C302378207D8DF82830A378B3
:106B200003F00105C3F340034AEA052545EA43257E
:106B3000AEB2ADF82A60FFF735FE1AF0100F8146AD
:106B40008DF82C0004D1A07DFFF72CFE8DF82D00D0
:106B5000637E03F0FD03012B05D1B9F1030F04BFE0
:106B600004238DF82C30A37E03F0FD03012B06D106
:106B70009DF82D30032B04BF04238DF82D304046A3
:106B8000617A00F023F9280767D4404600F052F9F3
:106B900063788146D9064FD4EAF738FC0546324679
:106BA0009DF82C104846F0F7DFFE012301469DF8C2
:106BB0002D2028460096F0F7FFFE40F27122217941
:106BC00000F28623E578B3FBF2F345EA012561790B
:106BD000534345EA01455543AB4232D84FF0000AD2
:106BE000A37CB86D8DF83B30237E5A1E534253412F
:106BF000CDE90C5A8DF83830FCF78DF98146B86D27
:106C0000FCF799F949EA00039BB24BB34845BDF83C
:106C10002C3004A9CDF8108038BF4846ADF8146078
:106C2000ADF8203080B2CDE9065AFFF7A6FEB8B91C
:106C300045201AB0BDE8F08728223146F1F752FE10
:106C4000BBE7E179A57945EA0125217A45EA0145C5
:106C500055439D4228BF1D46C0E70025AA46BFE711
:106C60000AAE3D460FCE0FC50FCE0FC50FCE0FC5D6
:106C700096E80F0085E80F00039B00203B64E37A51
:106C800013F0FD0F14BF0123002387F87F30E36862
:106C9000C7F88030238AA7F8843097F85430E27D13
:106CA00062F3071387F85430C3E74FF40043A0F8AA
:106CB000563043881D2B08BF00214174704790F95E
:106CC00012007047807800F0010070478078C0F3B0
:106CD000400070478078C0F3C000704710B544880A
:106CE000806D04F01204FCF70DF9022C18BF40F07F
:106CF0000100C0B210BD4079C31E012B07D891F826
:106D00002E3103F00303012B14BF0320042070472E
:106D100010B50446EEF7D6FCC0F30B00A042F9D044
:106D200010BD10B50446F1F7C5FC00212046F1F76F
:106D3000A9FA2046BDE81040F0F7C6BF90F87830B9
:106D4000016281F8BB30D0F87930C1F8BC30B0F8BE
:106D50007D30A1F8C03070477047F1F78FB880F8E8
:106D600098107047027812F0010302D04178C907E9
:106D70000BD5910702D543789B0708D512F0040381
:106D800003D04378DB4303F0040318467047022323
:106D9000FBE7C0F34002C0F3800300F0010013449E
:106DA00018447047022808B507D0042807D00128E6
:106DB00007D043F6E150E9F779FD262008BD2720EA
:106DC000FCE72520FAE70023036070470170704755
:106DD00000234370C3708370704710B50446FFF7FB
:106DE000C1FFE3780133DBB2012B04D0E370BDE8CF
:106DF0001040FFF7D7BF637822780343DBB29A4293
:106E00006370F4D100236370A3780133A370EEE7BD
:106E100010B504460078FFF7BCFF01466078FFF725
:106E2000B8FFA378C3F101035943E378091AC81ADC
:106E3000C0B210BD0078FFF7ACBF40F2EE20704743
:106E400040F25A3358437047013804280FD8DFE81E
:106E500000F003080A0E0C00012914BF00200120D5
:106E600070470229F9E70429F7E71029F5E7002020
:106E70007047013804280FD8DFE800F003080A0E35
:106E80000C00012914BF0020012070470229F9E7F6
:106E90000429F7E71029F5E70020704708B5C37B00
:106EA000182B03D04FF62500E9F700FD1E23C3730E
:106EB00008BD08B590F8A630FE2B03D043F2E920B8
:106EC000E9F7F4FC002380F8A61080F8A73012B987
:106ED000A0F85A2008BDA0F85230012380F856309F
:106EE000F8E710B50446C37B90F8B022022AD1B26D
:106EF00020D190F85E204AB10623002280F8A83005
:106F0000FFF7D7FF002384F8B03210BD192B07D14B
:106F10004EF60603A0F8A230112100222046EFE72A
:106F200040F20633A0F8A23090F86E305B07F3D43D
:106F30000D21F2E7192B08D1B0F8B20001F0D0FC16
:106F40000128E2D100220521E8E790F8B032012BB8
:106F5000F7E708B5C37B352B05D10023C373BDE824
:106F60000840FEF718BC173B022B02D81E23C37340
:106F700008BD47F6EB20E9F799FC08B5837B90F84C
:106F8000A820092B08D190F8A130934204D1002306
:106F9000837380F8563008BD036813F0080106D0EB
:106FA00023F008030360BDE80840FEF7F4BBFF2AA6
:106FB00004D1372380F8B4128373ECE744F6C14060
:106FC000E9F774FC73B5056806460C4615F0300504
:106FD0003FD1082A16D9B1F805301A2B12D9B1F8C9
:106FE00001301A2B0ED9B1F80730B3F5A47F09D3BD
:106FF000B1F80330B3F5A47F04D3092A09D04D7A40
:10700000012D06D92178304602B0BDE87040FEF768
:10701000F0BB1621B6F8B200EAF798F8D8B1012D06
:1070200080F8055119D1EC30B4F803300093B4F86E
:107030000730B4F80120B4F80510FEF759F93368A9
:10704000304643F010033360FEF795FB002002B09A
:1070500070BD0120FBE7012DD4D006F58070E3E779
:10706000837E63B9C37BA3F11002032A07D990F88A
:107070005E0028B1202B8CBF00200120704701202A
:107080007047837E63B9837BA3F11002032A07D97B
:1070900090F85E0028B1202B8CBF002001207047A3
:1070A000012070470E3838B50D461446937B0928E9
:1070B0003AD8DFE800F0053939390F39183939265F
:1070C000042B05D12046FEF74FFB2046EFF760FA70
:1070D000002038BD0F2BFBD1002220461146BDE811
:1070E0003840FEF76EBF212BF2D12046FEF73CFB65
:1070F000002DEDD094F86E3023F0200384F86E302C
:10710000E6E7E37B272BE3D100252046E573FEF776
:1071100042FB94F84B31012B03D129462046EDF771
:1071200007F984F84B51D3E74BF23660E9F7BEFB21
:107130000246084692F86E3043F0040382F86E303F
:1071400089784078F1F782BD38B50D460446D1E91B
:107150003201EAF7D3F86B7B3BB105F50E7001F015
:1071600014FF05F50E7001F01CFF10212046EAF710
:1071700003F811212046E9F7FFFF13212046E9F724
:10718000FBFF12212046E9F7F7FF14212046E9F71B
:10719000F3FF15212046E9F7EFFF16212046E9F716
:1071A000EBFF17212046E9F7E7FF20461821BDE84D
:1071B0003840E9F7E1BF0022C281027690F85830EA
:1071C00013B10221F0F708BB0321FBE738B50446F1
:1071D0000846E37B162B0FD0182B0DD0172B4FF042
:1071E00000020BD0A3F119014B424B4194F8B012AD
:1071F00031B10C25284638BD0122F3E70123F5E71C
:107200001343F6D094F8E03203F0FF05002BF0D1E1
:10721000B8B194F80E321BB941F6C600E9F746FB47
:1072200052B1052304F1880204F5FF7102F010FA4F
:10723000012384F8B032DDE70146204601F0B8FBB7
:10724000F6E70223F5E7EEF717BC012807D14879E6
:1072500000F0C000A0F140035842584170470020A0
:1072600070470B46812203F8032BB0F80920A1F8E0
:107270000320C27A9A7070474AF2DF6008B5E9F7D6
:1072800015FB13B503460C4690F8DE2002F0FF0014
:1072900032B1A3F1360000F01FFC8F2304202370CD
:1072A00002B010BDF8B50F46044618B94AF6F450BE
:1072B000E9F7FCFA437A4689002B46D1036DD0F8F2
:1072C0000E20C3F8B520428AA3F8B920427B036D93
:1072D00012F0FD0F14BF0122002283F8B42094F8AD
:1072E000545094F8A6302BB194F8A7301D430023D6
:1072F00084F8A630204600F0EFFBAA0708D025F05E
:10730000040500222046114684F8545000F0E9FD9F
:1073100088223B4604F1290103F8032B04F10902FA
:1073200052F8040B8A4243F8040BF9D112781A7010
:107330000023BB71637AD3B9ECF7C6FE4B0416D5B4
:107340003046BDE8F840FBF7B2BE00213046E9F711
:10735000FDFE10B948F61D30AAE70021B0F8B200D2
:10736000E9F70AFF0028BAD04FF69E10A0E7F8BD53
:107370000023A0F8793180F87B3180F870307047B5
:1073800038B504460D4600F0EEFB94F87030012B42
:1073900003D094F87030002BF7D13F220021204613
:1073A00002F01EFA0722002384F8595084F849207D
:1073B00040F2011284F8543084F8A530A4F84A2031
:1073C000636684F89430C4F8903084F8A63038BDF1
:1073D00008B5F2F757FDF7F73BF8BDE80840F2F7BC
:1073E00061BF08B5F2F74EFDF2F7D4FEF7F730F8BB
:1073F000BDE80840F2F756BF08B5F2F743FDF7F7CE
:1074000027F8032008BD08B5F2F73CFDF2F7C2FEED
:10741000F7F71EF8032008BD90F83E00003818BFAB
:1074200001207047007A003818BF0120704710B55E
:10743000012104460020E9F789FE10B12146FFF73B
:107440009FFF01210846E9F781FE10B12146FFF7B1
:1074500097FF02210020E9F779FE044648B1F6F7CC
:1074600023F81223002103FB00F22046023202F02F
:10747000B7F9BDE81040F3F7F9BFF3F727BD80F87F
:107480004910704711F0010318BF012210B518BF51
:1074900080F87C218C0705D55A1C0224034483F80C
:1074A0007C41D3B24A0742BFC018032380F87C3125
:1074B00010BD80F85810704710B5044690F8400091
:1074C0000238C0B201280AD994F8403013F0FD0FF9
:1074D000BDE8104014BF01200020EDF7EDB90029F0
:1074E000F2D112F0FD0F194614BF01200020FDF764
:1074F000A1F90828E8D0012010BD90F8403013F021
:10750000FD0F14BF01200020EDF7D6B938B50446B1
:107510000D4690F8A600F0B994F85430013BDBB268
:10752000012B18D8042918D1D4F810311BB147F613
:107530006720E9F7BBF9216D11B94BF23D60F8E71F
:1075400004F1E80000F06BFB84F8A750FF2384F8F7
:10755000A630012038BD0020FCE700F0FF00F9E76D
:1075600080F84010704711F0FD0F80F855100CBFE7
:107570000123002380F84A30704710B50446081EE6
:107580000CBF0121002184F8570084F84B104FF004
:10759000080184F84C1009D112F0FD0F194614BFF0
:1075A00001200020FDF746F984F84C0010BD08B515
:1075B0001AB94DF6C770E9F779F980F85B101368CE
:1075C000C365938890F84120A0F86030036D83F87C
:1075D000BB20D0F84220C3F8BC20B0F84620A3F866
:1075E000C02008BDF0B5D0F8C8509DF814409542B1
:1075F00036D190F840208A4232D1002690F845C119
:1076000004F0020E32463146F5B2AC4505D204F024
:107610000500431A58425841F0BD471997F87C714C
:10762000042F03D8022F06D839430CE0052FFBD1D5
:1076300041F0100107E0571C41F00401FFB2BEF118
:10764000000F18BF3A4600EB850553F82270D5F8B5
:10765000CC501635BD4203D101320136D2B2D3E748
:107660000020D9E7012938B5044601D1F2F792FD8F
:1076700094F854309B0703D004F16C00F3F794FFA7
:1076800004F16C00F3F746FF2046BDE83840FFF7F1
:107690006FBEA030FCF78EBC10B50121044600205F
:1076A000E9F754FD18B946F63620E9F7FFF8637894
:1076B00080F85430227812F001031CBF012180F8B9
:1076C0007C11520742BF1B18032283F87C21A37848
:1076D00080F84030E178FFF746FF237980F8563094
:1076E000637980F84930A37980F8583010BD10B51F
:1076F00004466C30F3F758FF2046BDE81040FFF712
:1077000037BE082938B51C460DD008461946EDF796
:1077100013FA18B947F60170E9F7C8F8237843F06F
:107720000203237038BD437C2370436819681160DD
:107730009B889380F6E7036863B1EFF3108272B61B
:1077400003681968016002B962B600221A705A70A3
:107750009A70DA707047333070471FB50024039475
:107760009DF9204002949DF81C4001949DF818401A
:107770000094F3F759FC04B010BD1FB503939DF9B5
:107780001830CDE90123FF23042200930023F3F7EF
:107790004BFC05B000BD18B1407BFF3818BF01207D
:1077A000704770B5037816460C460546C3F3801340
:1077B0004B74FDF736FA0023062EA074E37407D845
:1077C000012202FA06F111F0550F06D1964211D0AE
:1077D00000236370C4E9013312E06270EA1CC4E95B
:1077E00001236B78063B13F0FF030AD0093523749D
:1077F000E56070BD03236370EB1809356360A56015
:1078000000231D46F3E72DE9F047037804460D46B3
:1078100003F00F08B8F1090F56D1C3F380132046C7
:107820006B74FDF7FEF9A87423796B70E078830917
:107830002B70227912F0010950D1052312F0020EAB
:1078400000F03F001EBF04EB030E0633DBB212F064
:10785000040F03F10101C9B218BF0B4612F0080C66
:107860001EBF04EB030C0233DBB212F010071EBF85
:10787000E7180333DBB212F020061EBFE6181233FE
:10788000DBB212F040021EBFE2180133DBB2B8F1E6
:10789000090F27D14FF000088246181F414685F88E
:1078A00013A0C5F82480C5E9019EC5E905C7C5E94F
:1078B00007626278013A121AD2B22A74F2B10B440A
:1078C0002344EB60BDE8F087C17811F03F01A4D1FB
:1078D00028462822BDE8F04701F082BF04F10509DF
:1078E0000B23ABE7011DC91A11F0FF0119BF04EB0F
:1078F00003084FF0000A8A468846D0E7EA60E1E7CD
:1079000002786FF4207302F00F021341DB0701D4F9
:10791000FFF779BFFFF745BF08B5D0F8E830D21AB6
:1079200003D546F2B760E8F7C1FFD0F8C800B2FB54
:10793000F0F008BD022808B510D005D801280FD0F6
:1079400048F62930E8F7B2FFC31E012BF8D8032808
:1079500040F2BE2008BF4FF4D26008BD6020FCE7B3
:107960004FF4BC70F9E770B50D4606460846FFF7C0
:10797000E1FF00F18C042846F6F7FAFF00F52240FB
:107980004FF47A73A4B2B130B0FBF3F0D6F81031F3
:10799000204413B1012D08BF400070BD002110B577
:1079A0000B4690F84541CAB2944205D2D0F8C800BF
:1079B000C31A5842584110BD00EB82021633013100
:1079C000D2F8CC201344EEE72DE9F0411E46D0F862
:1079D0001031804617462BB1FFF7E0FF0230C0B2EE
:1079E000BDE8F081D0F8C8400725A4FB0545FFF7A6
:1079F000D5FF50B1D8E92C31E41845EB0101A7427D
:107A000076EB01010AD20420EAE7D8E93032E41823
:107A100045EB0205A74276EB050501D20320DFE71F
:107A20000220DDE72DE9F041054601F089FA07461D
:107A300088462846D5E92C23FFF7C6FF064601F005
:107A4000D3FA182803D800263046BDE8F081431C3D
:107A5000D5E9361413D04318A342D5E92A3228BFFA
:107A6000601ADB1B62EB0802012B72F100044FF07D
:107A700000042FDB9842944100DB18464418641A36
:107A800041F288339C4228BF1C4601F059FAC7F1E5
:107A9000320303449C42D6D33146204601F0CDFA4E
:107AA00006460028CFD001F04FFAD5F8E020D5F8EF
:107AB000D830A018D5F8DC202344C5F8E000934264
:107AC000C5F8D83003D1D5E93A23C5E9302301F010
:107AD00039FAB9E72046D1E738B5044690F81431B1
:107AE00003F0FF007BB3FF2384F8153104F58C709D
:107AF00001F04BFA04F58C7001F053FA04F5A47010
:107B000001F043FA04F5A47001F04BFA002120467D
:107B1000FFF7A8FD94F81631B3B1D4F80831EBB1F2
:107B200004F1E800EEF7BCFF002384F8153194F867
:107B3000160110F0FF0018BF0C2084F81631C4F8AD
:107B4000103184F8143138BDD4F8100130B1D4F8B4
:107B500008311BB900F5F470EEF732FF04F1E800CC
:107B6000EEF72EFFE0E790F814310BB1FFF7B4BF4A
:107B70007047FFF7F8BF90F86C00003818BF01207D
:107B80007047D0F810310BB1FFF7A6BF0C2070473B
:107B9000F8B506460F4690F8153103F0FF05002BA7
:107BA00039D101F0CDF9044696F87801062F23D893
:107BB000DFE807F00433331B26333300FFF7BAFE48
:107BC00000F19805ADB2D6F8B030D6F8D870E41A06
:107BD0008C3F2C44A74203D83046FFF723FF90B9CF
:107BE000A74294BF00200120F8BD0338012898BFA8
:107BF000282505F55775E6E741F65D70E8F756FE6E
:107C000040F20225DFE7D6F8D8308C3B9C422CBFEF
:107C100000200120E8E70020E6E70120E4E7F8B5CE
:107C20000D46064601F5F4770021D5F8F001EEF790
:107C30001DFFB042044606D18268D5F8F0319A4261
:107C400013D2816989B121463846EEF7D7FE002369
:107C500033622CB194E80E005B1842F1000201E09F
:107C600000231A46C5E97A32F8BD9A422CBFB260A9
:107C7000B360F2693762002AF2D00ECAECE72DE950
:107C8000F041044688B0052900F2C880DFE801F021
:107C900003596F6AC68D90F8153103F0FF064BB19A
:107CA0000121FFF7DFFCF6F733FC08B0BDE8F04137
:107CB000F9F74EBD01F0F1F902460B46074688463A
:107CC000C4E92C012046FFF727FE94F845110294E1
:107CD0000596D1B1D4F8E850D4F8C8207B1BB3FB8B
:107CE000F2F302FB035533467D1BDAB2013304EB9A
:107CF0008202D2F8CC2002F1160CAC459EBF163D94
:107D00000136AD1ADAB29142EFD2B4F87A3184F882
:107D10004461C3F30C038DF81860ABB1D4F8403163
:107D20000020039303238DF810308DF8190002A86A
:107D3000F3F7BAF8D4F8D8008238C4F8E00001F0BC
:107D400001F908B0BDE8F081B0FA80F03A46434648
:107D500040098DF810002046FFF7DEFD003818BFFF
:107D60000120E2E708B0BDE8F041F6F72FBDB0F81A
:107D70007A31C3F30C030BB1FFF7B9FC00220123E6
:107D800002A920460092F3F795FC50B102A904F530
:107D90008C70F9F7F1FC0028D3D14FF61610E8F7F4
:107DA00085FD2046F3F7D0F8CBE790F8153123B1E5
:107DB00008B0BDE8F041F3F789B8B0F87A31C3F301
:107DC0000C0333B390F87831033BDBB2012BEFD8CF
:107DD00090F87031002BEBD10123022180F8703133
:107DE00044F2365001F029F90028E1D001F0ACF856
:107DF000D4F8D83044F236500344C4F8D830D4F81C
:107E0000E0301844C4F8E00008B0BDE8F04101F0EB
:107E100099B8FFF707FE002893D1C9E745F61A4045
:107E2000BDE730B5044689B00D4690F8142102F044
:107E3000FF031AB14AF2FE20E8F738FDFF2280F86E
:107E4000142180F8153180F84431FFF7A7FDD0B92F
:107E500094F845110346C2B291420CD2C4F8F030F6
:107E60000122002302A920460095F3F723FC68B9FC
:107E70004DF68100E0E704EB820216330130D2F8C0
:107E8000CC201344E7E741F28833E7E702A904F581
:107E90008C70F9F771FC10B945F29400CCE709B089
:107EA00030BD38B504460D4690F814311BB14AF682
:107EB0008B70E8F7FBFC11B943F2EC70F9E7F3F7CC
:107EC0009FFBC4F810516B7B03F0FF0113B14AF222
:107ED000C870EEE784F816112046BDE83840FFF779
:107EE000A0BF38B504460D46F3F78AFB2946204665
:107EF000BDE83840FFF795BF10B5044688B090F84C
:107F0000152102F0FF0392B91A4602A90093F3F774
:107F1000D1FB48B102A904F58C70F9F72DFC30B9FA
:107F200046F2B120E8F7C2FC2046F3F70DF8F6F769
:107F3000EFFA08B0BDE81040F9F70ABC10B50446E6
:107F400090F8811090F88000F3F7B6FE0022014609
:107F50002046BDE81040FDF740BB2DE9F341002667
:107F60004FF0FF08CDE900666846E9F729F90546B4
:107F700010B102B0BDE8F081009C84F81280637BF0
:107F800063B104F50477384600F0FFFF384601F08E
:107F900008F804F5F4706573EEF712FDA674E3E7D4
:107FA000FFF7DBBFC0F8F011704710B50446EEF7DD
:107FB000EFFD00F1E901226A236C9A4228BF1A46BC
:107FC0001046FDF75CFAB0F5296F28BF4FF4296021
:107FD00080B210BD08B518B949F62640E8F766FC2E
:107FE000437B03F0FF0113B14AF2B700F6E720220A
:107FF00000F50470BDE8084001F0F2BB37B5044657
:10800000042900F29380DFE801F0031411188B00BB
:10801000837C03F0FF024BB90121F3F713FFF6F75E
:1080200077FA03B0BDE83040F8F76EBD0423637300
:10803000F5E70323637303B030BDD0F8D03090F878
:108040003951C0F838323DB1D0F8585241F64B5250
:1080500095428CBF0025012540F2E242ADF8042094
:1080600094F8642242B9D4F8582293421ED0B4F84E
:10807000B20000F0CDF919E0B4F8B20000F0C5F993
:1080800018B94FF66500E8F711FCB4F86032002526
:10809000A4F8E630B4F862328381B4F85032C58176
:1080A0004381013B03827D23ADF8043094F83A31DB
:1080B00013BB15BBD4F8543204F5F470D4F858222D
:1080C000C4F8E030B4F85232C4F8D020A4F8E43058
:1080D000D4F85C3284F83A51C4F8D830B4F8E630B9
:1080E00053430093DDE90012EEF74CFC04F1B000BD
:1080F000FFF724FF02239DE75DB14FF04D13C4F855
:10810000E8300023A4F8EC304FF47A73ADF8043073
:10811000D0E74FF09613A4F8EC50C4F8E830C9E764
:10812000B03003B0BDE83040FFF708BF4CF6511047
:10813000A9E7837B032B04D1002380F85630837397
:108140007047FDF728BBA1F11203012B0AD910B922
:10815000192902D87047122906D91F298CBF00207F
:1081600001207047012070470020704790F8A82038
:1081700022B10022827380F856207047C273FDF747
:108180000ABB142838B50D461446937B0CD016282C
:1081900019D012282BD1052B13D1002220461146CD
:1081A000BDE83840FDF70DBF213B022B09D8104632
:1081B000FDF7DAFA2DB194F86E3023F0200384F83D
:1081C0006E30002038BD242BFBD11046FDF7CCFAD1
:1081D0002DB194F86F3023F0090384F86F301A2121
:1081E0002046ECF7A5F8002384F84B31E9E74AF67E
:1081F000EE60E8F75BFB0246084692F86E3043F00B
:10820000040382F86E3089784078F4F779B810B5B5
:1082100040F2BF710446B0F8B200EBF77FFF08B33D
:108220001621B4F8B200E8F791FF94F8963229309D
:1082300004F51E7200F8013C0023037404F51A7360
:1082400053F8041B934240F8041BF9D1E8220023A1
:1082500084F8A62084F8A730A4F85230012384F8CB
:10826000563010BDD4F868320322C4F89830EEE7D7
:1082700070B50C460546D1E93201E9F73FF8637B5A
:108280003BB104F5047000F080FE04F5047000F0CA
:1082900088FE04F5F470EEF785FB18B104F5F47070
:1082A000EEF78EFB10212846E8F766FF11212846DD
:1082B000E8F762FF13212846E8F75EFF12212846FF
:1082C000E8F75AFF14212846E8F756FF15212846FB
:1082D000E8F752FF16212846E8F74EFF17212846F7
:1082E000E8F74AFF28461821BDE87040E8F744BF88
:1082F0007047EDF7BDBAEDF77BBBEDF7A5BBB0F866
:108300004E200146B0F84830934270B538BF13464E
:10831000027EB0F8E6501ABBC3F10603A3EB850456
:1083200091F846308E7B0BB1052E1FD10846FEF723
:10833000A8FEE8B1D1E90F239B1AA3EB85039C4269
:10834000A8BF1C46472E15D00D2E13D0CB7B472B34
:1083500010D00B2E26D0292E16D1B1F848320BE0C2
:10836000B0F84A40E41AA4EB8504D9E70023E6E715
:108370002346E4E7B1F85032CA8802EB85029B1A23
:108380001BB29C42A8BF1C46B1F8B20000F03DF8F9
:1083900020B1C389043B9C42B8BF1C4624EAE47068
:1083A00080B270BDB1F84632E6E770B50D460521E2
:1083B0000646E8F7CBFE044648B907213046E8F701
:1083C000C5FE20B115B190F8E53003B9044620464A
:1083D00070BD1D2310B504460370EBF7F7FE607007
:1083E000022010BD1E2310B504460370EBF7EEFE0D
:1083F0006070022010BD012343800380002383802E
:10840000C3804FF44863038170471121E8F79EBE93
:1084100038B50546FCF7EEFA044618B94FF2B350EA
:10842000E8F744FA2846FFF7F0FF38B10123A4F833
:10843000E6300023838143810382C38138BD3C231E
:1084400003804FF4FA4343800123C38083800023D9
:10845000038143814FF4486383817047C10609D487
:10846000020709D4430709D410F0020F14BF0220F9
:108470000120704705207047042070470320704793
:1084800001F1140000F047BA162108B5E8F75EFEC6
:10849000083008BD00231B2243708370C370027133
:1084A00043710620704708B5837B1BB14DF2E13064
:1084B000E8F7FCF94923837308BD70B590F8B06004
:1084C00004460D46B0F8B2001621E8F73FFE26B18B
:1084D00023681B0504D5012017E0E37B002BFAD1AC
:1084E0006B78C3F30103C370EA78AB7843EA0223E5
:1084F00083802B796A7943EA0223C38036B94A2301
:10850000E3732046FDF737F9002070BD236843F47C
:1085100000632360F5E700231B2243708370C37060
:10852000027143710620704738B590F8B050044688
:108530001621B0F8B200E8F709FE35B9E37B4A2B03
:1085400010D046F2C930E8F7B1F923681A05F8D51A
:10855000012223F40063827023602046BDE8384086
:10856000FDF719B901238370E573F6E738B50546C1
:108570000C46B0F8B2001621E8F7E8FDAB7B492BBA
:1085800014D16378C3F30103C370E278A37843EA9C
:10859000022383802379627943EA0223C380012383
:1085A00083702846FDF7E0F8002038BD0120FCE785
:1085B00038B50C78012C10D10023CD780A790380CE
:1085C0000378847065F302030370437862F3000359
:1085D00063F00F034370032038BD022C22D18B7847
:1085E00001320C79DB00A40003F0380304F004042A
:1085F00023434C7843EA8413C3708B79CC780021F1
:108600001B01018004F00704017803F0700342703D
:10861000C2F30022234321F0770182700B430370E1
:108620000420D9E740F62B20E8F740F9F7B50478A5
:108630009DF804304FEA141C04F0070764F30603A6
:108640001C078DF8043076D413F07004B0F8015094
:108650000DD1012303308C701D400B704B70CF7017
:108660000D718C7194801060012003B0F0BD9DF8F5
:10867000063002248DF80550C5F3002523F00103D0
:10868000C6780C702B43CF708DF80630B3094B7051
:10869000C6F3C2038B70C6F380030B710CF00703A3
:1086A0008B71019DC5F30825002D44D0B70700F15B
:1086B00004043CD507790423012007F0030EBEF122
:1086C000020F31D000F1020C5FFA8CFCBEF1030FF7
:1086D00008BF6046013BBF0813F0FF03EDD1431C08
:1086E0000444DBB2F60717D5277817F00200BCD098
:1086F00026463078C0071CD4C4F101003044767897
:108700003044BE06C0B248BF01260344044448BFFB
:108710000E70DBB248BF4E7014600978012914BF97
:10872000EB1A002393809FE70130C0B2D2E7012308
:10873000D8E70136DDE7002097E70A4401388A428E
:1087400000D1704712F8013D00F8013FF7E710B57E
:1087500092B00C4601A9E8F753FF0DF10501204640
:108760002022FFF7EAFF20220DF12501A018FFF7D4
:10877000E4FF12B010BD73B50C4615461E4601A9A4
:10878000E8F752FF2A46334621460198E8F744FFAE
:108790000198E8F74FFF02B070BD10B516210446EE
:1087A0001838E8F72DFDFCF73EF920B1201FBDE891
:1087B0001040F4F71FBF10BD08B5C37B022B09D0D2
:1087C00000F126012022783000F0E3FFB0FA80F0BB
:1087D000400908BD0020FCE770B592B01C46042398
:1087E000054616460DF1050020228DF80430FFF7EE
:1087F000A4FF20220DF125001144FFF79EFF324611
:1088000001A92846E8F702FF012806D910F1870FD1
:1088100003D04EF6C770E8F749F8421EC0435342F2
:108820004FEAD0705341237012B070BD38B50C467A
:10883000C97B05468B1E204659425941E8F7DAFEAE
:1088400095F8B03033B104F178012068BDE83840C4
:10885000FFF77DBF04F126012068FFF778FF95F848
:10886000B030002BEFD138BDF0B5162189B00446E9
:108870001838E8F7C5FCFCF7D6F8054668B1237C44
:10888000271F9B0758BF00F51F76384648BF0026B4
:10889000FFF792FF18B10323637209B0F0BD04F132
:1088A0000C036A4604F1740154F8040CFFF794FFBA
:1088B0000028F0D0237B1BB1E37A0BB90223EBE74E
:1088C0006B463A4631462846F4F7DCFEE5E70023DE
:1088D000CA730B7490F8B0300BB9FFF7A7BF70479D
:1088E00008B51621E8F732FC18B947F2C410E7F7CB
:1088F000DDFF90F8210008BD08B51621E8F726FC39
:1089000018B945F21C50E7F7D1FF90F82200003863
:1089100018BF012008BD10B50446006818B1E8F77B
:1089200089FE0023236010BD38B505460C46084675
:10893000FFF7F1FF21462846BDE83840FFF776BF34
:10894000002343734374704708B51621E8F7FEFB14
:1089500090F8250008BD70B516210646B0F8B200A3
:10896000E8F7F4FB044600F114013046FFF7DCFFA2
:1089700004F11400FFF720FF18B1032384F8253019
:1089800070BD04F1240304F1CC0204F13A016069E2
:10899000FFF722FF0028F0D094F8243033B194F888
:1089A0002330002B0CBF02230123E7E70123E5E777
:1089B00070B504460D46B0F8B2001621E8F7C6FBC4
:1089C00018B940F2E910E7F771FF00F1CC0300F1AC
:1089D000140229462046BDE87040F4F753BE142126
:1089E000E8F7B4BBF8B50546EBF780FB06466C78B4
:1089F000EBF790FB0746EBF77DFB013C287004EB9F
:108A000044046400E4B23B2C28D8C4F13C039BB27C
:108A1000062B28BF0623E2183C2A03DD46F6F15058
:108A2000E7F744FF06EB8400002107EB8402AE1C4D
:108A300050F8044B013152F8047B3C4046F8044B9B
:108A40008CB2A342F4D8C3F1060205EB83000021E7
:108A500092000230BDE8F84000F0C2BE0023F2E709
:108A6000F8B507460D4618B944F6C130E7F71EFFC2
:108A700013210238E8F7C4FB0446FBF7BBFF10B92B
:108A800046F2CA50F2E79923AC802B70BB7AFF2BD9
:108A900004BF0023BB7290F871301B0702D41A2365
:108AA000EB70F8BD002607F10E01EE70BB7AAB71DA
:108AB000FB7AEB71D0F86E30AB60D0F8723005F114
:108AC0001000EB60EB7A23F00803EB72FC7A04EB06
:108AD0004404E400E4B22246F9F77CFC04F1080007
:108AE0003146C0B2C0F1F802083002F0F802284462
:108AF000BDE8F84000F074BE38B50546EBF7F0FA73
:108B0000431E0446DBB2092B03D947F26520E7F781
:108B1000CDFE13212846E8F7E1FA1822002162432E
:108B2000103200F05DFEFF220273026942F0020281
:108B3000026138BD70B58B7805460C46013BDBB24F
:108B4000092B10D84B78013BDBB2092B94BF0023D3
:108B5000012395F8B010A1BB3BB121462846BDE8E2
:108B60007040FCF756BE0123F3E7EB7BBBBB4B2306
:108B7000EB732846FCF7FFFD1321B5F8B200E8F7C8
:108B8000E5FAA6780546067063780373EBF7A8FA52
:108B9000864214D8A378182204F11B01013B02FB82
:108BA0000353E21C103352F8040B8A4243F8040BBF
:108BB000F9D16B7BA27801339A4208BF6A73002017
:108BC00070BD2BB128462B21BDE87040FCF711BECB
:108BD0002B68DA0403D443F480532B60C9E70120E7
:108BE000EEE708B590F8B0305BB9C27B4B2A03D0F2
:108BF00042F2A360E7F75AFEC373BDE80840FCF7F2
:108C0000CABD0368DA0402D442F29710F2E723F4F3
:108C100080530360F1E70B46132110B50446B3F807
:108C2000B200E8F793FA0378601CA370FFF7DAFE4E
:108C30001B2010BD08B5837B1BB14BF60200E7F784
:108C400035FE4C23837308BD0B46132170B50446D3
:108C5000B3F8B200E8F77AFA0546EBF741FA6A7B17
:108C6000531CDBB2824228BF0346601C6B70A370AA
:108C7000FFF7B8FE1B2070BD08B5F5F729F9F6F728
:108C8000D7FBF4F72FFEBDE80840F6F797B910B50B
:108C9000C824F4F7D1FE022808D1013C14F0FF04E7
:108CA000F7D10620ECF732FB204610BD431E584298
:108CB0005841FAE710B5F5F73FF9044600F0EDF931
:108CC000201841F1000110BD704710B5F5F7CEF83E
:108CD000044608B9F5F7BCFB204610BD704738B50F
:108CE000044600EB80000D4600EB80008000F6F7A4
:108CF0004BF82A462146BDE83840F6F7C7B810B50C
:108D000004460846F5F734FE4FF47A73B0FBF3F0EF
:108D1000201A10BD38B504460846D51EF5F728FEC2
:108D20004FF47A7200F2E733012DB3FBF2F388BF00
:108D30000220A4EB030498BF0A20201A38BD18B9FA
:108D4000081A18BF01207047082834BF02200320EA
:108D500070477047FF2808B508D00C280FD0272887
:108D600004D070B10B2802D80138C0B208BD262843
:108D700003D94DF69350E7F799FD0238F5E7262021
:108D8000F4E72520F2E700230370437070470B7867
:108D9000C3F34012C3F3030343EA421303704B7857
:108DA0004370704701F01F0181707047C90008B51A
:108DB00005280DD8DFE800F0100303050A0A48086B
:108DC00008BD881C0323B0FBF3F0F9E78808F7E738
:108DD00048F2B820E7F76AFD0020F1E708B5CB00BC
:108DE000052819D8DFE800F003080B0F111321B193
:108DF00047F68410E7F75AFD5908084608BD0321D5
:108E0000B3FBF1F1F9E79908F7E70621F8E7090163
:108E10000F23B1FBF3F1F0E70021EEE70638C900BC
:108E200008B5042812D8DFE800F00609030D0D008C
:108E30002831880008BD01F15000FBE7490801F125
:108E40002800F7E7890801F11400F3E740F2AC606D
:108E5000E7F72CFD70B50C4605461646FFF793FF65
:108E60007D2C03D94FF43D70E7F720FD32462146B3
:108E70002846BDE87040F6F715BE00F03CB8801AF1
:108E800000F3070038B50D46144659B240B200F061
:108E900031F80023287020446B7040B238BD0023A5
:108EA000036070477047002070474FF0FF307047F5
:108EB0004FF0FF30704770474FF0FF307047002091
:108EC0007047002070470023037070479DF8003002
:108ED0000022FFF7D4BF4FF0FF30704700207047EB
:108EE0004FF0FF3070474FF0FF3070477047002061
:108EF0001A7070477047704770B5054600F020F84B
:108F000004460E4600F01CF8001B61EB0601A84267
:108F100071F10001F6D370BD0020F7F7C3B900204E
:108F2000F7F7DAB90020F7F7BDB87047F6F7C6BF14
:108F3000F7F730BAF7F742BAF7F732BAFFF7F6BFEA
:108F4000F8F782BEF8F726BBF8F73ABBF8F7A6BEEB
:108F500000F03AB9F8F798BEF8F788BE10B5837FED
:108F60008BB9034601F1180251F8044B914243F8C2
:108F7000044BF9D1012484772146F7F747FDF8F730
:108F8000FBFA204610BD0020FCE710B50446022184
:108F9000F7F73CFDF8F7F0FAA07FB0FA80F040094F
:108FA00010BD38B50446A37F03B938BDA37F032B9A
:108FB00002D0A37F042B0ED1EFF3108572B62046AA
:108FC000F7F742FF05B962B6A37F002BEDD046F656
:108FD0008C20F9F70DF8A37F012B02D148F20B701A
:108FE000F7E700F03FFBDEE7F8B50746F8F72AFBA6
:108FF000044618B94DF6C070F8F7FAFFF8F728FBE9
:10900000A46800252418384641F10006224633465C
:10901000F7F7A2FFA04271EB060309D3001B6FF024
:10902000010361EB0601834275EB010102D3F8BD38
:109030002846FCE74FF0FF30F9E72DE9F0410546FF
:109040000F46F8F7FFFA064618B944F24D20F8F734
:10905000CFFF846800232A195B4113B10020BDE8CB
:10906000F081F8F7F5FA2218384641F1000315EBC4
:10907000020843F10004F7F76FFF4045A141EDD32B
:10908000F8F7E2FD00F061F8B368012037752B4472
:10909000B360E4E7D0E900017047F8F7D9BA806817
:1090A0007047F8B5036904461BB143F6A820F8F7EA
:1090B0009FFFF8F7C9FD05460E46F7F70FFC70B3A2
:1090C0006435D4E9000346F10002A84273EB0201C3
:1090D00001D228461346C4E90003EFF3108572B6A7
:1090E000F8F7B0FA064698B1F8F7B2FAB3680B335E
:1090F0002CBF012200221B18D4E9006042EB0101C1
:10910000B34271EB00023CBF33460146C4E9003173
:1091100005B962B62046BDE8F840F7F793BFF7F708
:10912000EDFB0746F8F7A2FAB84238BF3846963545
:10913000D4E9001246F10003401943F100038842CC
:1091400073EB0205C7D20846C4E7F7F777BD0329DA
:1091500010B5044605D801290DD841F6E510F8F7F9
:1091600047FF0429F9D1F7F767FC20B12046F7F74C
:10917000E5FF022010BD0020FCE7C0E90812202214
:10918000002100F02DBB10B5037886B004461BB15A
:1091900049F2B210F8F72CFF0593CDE90333D0E97B
:1091A0000423CDE9002343680293037A68468DF8CF
:1091B0001430FFF776FF0120DDE90023C4E9042322
:1091C00006B010BDF8F702BC10B5029C241841F19E
:1091D0000001A01A61EB0301B0F1004F71F1000131
:1091E00003DB4FF42750F8F703FF10BD08B5002349
:1091F0000B8581F82A300B6A0921984728B103783A
:109200001BB14BF6A910F8F7F3FE08BD436A1944E9
:109210004162A1F19600FFF795BEF8B5044618B972
:109220004DF28260F8F7E4FE90F85850052900F2FC
:10923000C880DFE801F003814466707A90F82A3034
:10924000033BDBB2012B02D949F2D620EAE7052322
:1092500080F82A30002380F859300378EBB1237866
:10926000012B24D1F8F7E6FA636894F8286063626A
:10927000C4E90601F6B9FFF76DFE31462046FFF757
:10928000C5FF236A31462846984701462046F8F72D
:10929000B9FD022840F09880F8BDFFF751FE07465F
:1092A0000E46F8F7C7FA87428E41F6D3D7E7D4E9DE
:1092B0000401D9E72046BDE8F840F8F76DBD90F805
:1092C0002A30DA1E012A02D940F21C40AAE790F89F
:1092D00028202AB121462846BDE8F840FFF786BF7E
:1092E000042B036A18BF012180F82A1005212846A3
:1092F00098470028D0D00378002BCDD049F648708D
:1093000090E790F82A30052B02D047F2167089E7D3
:10931000036A0221B7E790F82A30052B02D042F207
:1093200066707FE7036A0121ADE790F82A30052BCC
:10933000C0D04BF2926075E790F82A30052B07D029
:1093400090F829200AB1032B02D045F65C7069E73A
:1093500094F82820002ABDD194F8593083B1022313
:109360000821284684F8592084F82A30236A98472F
:10937000002891D00378002B8ED046F26A1051E776
:1093800094F8292062B1214604F1300084F8293094
:10939000F8F7F2F900287FF47FAF4AF2525041E724
:1093A00002230721284684F82A30236A9847002898
:1093B0003FF472AF0378002B3FF46EAF40F6764077
:1093C00030E74BF279502DE70128236A0CBF0421C6
:1093D000032158E7F8B50024F8F7CAFD05462646EC
:1093E0002746E0B2854200D8F8BDF8F7C7FD013442
:1093F000068580F82A70F4E7F8B504460E46002585
:10940000F8F7B6FD0746E8B2874204D8082E0CD913
:109410006FF0150008E0F8F7B1FD90F82A3001353B
:10942000002BF0D04FF0FF30F8BD2CB13146204674
:10943000BDE8F840F8F7AEBD2146F8E710B50446A0
:10944000F8F79CFD014688B190F828308BB990F868
:109450002A3073B1013B012B04D82046FFF7C6FE2A
:10946000002010BD012380F82830F9E76FF00100DB
:10947000F7E76FF02200F4E770B50D46F8F77EFDD0
:10948000044600284CD090F82A60731E012B4DD85A
:10949000002D48D02846F8F753FC002843D02B78FD
:1094A00003BB012323702B796A79003B18BF01238A
:1094B000002A14BF0522032243F004032272AA6883
:1094C000A5326260EA68637203232261214604F1D7
:1094D000300084F82A30F8F74FF950BB42F2DE70C2
:1094E000F8F786FD022E21D1002323702B796A79AB
:1094F000003B18BF0123002A14BF0522032243F0BA
:1095000004032272EA686372A532A9686260D4E932
:1095100006325B1842EBE172C4E904320423D5E75A
:109520006FF0010070BD6FF01500FBE76FF02200D7
:10953000F8E70020F6E7F8F74DBFF8B503790446E1
:109540001BB14CF6CC00F8F753FD4579017125B9F4
:1095500001234371217909B96171F8BD276820465B
:109560002571B84702280646F4D103212046B847A2
:1095700010B143F27230E6E723683146204698473F
:109580000028E7D049F20A00DDE70346006800B989
:1095900070478842F9D102681A60704701F11003E0
:1095A000013813F8012D8B4200F8012FF9D17047D3
:1095B0002DE9F04313F0010F8FB004460D46164617
:1095C0009946DDE9167824D006A8FFF7E7FFA30740
:1095D00036D002AA04F110052068083454F8041C9F
:1095E0001346AC4203C31A46F6D106AD02AC19F0DD
:1095F000020F3B46CDF8008024D0294620460AAA17
:10960000F8F790FD0AA93046FFF7C8FF0FB0BDE894
:10961000F08313F0040F0ED106AB0A4601F1100ED1
:109620001D461068083252F8041C9C467245ACE88E
:1096300003006346F5D1214602A8FFF7AFFFD5E747
:1096400006ADD4E7324629462046F8F76BFDDDE744
:1096500013B50024CDE90044FFF7AAFF02B010BD06
:10966000F8F764BE704770479142F8B50C4603D3D3
:1096700048F2E610F8F7BCFCB2FA82F33BB1C3F152
:1096800020019C409A4020FA01F198400C434FEA97
:10969000124C93B2010C87B2B4FBFCF50CFB154ED7
:1096A00005FB03F64FEA0E4E0EEB1040864205D93D
:1096B000361A964294BF01260226AD1B01EB0441E7
:1096C000280405FB1211B1FBFCF40CFB14116343DD
:1096D00007EB0147BB4205D9DB1B934294BF012333
:1096E0000223E41A2043F8BD70B5044615461E4611
:1096F000FFF7BAFF049B00FB154430601C6070BD8F
:109700002DE9F0411E4607460D46144652EA06036F
:1097100003D144F67260F8F76BFC86B9914204D22B
:10972000FFF7A2FF3146BDE8F08108463146FFF75A
:109730009BFF06462246384604FB1651F0E7B6FA70
:1097400086F80123400803FA08F3C8F11F0840EA2D
:10975000C570A3FB0212690803FB0622FFF784FF12
:1097600030FA08F014BF01230023C01A61EB010195
:10977000A4FB002C04FB01F3BF1A00FB0633634477
:1097800065EB0305A742B541CDD3013041F100019E
:10979000C9E762B1013910B5841810F8012B11F82E
:1097A000013FA04201D09A42F7D0D01A10BD104616
:1097B0007047431A934200EB020310B508D30139F6
:1097C00002469A420BD011F8014F02F8014BF8E71C
:1097D0000A4412F8014D8A4203F8014DF9D110BD37
:1097E000F0B5C9B20446A30726460CD14FF00135A7
:1097F00022F003034D43E718BC420AD133443244FC
:10980000934209D1F0BD002AFCD0013A04F8011BB3
:10981000E9E744F8045BEFE703F8011BF0E7FFF723
:10982000DFBF10F8012B11F8013B012A28BF9A4233
:10983000F7D0D01A7047034611F8012B03F8012B1B
:10984000002AF9D17047034613F8012B002AFBD1F7
:10985000181A013870472DE9F0478C468E46089E4D
:10986000154604461946002B40F0D080724547D972
:10987000B2FA82F74FB1C7F120030EFA07FCBD40E0
:10988000BC4020FA03F343EA0C0C4FEA154EA8B291
:10989000230CBCFBFEF80EFB18CC08FB00F943EAD6
:1098A0000C43994528D9EB1808F1FF3204D29945A9
:1098B00002D9A8F102022B44A3EB0903A4B2B3FB23
:1098C000FEFC0EFB1C330CFB00F044EA0344A042F8
:1098D00014D92C190CF1FF3304D2A04202D9ACF1F7
:1098E00002032C44241A43EA02401EB1FC40002328
:1098F00034607360BDE8F0874246DDE76346F1E718
:10990000002A79D0B2FA82F3002B3FD01946C1F178
:10991000200302FA01F500FA01F42EFA03F20EFA1E
:1099200001FE20FA03F3AFB243EA0E034FEA154EED
:10993000B2FBFEFC0EFB1C201A0C0CFB07F842EAE3
:10994000004290455AD9AA180CF1FF3004D2904534
:1099500002D9ACF102002A44A2EB08029BB2B2FB8E
:10996000FEFC0EFB1C220CFB07F743EA02439F425E
:1099700046D9EB180CF1FF3204D29F4202D9ACF168
:1099800002022B44DB1B42EA004202E0AEEB020380
:1099900001224FEA154EAFB2200CB3FBFEFC0EFBCA
:1099A0001C330CFB07F840EA034398452AD9EB180F
:1099B0000CF1FF3004D2984502D9ACF102002B44DF
:1099C000A3EB0803A4B2B3FBFEFC0EFB1C330CFBA1
:1099D00007F744EA0344A74216D92C190CF1FF33C8
:1099E00004D2A74202D9ACF102032C44E41B43EA9F
:1099F00000400F46114678E71F2188E76046ABE735
:109A00006246BFE76046DBE76346EFE7734506D98A
:109A100016B9002108466DE7C6E9000EF9E7B3FA6A
:109A200083F787B9734501D3824207D8841A6EEB56
:109A3000030301209C461EB900215BE73846FAE784
:109A4000C6E9004CF8E7C7F1200CBB4000FA07F468
:109A500022FA0CF520FA0CF1BA401D432EFA0CF351
:109A60000EFA07FE4FEA154941EA0E011FFA85FE7C
:109A7000B3FBF9F809FB18300B0C08FB0EFA43EAAC
:109A800000439A4540D9EB1808F1FF3004D29A45BB
:109A900002D9A8F102002B44A3EB0A0389B2B3FB5D
:109AA000F9F809FB183308FB0EFE41EA03418E4525
:109AB0002CD9691808F1FF3304D28E4502D9A8F1D8
:109AC0000203294443EA0040A1EB0E01A0FB0298E7
:109AD0004145CE46434602D306D14C4504D2013817
:109AE000B9EB020E68EB0503002EA5D0B4EB0E0215
:109AF00061EB030101FA0CFC22FA07F3F9404CEA8E
:109B00000303C6E9003197E74046C5E74346D9E776
:109B10000123456789ABCDEFFEDCBA98765432104D
:109B2000FF7F00200018000A800720029801AA8009
:109B30007F202018180A8A8727229A99AB2AFF5F6C
:109B400000380012800DA005B8033281D5A05F381F
:109B50003812928DADA5BDBB31B35475FF67002A95
:109B6000801F200818068A82E7218A98672AAA9F00
:109B70003F28101E8C0865C6AB12FF4D8035A0171C
:109B8000380E92846DA36DB9EDB2CDB595B72F3671
:109B90009C16E9CECED4545F7F7820229819AA8AE9
:109BA000FF27001A800B20075802BA81B32075D80E
:109BB000271A9A8B2B275F5AB83B329355ADFF3D3E
:109BC0008011A00C7805E28309A1C6F852C2BD91AC
:109BD000B1AC747DE7618AA8673EAA907F2C201DF6
:109BE000D8099A86EB22CF59943AEF530C3DC5D150
:109BF000931C6DC9ED96CDAED5BC5F31F814428F84
:109C000071A4247B5B637B69E36EC9EC56CDFED502
:109C1000805F203818128A8DA725BA9B332B55FFF9
:109C2000C1FBE84C90728BE7B3518963AB232302ED
:109C3000841872AA612F3B51A8E53749FBC9CA0CA9
:109C400018532CFD45E39AE6F15DB0B61BB4BE2A6D
:109C500050EAE90E9C4B5E5724CCA1B759B887FF58
:109C6000E07D742648B9C5F3D9A8C4B1D5911101D6
:109C7000420C39D5B0979D28D4F29BA4FD646506AB
:109C80008C2996FEA2714DF3F82E58DB0D5A5F1504
:109C900028F57407CE25AF2B12E6D0DB2CDCC37F72
:109CA000F03E3A13A4DCE2F96C54E2D8EAC888002A
:109CB00021869C6AD8CB4E146AF94DD27EB232030B
:109CC000C6144B7FD1B8A6797C17ACED06ADAF0AB0
:109CD000947ABA03E792D7150973E86D16EEE13F5F
:109CE000781F9D09526EF17C362A716C7564448030
:109CF00010434E35EC65270AB5FC26693F5999019A
:109D0000638AA5BF685CD33CBE0BD67683D6570565
:109D10004A3DDD8173C9EB8A8439F4360BF70000C4
:109D2000154B30B598420ED0013398420FD0023B0C
:109D3000984210D10AA5D5E9004500200F4BC2E991
:109D400000450B6030BD08A5D5E90045F5E708A53D
:109D5000D5E90045F1E76FF08B00F3E7AFF3008042
:109D600001C0FF7F0000000002C0FF7F0000000074
:109D700003C0FF7F0000000002C0FF7F03004E8091
:109D800010B50F480F4C104B1B7821680288042B2C
:109D900092B289B294BF0D4B0D4B914234BF2068F3
:109DA00000881B8880B203380128B8BF0120072B28
:109DB00003D99A1F8242D8BFD81F80B210BD00BFFE
:109DC0007A0C0020D8080020960C0020720C00208D
:109DD000740C00200B460221014A02481CF039BED7
:109DE000FCE9030064D503000321024A02481CF089
:109DF00032BE00BF28EA030064D503000221024AF4
:109E000002481CF028BE00BF3AEA030064D50300F4
:109E10001FB500220B460392062B3AD8DFE803F069
:109E200035302B26211A040040F201130622ADF82A
:109E30000E301C4B03A91A701FF0F0FF03460028D8
:109E40002CD0BDF80C20012100921748174A1DF0B4
:109E5000C1FD23E040F202230522ADF80E30114B84
:109E6000E8E7134B042203930E4BE3E7114B032265
:109E700003930C4BDEE7104B02220393094BD9E707
:109E80000E4B01220393074BD4E70D4B0393054B75
:109E9000D0E702210B4A04481CF0DBFD05B05DF859
:109EA00004FB00BF950C002064D5030064EA0300A6
:109EB000040020200C0020201C0020203C0020203A
:109EC0007C0020204CEA0300022337B501240A4D10
:109ED00069462B70094B8DF8044000931FF084FFF6
:109EE000034630B100222A70054A214605481CF07D
:109EF000B0FD03B030BD00BFF9110120FE011D0D02
:109F000093EA030064D50300014816F0C9BF00BFFF
:109F1000C808002008B505480321054A1CF09BFD30
:109F2000BDE80840034816F0BBBF00BF64D503007E
:109F3000B7EA0300B808002008B5084610F034F866
:109F4000014B186008BD00BF0803012030B589B07F
:109F50001422002103A822F051FB0325A023012491
:109F6000CDE90453F023022206930F490F4B0094CE
:109F700003A808F021FD10F1780F034607D10C4B20
:109F80001C700C4A29460C481CF065FD05E030B1F8
:109F90000A4A214608481CF05CFD09B030BD044B5C
:109FA0001C70074AEEE700BF4CDF030044DF0300EC
:109FB000FF0F0120EAEA030064D5030005EB03006C
:109FC0002AEB030010B51A4B1B7833B1194A032151
:109FD00019481CF040FD002409E01EF051F8044629
:109FE00038B10346154A012113481CF032FD2046C2
:109FF00010BD05F063FE2046114905F0DBFD044667
:10A0000010B1104A0346EEE70146012005F088FE34
:10A01000044610B10C4A0346E5E7012005F0F0FFC5
:10A02000044610B1094A0346DDE7094ACFE700BFFD
:10A03000FE0F01204BEB030064D5030077EB030018
:10A0400098EB0300A8EB0300CDEB0300F2EB030059
:10A0500014EC0300044B1B782BB9044B1B7813B989
:10A06000034816F01DBF7047FF0F0120FF110120AC
:10A070001C03012070B505460E4B86B001AA03F102
:10A080001006144618685968083303C4B3422246C0
:10A09000F7D11B7828462370074A084B01A905F021
:10A0A000A7FC034620B10121054A06481CF0D1FC5B
:10A0B00006B070BDB0DE0300AC080020C402012071
:10A0C00021EC030064D5030070B5154A032115483F
:10A0D0001CF0C1FC144B1A7802BB0122134D1A70FC
:10A0E0002C68134A134B1146204613600CF0FCFDFC
:10A0F000034660B10221104A0A481CF0AAFC2B68F2
:10A100009C420BD12046BDE87040FFF7B3BF03214E
:10A11000BDE87040094A03481CF09BBC70BD00BFFD
:10A1200059EC030064D50300FD0F01200803012052
:10A13000C002012051AE010090EC0300ADEC030021
:10A1400000B50C4B8DB0186848B101A910F0A4FE01
:10A15000034638B10221084A08481CF07AFC0DB0C9
:10A160005DF804FB9DF80530002BF8D1FFF7ACFF3C
:10A17000F5E700BF08030120CDEC030064D5030020
:10A1800003460221014A02481CF063BCF4EC0300C0
:10A1900064D5030010B50C460321074A07481CF09C
:10A1A0005AFC074816F090F924B12046BDE810404B
:10A1B000FFF7E6BF10BD00BF0BED030064D5030041
:10A1C000A80E002010B5064A064802211CF043FCE8
:10A1D000BDE8104040F21B620023034817F07AB933
:10A1E00016ED030064D5030070850020F0B583B040
:10A1F0002C4D04462B6800AF002B50D02A4B1B7807
:10A200005BB9282813D10321284A29481CF023FCD4
:10A21000002528460C37BD46F0BD264B1B888342DF
:10A2200005D1254A032122481CF013FCF0E7A300C6
:10A23000B3F5C87FB8BF4FF4C873204A6E46108884
:10A240008CB0FB806A463C807C80B8809BB21C4905
:10A250004FF0640CCDE905147D216143B1FBFCF1A5
:10A26000CDE907100A2109934B430A9307234FF4C2
:10A2700063510F4842F8103F1CF000FC3946286833
:10A28000B5461FF025FE054630B1022103460D4AB2
:10A2900007481CF0DEFBBCE70B4A2346C2E76FF021
:10A2A0007F05B6E708030120F81101203FED030008
:10A2B00064D50300780C00207EED0300D40F01204C
:10A2C000ACED030006EE03002EEE03002DE9F04F87
:10A2D00093B0714C00AF80462C22002107F11C0086
:10A2E00022F08CF92068B0B96C4688B06A466B4B96
:10A2F0004FF4E651CDE905384FF40073ADF81C304A
:10A30000674B684842F8103F1CF0B8FBA5464C3735
:10A31000BD46BDE8F08F07F11C0110F0BDFD00281F
:10A3200040F0B480D7F8309020681FF010FA7860C1
:10A33000FFF726FD5C49F8600A78FB68042A94BFA1
:10A340005A4A5B4A03F1070A16881FFA8AFA3E60E6
:10A350002EB106EB0A02013AB2FBF6F296B2B9F15F
:10A36000000F00F09680534A15880DB1B9FBF5F542
:10A370007C7F514A5148EB46002C08BF10460A78B2
:10A3800090B0062AD1B296BF4D4ADFF838C152F8D4
:10A3900021C04D4A4D4914784D4A002C08BF114642
:10A3A0000A244C4AB2F800E04B4A13884B4ABB607F
:10A3B000128862436C46CDE9070C4948CDE909197A
:10A3C000786100F102300146E946464BB861CDE9BB
:10A3D0000538BB68A0F10230CDE90C320EAACDF8E9
:10A3E0002CE082E80300404A46F2C00149F8102FF1
:10A3F0004A462C481CF042FB3C4A3D49D2F800C07A
:10A400003C4ADD461088284AA54692F800E03A4AC0
:10A4100080B2BEF1040F88BF0A467B683749C4E9A1
:10A42000073C3B68C4E90518E362FB68C4E909021C
:10A43000C4E90C3A324B4A46E363324BA6632361CC
:10A4400046F2C00117481CF019FBDD462E4B8EB0BA
:10A450001C88184B6A4618882C4B19882C4B1B8873
:10A46000CDE909134FF400732A4EADF830302A4B72
:10A47000CDE90740CDE905680B9544F2C041094894
:10A4800042F8103F1CF0FAFADD4640E74FF00009B1
:10A490004AE74D466CE700BF080301208FEE03003A
:10A4A0000300000164D50300960C0020720C00200C
:10A4B000740C0020D00F012057EE030068EE03005B
:10A4C00018DF03007EEE0300FB110120A2F603005B
:10A4D0002A550400780C0020D40F0120760C0020AF
:10A4E00000020103A8EE03000A000004D8080020BF
:10A4F0008AEE03007A0C002086EE0300F5EE0300DE
:10A50000000204060B000002D20F0120CE0F012032
:10A51000CC0F012066EF030008000001B0B5012454
:10A520000F4800AF01800F4802800F4803800F489A
:10A5300004706C468AB0CDE907236A4605230C4DAA
:10A540000C48CDE905514FF4235142F8103F1CF05F
:10A5500095FA0948A546FFF7B9FEBD46B0BD00BF54
:10A56000780C0020D40F0120760C0020F811012077
:10A57000BAEF030064D50300FEEF03008A421046E1
:10A5800028BF0846B0B50D4B00AF18606C46186880
:10A590008AB00523CDE907206A46094D0948CDE96F
:10A5A00005514FF4235142F8103F1CF067FA06485A
:10A5B000A546FFF78BFEBD46B0BD00BFD808002002
:10A5C00010F0030064D503003FF00300F8B51C4A07
:10A5D0000B880546138048881A4AB1F804C01080D9
:10A5E000194AC988A2F800C0184C194A6E46118051
:10A5F000227800AF022A0CBF164A174A8AB013808D
:10A600006A46DFF858E0CDE907C0CDE905E3062347
:10A610000991134842F8103F4FF443511CF02EFAB1
:10A620001048B546FFF752FE2378012B04D1284687
:10A63000FFF74AFCBD46F8BD00232370FAE700BFD0
:10A64000D20F0120D00F0120CE0F0120F9110120DF
:10A65000CC0F0120720C0020740C00204EF003007F
:10A6600064D5030085F003002DE9F8434FF07D0821
:10A6700064254FF00A09434B434A1B88108808FBA6
:10A6800003F3424A0C4611886E4600AF8AB0B3FB12
:10A69000F5F36A4609FB01F1DFF8F4C0CDE90701E3
:10A6A000CDE905C305234FF4235142F8103F394843
:10A6B0001CF0E4F9B5468EB06A4621886388B4F888
:10A6C00004C0E088DFF8D0E00B90CDE905E108FB9D
:10A6D00001F1B1FBF5F1CDE9071308FB03F3B3FB7F
:10A6E000F5F3CDE9093C092309FB00F044F6C0016C
:10A6F0000C9042F8103F27481CF0C0F92388B5465B
:10A70000052B618802D9B1F5C87F14D96C468AB08F
:10A710006A462248CDE905030623CDE907314FF407
:10A72000C87109914FF442511A4842F8103F1CF089
:10A73000A5F9A54606E0A38843B10221184A1548A9
:10A740001CF087F90020BD46BDE8F883E388B1EB33
:10A75000830F4FEA830002DAB3F5486F0AD96C46DB
:10A760008AB06A460F4D0993CDE90553CDE907013B
:10A770000623D7E7074803210B4A1CF06CF9012098
:10A78000E1E700BF780C0020D40F0120760C0020F8
:10A7900095F0030064D50300CEF003002EF1030012
:10A7A00070F1030089F10300D0F1030010B570B916
:10A7B00014484FF40773144A14491CF083FA1448E0
:10A7C0001CF080FA4FF407710F481CF072FA83688E
:10A7D000104A93420AD2104A934207D3DC682822D7
:10A7E000A446BDE810404CF2503360474FF4077365
:10A7F000054A0A4903481CF065FA094909481CF052
:10A8000061FADFE748F20300F6F1030035F20300D6
:10A8100065F2030030D403000CD4030076F2030089
:10A82000B3F30300B8F3030008B5302019F074F84F
:10A8300038B100238385011DBDE808400348FFF7B8
:10A84000B5BFBDE80840FFF7BDBC00BFACC9030001
:10A8500010B570B9144840F2F513144A14491CF0AD
:10A8600031FA14481CF02EFA40F2F5110F481CF092
:10A8700020FA8368104CA34209D2104CA34206D39D
:10A880005C684FF0FF33A446BDE81040604740F2DB
:10A89000F513064A0A4904481CF014FA09490A4803
:10A8A0001CF010FAE0E700BF48F20300F6F10300E5
:10A8B00035F2030065F2030030D403000CD403002A
:10A8C00076F20300B3F30300B8F3030070B5037826
:10A8D0008AB004460E4607AD032B20D8DFE803F00C
:10A8E00002191B1D11492846FEF7A5FF059563783F
:10A8F0001E210493A37830460393E3780C4A029315
:10A900002379019363790093A3791BF0C1FD0AB009
:10A9100070BD0849E7E70849E5E70849E3E70A2188
:10A920002846074A1BF0B4FDE0E700BFCFF3030061
:10A93000F1F30300D6F30300DDF30300E7F30300B4
:10A94000D0F903002DE9F04188B000AF0C4606466F
:10A950001FF044FA3946FFF7B9FFE8468AB06A4665
:10A96000079400241E4B4FF44351CDE905371D4B8E
:10A970001D4808931D4B1E4D09931E4B42F8103F76
:10A980001CF07CF81C4BC5461C7006231B4A136048
:10A990001B4A13702B689E4219D11A4816F0A0FD6D
:10A9A0002822194B28681C70184B1C70184B1A80F1
:10A9B0004FF4C872174B1C80174B1A800FF01EFB08
:10A9C000164B2C601B7833B9154816F069FA2037FE
:10A9D000BD46BDE8F081134B1C70FFF73BFBF6E76B
:10A9E00014F403002A55040064D503000002020495
:10A9F0000803012005000002FF110120DC080020EF
:10AA0000960C002040850020FD0F0120F811012048
:10AA1000780C0020D40F0120760C0020FE0F0120BE
:10AA20002C030120FF0F0120B0B588B0036800AFF0
:10AA3000394618681446FFF749FF8AB0094A0A4B9D
:10AA4000CDE905274FF40072ADF820206A4607943F
:10AA50004FF41351054842F8103F1CF00FF820370F
:10AA6000BD46B0BD37F403000400000164D5030007
:10AA70002DE9F0430C4695B000AF07F104080546F8
:10AA80001FF0ACF94146FFF721FF34B36E468AB0A0
:10AA90006A46474B0794CDE90538464B464C089328
:10AAA000464B4FF443510993454B464842F8103FFB
:10AAB0001BF0E4FF2368B5469D420AD128460FF0FB
:10AAC0009DFA00232360404B1B7813B93F4816F0D2
:10AAD000E7F95437BD46BDE8F08301263C4B3146CB
:10AAE00020461E7012F0A8F8284607F1240110F045
:10AAF000D3F9044618B10346364A022136E097F8E6
:10AB00002510354A354BE9468AB0002908BF13465F
:10AB10006A460793324B33490893334BCDE9051806
:10AB2000284842F8103F4FF423511BF0A7FF97F835
:10AB30002530CD46012B1FD103212C4A21481BF083
:10AB40008AFF28460FF030FA294D1B4B18602B78EE
:10AB5000002BBED00028BCD0264C2088FFF746FB37
:10AB6000034638B9287023880321234A15481BF06F
:10AB700070FFAEE7214AC0E72822214B21481C7014
:10AB8000214B1C70214B1A804FF4C872204B1C8043
:10AB9000204B1A80002341F66A0216F09BFC1DF040
:10ABA0006FFA0346002894D01B4A3146DEE700BF07
:10ABB00077F403002A550400080301200002020470
:10ABC0000500000264D50300FE0F01202C030120C4
:10ABD000FF110120CDEC030064F403006CF40300CA
:10ABE000000201039AF4030004000002B2F403001F
:10ABF000F7110120700C0020E1F403000FF50300B1
:10AC0000FD0F012040850020F8110120780C002064
:10AC1000D40F0120760C002044F5030010B50B780A
:10AC2000052B00F2C080DFE803F003AC2E7A9E5FB4
:10AC30008B68002B00F0B7804868002800F0B380D4
:10AC4000594A1368EBB1181F00231360574A136069
:10AC500018F0FEFD00220023554815F05DFB00288A
:10AC600000F0A180828D011D5248FFF7F1FD002800
:10AC700000F09980504A0221BDE810404F481BF077
:10AC8000EABE0438E4E74A68CB68108D03444C48B8
:10AC90009BB213850278002A40F085804A681344ED
:10ACA00013F8013C0A2B01D00D2B7CD1012303703A
:10ACB0004048444A8368934206D2434A934203D3AE
:10ACC000BDE810405B69184740F24F233F4A4049B6
:10ACD00040481BF0F7FF404940481BF0F3FF40F2AB
:10ACE0004F213A481BF0E5FF0024354B30201C7003
:10ACF00018F012FE30B18485011DBDE810402D48CA
:10AD0000FFF754BD364A2D4802211BF0A4FEBDE8D2
:10AD1000104040F21B620023324816F0DBBB3020AB
:10AD200018F0FAFDE8B10023011D83852148254A6A
:10AD30008368934207D2244A934204D3BDE810406B
:10AD400028221B69184740F23723204A204921480E
:10AD50001BF0B8FF204921481BF0B4FF40F2372117
:10AD6000BFE71F4A87E74B68191F1B8D23B1BDE85A
:10AD700010401D4815F068BA0846BDE8104018F0AC
:10AD800067BD094B186808B948681860074A8B689E
:10AD9000116819441160028DBDE81040521A014437
:10ADA0000448FFF755BD10BDBC020120B8020120C8
:10ADB0000C0F0020ACC9030061F5030064D503004B
:10ADC000FC0F012030D403000CD40300F6F1030083
:10ADD00076F2030048F20300B3F30300B8F3030074
:10ADE00016ED030070850020F80E0020044BD3E818
:10ADF000EF0F1044C3E8E10F0029F8D1704700BFFE
:10AE00001003012037B504460D460D4A03210D48B5
:10AE10001BF021FE2946204605F052F9284605F090
:10AE200001FA20461DF010F9002200230648CDE962
:10AE300000230023054A18F0A3FB03B030BD00BF78
:10AE40007FF5030064D50300F00C00206CDC0200E9
:10AE500037B50B460446002934D103211C4A1D484E
:10AE60001BF0F9FD20461EF072FC034603211A4A2E
:10AE700018481BF0EEFD20461EF069FC174B1860C9
:10AE80001748FFF723FA174B1B689C4202D1204654
:10AE9000FFF7F0F80125144B69461D70134B20464F
:10AEA000009300238DF804301EF09EFF034638B156
:10AEB000084829460E4A1BF0CCFD2046FFF704F84F
:10AEC00003B030BD02210B4A02481BF0C2FDDAE795
:10AED0009BF5030064D50300ADF50300D8080020FE
:10AEE000BAF5030008030120F9110120FB0090428C
:10AEF000E6F50300C7F503000120F8B5354B364CE5
:10AF000018700B78354D022B00AF28D0202B2DD098
:10AF100083425BD10321324A32481BF09CFD062359
:10AF200000222370304B1A70304B1A785AB12278B5
:10AF3000052A08D12E4A106828B12E4A117800221D
:10AF40001A70FEF765FF22782B782B489A4202BFD1
:10AF500000222A4B1A70FFF7B9F9BD46F8BD03214C
:10AF6000274A20481BF077FD0523D9E72B781E4A96
:10AF7000042B22D82B786E46DBB22370002313708B
:10AF8000237888B0062BDAB298BF1E4B88B094BFE6
:10AF900053F822301C4B6A461C491248CDE9051370
:10AFA0004FF40073ADF81C30194B4FF4E65142F8E2
:10AFB000103F1BF063FDB546B6E704231070237005
:10AFC0000221144A07481BF046FDADE70321124A4F
:10AFD000F8E700BFFE110120960C0020950C002020
:10AFE0000BF6030064D50300FB110120FA110120C8
:10AFF00008030120940C002094F60300FD110120A9
:10B000001EF6030018DF03007EEE030031F6030096
:10B010000300000141F603007FF603002DE9F04F25
:10B0200095B004AF4FF0FF324FF0FF33554815F0A5
:10B03000ADFAFEF7A5FE1BF012FD06460024032123
:10B04000514A52481BF007FD2546A146FEF798FEDF
:10B050004F4B80461B78002BF8D04FF0000A1FF0B2
:10B0600096FB4C4B83461989CDE901AA4A48CDF895
:10B0700000A04346494A00680CF0C4FBF8601FF08A
:10B0800086FBFB68002B60D002210093444A4B46AC
:10B090003E481CF09FFCD1461BF0E1FCA0EB060BE8
:10B0A000BBF57A7FF860D1D33B4B186800285AD1A2
:10B0B00000264FF47A705A460023A5FB0001F7F7EB
:10B0C0000FFAA0FB08C1C900B86082464FF47A723B
:10B0D00000234FEACC0041EA5C71F7F701FA78608F
:10B0E000002E48D00023AAFB06012E4AF7F7F8F9F4
:10B0F0002D4B1B78002B40D12C4B1B78062BDAB242
:10B100003DD82B4B53F82230EA4690B004AA294987
:10B110009463C2E90513BB680024C2E907357B6864
:10B12000C2E90C60C2E90A384FF400739387224BDE
:10B13000C2F824B045F6C041144842F8103F1BF055
:10B140009DFC2546D546FE6880E7A0EB0B009628BF
:10B1500005F1010504D94C4538BF4C4699469BE79B
:10B1600009F1010998E707F114010FF095FE002895
:10B170009ED1BE6A9DE73046BAE7104BC4E7104B3C
:10B18000C2E700BF980E0020B2F6030064D50300AA
:10B19000FF110120C402012008030120001001203A
:10B1A000D3F6030040420F00FB110120960C002053
:10B1B00018DF0300F7F603000B0000019FF6030001
:10B1C0007EEE0300014815F07FB900BF980E002005
:10B1D0007FB511F00FFD034620B10121764A774873
:10B1E0001BF037FC00200EF0C3FA044640B10346C2
:10B1F000734A012171481BF02CFC002004B070BD83
:10B20000704A03216D481BF026FC6F480AF0C0FE0F
:10B210006E496F4815F01CFD6E496F4815F0C6FF6A
:10B220006E4815F051F91CF0AAFC6D4E30461FF027
:10B2300045FD40B901216B4A60481BF00CFC6FF0E2
:10B240001203694AD5E7302018F066FB054600284E
:10B2500042D084856549664815F0A8FFB368654A01
:10B26000934207D2644A934204D31B6893B96FF0A8
:10B270005703E6E740F2E113604A614961481BF079
:10B2800021FD614961481BF01DFD40F2E1115B4861
:10B290001BF00FFD224630465D49984703460028C3
:10B2A000CFD13046291DFFF781FA03460028C8D1C7
:10B2B000584B03900193584B584801A902931CF036
:10B2C00020FF044658B101210346554A3B481BF074
:10B2D000C0FB544A23468CE76FF00B03B1E7032110
:10B2E000514A36481BF0B7FB504804F0B7FE0346FE
:10B2F00008B14F4A7DE70023012401A8CDE90133BD
:10B3000003938DF8084004F043FE4A4804F042FCE1
:10B3100049494A4815F09CFC0321494A27481BF03B
:10B320009AFB01A88DF804401CF0C7FE034620B12B
:10B330000221444A21481BF08CFBFEF743FE0546E0
:10B3400000287FF45AAF03213F4A1C481BF083FBBF
:10B35000302018F0E1FA0446A0B901213B4A174811
:10B360001BF079FB3A4C237803F0FF0023B9013539
:10B3700005F0010111F060FC002147F6122017F0E2
:10B38000D3F9F0E70326334B011D1A889B7882809E
:10B39000868532468B701248FFF75AFA034640B151
:10B3A00001212D4A05481BF054FB204618F050FAA5
:10B3B000D8E72A4A3146D2E76BF7030064D5030089
:10B3C00086F70300A5F70300A40800204D9F0100A5
:10B3D0001C03012041A1010040850020780E0020BF
:10B3E000ACC90300BBF70300D1F7030029A8010093
:10B3F0007085002030D403000CD40300F6F1030064
:10B4000076F2030048F20300B3F30300B8F303003D
:10B410001DAC01007DB4010095A10100C402012012
:10B42000EBF7030015F8030035F803009808002037
:10B4300053F80300900800205B6A03002C030120EE
:10B440006FF8030087F80300B4F80300DCF803008A
:10B45000FF110120F962040003F9030030F9030031
:10B4600010B5054C0220217811F0E6FB237883F01B
:10B470000103237010BD00BF970C0020F0B50C46EF
:10B48000154683B0634B02AFD3E8EF1F2944C3E8EE
:10B49000E21F002AF8D103212B465F4A5F481BF0C8
:10B4A000D8FA032D237838D96E468AB08AB094F83A
:10B4B00001C0A078E17802AADFF864E15162C2E934
:10B4C00005E306234FF44351C2E907C042F8103F99
:10B4D00052481BF0D3FAB5462378242B40F09480D1
:10B4E0006378532B3ED163884E4A5BBA9BB2B3F567
:10B4F000FD7FA8BF4FF4FD73172BB8BF172399B278
:10B50000118046480321484A1BF0A3FA4748FEF73A
:10B51000DDFE01200437BD46F0BD11D16E468AB074
:10B520008AB06078A17802AADFF804C1C2E90701F5
:10B53000C2E905C305234FF4235142F8103FC7E782
:10B54000022D07D16278032100923448394A1CF059
:10B5500041FAC1E7012DBFD10321374A2F481BF023
:10B5600078FAB9E74C2B02D1FFF77AFFD1E7502BDD
:10B570004AD1022D48D9A4786D46062C98BF2F4B8E
:10B580008AB08AB094BF53F824302D4B02AA2D49BB
:10B59000D461C2E905134FF4007313842A4B4FF4AE
:10B5A000135142F8103F1D481BF068FAAD46274D75
:10B5B00027492B78A34208BF0A78087814BF0022D5
:10B5C00082F0010200F0FF0320B1224B1B78181B10
:10B5D000434243412048006800289AD01A4398D13A
:10B5E0002B78042B0CD8042C0AD82B78A34207D034
:10B5F000184B1C7001230B700521FEF709FC88E72E
:10B6000000230B702146F8E70221144A03481BF07F
:10B6100022FA7EE7100301204FF9030064D50300EE
:10B6200085F903007A0C0020D7F90300F1F9030033
:10B63000A1F90300B8F90300CAF9030018DF0300F9
:10B640007EEE030004FA030004000001960C0020C3
:10B65000FA110120940C00200803012030FA0300A5
:10B6600044F6244307B5ADF804300B4B186850B1CD
:10B67000022201A904F0FEFC034638B10221074A68
:10B6800007481BF0E6F903B05DF804FB0321054A07
:10B6900003481BF0E0F9F6E70803012052FA030023
:10B6A00064D5030077FA030013B50E4B04461868FF
:10B6B00090B145F224330422ADF804300DEB0201C1
:10B6C00063BAADF8063004F0D5FC034630B1022170
:10B6D000054A06481BF0BDF902B010BD0321234600
:10B6E000034AF6E7080301208AFA030064D5030041
:10B6F000B0FA0300B0B582B01A4B0446186800AF28
:10B7000080B1194B03221C7045F22403391DBB8004
:10B71000BC7104F0AFFC034638B10221134A14484F
:10B720001BF097F90837BD46B0BD062C98BF114BEA
:10B730006D468AB06A4694BF53F824300E4B0F49C9
:10B740000794CDE905134FF40073ADF820300C4B8E
:10B750004FF41351064842F8103F1BF08FF9AD46E5
:10B76000E0E700BF08030120950C0020D9FA030090
:10B7700064D5030018DF03007EEE0300FDFA03002A
:10B780000400000184B02DE9F04F8DB002AF07F145
:10B79000500484E80F00AC4B6D461B688AB0BB6058
:10B7A00002AAB7F87C30A94907F15404C2E905138D
:10B7B00040F201331384A64BD4614FF4135142F885
:10B7C000103FA4481BF05AF90122A34BAD461A7052
:10B7D0001CF056FC034638B110F1780F04D002215A
:10B7E0009E4A9C481BF035F9FEF734FC04222046A3
:10B7F0009B4920F022FF38B9FFF732FE2C37BD46B7
:10B80000BDE8F04F04B0704703222046954920F070
:10B8100014FF10B9FFF724FFF0E7062220469249F3
:10B8200020F00BFF40B90122904B1A70904A03217F
:10B8300088481BF010F9E1E7082220468D4920F0E6
:10B84000FCFE18B9894B18708B4AF0E7204602229B
:10B850008A4920F0F2FE0446002840F0E980884939
:10B8600007F1200207F1560020F040FF264601466E
:10B87000A346A146A046A246C7E90344C7E905443A
:10B88000FC61002944D00846024610F8015B202DD7
:10B89000FAD0092DF8D0002D00F0CA805278002A85
:10B8A00000F0C680102207F1240178601AF01AFE19
:10B8B0007A6A7B68934200F0BB80643D0C2D00F2F5
:10B8C000B780DFE805F007B516B5B51BB5B5B520EF
:10B8D000B5B5120001238346FB616949002007F1D9
:10B8E000200220F003FF0146CBE701230646BB619F
:10B8F000F3E701231FFA80FA7B61EEE701231FFAC9
:10B9000080F83B61E9E701231FFA80F9FB60E4E777
:10B91000FB697960002B00F08B80BB69002B00F085
:10B9200087807B69002B00F083803B69002B7FD0F0
:10B93000FB68002B7CD01FFA8BF50A2D28BF0A2547
:10B94000B8F5C87F28BF4FF4C878B8F1060F38BFE4
:10B950004FF00608B9F5FD7F28BF4FF4FD79494B3C
:10B96000B9F1170F38BF4FF01709BAF1010F1D6079
:10B9700038BF4FF0010A1BF072F8434B41F6856265
:10B98000186000234148CDE9002317F0F9FD7968DC
:10B990003F4A084646FA00F303F00103135401300E
:10B9A0000728F7D1284B1968515C19B9115D002996
:10B9B00041D01C601A68B968DFF8D8B08A4206D056
:10B9C000DBF800201AB11868C0B2FFF793FE00221E
:10B9D000314BD3E8EF1FC3E8E02F0028F9D14846E8
:10B9E000FFF762FE2D4B6C468CB0A3F8009002AAC4
:10B9F0002B4BC2E9076AC2E905350723C2E9098969
:10BA00004FF4635142F8103F12481BF037F8DBF84F
:10BA10000030A5469BB90122224BA3F80080224B9F
:10BA20001A7003214346214A0A481BF012F8E5E642
:10BA300002211F4AFCE60134072CB7D1BAE7404681
:10BA4000FEF7D4FBDAE600BFDC08002023FB03008E
:10BA50000400000164D50300FE0F01203FFB03003A
:10BA60005CFB030061FB03006AFB0300FC11012087
:10BA700066FB030075FB030071FB03007EFB030004
:10BA800081FB0300140301200C030120280D00207A
:10BA90008D0C002008030120100301207A0C0020E7
:10BAA00098FB0300700C0020F7110120C9FB030074
:10BAB00083FB03002DE9F04395B04FF0FF324FF0C8
:10BAC000FF33264808AF14F061FD302200213846CC
:10BAD00020F094FD4FF000094FF0FF334FF0FF329C
:10BAE0001F4814F019FCBDF84C40838DC4F12804A4
:10BAF0009C42064628BF1C464FF000081CB9304641
:10BB000017F0A6FEE8E7BDF84C0008F10401043088
:10BB100022463144384420F04BFDBDF84C30A0445F
:10BB200023446C469BB2ADF84C3050336B4403F861
:10BB30002C9C0CAD0FCD0FC495E80F0084E80F00CE
:10BB400097E80F00FFF71EFEB48DADF84C90A4EB04
:10BB50000804282C28BF2824D0E700BF780E002036
:10BB6000F80E002070B50D460646302017F0D4FEC2
:10BB70000422FF236DBA037182854671C580811846
:10BB800004460848FEF764FE034648B10648012112
:10BB9000064A1AF05EFF2046BDE8704017F058BE16
:10BBA00070BD00BFACC9030064D5030001FC0300F5
:10BBB0002DE9F04F83B0744B744C02AF26681A68BD
:10BBC000511C196072490968B2EB810F2ADB714A76
:10BBD000127802F0FF012ABB1960072123686E4822
:10BBE000013393FBF1F2C2EBC2029B1A236023687C
:10BBF000C35C4BB12368062B00F2B380DFE803F08F
:10BC0000AFADABA9A7A50D002368013393FBF1F2FB
:10BC1000C2EBC2029B1A2360E9E7604A0321604835
:10BC20001AF019FF23685F4D9E4204D12A782368D9
:10BC30009A4200F09880F6B2062E96BF5A4B5B49A6
:10BC400053F8261023686E46DBB2062B98BF564A7F
:10BC50008AB094BF52F82330544B02AAD361544B9C
:10BC600054481362544BC2E905014FF423514C4828
:10BC700042F8103F1AF002FF2068B546C0B2FFF745
:10BC800039FD4FF001084FF0FF324FF0FF334B48C2
:10BC900014F07CFC1AF0E3FE0021494A136810609E
:10BCA000A0EB030B474BD3E8EFAFC3E8E21F002A3A
:10BCB000F9D1424814F008FCBBF1010F38BF4FF036
:10BCC000010B00235A464FEACA004FEA5A71F6F7B1
:10BCD00007FC4FF6FF74B0F5803F38BF04463A4E7C
:10BCE00029783A4B30783A4AE9468CB0002808BFA8
:10BCF0001A46A4B2C9B202ABC3E909B240F2046267
:10BD00009A851A463348C3E9074AC3E90501324B0D
:10BD10004FF4735142F8103F21481AF0AFFE3378C8
:10BD2000CD46DFF8B8900BBB99F80030F3B9214647
:10BD30002878FFF717FFB8F1000F02D0012389F828
:10BD400000300437BD46BDE8F08F254A66E7254A36
:10BD500064E7254A62E7254A60E7254A5EE7254A07
:10BD60005CE7254A5AE74FF000088CE7337899F8EA
:10BD70000020DBB2D2B20321009209481F4A1BF017
:10BD800029FE00233370D6E718030120DC080020C9
:10BD900014030120FC1101208D0C00201EFC030067
:10BDA00064D50300960C002018DF03007EEE03002C
:10BDB0000002010318FD030004000002C80E002069
:10BDC0000C03012010030120FE1101202A5504005C
:10BDD00014FC030037FD030007000001FD110120E2
:10BDE0003DFC03005CFC03007AFC030098FC0300AC
:10BDF000B6FC0300D4FC0300F3FC03005FFD03006A
:10BE00002DE9F04110F0030407464FD121F003065D
:10BE1000DFF8B4E0DFF8B4802D4A8D0800EB060CA3
:10BE200060451CD16FF0030303FB0515B81900230F
:10BE30000544A84242D124484C405843234B4FEA82
:10BE400070405843234B604080EA10405843224BD7
:10BE500080EA5030584380EA1040BDE8F08150F845
:10BE6000043B0EFB03F34FEA734308FB03F3634009
:10BE70004FEAF34303EB83039C18D1E71B68043DAF
:10BE80007B434FEA73430CFB03F363404FEAF343F6
:10BE900003EB83039C18032DA6EB0503EED86FF08C
:10BEA00003028B085343CD18C01AC0E70D46002487
:10BEB000054FDFF818C0064A4618ECE710F8012BCA
:10BEC00042EA0323B5E700BF512D9ECC9335871B73
:10BED000646B54E66BCAEB8535AEB2C22DE9F84F00
:10BEE00004461AF0CEFDB0FA80F0C0F11F0004EB5A
:10BEF0008006D6F81090CD0005F1040A0B460635F1
:10BF00008FB2B9F1000F0AD10121E26881400A43E2
:10BF1000E260336124F80A706753BDE8F88F4FEA96
:10BF2000C906043634F806B04FEACB0808F1060813
:10BF300034F8083099450CD001210A4A0A481BF010
:10BF400036FD002383F31188BFF36F8F0423184657
:10BF500002DF24F80AB024F8059024F80870A753EB
:10BF6000DBE700BFD4FD0300BCD5030010B500EB38
:10BF7000C1035B880446DB070A460ED41AF086FD2F
:10BF800034F83030C01A814207D134F831102046DD
:10BF9000511A1AF07BFD82420CD00121064A074853
:10BFA0001BF005FD002383F31188BFF36F8F04237B
:10BFB000184602DF10BD00BFF8FD0300BCD503002A
:10BFC0002DE9F84300EBC103DF880446B94202F1D2
:10BFD00004080BD1012303FA02F2C36823EA020327
:10BFE000C360002340F82830BDE8F883B3F804901C
:10BFF000FD004FEAC9060636835B0435994202D13B
:10C00000435B99420CD00121084A09481BF0CFFC40
:10C01000002383F31188BFF36F8F0423184602DFD8
:10C0200044F82870A75324F80590DDE7D4FD0300F9
:10C03000BCD503002DE9F84F8A4600AF002900F077
:10C040009A8004680E1F361BF50826F0070604EBDD
:10C050000608B8F802B01BF0010B16D1E94688B00B
:10C060006A46464BCDE90531032342F8103F4FF4B1
:10C07000C2515B46424802F031FBCD468BF311883A
:10C08000BFF36F8F0423184602DF294620461AF0BB
:10C09000FDFC34F83030C01A854217D0E94688B02C
:10C0A0006A46384BCDE9053A032342F8103F002396
:10C0B0004FF4C251324802F011FB0023CD4683F306
:10C0C0001188BFF36F8F0423184602DFA15B20465F
:10C0D000691A1AF0DBFCA84217D0E94688B06A4614
:10C0E000294BCDE9053A032342F8103F00234FF4D2
:10C0F000C251234802F0F2FA0023CD4683F311889F
:10C10000BFF36F8F0423184602DFB8F802302946C8
:10C1100023F00103A8F8023020461AF0B7FC04EB24
:10C12000C0035B888046DA070CD401462046FFF73F
:10C130001DFF414620461AF0AEFC424629462046E5
:10C140001AF0F5FCA65BAE1B04EBC6035B88DB07AD
:10C150000DD431462046FFF709FF314620461AF03C
:10C160009AFC2A46314620461AF0E1FC354629461B
:10C170002046FFF7B3FEBD46BDE8F88F91FE0300F1
:10C18000BCD5030041FE03006AFE0300B2F5802F18
:10C190002DE9F8430ED33E4940F20A333D4A3E486A
:10C1A0001AF090FD3D481AF08DFD40F20A313948F1
:10C1B0001AF07FFD042A0CD8394940F21133354A70
:10C1C00035481AF07FFD37481AF07CFD40F21131F6
:10C1D000EDE7043ACD1D114425F0070521F00706CF
:10C1E000A6EB0508B8F1170F4FEAD8070CD82E496F
:10C1F00040F21D33274A28481AF064FD29481AF0F6
:10C2000061FD40F21D31D2E7B7FA87F44FF0000923
:10C21000C4F12002C4F12404A4000734E408631C20
:10C22000BB420560AF60C5F80C900CD91F4940F2C5
:10C230003333184A18481AF045FD1A481AF042FDDF
:10C2400040F23331B3E74946920005F1100020F087
:10C25000D5F9A2B2530043F001036B803B1B9BB2A4
:10C2600005EBC4015800A5F80090488025F834205B
:10C27000A6F8029025F8083005EBC7035A88214636
:10C2800042F001025A802846BDE8F843FFF726BE77
:10C2900011FF0300B6FE030048F2030027FF03006E
:10C2A0003EFF03005FFF030078FF0300A1FF0300D0
:10C2B0000E4A0346904202D30D4A904211D30D4AD2
:10C2C00022B1934202D30C4A93420AD30B4A52B191
:10C2D0000B48834234BF01200020934238BF002026
:10C2E0007047012070471046704700BFB8C7030071
:10C2F0005C65040000000000000000000000000079
:10C30000000000002DE9F04F054691B0994602F07B
:10C3100004030293C2F3C2030133AC070E46104676
:10C32000DDF868A0049340F0C5812C1D002D3DD19F
:10C3300001F00706341DC6F1080600274FF0FF3351
:10C340004FF004080193BB46434600F0020109F197
:10C35000FF320397009705910DB1C4F8009004983F
:10C36000002809DC4846CDE90632FFF7A1FFDDE9E8
:10C370000632002800F0BE800598002800F0E58015
:10C380000120A4EB050CBCF5007FC0F0B9809449F6
:10C390004FF42273934A94481AF094FC93481AF08D
:10C3A00091FC4FF422718F481AF083FC0729C4D8FE
:10C3B0006FF01B0011B0BDE8F08F7A285BD84B28D6
:10C3C0000FD8472857D829282ED8252850D052D8FA
:10C3D000202818BF23280CBF4FF0010B4FF0000B93
:10C3E00071E04C382E2846D8DFE800F06D45454511
:10C3F00045454545454545454845454545454545EA
:10C4000045564548485656566D486A456D45184844
:10C410001845457F7C48454548457C0000204FF045
:10C42000000B4FF0040835E001212A38C0B201FAB0
:10C4300000F010EA0E0F46D110F0625C2CD110EA29
:10C44000010B40D06046013C4444B4FBF8F408FBC7
:10C4500004F425B1A3EB050CA444B445A8D80028E6
:10C4600000F08E8004995AF8049B0139049173E717
:10C470000199013901914FF0000B24E012F8010CF1
:10C480006C2834D1002012F8023C83466C2BC8D1B2
:10C490004FF008084346D6E70AF1070A2AF0070AD0
:10C4A000073424F00704FAE802BC35B106982044AA
:10C4B000B0423FF67DAFC4E900BC4FF0000B08343A
:10C4C0004FF00808434612F8010F002871D0BBF165
:10C4D000000F7FF472AF2528F5D14FF0010B019BBF
:10C4E000013301934FF00408ECE7584697E700202A
:10C4F0008346A8E70599A4EB050C00297FF443AF18
:10C5000000990F290CD9364940F28D23354A364817
:10C510001AF0D8FB36481AF0D5FB40F28D2142E7DD
:10C52000F5B10099CCF3870C40310DEB010E019968
:10C530000EF820CC0EF8101C70B16CF07F0C0EF8C9
:10C5400020CC0137009801300090C5F108014FF66A
:10C55000DA7E04340691B6E7039801300390F1E7E0
:10C5600008B10136EEE7029902360029EAD14846C1
:10C57000CDE90632FDF767F9DDE906320644E1E769
:10C58000042B08D10AF1040015B1DAF8001021607B
:10C590008246043497E70AF1070323F0070303F107
:10C5A000080A1DB1D3E90001C4E9000108230834D9
:10C5B00089E7631BB3F5806F0CD3094940F2DE2392
:10C5C000084A09481AF07EFB0A481AF07BFB40F241
:10C5D000DE21E8E685B9A6F10804E018EAE600BF26
:10C5E00098520400D4FF030048F203000200040044
:10C5F000230004003D000400029A9B0828602B7071
:10C600009DF80C30BAB1EB70AF7037B1002208A8BA
:10C61000C5F1010C009B93420FD14FF0000AC5F108
:10C6200001030DF1200801930DF1300B009B5345E0
:10C6300012D1601BBEE66B70E6E710F8013B1906ED
:10C6400008D50CEB040EB64503F07F033FF6B0AE01
:10C6500004F8013B0132DDE71FB198F90020002A00
:10C6600017DB029BD3B11AF80B2004F8012B002230
:10C67000019B18191044B0423FF69AAE98F800009A
:10C68000494604F8010B204603921FF091FF039ADC
:10C6900014440AF1010A08F10108C7E798F80020DC
:10C6A000029B55F8229045F822304846FDF7CBF81A
:10C6B000421CDDE76FF00D007CE600BF2DE9F04F76
:10C6C00091B000AF8B46164605467B6358B99E492C
:10C6D00040F2A5339D4A9E481AF0F4FA40F2A53183
:10C6E0009A481AF0E6FA51B9037890F801808078F8
:10C6F00000EB83002844D84523D8A0EB050BBB6E84
:10C7000095F8028003F00103BC6E3B63EB78B8F14F
:10C71000000F0CBF002404F001047B6213B1BB6E58
:10C720009A0717D4B4B93EB159467A6B2846B04738
:10C73000214620467A6BB04758464437BD46BDE88F
:10C74000F08F441C2046FDF77EF8013020440BF1A9
:10C75000010BD0E72B789A0008EB83037B61EB1881
:10C76000BB627B6A3A615B00BB607B6A6A6808EB0C
:10C770004303202BFA6009D976494FF47673734A44
:10C7800073481AF09FFA4FF47671A9E7BB6E13F065
:10C7900004033B620ED04FF0000A0124D14604FA94
:10C7A00008F4013CC7F82C80002308F10108C7E910
:10C7B000063341E03B6B002B00F096804FF00109FF
:10C7C0003B6A09FA08F9C2461C4609F1FF39FB62C7
:10C7D000EAE7BB6A0233BB6213F8013C55F8230059
:10C7E000FFF766FD0346002E5CD0BB6A786013F845
:10C7F000021CF8681AF02FFA7B68002852D0C7F89C
:10C8000004D08AB06A46544B0593FB68CDE90631E3
:10C810004FF40073ADF82030504B42F8103F002326
:10C820004FF412514E4801F059FFD7F804D0BB69BC
:10C8300008F102080133BB61BB697A6A9342C8D32D
:10C840002B7887F83C306B78534487F83D30FB6990
:10C8500087F83F30FB6A87F83E30002E4BD14FF00F
:10C86000010AD7F8108005EB08033B63002C52D176
:10C87000B9F1000F76D17869BB681844BBEB0004AE
:10C8800000F0BE80002E00F0B88021467A6B28446C
:10C89000B0470028FFF651AFA04400217A6B08464C
:10C8A000B047B0E0A3B13B6B3BB1012303FA08F3FF
:10C8B00049EA03090AF1010AB9E73B6A002BB6D03D
:10C8C000012303FA08F31C43FB6A0133FB62AEE762
:10C8D000BB6E9B07E9D4032308F1FF3293401C434E
:10C8E000FB690133FB61A2E7D7F830A0D14654467B
:10C8F000C7F82CA058E704217A6B07F13C00B04739
:10C900000028FFF61AAF3B697A6B191F281DB04744
:10C910000028A4DA11E794FAA4F3B3FA83F33A6B8C
:10C92000D25C0AFA03F387F83B2024EA03043EB101
:10C9300001217A6B07F13B00B0470028FFF6FDAEFE
:10C9400008F1010892E700BF5B000400D4FF030078
:10C9500048F2030076000400920004000400000185
:10C960000CD5030099FAA9F3B3FA83F33A6BD25CBE
:10C9700055F822A087F83B20012202FA03F329EAA6
:10C9800003094EB101217A6B07F13B00B047002843
:10C99000FFF6D3AEFB6ECBB900211C4B08F10108AA
:10C9A000BAF1000F08BF9A46C6B95046FCF74BFFD4
:10C9B000FB6E01308044002B3FF45AAF3B6F9C422A
:10C9C0003EBFFB6E23F81400013451E73B6F9C42DD
:10C9D000E2D2FB6E33F814100134DEE741B1504669
:10C9E0007A6B89B2B0470028FFF6A7AE80443FE7D4
:10C9F0005046FCF728FF411CF1E708EB04009CE6D9
:10CA0000002E7FF44AAF404697E600BF5400040072
:10CA1000014B1860704700BFE008002038B50D4694
:10CA20000446202200211FF0E9FD0022EB68E361AB
:10CA3000AB68A3612B6823626B68A26263622A6998
:10CA400023B1591E194208BF42F00102226101229E
:10CA5000002104F12C001EF088F948B10549064870
:10CA60003023064A1AF02EF9302104481AF021F931
:10CA700038BD00BF6C01040048F203004601040009
:10CA80002DE9F04F002789B0CDE90123436A044620
:10CA90008B428846BA460597079754D300F114068F
:10CAA000EFF31185402383F31288BFF36F8F304675
:10CAB000A94616F093F858B98F234D4A4D494E4870
:10CAC0001AF000F931464D481AF0FCF88F2163E066
:10CAD000304616F0E3F8079A2AB1394620461AF094
:10CAE000D7F90023079306A920461AF0F8F806990B
:10CAF0008346414530D32268236A204613F822102A
:10CB000003EB820A21F0030103F822102168424658
:10CB10001AF009F9E3682060984218D04FF0000B32
:10CB2000304616F069F850B389F31188BFF36F8F60
:10CB3000059929B1A2690AB12046904700230593BF
:10CB4000BBF1000FACD1504609B0BDE8F08F2369AE
:10CB500043F008032361E1E718B120461AF0FDF81D
:10CB6000DEE7DDE90132134339D003911EF070F99D
:10CB70000399A0BB9DBB304616F03EF878B940F251
:10CB80003D131B4A1E491C481AF09CF831461D48AB
:10CB90001AF098F840F23D1115481AF08AF885F31A
:10CBA0001188BFF36F8F04F12C00DDE9012313F02E
:10CBB000EDFC8346EFF31189402383F31288BFF322
:10CBC0006F8F304616F00AF800283FF475AFBBFAB5
:10CBD0008BFB304616F062F84FEA5B1BA0E720465D
:10CBE00007AB05AA27681AF0D7F8834698E700BF75
:10CBF00075010400A201040048F20300B70104001B
:10CC0000CD010400E40104002DE9F0410446C369AC
:10CC100008460E46984704F114050746EFF31188BD
:10CC2000402383F31288BFF36F8F284615F0D6FF99
:10CC300068B98F231A4A1B491B481AF043F8294642
:10CC40001A481AF03FF88F2115481AF032F8284692
:10CC500016F024F833783A4643F0010333706168E4
:10CC600020461AF060F8606020461AF02CF9284639
:10CC700015F0C2FF68B940F23D13094A0C490A4851
:10CC80001AF020F829460B481AF01CF840F23D1122
:10CC9000DAE788F31188BFF36F8FBDE8F08100BF3A
:10CCA00075010400A201040048F20300B70104006A
:10CCB000CD010400E40104002DE9F04704460027FB
:10CCC00000F11406EFF31188402383F31288BFF3B9
:10CCD0006F8F304615F082FF054668B98F23394AB9
:10CCE00039493A4819F0EEFF3146394819F0EAFF60
:10CCF0008F21344819F0DDFF304615F0CFFF23694E
:10CD0000A168180702D46368994200D9636A5B1A64
:10CD1000002B41D0206A10F8213000EB810913F07C
:10CD200003023CD0022A04D150F821205FEA920A83
:10CD300005D1DA0720D44846E36998478246A168BE
:10CD40005246204619F0EFFF5146A060204619F0E8
:10CD5000F8FF2F46304615F04FFF10BB40F23D1351
:10CD6000184A1C49194819F0ADFF31461A4819F004
:10CD7000A9FF40F23D11BCE743F0020300F8213067
:10CD8000E3694846A568984729460246204619F0B7
:10CD9000CAFF0025A060DDE71D46A946DAE7154673
:10CDA000FBE788F31188BFF36F8F002D8AD137B16D
:10CDB000B9F1000F03D104F12C0013F085FB4846B4
:10CDC000BDE8F08775010400A201040048F20300E9
:10CDD000B7010400CD010400E40104002DE9F04195
:10CDE0000446C36908460D46984704F114060746F1
:10CDF000EFF31188402383F31288BFF36F8F30461F
:10CE000015F0ECFE68B98F23274A2849284819F005
:10CE100059FF3146274819F055FF8F21224819F054
:10CE200048FF304615F03AFF2B7823F001032B70B2
:10CE300023699B0705D5E268236A03EB82039D42C1
:10CE400022D12B7823F002032B70D4E902319942CE
:10CE500004D13A46204619F066FFA06039462046C4
:10CE600019F06FFF304615F0C7FE90B940F23D1340
:10CE70000D4A11490E4819F025FF31460F4819F0A7
:10CE800021FF40F23D11C9E72B6867F39F032B6038
:10CE9000E8E788F31188BFF36F8F04F12C00BDE839
:10CEA000F04113F011BB00BF75010400A2010400A2
:10CEB00048F20300B7010400CD010400E4010400BE
:10CEC00070B5044600F11405EFF31186402383F397
:10CED0001288BFF36F8F284615F080FE68B98F2344
:10CEE0001A4A1B491B4819F0EDFE29461A4819F049
:10CEF000E9FE8F21154819F0DCFE284615F0CEFE1C
:10CF00002369A0681B0702D46368834213D2646A52
:10CF1000241A284615F070FE78B940F23D130B4AEA
:10CF20000E490C4819F0CEFE29460D4819F0CAFEEC
:10CF300040F23D11DEE71C1AEBE786F31188BFF3E0
:10CF40006F8F201E18BF012070BD00BF7501040047
:10CF5000A201040048F20300B7010400CD0104005F
:10CF6000E40104002DE9F84F0546AB8B084619078C
:10CF7000904616D501280CBF43F0100343F0200360
:10CF8000AB831435284615F037FE002840F0B181F8
:10CF9000AE4940F23D13AE4AAE4819F093FE294621
:10CFA0009DE0022803F0070140F07D8128461AF039
:10CFB00023F8052800F2FA8001A353F820F000BFFF
:10CFC00083CF0100A7D20100ADD1010051D00100F3
:10CFD000EBD001004BD1010002F00702531F012BDF
:10CFE0001AD80023062A2E68A4B2C5E9003309D155
:10CFF000334603E0EA8B0132EA831B68002BF9D148
:10D0000044F002042846AC8319F0F6FF002800F033
:10D010005A8144F0200455E1042A0DD1A4B22846D7
:10D02000AC8319F0E9FF0646002800F04C8144F07B
:10D0300020040026AC8346E1874940F21B13874A4F
:10D04000844819F03FFE40F21B11844819F031FE6C
:10D0500049B183494FF4AB73804A7E4819F032FEE0
:10D060004FF4AB71F1E72B684BB97E4940F257138F
:10D070007A4A784819F026FE40F25711E5E72B6905
:10D080001F684FB978494FF4AD73744A714819F06D
:10D0900019FE4FF4AD71D8E70E468A464FF00609E7
:10D0A000AC8B24F0070444F00604A4B2AC83AB6854
:10D0B000002B00F00F814FF0010B44F00804AC830B
:10D0C00005F11404204615F097FD002878D15F493A
:10D0D00040F23D135E4A5F4819F0F4FD2146634873
:10D0E00019F0F0FD40F23D118EE0022909D06049AF
:10D0F00040F25D13594A574819F0E4FD40F25D11C2
:10D10000A3E7EE8B4EB15B494FF4AF73534A5148DE
:10D1100019F0D8FD4FF4AF7197E72B695F684FB9ED
:10D12000514940F261134D4A4A4819F0CBFD40F293
:10D1300061118AE7AC8BB24624F0070444F0040482
:10D14000A4B24FF00409AC83B1E7012909D04A49E0
:10D150004FF4B273414A3F4819F0B4FD4FF4B27135
:10D1600073E72B684BB93F4940F265133B4A394896
:10D1700019F0A8FD40F2651167E72B699F684FB968
:10D1800039494FF4B473354A324819F09BFD4FF4D6
:10D19000B4715AE70026AC8BB24624F0070444F081
:10D1A0000504A4B24FF00509AC8380E72A4940F298
:10D1B0006B132A4A274819F085FD40F26B1144E7AA
:10D1C00088F31188BFF36F8FBBF1000F1ED1002EC3
:10D1D00033D117B128462949B847EFF311884023C6
:10D1E00083F31288BFF36F8F204615F0F7FC0028F9
:10D1F0004AD18F23164A2249164819F063FD214669
:10D20000204819F05FFD8F2111481FE7A968002908
:10D21000DDD0D1F800800029D9D053464A462846AF
:10D22000D1F804B0D847B8F1000F04D0D8F80030D6
:10D2300041469846EFE74346FAE7314653464A46A9
:10D240002846366819F004FFC1E700BFCD0104008D
:10D250007501040048F2030098520400040204001F
:10D26000290204003502040058020400E40104000D
:10D270006F020400850204009402040001D301003F
:10D28000A2010400B7010400204615F007FDAC8B95
:10D2900024F00804A4B2AC83E20621D524F01003E4
:10D2A000AB8304F00701D5F818A0AA8BBAF1000FE0
:10D2B00022F00704BFF690AE00232E68C5E90033C4
:10D2C00044F00104AC8304F0070949454FF000071E
:10D2D0007FF4EDAE0EB9002FDED04FF0000BECE680
:10D2E000A3067FF54EAE24F02003AB8304F00701C4
:10D2F0005CE688F31188BFF36F8FBDE8F88F00BF3D
:10D30000F8B504460D4600F11406EFF311874023EB
:10D3100083F31288BFF36F8F304615F05FFC68B956
:10D320008F230C4A0C490D4819F0CCFC31460C48AF
:10D3300019F0C8FC8F21074819F0BBFC304615F0E6
:10D34000ADFCA5613A462046BDE8F8400121FFF753
:10D3500009BE00BF75010400A201040048F20300E9
:10D36000B70104002DE9F04704460F4619F060FEAE
:10D37000051E65DB04F11409EFF3118A402383F3E2
:10D380001288BFF36F8F484615F028FC804660B9BD
:10D390008F23384A3849394819F094FC49463848AF
:10D3A00019F090FC8F21334842E0484615F076FC96
:10D3B0004FF6FF72E38BA68B934206F0070642D02E
:10D3C000062E29D8DFE806F01A2804281A421A0087
:10D3D00002250133E383484615F00EFC00283BD1BB
:10D3E00040F23D13234A2749244819F06BFC494673
:10D3F000254819F067FC40F23D11D4E700233B605B
:10D40000636833B9C4E90077A6B135464FF0000828
:10D41000E1E71F606760F7E7012E1AD01B49174844
:10D420004FF4E4731A4A19F04DFC4FF4E4711848B4
:10D4300019F03FFC524602212046FFF793FD354686
:10D440002846BDE8F0876FF00A05DFE76FF0850535
:10D45000DCE76FF00405D9E78AF31188BFF36F8F1B
:10D46000B8F1000FECD0002332463946204619F0BF
:10D47000EFFDE5E775010400A201040048F2030096
:10D48000B7010400CD010400E4010400940204008B
:10D4900004020400F8B5054600F11406EFF3118705
:10D4A000402383F31288BFF36F8F304615F096FB4D
:10D4B00060B98F23254A2649264819F003FC3146D6
:10D4C000254819F0FFFB8F2120482BE0304615F04E
:10D4D000E5FBAC8B04F00704022C17D0012C0CBF29
:10D4E0006FF004046FF08504304615F085FB38BBFF
:10D4F00040F23D13154A1949164819F0E3FB31462D
:10D50000174819F0DFFB40F23D11DDE7EB8B5BB90B
:10D510001449104840F2EF13134A19F0D3FB40F2BC
:10D52000EF11114819F0C5FB013B9BB2EB83002BB7
:10D53000DAD13A4621462846FFF714FD2046F8BDC9
:10D5400087F31188BFF36F8FF8E700BF7501040000
:10D55000A201040048F20300B7010400CD01040059
:10D56000E4010400AA020400040204002DE9F041D1
:10D570000F460546002850D000294ED000F1140671
:10D58000EFF31188402383F31288BFF36F8F304687
:10D5900015F024FB60B98F23214A2249224819F053
:10D5A00091FB3146214819F08DFB8F211C4817E073
:10D5B000304615F073FB39462846AC8B19F001FD57
:10D5C00080B104F00704231F022B0DD91849164817
:10D5D00040F22D23174A19F075FB40F22D21154812
:10D5E00019F067FB6FF07704304615F005FB68B95A
:10D5F00040F23D130A4A10490B4819F063FB3146CB
:10D600000E4819F05FFB40F23D11CFE788F3118817
:10D61000BFF36F8F2046BDE8F0816FF01504F9E786
:10D6200075010400A201040048F20300B7010400E0
:10D63000B802040004020400CD010400E401040067
:10D6400008B54268034602F00302032A81600AD04B
:10D650006AB9084908484523084A19F033FB4521AF
:10D66000064819F026FB006800225A6008BD002019
:10D67000FAE700BF9852040048F203002F030400A9
:10D6800070B51E461546DDE9042381690468C06B48
:10D6900006FB0141294470B913484FF4A373134AA0
:10D6A000134919F00FFB134819F00CFB4FF4A37149
:10D6B0000E4819F0FEFA84680F4DAC4207D20F4DA8
:10D6C000AC4204D32468A446BDE8704060474FF4E0
:10D6D000A373064A0A49044819F0F4FA09490A48AA
:10D6E00019F0F0FAE2E700BF48F203005503040026
:10D6F00035F2030065F20300ACD3030090D30300BE
:10D7000087030400231A0400B8F3030070B570B94E
:10D7100013484FF4B173134A134919F0D3FA13485D
:10D7200019F0D0FA4FF4B1710E4819F0C2FA8468BA
:10D730000F4DAC4207D20F4DAC4204D36468A446EF
:10D74000BDE8704060474FF4B173064A0A49044887
:10D7500019F0B8FA09490A4819F0B4FAE2E700BF2B
:10D7600048F203005503040035F2030065F203009C
:10D77000ACD3030090D3030087030400231A0400F2
:10D78000B8F30300002200232DE9F04F00279FB0DB
:10D79000CDE9082300F12803039305464FF0FF323B
:10D7A0004FF0FF33283019F0CBFCB8463E460DF160
:10D7B000480A0DF1580BEB69B3420DD8EB694345AC
:10D7C00055D1002F53D16FF08504039819F0FDFD5A
:10D7D00020461FB0BDE8F08F6A6CA96950008842EE
:10D7E00094BF3346731EA1EB42022846CDE900BA2E
:10D7F000CDE9082319F07CFC04460028E5D19DF80A
:10D80000593085F82430199B03F47023B3F5803F19
:10D810002BD252465946284619F0F4FC28B3199BDE
:10D8200008F1010803F47F42B2F5844F0BD1DBB25B
:10D83000012B07D00121AA4AAA4819F076FC6FF003
:10D840007A04C2E70746284608A919F03CFCDDE93E
:10D8500008232846CDE900BA19F0FAFC041EB4DB0F
:10D860009DF8593085F82430A8D00136A3E7B3429B
:10D8700048D16B6C089A0EAED21A099B28460096C6
:10D8800063F1000319F02AFC044600289DD13046BC
:10D8900095F8241019F056FC18B9284608A919F073
:10D8A00012FCDDE9086712AB0DF15808019332460E
:10D8B0003B462846CDF8008019F01AFC04460028A3
:10D8C00083D1199B03F47023B3F5803F3AD24046CD
:10D8D00019F049FCB0B3199B03F47F42B2F5844FB1
:10D8E00002D1DBB2012BA5D105F12403009332460E
:10D8F0003B46284619F04BFC811C044636D10023D8
:10D9000085F8243000266B6C089A5B00B2EB0309A3
:10D91000099BB04663F1000B5F46CDE9089BCDF84B
:10D9200010B00DF1680ACDF814B0049B4E4573EBAE
:10D930000B011ED3DDE90823C5E90487C5E90223ED
:10D940000AAE4EE02B6A13F0010309D10093324670
:10D950003B46284619F089FD04460028C4D034E728
:10D960000121614A5F4819F0E0FB2CE70028C9D08B
:10D970002BE74A465B462846CDF800A019F0AEFBDF
:10D98000044600287FF421AF504695F8241019F082
:10D99000D9FB70B1BDF86A102646082907D9286C52
:10D9A00019F009FD1C99059F08440619B046CDE9F8
:10D9B000089B696CB9EB010189466BF1000BB4E778
:10D9C000D5E904879F4208BF904504D1BDF82A10CD
:10D9D000002940F0A880696C521A63F10003C5E980
:10D9E0000223424573EB070710D32846009619F02F
:10D9F00075FB044600287FF4E8AE304695F8241005
:10DA000019F0A0FBD5E902230028D9D16A6CAB69D3
:10DA10005200E9689B1A61F10001CDE908312846FE
:10DA200008A919F050FB12AB019316AB00932846DE
:10DA3000DDE9082319F00CFC041EFFF6C6AE012C2C
:10DA400010D000246B6CAA69A96803EB4303D21AB7
:10DA5000A44208BF91427FF4B8AE284619F07FFD7A
:10DA60000446B2E60021D5E902636A6C07919DF88D
:10DA70005910961985F8241043F100081AAFA969C6
:10DA8000CDE90868A1EB42018E4231D30321174A48
:10DA9000144819F04AFB07AB00932846D5E9022346
:10DAA00019F090FB044610B1A31C7FF48EAE079BC7
:10DAB00028460093D5E9022319F0D7FC0446002834
:10DAC0007FF483AE6A6CAB6902EB42029B1AEA6890
:10DAD0001B18C5E90402AB60284619F0C9FD46E0F1
:10DAE000CB0404005CD50300E80404001405040022
:10DAF000324643462846009719F0F0FA04460028BB
:10DB00007FF463AE38469DF8691019F01BFB28B10D
:10DB1000BDF86A3013B91B9B013307D06A6C9619A4
:10DB200048F10008ABE76FF01C044EE6124A0321EF
:10DB3000124819F0FAFAEB68284608A9CDE908431B
:10DB400019F0C1FADDE9086707AB009332463B469E
:10DB5000284619F037FB044610B1A21C7FF435AEFD
:10DB6000079B3246009328463B4619F07EFC04464C
:10DB700000283FF466AF28E63B0504005CD50300AF
:10DB80002DE9F04782B00C46054602AF48B9514A2C
:10DB90000121514819F0C9FA6FF01500BD46BDE8E2
:10DBA000F08728301DF0D1F8E86B70B94B4840F28F
:10DBB00093234B4A4B4919F085F84B4819F082F8EA
:10DBC00040F29321464819F074F88368474A93421B
:10DBD00009D2474A934206D31B69984702462864F4
:10DBE00068B9444AD4E740F293233D4A42493B484E
:10DBF00019F068F84149424819F064F8E0E710214B
:10DC000019F0D9FB68641368013B1F2B01D93D4A09
:10DC1000BEE7AA6900EB80039A4205D201213A4A85
:10DC20002D4819F0CDFEB7E7EB69012B01D8374A33
:10DC3000AEE72846FFF7A6FD002838D1012385F876
:10DC40002530D5E90623032100922348304A19F0F4
:10DC5000C1FED5E90232E9468AB002AE00244FF097
:10DC6000060AB0462B49C6E90624C6E908347161A4
:10DC700048F810AF4FF4435123464246164800F08F
:10DC80002DFDD5E90432CD468AB02349C6E90743C4
:10DC9000C6E905127462C6F810A00F482346424632
:10DCA0004FF4435100F01AFD2046CD4676E7002C94
:10DCB0003FF474AF02210346184A074819F080FE6A
:10DCC000284619F02BFC2846FFF75CFD0028B5D04C
:10DCD00064E700BF500504005CD5030048F2030070
:10DCE0005503040035F2030065F20300ACD30300D2
:10DCF00090D303005B05040087030400231A04008B
:10DD0000B8F303007D0504009A050400C60504006D
:10DD1000070604001E060400340604004906040039
:10DD20002DE9F04F894617461E46044685B038B99E
:10DD300001214C4A4C4819F0F8F96FF0150509E03B
:10DD400090F8253053B90121484A474819F0EDF9B8
:10DD50006FF00C05284605B0BDE8F08F3146006C29
:10DD600019F029FB636CA26903EB8301521A9642F6
:10DD70008246E2D8B6F5803FDFD20EB1002FDCD06C
:10DD8000BAF1000F03D0082E94BF9A469A4404F1CA
:10DD900028084FF0FF324FF0FF33404619F0D0F91A
:10DDA0004FF0000BE3695B4558D0D4E90221002A0B
:10DDB0003DD0D4E904531AEB050043F1000382423D
:10DDC000994134D3636C9A4200D186BB1022002162
:10DDD00068461EF013FC94F82430082ECDF8049009
:10DDE000ADF802608DF8013018D90295684619F037
:10DDF0009EF9082E06D932463946204619F01EFCF7
:10DE0000054638B96946204619F016FB002814BFAC
:10DE100005463546404619F0D8FA9BE7731E072B96
:10DE2000E4D83246394602A81EF0C2FBDEE720469F
:10DE300019F0AEFB054630B103460D4A01210A48F0
:10DE400019F0BEFDE6E7204619F012FC054610B1B8
:10DE5000084A0346F2E70BF1010BA3E76FF01B053D
:10DE6000D8E700BF500504005CD50300700604002D
:10DE700084060400AE0604002DE9F04F15461E4648
:10DE8000002200238BB088460446CDE9042348B91C
:10DE900030480121304A19F048F96FF015000BB0F5
:10DEA000BDE8F08F90F825303BB92A4801212B4A74
:10DEB00019F03BF96FF00C00F1E74FF00009D0E9E1
:10DEC000022304AF0DF1180BCDE902B7D4E902012A
:10DED000CDE9000141462046CDE9042319F0F6F9C9
:10DEE0000028DCDB11D039462046DDF814A009F10A
:10DEF000010919F0BDF90028D1D1DDE904231499F5
:10DF00004945E1D2079A424502D06FF00100C6E7C9
:10DF1000BDF81A70002FF8D0082F0AD83DB1BE42C4
:10DF20003246284628BF3A4608A91EF041FB38462B
:10DF3000B5E7002DFBD0089A53460244B74294BF80
:10DF40000197019620460095FFF79AFB0028EED036
:10DF5000A5E700BF5CD5030050050400700604006F
:10DF600008B558B9074908484FF4A673074A18F08E
:10DF7000A9FE4FF4A671054818F09BFE4368587936
:10DF800008BD00BF1607040048F20300DE060400C7
:10DF900010B548B908490948B723094A18F092FE54
:10DFA000B721074818F085FE03681B6913B1BDE867
:10DFB00010401847184610BD1607040048F2030029
:10DFC000DE0604002DE9F843044606460127DFF883
:10DFD000408094FAA4F5B5FA85F507FA05F308EB45
:10DFE00005156FEA030924EA03042B7B5BB128467D
:10DFF000FFF7CEFF38B96B6804222846196806EA95
:10E00000090619F064FC002CE3D13046BDE8F88322
:10E01000E4D5030010B5002288B00E490E481CF06C
:10E02000CAFF002200230024CDE906230E234FF46B
:10E030000062CDE90334CDE90144084B084900945E
:10E04000084813F015FC084906481CF007FF204655
:10E0500008B010BD4DE10100308A002099E40100B4
:10E06000C81F0120A08500202D0704002DE9F047DE
:10E07000DFF8B8902E4C8046A9EB04038F2B0F4697
:10E080000BD92C4940F253132B4A2C4818F01AFE96
:10E0900040F25311284818F00CFE294819F0FBFBF8
:10E0A000064660B300252846BDE8F087237B8BB188
:10E0B0002368DB680BB1204698476368204683F8E5
:10E0C00006A0FFF765FFB0B963680422204619680F
:10E0D00019F0FDFB013610344C4514D9194940F2B2
:10E0E0005F13154A154818F0EDFD174818F0EAFDC2
:10E0F00040F25F11CEE70AFA06F31D43EAE7054650
:10E100004FF0010AE8E7D1D3B8F1000FCBD0002DD2
:10E11000C8D02846FFF756FF0546002FF7D000214C
:10E1200040F2391014F000FBF1E700BFF4D5030012
:10E13000E4D50300620704003507040048F2030039
:10E140005003012092070400B3070400014812F0B5
:10E15000BBB900BF880E0020014B53F82000704768
:10E1600070DF030008B5034608462BB1044A13606C
:10E1700000F0A4FD002008BD6FF01500FBE700BF14
:10E18000E408002010B5044C237813B9034812F0BA
:10E190009BF90123237010BD00120120880E00207E
:10E1A00010B50446094819F076FB3CB1084BD3E89A
:10E1B000EF1F0139C3E8E21F002AF8D1054815F026
:10E1C0003BFABDE81040044812F07EB94803012034
:10E1D0004C030120308A0020880E00200022044BCE
:10E1E000D3E8EF0FC3E8E12F0029F9D1704700BF52
:10E1F0004803012070B5FFF7F1FF0546104C114EA2
:10E20000B4421AD9104940F21623104A104818F0A7
:10E2100059FD104818F056FD40F216210B4818F031
:10E2200048FD2046FFF79CFE28B123685B6813B1C8
:10E230002946204698471034E2E7F2D370BD00BF6C
:10E24000E4D50300F4D50300920704003507040069
:10E2500048F20300B307040010B5044C04492046FB
:10E26000FEF7DCFB034B1C6010BD00BFB00C0020B0
:10E270005CDF03003C0301200023154A10B5137036
:10E28000144A15491360154A15481360FFF76AFFD1
:10E29000FFF7E2FF134B144918468B4215D9134977
:10E2A00040F22B13124A134818F00CFD124818F0D4
:10E2B00009FD40F22B110E4818F0FBFC1A1A5C689D
:10E2C0001211013222711033E7E7F7D310BD00BFFE
:10E2D000011201204803012040420F004C0301209D
:10E2E00093780300E4D50300F4D5030092070400FB
:10E2F0003507040048F20300B3070400014600227A
:10E3000000230148FEF7BCBBB00C00200148FEF71B
:10E31000D3BC00BFB00C0020024B01461868FEF7CA
:10E320005DBD00BF3C0301200148FEF7C9BD00BF31
:10E33000B00C0020F8B5314B1B78002B5BD0FFF7F9
:10E34000E5FF0446002846D12D4B2E4D1B68002BBF
:10E3500019DD1CF0E8FD4FF47A76A0FB060747F6BE
:10E360001222002306FB0171F4F7BAF8D5E9003256
:10E37000C01A40F2E93361EB0201984271F10001E9
:10E3800001D3FFF737FFD5E9003213F57A7342F175
:10E390000002C5E9003274B3BDE8F840FFF7C4BF1E
:10E3A0002846FFF7DDFD20B12B68214628461B6873
:10E3B00098471035B54211D9134940F20A23134A40
:10E3C000134818F07FFC134818F07CFC40F20A2137
:10E3D0000E4818F06EFC104D104EEBE7E0D32046CF
:10E3E000FFF79AFF0E4BD3E8EF1F0139C3E8E21F96
:10E3F000002AA9D0F7E70020F8BD00BF00120120D5
:10E4000048030120288A00209207040035070400F1
:10E4100048F20300B3070400E4D50300F4D5030079
:10E420004C03012070B5154D297831BB0120FFF751
:10E430001DFE134C134EB44218D9134940F2CF13AA
:10E44000124A134818F03EFC124818F03BFC40F208
:10E45000CF110E4818F02DFC2046FFF781FD18B1B2
:10E46000236820469B6898471034E4E7F4D3FFF70D
:10E4700061FF0028FBD101232B7070BD0112012028
:10E48000E4D50300F4D50300920704003507040027
:10E4900048F20300B30704002DE9F843374F384B27
:10E4A000FB1A1B090AD1374940F2CF33364A3748A5
:10E4B00018F008FC40F2CF31334819E0002108463B
:10E4C000FFF7D4FD0446A8B140F21B684FF00009E5
:10E4D0002F4B1B789BB92F4940F249332E4A2B48CA
:10E4E00018F0F0FB2D4818F0EDFB40F249312A48B6
:10E4F00018F0DFFB4FF0FF384FF0FF39E8E702F08C
:10E5000037FC274B274A1B58136033B1264B1B6837
:10E51000092B02DD254811F0D7FF002544B1204624
:10E52000FFF750FD044618B94FF0FF384FF0FF39A0
:10E53000FFF700FF064628B935B91C4842464B464E
:10E5400012F024F83546E9E70D4D08E0F5D22B68C6
:10E550009B691BB100222846114698471035BD42E1
:10E56000F4D9134940F2C333074A084818F0AAFB0C
:10E57000104818F0A7FB40F2C3319DE7F4D5030023
:10E58000E4D50300D20704003507040048F2030075
:10E59000C017012019080400EE0704002C0804002D
:10E5A00008000000440301204C030120880E0020D5
:10E5B00092070400B307040013B52C4819F06BF957
:10E5C0002B4B1B78002B35D0EFF31184402383F3C2
:10E5D0001288BFF36F8F274814F000FB68B98F23B0
:10E5E000254A2649264818F06DFB2249254818F08F
:10E5F00069FB8F21204818F05CFB1E4814F04EFB8D
:10E60000FFF798FE1B4814F0F7FA68B940F23D1383
:10E61000194A1D491A4818F055FB16491B4818F0AD
:10E6200051FB40F23D11E5E784F31188BFF36F8F92
:10E6300002B010BD164B1B68002BF9D050B9002258
:10E6400000231448CDE9002347F61222002314F0DA
:10E6500097FFEDE70928EBD10E4814F0EDFF0E48C7
:10E6600002B0BDE8104011F02FBF00BF4C030120E5
:10E67000011201204003012075010400A2010400E1
:10E6800048F20300B7010400CD010400E4010400D6
:10E6900044030120308A0020880E002010B5064B6C
:10E6A00004461B6898472146A0600448FEF7ACFA70
:10E6B000BDE81040FFF780BFE4080020B00C002048
:10E6C000044A054B9B1AB1EBD30F34BF52F831000B
:10E6D0000020704784D40300E4D503002DE9F04FF7
:10E6E0008FB0C1F34A2604AF0D469046B8607B60F8
:10E6F0000C0D002E66D04FF000090A234FF0040BDA
:10E7000007F1140AFE60C7E90799C7F8249000933F
:10E71000CDF808B0CDF804A007F11C034A464046E6
:10E72000F968FDF7CBFFB0F5006F03461CD36C46CC
:10E730008AB0D8F8041004AB2B481A46C3E9050187
:10E7400040F2FF71D9614FF400711984274B42F8F0
:10E75000103F4FF412514B462548FFF7BFFFA54627
:10E760002C37BD46BDE8F08FC0F30A0604F1170050
:10E77000184420F0070080083B60FFF7BFFD66F3F8
:10E780005325044630B33B6800F11001C7E908394E
:10E790000A23F961CDE901AB00934046154AF968B7
:10E7A00007F11C03FDF78AFF002813DA124913480A
:10E7B00040F24913124A18F085FA40F24911104804
:10E7C00018F077FA04F1170020F007008008FFF72F
:10E7D00095FD044666F353252A4620467B68B968B2
:10E7E00019F095F8BCE700BF5B08040004000001C5
:10E7F0006CD50300E1780300C708040048F2030069
:10E800009A0804002DE9F04F87B00546DDE9106B4A
:10E81000DDE9127A8846144699462FB33B465A469C
:10E8200010210020CDF800A0CDF814A0FDF76AFD5E
:10E8300000280BDA27494FF4BF73274A274818F0FE
:10E8400041FA4FF4BF71244818F033FAB0F5006F65
:10E8500001460BD340F2FF730221214A214807B041
:10E86000BDE8F04F19F0ACB83946384604F007035C
:10E8700005F00704E40044EA831444EA402444EA2F
:10E88000065406F11700084420F0070080080391A1
:10E89000FFF734FD0546A0B19FB13B465A460399A8
:10E8A000CDF800A01030FDF72DFD002809DA094948
:10E8B00040F2A313084A094818F004FA40F2A311E1
:10E8C000C1E74B4622464146284607B0BDE8F04F17
:10E8D00019F01DB8C60804009A08040048F20300A5
:10E8E000D00804006CD50300406820B1034BC01A67
:10E8F00040F3CF0070474FF0FF30704784D40300DF
:10E900000EB403B503AB53F8042B0146044801933E
:10E9100002F0E6FC02B05DF804EB03B0704700BF04
:10E9200041E90100CA0605D48B064CBF02490349E0
:10E93000FFF7E6BF704700BF29550400080904002F
:10E9400038B54B6805461A68CB680C469A4202D126
:10E95000084619F059F86368D3E8EF2F511CC3E853
:10E96000E01F0028F8D1A3689D5463681A68E36823
:10E970009A4209D9054906487E23064A18F0A2F9A9
:10E980007E21044818F095F9002038BD3A090400AA
:10E9900048F203000B0904002DE9F04F8BB09946B3
:10E9A0009DF85870179B044607930D46DDE918A3A0
:10E9B000DDF8688006920593002F00F0AC808F4B45
:10E9C000042FDB5D08930BD98D494FF418738D4AE2
:10E9D0008D4818F077F94FF418718A4818F069F9E2
:10E9E00008F48073099318F070FF08F0020B0246D8
:10E9F00000285DD020468549FFF782FF0646BBF11F
:10EA0000000F08D018F0440F54D12A462046804900
:10EA1000FFF776FF064408F0010353B17D4B204613
:10EA200053F827207C4B7D49002A08BF1A46FFF780
:10EA300067FF08F48073002B08F0080318BF4FF03D
:10EA40000009002B62D0764B204653F827207549E9
:10EA5000FFF756FF0546069B2BB11A462046724922
:10EA6000FFF74EFF0544B9F1000F0CD0089B002BB7
:10EA70004FD06E496E4B042F18BF19464A462046A8
:10EA8000FFF73EFF05446B483544079B002B49D0F8
:10EA90002246694918F0AEF8002843DA674940F287
:10EAA000BD23584A584818F00DF940F2BD2194E7AB
:10EAB0000646A4E7624B18680028ABD0614B4FF4C0
:10EAC0007A7B1B684FF03C0CB5FBF3F5B5FBF0F11E
:10EAD0004FF4616300FB11550BFB05F5B1FBF3F23D
:10EAE000B5FBF0FE03FB121100FB1E55B1FBFCF35E
:10EAF0000BFB05F5B5FBF0F50CFB1311204600915F
:10EB0000CDE901E55049FFF7FBFE83E708F0080572
:10EB1000A1E74749B2E7B9F1010F3D460CBF4548AF
:10EB20004A48B2E7059B002B54D0DDF814904146CB
:10EB3000B9F1100F204628BF4FF010090026FFF74B
:10EB4000F1FEB54218DC0026334620461AF80320B1
:10EB50003F49FFF7D5FE0136102E13D0720703D1BF
:10EB600020463C49FFF7CCFEB1453346EDD8204660
:10EB70003949FFF7C5FEEEE720463649FFF7C0FEEC
:10EB80000136DEE7002620463449FFF7B9FE33465A
:10EB90001AF803202046A2F120035F2B28BF2E2263
:10EBA0002F49FFF7ADFE0136102E0DD0730703D1AC
:10EBB00020462849FFF7A4FEB1453346E8D8204651
:10EBC0002449FFF79DFEEEE7059BCA44B3EB09031A
:10EBD0000593AAD15FB118F0010F04D020460E4A68
:10EBE0000E49FFF78DFE41462046FFF79BFE20466B
:10EBF0000BB0BDE8F04F18F007BF00BF256304005D
:10EC0000780904000B09040048F20300830904009A
:10EC10008709040080DF03006A0904003CFB03004D
:10EC200094DF0300AD090400B30904006F09040078
:10EC30007309040041E90100E1120200B709040070
:10EC4000580301205403012091090400237A030092
:10EC5000C0090400C8090400C6090400CA09040068
:10EC6000CC09040042F20F7373B58B4228BF0B46E8
:10EC700005680446052168460D4A17F009FC06465A
:10EC8000636828460B225B680A4918F0AFFE636888
:10EC90003246694628465B6818F0A8FE63681B2266
:10ECA00028465B68044918F0A1FE02B070BD00BFA1
:10ECB0008DFD030019630400FD620400002101239F
:10ECC000064A904206D8064A01B901231360054B53
:10ECD00018607047012140085B00F2E740420F00D6
:10ECE00054030120580301200122014B1A70704780
:10ECF00002120120014B00201960704770030120AF
:10ED00000148FFF7AFBF00BFC4DF030010B5064BDB
:10ED10000C461868FFF720FA2146BDE8104003466C
:10ED20000F220248184700BF70030120C4DF030010
:10ED30000122F8B5084B094D094E1A70D5E9004774
:10ED40000CB92C60F8BD214630463A4600F01EF85A
:10ED5000241A0644F4E700BF0312012064030120D3
:10ED60000412012010B9074B18707047064B1B782E
:10ED70001BB141F288301BF09DBF9D20002113F094
:10ED8000D3BC00BF02120120031201202DE9F0477D
:10ED900080460F460425DFF87C901F4E99F800400E
:10EDA000ACB91BF024FF3A4682464146204610F09B
:10EDB00061FA044650461BF022FFECB10123337088
:10EDC00099F800307BB93C462046BDE8F0873A46CA
:10EDD0004146002010F04EFA0446EEE728466C1E2D
:10EDE000FFF7C0FF2546002010F08EFA0028EAD079
:10EDF0003378002BF2D1E6E7337833B1013D284672
:10EE0000FFF7B0FF3378002BC8D13378002BDAD06E
:10EE1000DAE700BF0312012002120120014B036058
:10EE200000207047D4DF030070B5104B0D461C68FE
:10EE3000B4B10F4B196800238B4202DB6FF0010065
:10EE400070BD224612F8106B864202D01446013380
:10EE5000F2E7E0681BF032FF28B100202C60EFE7FA
:10EE60006FF00C00ECE76FF01200E9E7E808002013
:10EE7000D4DF030010B5436888B0029383680C4662
:10EE8000CDE9033200230A68C068CDE906230549AD
:10EE900001AA05931BF01EF9079808B9059B23608A
:10EEA00008B010BDAB7A030010B54FF42814DFF89A
:10EEB00020C086B0CDE904C40824029404AC0194B7
:10EEC000BDF8204000941AF0ADFB06B010BD00BFA5
:10EED000180028002DE9F0410C4B05461C680E4631
:10EEE00017467CB100F096F963682046D3F810808D
:10EEF00032463B462946C047044600F095F9204675
:10EF0000BDE8F0816FF00104F9E700BF7403012050
:10EF100000230360044B5A6812B9C3E9000070472C
:10EF200010605860704700BF78030120014B1860E3
:10EF3000704700BF74030120002330B585B0CDE9D0
:10EF400002330546019000F065F9094B1C6844B98D
:10EF5000284600F0EBF8044600F066F9204605B0BC
:10EF600030BD636820461B6801A998472468EEE716
:10EF7000780301201FB5CDE90101039200F04AF9A1
:10EF8000074B1C6824B900F04FF9204604B010BDAF
:10EF9000636820461B6801A998472468F2E700BF10
:10EFA000780301200022024BC3E90022704700BF12
:10EFB000780301200022024BC3E90022FFF7F2BFD1
:10EFC000800301202DE9F74307460C4609B10023D1
:10EFD0000B600026254DDFF898904D4524D9254932
:10EFE0009D23254A254817F06DFE254817F06AFE37
:10EFF0009D21214817F05DFED5F800803846414636
:10F0000001AA18F0C3FD50B116B954B92E4606E056
:10F0100000224046316818F0B9FD0028F5D11835B6
:10F02000DBE7019B2360F1E7E6D3164B1D68C5B112
:10F0300055F8188C3846414601AA183D18F0A6FD2F
:10F0400050B116B954B92E4606E000224046316848
:10F0500018F09CFD0028F5D1AD69E8E7019B23601D
:10F06000F1E7304603B0BDE8F08300BFF4D50300FC
:10F070006CD603002D0A0400FB09040048F20300CB
:10F08000B3070400800301202DE9F04784B002AFEC
:10F09000D7F8289004460D46164698467860B9F190
:10F0A000000F07D0D9F8001031BBD9F804A0BAF18D
:10F0B000000F28D12046391DFFF784FF08B3D0F890
:10F0C0000C904346324629467868C847C8B16D4619
:10F0D0008AB002AA124BD061C2E905344FF4007322
:10F0E0001384104B42F8103F00234FF411510E4887
:10F0F000FFF7F4FAAD4604E03A1D18F047FD00288A
:10F10000D3D1002007E0D9F80830324600932946D1
:10F1100043467868D0470837BD46BDE8F08700BF52
:10F12000550A040004000001C4D503002DE9F8438A
:10F1300080464FF000470026DFF8BC903D462F4C3C
:10F140004C452FD92E494FF489732E4A2E4817F07B
:10F15000B9FD2E4817F0B6FD4FF48971294817F014
:10F16000A8FD2F46EAE7B8F1000F03D122694AB99A
:10F170001834E5E700224146206818F007FD002812
:10F18000F4D1F5E76368BB4206DDAF4202D0AB4283
:10F19000A8BF2B461D46EBE7EAD19047002E08BFDB
:10F1A0000646E5E7DFD31A4B1C68FCB1183CB8F102
:10F1B000000F03D122694AB9A469F6E7002241464B
:10F1C000206818F0E3FC0028F4D1F5E76368BB423F
:10F1D00006DDAF4202D0AB42A8BF2B461D46EBE78F
:10F1E000EAD19047002E08BF0646E5E7AF42B8D106
:10F1F0003046BDE8F88300BF6CD60300F4D50300A9
:10F200002D0A0400FB09040048F20300B3070400C0
:10F21000800301204FF0FF324FF0FF33014810F020
:10F22000F5BD00BF640E0020014810F0B7BE00BF5E
:10F23000640E002038B5094DFFF7ECFF2B785BB961
:10F24000FFF7B8FE00F032F9044608B901232B702D
:10F25000FFF7EAFF204638BD0024F9E71412012029
:10F260002DE9F04F00F108069BB0074689460823B8
:10F270004FF00041304607AA18F0E3FA002827DBD8
:10F28000089D0DB9284623E025F0010A492307AA65
:10F290005146304618F0D5FA0AF1804B59460446DB
:10F2A000304618F0DBFA082380462946304605AA86
:10F2B00018F0C7FA00280BDB002C069D02DDB8F120
:10F2C000000F08DC5146384618F0F8FC0028D8D06A
:10F2D0001BB0BDE8F08F04F168030DEB03040023BD
:10F2E000414604F84C3C054ACDF8009003AB07A812
:10F2F000CDE9036BFFF7C8FEE8E700BFFD7B030025
:10F300002DE9F04F9BB004468846CDE90123002942
:10F3100000F0BC804A2140461DF0B4F9019B8146B3
:10F3200093B3029BB3FA83F56D094FF0000B494686
:10F330004046FCF765FD4FF0FF36DA4620F04040CE
:10F3400020F01F0040F00043009304F108030393F2
:10F3500094F85C305B4519DA53454AD3009F760038
:10F3600006F01E0637436DB90125DDE9012304F1DE
:10F370000806304607F18041FEF7D2FC002842DB48
:10F38000002D50D100203EE00125CEE7009B0398E0
:10F3900003EB4B073946492307AA18F052FA831C9E
:10F3A00006D1B6F1FF3F08BF5E460BF1010BCFE778
:10F3B000002828DB49280BD9364937484FF4DF733A
:10F3C000364A17F07FFC4FF4DF71344817F071FCB8
:10F3D000002200F168036B44484503F84C2C05D12A
:10F3E0004A46404607A91DF018F9A8B10AF1010ADA
:10F3F000DBE7BAF10F0F09D929480121294A18F092
:10F40000D6FA6FF01B001BB0BDE8F08F009B84F8AC
:10F410005CA043EA4A07A6E7002DA6D0394620465D
:10F4200018F04CFCEFE700230693636D002B22DA03
:10F43000636D47F00105059329460823304605AA68
:10F44000FEF76EFC0028DEDBA36D30460593616D90
:10F45000082305AA0695FEF763FC0028D3DB636D3D
:10F460004246C4E9155339464B463046FEF758FC30
:10F4700000EAE070C7E70A4802210B4A18F097FA41
:10F48000204618F0C1FB0028D2D0BCE76FF0150071
:10F49000B9E700BFB00A040048F203007A0A04008A
:10F4A000C4D50300C40A0400E40A04007FB50123A4
:10F4B000694603200193FFF7B7FC044668BB0320AD
:10F4C00002AA01A918F013FB044610B110F10C0FA9
:10F4D00023D1009B03999A68134DB2FBF1F2C5E961
:10F4E00008125A68DB68AA602B656B64C3B105F12A
:10F4F000080018F09FF9044678B985F85C002846A2
:10F5000018F082FB044640B9084E28466E60FFF7AB
:10F51000FFFC28466E60FFF709FD204604B070BD71
:10F520006FF01204F9E700BF688A0020A4E003002E
:10F5300008B5044817F0B0FB034817F0ADFB0020F6
:10F5400008BD00BF180B04004E0B040010B50024CA
:10F55000094B86B009480393CDE9044411F09CFDA2
:10F5600003AB00934FF4A3620A230549034811F04B
:10F57000ADFD204606B010BD7C0B0400C88A0020FB
:10F58000C827012008B50121024A034818F076FC7B
:10F59000002008BD8A0B0400B4D4030038B5C51C94
:10F5A00025F00305782D09D9164917487023174A05
:10F5B00017F088FB7021154817F07BFB144CD4F82A
:10F5C000503123B1D4F85831EA18782A15D97C2162
:10F5D00001201BF001FD58B100230360D4F8543121
:10F5E0003BB9C4E95400002304331844C4F858510B
:10F5F00038BD1860C4F85401F5E71546D4F8540135
:10F60000F2E700BFCC0B040048F20300A10B04009A
:10F61000880301200848D0E8EF3F43F00203C0E828
:10F62000E23F002AF7D1436AA0F59C701B680BB13A
:10F6300041681847704700BFC0040120022808B580
:10F6400002D8034B185C08BDFFF79CFF0020FAE7C7
:10F650002A6304002DE9F041184C0546D4F83431F2
:10F660000E46222B08D9164A0121164818F006FC2E
:10F6700000273846BDE8F08103681878FFF7DEFF01
:10F6800080463044FFF78AFF08B90F4AECE7D4F808
:10F69000343130445A1CC4F834212A8A04EBC3079D
:10F6A000033304EBC30422816B8A6060A372424679
:10F6B00029681C371CF07CFFDBE700BF88030120B2
:10F6C000160C0400B4D40300320C040070B50546D7
:10F6D00038B90B4A01210B4818F0D0FB0024204612
:10F6E00070BD0078FFF7AAFF0646FFF757FF0446F4
:10F6F00008B9054AEEE7324629461CF059FFEEE705
:10F700004F0C0400B4D40300630C040010B5A0F146
:10F710002C03D3E8AF3FDB0706D4BDE8104002213D
:10F720000C4A0D4818F0AABBA0F5B274A0F5AE7152
:10F73000206807F031FB034658B101210648074A0B
:10F7400018F03EF92046BDE810406FF00B0118F0AC
:10F75000B9BB10BD780C0400B4D403008E0C0400B7
:10F760002DE9F3417E4C0D462368834208D00121E8
:10F770007C4A7D4818F082FB6FF00D0120465EE068
:10F78000137C032B00F0B2800ED8022B1CD17749DA
:10F790004FF4F973764A774817F094FA764817F0E1
:10F7A00091FA4FF4F9713EE0052BF0D1002977D1A1
:10F7B000D4F83431012B64D9238C04F5B2710133B0
:10F7C00023820323237667E031B9204618F090FBAB
:10F7D000002002B0BDE8F081CF6828460821FFF77D
:10F7E00039FF4FF000084FF42053064601A928685E
:10F7F0008DF80480ADF8063018F079FDB0B142F60E
:10F800000103694628688DF80080ADF8023018F0D1
:10F810006EFD58B1594940F24B13554A554817F0FF
:10F8200051FA40F24B11524817F043FA56B9544A74
:10F8300001214D4818F022FB6FF00B01484818F0E9
:10F8400041FBC5E7304618F067FB054648B94D490E
:10F8500040F25F13464A474817F034FA40F25F110E
:10F86000E1E73B6803607B6843600068FFF72EFFB9
:10F87000286008B9444ADBE7AB88E382B2889A4241
:10F8800002D1FFF7C7FEA3E70023A3600523237679
:10F89000B3883E49013323823D481BF0C9FA97E7FC
:10F8A000002642F60303286801A98DF80460ADF82C
:10F8B000063018F01CFD50B908212846FFF7CAFE93
:10F8C000044618F049FB23680360012081E73146B4
:10F8D0002846FFF7BFFE0028F7D12B8A01212D4AC9
:10F8E000214818F06DF86FF00B0147E70029C8D0E8
:10F8F00000238DF8043042F60303286801A9ADF80F
:10F90000063018F0F4FC48B123494FF4DE73184A6E
:10F91000184817F0D7F94FF4DE7184E72046298A9A
:10F9200018F08EFA10B96FF0020127E7EE6818F0B0
:10F9300013FB054648B919494FF4E4730C4A0D48C6
:10F9400017F0C0F94FF4E4716DE733680360736832
:10F9500043600068FFF7BAFE28600028B5D1C2E70F
:10F9600088030120AF0C0400B4D4030098520400B3
:10F97000A10B040048F20300460F0400D10C040060
:10F98000EA0D0400130E0400320E0400EC04012002
:10F99000C88A0020600E04009E0E0400290F040097
:10F9A00070B505460E4600242146284618F0ECFAAC
:10F9B0000446A0B118F0D0FA58B90A490A484FF4E1
:10F9C0000F730A4A17F07EF94FF40F71074817F0CA
:10F9D00070F90168304618F08AFC0028E4D120460E
:10F9E00070BD00BF320F040048F20300A10B0400F9
:10F9F000F8B506460D4619B1097811F0FD0F4CD146
:10FA0000002A4AD0284CD4E8EF1F41F00100C4E896
:10FA1000E70F002FF7D111F0010141D1A4F59C743B
:10FA2000002DC4E9006314BF01230023C4E954116D
:10FA300084F86031C4F85C21C4F83411C4F858115A
:10FA40000AD02878FFF7FAFD2946024604F59E7091
:10FA50001CF0AEFD04F59E75144BA560E3604FF6F7
:10FA6000FF730125E3820023114912482376258282
:10FA700011F0EEF83046104907F08EF9044650B107
:10FA80000E4A034629460E4817F09AFF6FF001010F
:10FA9000054818F00CFA2046F8BD6FF01504FAE797
:10FAA0006FF07704F7E700BFC004012061F70100A1
:10FAB0000DF70100EC040120900301205C0F04000D
:10FAC000B4D403001FB5094A01AB1068516803C3E1
:10FAD0009068074A044601AB03CBC2F84640C2F81F
:10FAE0003E00C2F8421004B010BD00BF64DE030047
:10FAF000040501201822054BA3F84A202822DA64C5
:10FB00004FF4C872A3F85020704700BF04050120CD
:10FB10002DE9F04703780546092B0C461CD1114FFF
:10FB200097F82130C3B1002697F820A090F8018003
:10FB3000564511D207EB46194246484669681CF003
:10FB40007CFD60B96378C4F81890013363700123B9
:10FB500084F81C802375A3700120BDE8F08701366E
:10FB6000E6E700BF04050120F8B505460E46174636
:10FB7000074B1C6854B154F8043C043C1B681BB18F
:10FB80003A463146284698476468F3E7F8BD00BF17
:10FB9000FC04012050B100234360054B021D59684D
:10FBA00011B9C3E9002270470A605A60704700BF6C
:10FBB000FC04012070B505460C4692B000296AD0BD
:10FBC0004FF0FF324FF0FF33344810F01FF9052D8E
:10FBD0005ED8DFE805F0035A1E5A5A5A304E96F89E
:10FBE0002050002D51D12046F9F72DFE431E1F2B2A
:10FBF00002464DD8214630461CF0DAFC96F82030FB
:10FC0000013386F82030254810F0C8F9284612B094
:10FC100070BD234D95F82B30002B36D1206807AEF0
:10FC20006862A379A28885F82A302A852378032B75
:10FC300025D8DFE803F0021E20221A493046F9F7E2
:10FC4000FAFD059663781E210493A378164A039360
:10FC5000E3780AA802932379019363790093A37947
:10FC600016F016FC95F82B30013385F82B30002563
:10FC7000C9E70E49E2E70E49E0E70E49DEE70A214F
:10FC800030460D4A16F004FCDBE76FF00B05BAE7CF
:10FC90006FF01505B7E76FF01505B7E7500E0020B8
:10FCA00004050120CFF30300F1F30300D6F30300B2
:10FCB000DDF30300E7F30300D0F9030008B54FF0CC
:10FCC000FF324FF0FF330B4810F0A0F800220A4B30
:10FCD00083F8202083F8222083F82B2083F830201B
:10FCE00083F8342083F836200248BDE8084010F03D
:10FCF00055B900BF500E0020040501200022074B1B
:10FD000083F8212083F8232083F82C2083F83120E6
:10FD100083F8352083F83720704700BF04050120A1
:10FD200008B5830628D0FFF7E9FF10F0020F18BFCF
:10FD30000122134B18BF83F82C20C20744BF0122B5
:10FD400083F82120C20644BF012283F82320420702
:10FD500044BF012283F83120020744BF012283F807
:10FD60003520820648BF01224FF0000048BF83F8CB
:10FD7000372083F8381008BD6FF01500FBE700BF8F
:10FD800004050120F0B51C4F054697F83C300E469F
:10FD900087B073B3037963B30023019318F070F94C
:10FDA000164B02AC0FCB84E80F00214601AB304666
:10FDB00007F14A020BF020F9114B08351C6848B1D5
:10FDC000BCB154F8043C043C9B680BB128469847EE
:10FDD0006468F5E7019E4CB154F8043C043CDB68D0
:10FDE00013B13146284698476468F4E701980AF051
:10FDF00005F907B0F0BD00BF0405012070DE030067
:10FE0000FC0401202DE9F04F5B4C95B006460D46F1
:10FE10005022002168461CF0F1FB94F838308DF830
:10FE2000033094F82C3013B101238DF8003094F88E
:10FE3000213023B19DF8003001338DF80030338933
:10FE4000D6F8008003F001071B078DF804705ED51B
:10FE500037B9B94694F88BB0DFF820A1D94549D31A
:10FE60008DF8047094F82C30CBB1002794F82B80D7
:10FE7000D6F80090424C474511D221460722484609
:10FE80001CF0CBFBA2460734002860D10123CDF83B
:10FE900030A08DF801308DF82C308DF802302B68B1
:10FEA000AA6828469C1A37496A46AF8802F038FA91
:10FEB000AB68AF8013FA84F32B60334B3468CDE921
:10FEC00003359DF803309DF804500296002B40D076
:10FED0009DF801209DF800309A423ED105A902A864
:10FEE0002A46FFF741FE21466846FFF74BFF15B053
:10FEF000BDE8F08F5046072241461CF08EFB0AF108
:10FF0000070A10B109F10109A8E70127A8E7002FA6
:10FF1000A8D094F88A30D8F80010C3EBC30352334A
:10FF2000E150E218B8F80430938098F806309371E5
:10FF300094F88A30013303F0070384F88A3094F888
:10FF40008B30072B9CBF013384F88B308AE7013755
:10FF500091E79DF80230002BC0D10C4B1C68002C9F
:10FF6000C5D054F8043C043C5B6813B1294602A890
:10FF700098476468F3E700BF040501205605012097
:10FF80002805012011FB01004E050120FC04012081
:10FF900038B50546174C184803F01AFA3C220021E0
:10FFA00020461CF02BFBEDB12B7984F83C302A68FD
:10FFB0008AB11368C4F83E305368C4F8423093687D
:10FFC000C4F84630AA684AB11368C4F84A30536886
:10FFD0000A4A536038BDFFF775FDF3E7BDE83840C6
:10FFE000FFF788BDFFF76EFDFFF784FD84F83C50F6
:10FFF000F0E700BF04050120040900204E050120A0
:020000022000DC
:10000000034608B1012805D10448002100F83E3F0D
:1000100003F086B96FF01500704700BF040501209A
:10002000034B9B681BB1481E18BF0120184770473F
:100030009005012010B51C46034B11461B680BB1FF
:1000400022469847204610BD90050120024B5B6870
:1000500003B11847704700BF9005012030B1044B31
:1000600002681A6042685A6082689A60002070478D
:100070009005012070B50E461546044686B0002155
:10008000182268461CF0BAFA0B490C4BCDE9011650
:10009000ADF80C5004932CB96946204606F0FAFCE2
:1000A00006B070BD0122204606F02EFA0028F3D1DA
:1000B0006FF01500F4E700BFE8E003004D00020018
:1000C0002DE9F04196B00C46054617F05BFF17F09E
:1000D00023FF4B4B076811AA03F1100C1646186852
:1000E0005968083303C663453246F7D11B78384652
:1000F000337011A918F0FBF8064628B16FF0850699
:10010000304616B0BDE8F0814FF0FF33A360A38105
:100110003C4B02AA03F110081746186859680833C7
:1001200003C743453A46F7D11B7828463B7002A9DE
:10013000FFF736FC074638B9334A0121334817F038
:1001400036FC6FF01506DBE72E4B07AA94461868BD
:1001500059680833ACE8030043456246F6D11B7882
:10016000394628468CF8003007AA17F05BFF08B91B
:10017000274AE2E783883946638100238DF80430FB
:1001800042F60213284601AAADF8063017F04AFFDE
:1001900008B9204AD1E783880CAAA3811E4B03F13A
:1001A0001008174618685968083303C743453A468C
:1001B000F7D11B7828463B700CA9FFF7F1FB0746E7
:1001C00008B9164AB9E7144B11AA94461868596839
:1001D0000833ACE8030043456246F6D11B78394644
:1001E00028468CF8003011AA17F01CFF08B90C4AF9
:1001F000A3E783882846238117F0C2FE20607FE7AB
:10020000C1DE0300D2DE0300960F0400ACD503006C
:10021000B50F0400E80F0400E3DE03000E10040035
:100220002D10040070B5051DD5E8EF3F43F0020224
:10023000C5E8E12F0029F7D19B0727D40126154BEC
:1002400086830361438903838389438300F1200309
:10025000D3E8EF1F3143C3E8E21F002AF8D100F1D1
:100260001001006807F04EFB044668B10A4A0346D5
:1002700031460A4817F0A4FBD5E8EF3F23F002030C
:10028000C5E8E23F002AF7D1204670BD6FF0770441
:10029000FAE700BFC780030060100400ACD503007C
:1002A00003689A070CD50368DB070DD50922074BB5
:1002B000C3F80C250F22C3F8042501221A60FEE7BB
:1002C000034B0360EF3B0360704700BF008010509A
:1002D000F000FA50002108B51E4B1F48C3F8001863
:1002E000FFF7DEFF0830FFF7DBFF0830FFF7D8FF2E
:1002F0000830FFF7D5FF00F5F470FFF7D1FF174A7C
:10030000D2F88C3043F44063C2F88C300A46D300F4
:1003100003F57F0303F54043D3F8001401310AD0FD
:10032000D3F8001439B1D3F800140132D3F80434EF
:10033000802A0B60EBD1094AD2F88C3043F4406339
:10034000C2F88C30064BD3F80024D3F80024012ADD
:10035000FBD008BD0000125000F50E5000ED00E08B
:100360000090045080B505460E461746984612F098
:10037000DBFA034600F0FCFCDFF83C90044649F849
:100380000030424639463046A8470C4B1B7873B9BB
:100390000B4940F249330B4A0B4816F093FC0B48CB
:1003A00016F090FC40F24931064816F082FC54F8F1
:1003B000090000F077FC00BF08000000C017012012
:1003C00019080400EE07040048F203002C0804009A
:1003D00008B50348034A0021121A17F0AFFE08BD02
:1003E00098100020C4170120074808B5074A08499B
:1003F000121A17F0A5FEBDE808400648064A07494C
:10040000121A17F09DBE00BFC004002094100020F7
:1004100064650400B8040020C00400205C6504008A
:100420002DE9F04706460C4600AF002936D0D1E949
:100430000012E9468AB06D46A3684FF0050AE84607
:100440001F48CDE90723CDE9050148F810AF002387
:1004500042464FF421511B48FEF740F9D4E90312FC
:10046000CD466369AD461848C5E90723C5E90501CE
:10047000C5F810A0002342464FF421511148FEF761
:100480002DF9CD46E3690121104A0E4817F098FA7C
:10049000A36901210E4A0B4817F092FA012E07D1E9
:1004A000EFF305830B4A31460648103B17F088FAF4
:1004B000214630460FF0EEF8BD46BDE8F08700BF9C
:1004C00080100400B4D50300AF100400DE10040057
:1004D000ED1004001B11040030BFFFF7FDBF00BF8B
:1004E0002DE9F04105460B4EDFF82C80324606EB35
:1004F0000807CC1B204609491CF05AF8A0194246AF
:100500000021083C1CF07AF8AC6707F10800BDE850
:10051000F08100BF00000000080000006CD603005E
:1005200010B5244C2449254817F017FEA36A9901F9
:100530003ED52248224917F010FE1E20A36ADA0198
:1005400004D51E481F4917F008FE1F20194CA36A46
:10055000DB0204D519481C4917F0FFFD0220A36AED
:100560001C0304D51548194917F0F7FD2120114C3B
:10057000A36A590304D51148154917F0EEFD22204E
:10058000A36A9A0304D50D48124917F0E6FD23200B
:10059000084CA36ADB0304D508480F4917F0DDFDBA
:1005A0002420A36A6FEA03436FEA1343A36210BDDA
:1005B0001D20C3E700ED00E02E110400B4D50300B8
:1005C0004611040059110400731104009D11040028
:1005D000BB110400E0110400FA11040070B50646D6
:1005E0000D46334C3349344817F0B7FDA36AD9069A
:1005F0004DD53148314917F0B0FD1120A36A1A07D3
:1006000004D52D482E4917F0A8FD1220284CA36AC6
:100610009B0712D52B49284817F09FFD636BA26AF0
:10062000110609D50121284A234817F0C9F91EB13E
:10063000A36A23F08003A36213201D4CA36ADA0788
:1006400004D51D48214917F088FD1420A36A9B0694
:1006500004D519481E4917F080FD1520144B9A6ADD
:10066000D60602D49A6A940713D59B6AD90610D588
:1006700018494FF49B73184A184816F023FB184882
:1006800016F020FB4FF49B71134816F012FB10205C
:10069000B4E7074B9A6A920642BF5A6A22F40052A4
:1006A0005A629A6A42F0FF029A6200232B7070BD70
:1006B00000ED00E025120400B4D503003B12040055
:1006C0006E1204008112040099120400AF1204009B
:1006D000CE1204002F130400FD12040048F20300A0
:1006E0007913040070B506460D46284C2849294860
:1006F00017F033FDA36AD9043CD52648264917F0E4
:100700002CFD1720A36A1A0504D52248234917F0A7
:1007100024FD18201D4CA36A9B0512D51D482049B5
:1007200017F01BFDA36BA26A100409D501211D4A15
:10073000184817F045F91EB1A36A23F40043A362D9
:100740001920124CA36A590504D51248164917F00E
:1007500004FD1A20A36ADA050ED50E48134917F0D6
:10076000FCFC1B20094A936A43F47F4393620023F5
:100770002B7070BD1620C5E7A36A9B04F2D505480F
:100780000B4917F0EAFC1C20ECE700BF00ED00E08D
:10079000DD130400B4D50300F31304006E1204004B
:1007A000041404001D140400321404004D14040049
:1007B000CE120400F0B58BB0774B04465868002584
:1007C00000AFC0F3080385F31188BFF36F8F02F009
:1007D0007F46B6F17F4F07D102F00C06082E0ED1EE
:1007E0006E496F4817F0B9FC6E496D4817F0B5FCBB
:1007F00000210846FFF714FE2C37BD46F0BD160752
:100800004CBF0C460125002CEED00022FA71DA1EF6
:10081000092A00F2A180DFE802F005979A789F9FED
:100820009F9F9F9D60495E4817F097FC00235A4E9A
:10083000FB71F36A9A0705D55C49594817F08DFC9E
:1008400000232DE0F36A002B01DA5949F5E7F36A3A
:100850005B006CD55749524817F07FFC7369A26959
:1008600043F480737361BFF34F8FBFF36F8F32F820
:10087000023C726922F480727261BFF34F8FBFF342
:100880006F8F03F47F42B2F55F4F27D1DBB2022BAB
:1008900024D123680121484A414817F091F8236880
:1008A000FA79002AA8D107F1080604F1200C324693
:1008B00020686168083403C264451646F7D17A6A35
:1008C000002D66D0C2F3080121B96FEA52226FEA07
:1008D00042227A62184607F108018BE72E4B9A6A8A
:1008E000D2B22AB10120F91DFFF778FE0346D7E7FF
:1008F0009A6A12F47F4F04D00120F91DFFF7F2FE2F
:10090000F4E79B6AB3F5803F02D3FFF709FEEDE7FA
:100910002A4940F203332A4A2A4816F0D3F92A48D2
:1009200016F0D0F940F20331254816F0C2F92349F8
:1009300040F20633224A234816F0C4F9234816F041
:10094000C1F940F20631EFE70020F91DCCE70020A5
:10095000F91DD3E71E4970E71E4A6E4610F4F87F72
:100960008AB01D4918BF11466A46103B07934FF4E1
:1009700000731A48ADF82030194BCDE9050142F853
:10098000103F00234FF411510548FDF7A7FEB5466F
:1009900056E76FF308029CE700ED00E093140400B3
:1009A000B4D50300BE140400FA14040011150400A9
:1009B00032150400401504005F150400985204002D
:1009C000FD12040048F203007B1504009F1504008B
:1009D000CF1504007A14040065140400F315040014
:1009E00004000001064B5A6942F010025A615A692C
:1009F00042F480625A615A6922F008025A617047D3
:100A000000ED00E0EFF30880EFF3098101B57246D5
:100A1000FFF7D0FE01BD00BF002080F31488BFF3B4
:100A20006F8F002080F30A8880F30B880F4880F3D3
:100A30000888FFF74FFC00200D490860BFF34F8F77
:100A400000F02CF8402080F311880A484FF4006130
:100A5000401880F30988EFF314800221084380F3E3
:100A60001488BFF36F8F00F0B7F80000105D01200D
:100A700094ED00E0D0450120002318460649D1F846
:100A80009020C2F30722934200DB7047C1F89830F0
:100A9000C1F8A0000133F6E700ED00E010B572B632
:100AA000002484F31388FFF7E7FF23464FF0FF305D
:100AB0000C4A03F120010133102B42F82100F8D138
:100AC00000234FF0FF30074A03F160010133102B80
:100AD00042F82100F8D162B6BFF34F8FBFF36F8F9A
:100AE00010BD00BF00E100E01EF0040F0CBFEFF3EB
:100AF0000880EFF30980816911F8021C0229FFD0F8
:100B000001B5724617F01EFB01BD00BF00B2002800
:100B100007DB01234109034A00F01F00834042F82C
:100B20002130704700E100E000B200280CDB012218
:100B30000649430900F01F008240203341F823207A
:100B4000BFF34F8FBFF36F8F704700BF00E100E02E
:100B500038B5D30704460D4612D48B1C072B10D989
:100B60006B23114A1149124816F0ACF82946114876
:100B70000623224616F0A6F86B210B4816F099F8CA
:100B8000002320B20028ACBF00F160400A4A4FEABF
:100B90004313DBB2ABBF00F5614000F00F0080F8FB
:100BA0000033135438BD00BF061604003D16040080
:100BB00048F203005816040014ED00E0044B054A07
:100BC00023F07F039360BFF34F8FBFF36F8F7047A6
:100BD0000000000000ED00E008B5FFF7EFFF074A56
:100BE000D2F8883023F47003C2F88830FFF7F0FBA6
:100BF000FFF7FAFB00F09CF80EF0C2FE00ED00E0FB
:100C000042F8203C009B0B4942F81C3C019B21F020
:100C1000010142F8183C029B42F8081C42F8143CBF
:100C20004FF0807342F8043C0023203A0265C3670A
:100C3000704700BF6503020000B50D4B1546986074
:100C4000826F0C4B0E461A60836E83F30B882C4622
:100C500086F309880020044B984720460021002293
:100C60000023024C20470000798103006503020045
:100C70005C0B01209C0501201022014B1A6170477A
:100C800000ED00E0054B5A699B689A421FBF044A79
:100C9000536843F080535360704700BF5C0B0120E2
:100CA00000ED00E0084B9B6883420BD1EFF3058316
:100CB00043B1064B5A6842F080525A605A6A22F495
:100CC00000425A6210F01ABE5C0B012000ED00E0F9
:100CD00014498A684FF030001044EFF3098C80E823
:100CE000F01F402080F31288BFF36F8F0E4F4FF03C
:100CF00000664A698A603E60906F0C4C2060D06F3D
:100D00000023D36780F3118802F1300090E8F01FD0
:100D10008CF3098802F1000004B517F026FABDE84B
:100D2000044070475C0B012004ED00E09C050120AD
:100D3000002340210448C2180133B3F5927F82F8A2
:100D40000013F8D1704700BF00E100E008B5EFF3F1
:100D50000583064A103B02EBC30152F83300496891
:100D60008847BDE80840FFF78DBF00BF00CA0300F9
:100D700001480068704700009C0501201FB5012153
:100D8000094B0A4A0A4800F00FF90023064A039368
:100D9000084B0121019301A8D31A029300F028F90E
:100DA00005B05DF804FB00BF007C032000000020BC
:100DB00038E10300981000200A7A0B6810B562F33E
:100DC00004031C46CB68520923F01F0343EA420385
:100DD000044A43F00103C2F89800C2F89C40C2F8EC
:100DE000A03010BD00ED00E010B50A4BD3F89030F4
:100DF000C3F30723013B984208D901210346064A61
:100E0000064816F0DDFD6FF0150010BDFFF7D4FFAA
:100E1000FBE700BF00ED00E09C16040084D5030052
:100E20002DE9F04F8946144606464FF000084F4D15
:100E300085B0C84527DAD6F804A0BAF1000F44D02F
:100E4000BAF11F0F17D91AF01F0F14D1D6F800B03E
:100E50001BF01F0F0FD1584617F0B1F907460AEBE8
:100E60000B00013817F0ABF9874210D06FF015076F
:100E70003F4A3B4601E043463E4A01213E4816F0C8
:100E80009FFD6FF01504204605B0BDE8F08F17F107
:100E9000160FEDD0BC42EBDDC5F89870D5F89C106C
:100EA000C5F89870D5F8A03021F01F0143F01F0B52
:100EB000D6E900321A44994202F1FF3A1AD1D345D9
:100EC00007D13146F8B217F083F908F101080C3662
:100ED000AFE73146C5F89870D5F89C30E0B263F3BF
:100EE0000402C5F89C2017F073F910F1160FC8D052
:100EF000441CEAE7C5F89870D5F8A020013B23F020
:100F00001F0302F01F021343D3453146E0B2C5F878
:100F1000A030E8D017F05CF910F1160FB1D0C5F889
:100F20009870D5F89C209DF808300BF1FF3B62F3D8
:100F300004038DF80830D5F8A0309DF808205B0830
:100F400063F347128DF80820D6E90032134400936A
:100F500023F01F035B44A3EB0A03013023F01F03BC
:100F60006946C0B20393FFF73FFFBEE700ED00E024
:100F7000E8160400C216040084D503000522044BC1
:100F8000C3F89420BFF34F8FBFF36F8F704700BF3C
:100F900000ED00E0BFF35F8F0022024BC3F8942006
:100FA000704700BF00ED00E038B50C4D0C462A78C4
:100FB000FFF736FF287016300FD140F28913084A28
:100FC0000849094815F07EFE2146084815F07AFECA
:100FD00040F28911024815F06CFE38BD151201204F
:100FE0000B1704009852040048F203003A1704005B
:100FF0002DE9F74F314D894606464FF00008AB46C4
:101000002F4FC84502DB03B0BDE8F08FD6F804A02F
:10101000BAF1000F4CD031680846019117F0CFF8B3
:10102000019904460AEB0100013817F0C8F8844220
:101030004FF01402234B15D002FB08F36FF015029A
:101040004BF8032040F299131F4A2049204815F01D
:1010500039FE49461F4815F035FE40F299111A48ED
:1010600015F027FE14F1160F2C60EBD01978A14271
:10107000E8DD02FB08B0C7F89840C7F89840D7F8F9
:101080009C4000F10801007B64F304000871D7F86C
:10109000A0000C79400860F347140C71D7F89C103D
:1010A00021F01F016960D7F8A01021F01F0129610C
:1010B00008F1010814350C36A3E700BFA005012094
:1010C00000ED00E0151201200B17040098520400F7
:1010D00048F20300661704002DE9F0416B4D6C4E99
:1010E000D5F890303468C3F307239C4286B013D9F7
:1010F00040F20223674A6849684815F0E3FDD5F8D5
:10110000902021466648C2F3072215F0DBFD40F22D
:101110000221604815F0CDFD0020FFF73BFF614B39
:10112000C5F8C03084421BD15F4D01A82C70FDF77B
:1011300075FE002607464FF061085C4CB74216D199
:1011400000202B785149D1F89020C2F30722934216
:10115000C0F295800020FFF711FF06B0BDE8F081D6
:10116000716801EB0011FFF727FE0130DAE7019A01
:10117000300102EB0613D3F80CC00CEA0401B1F104
:10118000807F57D00AD8B1F5001F29D0B1F5800F64
:1011900043D0B1F5801F14D00136CFE7B1F1006F15
:1011A00048D0B1F1805FF7D159689B681258013B74
:1011B00021F01F000344CDE9021223F01F03012296
:1011C0000BE0596812589B68CDE902122122013BBD
:1011D00021F01F00034423F01F038DF8102036E098
:1011E000596812589B68CDE902124122013B21F057
:1011F0001F00034423F01F031CF0010F8DF8102083
:10120000059325D02A498423224A244815F05AFD03
:10121000284815F057FD84217BE759689B681258D0
:10122000013B21F01F000344CDE9021223F01F030C
:101230000222D2E7596812589B6821F01F00013B37
:10124000CDE90212034423F01F038DF810800593AB
:10125000287802A9FFF7C8FD00280CDA0E4940F2F1
:1012600041230C4A0D4815F02DFD134815F02AFDB9
:1012700040F241214DE72B7801332B708CE7C1F808
:101280009830C1F8A00001335DE700BF00ED00E039
:1012900044E103000B1704009852040048F20300D5
:1012A00095170400AAFF4400151201200000F0FF6A
:1012B000C9170400EF1704001E18040008B50549FB
:1012C00005481B23054A15F0FDFC1B21034815F0BA
:1012D000F0FC00BF9852040048F2030057180400C5
:1012E000F0B587B007460E46144600211022684626
:1012F0001D461BF083F902238DF80230054B2A4668
:1013000021466846CDE90476019315F051F907B0FE
:10131000F0BD00BF0382030008B5024815F098F83D
:10132000FEE700BF8518040008B5024B1B6898470C
:10133000002008BDB4050120034B044A18609378CF
:1013400043F0020393707047B40501204809002060
:1013500008B50649064821F00701C1F1005202F51F
:101360005F32FAF713FF002008BD00BF0BC1012058
:10137000B805012070B541690446867A0A4D59B115
:10138000437ADB0706D42C2303FB06535B6A1B68F6
:101390009B689847002363612C20214600FB065080
:1013A000BDE870400EF084BF340F00202C22024BA9
:1013B00002FB0030704700BF340F00202C21827ADE
:1013C000054B01FB02339A6A1B7F801A1B3323F003
:1013D0000303B0FBF3F07047340F002038B52C2422
:1013E000827A064B04FB02335B6AD3E901240C606A
:1013F0001568FFF7E3FF04FB005038BD340F0020F1
:1014000008B543684BB1074907486423074A15F0FC
:1014100059FC6421054815F04CFC03824369C36004
:1014200008BD00BFAF18040048F203008A1804008A
:101430002DE9FF470546684617461C46039119F0FB
:1014400074FDDDE9008955B95C4940F20B135C4A33
:101450005C4815F037FC40F20B11594818E005F1D3
:101460001406EFF3118A402383F31288BFF36F8FC2
:10147000304611F0B3FB68B98F23534A53495148A2
:1014800015F020FC3146524815F01CFC8F214E48C7
:1014900015F00FFC304611F001FC6B8B002B5AD07D
:1014A0002A8B9A4239D90022002328460EF034FFB5
:1014B0000446002831D0304611F09EFB68B940F256
:1014C0003D13414A43493F4815F0FCFB3146424831
:1014D00015F0F8FB40F23D11D9E78AF31188BFF30C
:1014E0006F8F039D002D59D042464B46684619F038
:1014F00041FD2C21A27A394B204601FB02335B6A65
:1015000003A91B681E68DDE90023B047606100285D
:1015100037D12046FFF72EFF2EE06C8B3046631E3E
:101520006B8311F069FB0028C9D08AF31188BFF3DF
:101530006F8F2B7F2A8B1B33121BAC6A23F00303A4
:1015400002FB0344254B264AEB1A9B105343A3721C
:101550002B7FE372C5E7304611F04EFB0028AED07A
:101560008AF31188BFF36F8F23463A4628460EF060
:10157000D3FE04460028B4D10024204604B0BDE8C0
:10158000F087039B9D420BD916494FF4B0730C4A68
:101590000C4815F097FB4FF4B0715EE72B46656180
:1015A00000210122616022816382E27A04F1180045
:1015B0001BF024F82046FFF723FFDEE79F220400FC
:1015C0008A18040048F2030075010400A201040017
:1015D000B7010400CD010400E4010400340F002031
:1015E000A38B2EBAC918040070B50C46054658B92D
:1015F000284940F2A713284A284815F063FB40F217
:10160000A711254815F055FB49B925494FF4D47366
:10161000214A224815F056FB4FF4D471F1E7EFF35D
:101620001186402383F31288BFF36F8F1D4811F09A
:10163000D5FA60B98F231C4A1C49184815F042FBA3
:1016400018491B4815F03EFB8F211748DAE715486B
:1016500011F024FB002323606B689BB9C5E90044AB
:10166000104811F0C9FA80B940F23D130E4A1149F1
:101670000A4815F027FB0B490F4815F023FB40F2F1
:101680003D11E2E71C606C60EAE786F31188BFF366
:101690006F8F70BDA63E04008A18040048F2030054
:1016A000B1300400C405012075010400A20104004A
:1016B000B7010400CD010400E401040070B5044644
:1016C00058B9234923484FF4DA73234A15F0FAFA3C
:1016D0004FF4DA71204815F0ECFAEFF3118640234D
:1016E00083F31288BFF36F8F1C4811F077FA60B94B
:1016F0008F231B4A1B49174815F0E4FA17491A486B
:1017000015F0E0FA8F211648E5E7144811F0C6FA03
:1017100025682DB162682B689542236008BF63601D
:101720000E4811F069FA68B940F23D130C4A0F49AE
:10173000084815F0C7FA09490D4815F0C3FA40F2F8
:101740003D11E0E786F31188BFF36F8F284670BD27
:10175000A63E040048F203008A180400C4050120D4
:1017600075010400A2010400B7010400CD010400CA
:10177000E40104002DE9F0410446F8B100264FF0E1
:101780002C081D4F2546646805F10802D2E8EF3F9A
:10179000591EC2E8E01F0028F8D113F0FF0319D149
:1017A0004FF4EC73154A1649164815F08BFA294682
:1017B000154815F087FA4FF4EC7108E0134940F230
:1017C000C5130E4A0F4815F07DFA40F2C5110B48BB
:1017D00015F06FFA012B0AD1AB7AEE6008FB0373A8
:1017E0006E601B6A284623B19847002CCAD1BDE819
:1017F000F081FFF7BFFDF8E7340F00208A180400DE
:10180000DA18040048F20300E7180400B1300400BD
:1018100038B5044658B9134940F2FD13124A13482B
:1018200015F050FA40F2FD110F4815F042FA00F1A0
:101830000802D2E8EF3F591CC2E8E51F002DF8D19D
:10184000DBB2FF2B0DD140F20123074A08490748BC
:1018500015F038FA2146074815F034FA40F2012114
:10186000E2E738BDB13004008A18040048F20300F2
:10187000FC1804000C19040008B5034658B90849BF
:10188000084840F24A23084A15F01CFA40F24A215F
:10189000054815F00EFA18465B68002BFBD108BD11
:1018A000B130040048F203008A18040070B50D46F8
:1018B000044658B90F4940F255230F4A0F4815F016
:1018C00001FA40F255210C4815F0F3F949B90C49D9
:1018D00040F25623084A094815F0F4F940F256211F
:1018E000F1E746681EB10846FFF7C6FF466065602F
:1018F00070BD00BFDB1C04008A18040048F203001E
:101900002819040038B505460C4659B90C490D484C
:1019100040F261230C4A15F0D5F940F261210A48E2
:1019200015F0C7F920B9BDE838400846FFF770BF89
:10193000FFF7A2FF2146FFF7B9FF284638BD00BFD9
:101940002819040048F203008A1804002DE9F84F12
:1019500006460C461546FFF78FFF002783464FF0DB
:101960002C09DFF87CA0BBF81030BBF81220DBF8A4
:101970001410D21ADBF80C300BF10C005B1AD21ADF
:10198000A24228BF22461FFA82F82946424616F094
:1019900055FCB4EB0804474445441DD00C9B53B19F
:1019A000DDE90A010D9A98478346A8B10146304601
:1019B000FFF7A8FFD7E7B07A09FB00A0436A9B684E
:1019C00043B1A34228BF23461946DDE90A23FFF7A6
:1019D0002FFDE9E72146F8E73846BDE8F88F00BF5C
:1019E000340F002008B548B90B492B230B4A0C488B
:1019F00015F068F92B21094815F05BF983883BB194
:101A000008492C23054A064815F05CF92C21F2E719
:101A100083680B44036008BDB1300400351904002D
:101A200048F2030061190400034670B50568828816
:101A3000DC889E68A818A41AAD1B641BA14209D9B2
:101A4000064907483E23074A15F03CF93E21054860
:101A500015F02FF90A449A8070BD00BF7019040078
:101A600048F203003519040008B5034600689A6877
:101A7000821A91420BD90949094840F25513094A83
:101A800015F020F940F25511064815F012F99A8820
:101A9000401A11441860998008BD00BFA4190400C1
:101AA00048F203003519040008B5828803468A42CB
:101AB0000BD20949094840F2C313094A15F002F94B
:101AC00040F2C311064815F0F4F8521A82800068FB
:101AD0000844186008BD00BF9419040048F20300D0
:101AE0003519040008B503469A8800688A420BD26B
:101AF0000849094840F2CF13084A15F0E3F840F2CC
:101B0000CF11064815F0D5F8521A01449A80196091
:101B100008BD00BF9419040048F203003519040001
:101B200008B51A4A1A4B1A6009F0F0FB1222194B39
:101B3000C3F88424D3F8802412B10022C3F880248F
:101B40004FF47A61144B0020D3F82038C3F3080215
:101B5000C3F309434B4342F21C5182F4807202F2F8
:101B6000172201FB02334FF47A711B0AB3FBF1F227
:101B700001FB1233B3F5FA7F084B28BF0132C3F8DB
:101B80001C270122C3F8902508BD00BF0040420F6A
:101B9000440900200020125000C0FF000000125035
:101BA00048B1054B054A1B68B3FBF2F35843044B9D
:101BB00043F00103184770474409002040420F00DA
:101BC00000DF030070B50B7892B006460C4607ADF7
:101BD000032B31D8DFE803F0022A2C2E19492846BE
:101BE000F7F729FE05956378174A0493A3781E2119
:101BF0000393E3780AA80293237910AD01936379E4
:101C00000093A37914F044FC32460AAB1C4603CC83
:101C1000AC4210605160234602F10802F6D1206800
:101C200010603046A388938012B070BD0749D6E794
:101C30000749D4E70749D2E70A212846064A14F0A3
:101C400027FCCFE7CFF30300F1F30300D6F3030043
:101C5000DDF30300E7F30300D0F903000E4B402946
:101C600028BF402170B51D460C4C4618B04203F108
:101C7000020304D1002305F81130074870BD027833
:101C80001209A25C03F8022C10F8012B02F00F02DB
:101C9000A25C03F8012CE9E7161201209C63040002
:101CA00010B50024094B86B009480393CDE90444DC
:101CB0000FF0F2F903AB00934FF4E1620A230549F8
:101CC00003480FF003FA204606B010BDDB190400EC
:101CD000708B0020E02C0120014601480FF0EABA89
:101CE000708B00202DE9F341064617469846214D9A
:101CF000D5E8AF3FDA0720D538B901211E4A1F4881
:101D000015F055FE6FF0010018E001A915F062FF13
:101D100002280446F6D10246194930461AF07DFCE5
:101D20000028EFD1D5E8AF3FC3F3C0061B0708D5A5
:101D3000144A2146114815F03AFE002002B0BDE8D1
:101D4000F081A5F1D404072221464046B847062871
:101D50000AD801210C4A094815F029FE45F8D46C2F
:101D6000E671C4F80360E8E70723B0FBF3F0E07125
:101D7000E3E700BF74070020E4190400F4D4030073
:101D8000E4F30300051A0400291A04002DE9F043C6
:101D900089B0DDF840909D795E791F7993F803C092
:101DA00093F802E093F801800C461B78B9F1000F1C
:101DB00015D0CDE90639CDE904E81346CDE9027C1A
:101DC000CDE900560D4A14F063FB002813DBA04256
:101DD0002CBF6FF01500002009B0BDE8F083CDE9FD
:101DE0000583CDE903CE1346CDE90167044A00958A
:101DF00014F04EFBE9E76FF01500EDE74E1A040012
:101E0000721A040010B5FDF715FA044628B1012135
:101E10000346034A034815F0D3FD204610BD00BF1A
:101E2000931A0400F4D4030070B504461E46154608
:101E30008CB0AAB129B10A4602A8042115F050F8C5
:101E400002A900912B462246242103A8FFF79EFFFA
:101E500070B93146109A03A8FDF73CF80CB070BD7C
:101E600003462421044A03A814F012FB2328F0D9C6
:101E70006FF01500F2E700BFB81A040007B50B4B6E
:101E80000B48DA79C2EBC202009200221146FFF73A
:101E9000CBFF034638B10121064A074803B05DF87D
:101EA00004EB15F08DBD03B05DF804FBA006002027
:101EB000E4F30300BE1A0400F4D4030030B5044672
:101EC00015468DB09AB129B10A4602A8042115F031
:101ED00007F802A900912B462246242103A8FFF708
:101EE00055FF60B903A815F04DFE0DB030BD034697
:101EF0002421044A03A814F0CBFA2328F2D96FF066
:101F00001500F2E7B81A040007B5009313460A4615
:101F100001460348FFF788FF03B05DF804FB00BFEC
:101F2000272D04000A4601460148FFF7C7BF00BF3E
:101F3000272D040007B5009313460A4601460348BF
:101F4000FFF772FF03B05DF804FB00BF212D040012
:101F500007B5009313460A4601460348FFF764FF9E
:101F600003B05DF804FB00BF832B040007B500221B
:101F70000346009103481146FFF756FF03B05DF892
:101F800004FB00BF192D040008B502480EF088FFBD
:101F9000002008BDC00A0020F8B5194DD5E8AF3FB4
:101FA00013F0010F2E4628D015F8CD3CA5F1D4072B
:101FB0008BB900F027FB044630B10121114A1248C9
:101FC00015F0F5FC2046F8BDFB7923B900F02AFB9B
:101FD00004460028F1D1D5E8AF3F5A0701D406F0F6
:101FE000EBFCD6E8EF3F23F40062C6E8E12F0029BE
:101FF000F7D11B0501D5FFF7C7FF0024E2E700BFBB
:1020000074070020D91A0400F4D40300884208B5EC
:1020100001F1100309D998420CD3013813F8012DAE
:102020008B4200F8012FF9D108BD03D000F1100256
:102030009142F1E7074940F2BF23074A074814F0ED
:1020400041FE074814F03EFE40F2BF21024814F062
:1020500030FE00BF3E1B04000C1B040048F20300CE
:10206000951B040038B5044623780846012B11D08F
:10207000022B21D02BBB1A4B0A4603F1100153F857
:10208000045B8B4242F8045BF9D163881A0A8270C0
:10209000C37038BD124B0A4603F1100153F8045BBC
:1020A0008B4242F8045BF9D163681A0C190E427036
:1020B0000170C3F30722EAE7611CBDE83840FFF76F
:1020C000A5BF3723074A0849084814F0FBFD2178CB
:1020D000074814F0F7FD3721024814F0EAFD00BF6D
:1020E000AD630400C71B04009852040048F20300CB
:1020F000F71B040010B516F064F918F0A9FE0446A9
:1021000008B910F04DFB064BD3E8AF3F0BB10A20E6
:1021100098471CB9BDE8104010F0B0BB10BD00BF1F
:10212000C8050120811EC9B21E2938B504460BD846
:102130001B4840FA01F1C90706D41A4816F06DF899
:10214000054670B9284638BD17497A23174A1848FA
:1021500014F0B8FD174814F0B5FD7A21134814F0B7
:10216000A8FD082C19D00CD8022C10D0042C14D0A7
:1021700011490F485223114A14F0A4FD52210F486F
:10218000EDE7102C01D0202CF2D1052100E0042134
:1021900005F10C0016F05EF8D4E70221F8E700BF65
:1021A000BEFFFFBF101000203E1C04000F1C0400E7
:1021B00048F20300831C040098520400A31C04008E
:1021C000034BD3E8EF2FC3E8E10F0029F9D17047A3
:1021D000C80501200F2810B50CD80D280CD90A48C5
:1021E00016F01BF8044618B104210C3016F032F832
:1021F000204610BD1328F2D009B10448F0E70220B0
:10220000BDE81040FFF78EBF681000208C0F002043
:1022100038B50B6805460C464BB90E490E48FA23F3
:102220000E4A14F04FFDFA210C4814F042FD4A68A2
:10223000DA600B684A895A820868FFF79BFA2046E1
:10224000102200211AF0DAF92846BDE8384016F0CD
:10225000B8B800BFD51C040048F203000F1C0400EE
:102260002DE9F84305460C461F4616464AB926494D
:10227000D623264A264814F025FDD621234814F0FB
:1022800018FD38B92349D723204A214814F01AFDF4
:10229000D721F3E7CA684B699A4207D11E49DB236D
:1022A0001A4A1B4814F00EFDDB21E7E7084616F03A
:1022B000A0F8804638B11949DD23144A144814F0B7
:1022C00001FDDD21DAE701F10C09484605F10C01B9
:1022D00015F0ADFFE368626931469B1A13FA86F385
:1022E0006B82012348466B722E82FFF7DDFBE368A9
:1022F00028467B60638AC4F80C807B81A4F8128036
:102300003C60BDE8F88300BFC41904000F1C040042
:1023100048F20300E21C0400E71C0400041D040052
:10232000F0B505460E46174685B0AB88012B0ED991
:10233000284615F0A6FF044648B1AB88984208D954
:10234000022100930D4A03460D4815F043FB05B0EA
:10235000F0BD284615F095FF2B688DF80800013C6C
:10236000394602A88DF809400393B0470028EED003
:1023700021462846FFF798FBD7E700BF241D04003D
:10238000A4D40300F8B506460024094DEF79E3B262
:102390009F4202D86FF0010007E02946304616F050
:1023A00031F80735631C08B12046F8BD1C46EEE73E
:1023B000A006002070B5174E0622314605461AF0D9
:1023C0002CF910B34FF0FF304FF0FF3106F04EFA0A
:1023D0000446E0B1062229460C3015F02FFF2146B5
:1023E000002242F2050006F037FC044648B110F125
:1023F0000D0F04D10221084A084816F00BF82046B8
:1024000070BD28683060AB88B3800024F7E76FF0B8
:102410006804F4E7080700204F1D0400C4D403003B
:1024200073B504460D46D1B128461C4915F0EAFFA4
:10243000A8B91B4A2968C4EBC4041151A318AA887F
:102440009A80AA799A71174815F0E6FF430703D5D9
:10245000FFF79AFD15F049FF002002B070BD6E46EF
:10246000304615F091FF0028F7D13046FFF78AFF7C
:102470000028F5DA0A4A0098C4EBC4041051B17977
:10248000B088A31898809971002DDCD012592A6069
:102490009A88AA809B79AB71D5E700BF8963040055
:1024A000A00600207407002008B528B1054815F0E3
:1024B000B3FF030601D5012008BD024815F0ACFFAB
:1024C000F9E700BF7407002070B5044629BB38B394
:1024D000264915F097FF18BB2046FFF753FF002849
:1024E0003EDA23786BB9224AD379002B38D12068A1
:1024F0001060A179A0889171012190801846D17156
:1025000070BD012B04D1A37903F0C003C02B07D009
:102510000121184A184815F07DFF6FF01500EFE70C
:10252000134DEB79012B1ED005F1D40015F074FF8B
:10253000C30707D4002CF0D020460C4915F062FFE9
:102540000028EAD1EE792146731C3046EB71FFF783
:1025500067FF08B93046D3E7EB79013BEB71CFE772
:102560006FF07700CCE76FF00B00C9E789630400D8
:10257000A00600205E1D0400C4D403002DE9F34131
:10258000044640B91A4A02211A4815F043FF0020B8
:1025900002B0BDE8F081002141F2090001AA06F075
:1025A0005BFB054608B1144AEDE7019E0622D6F80A
:1025B0000C80124908F1010738461AF02EF828B1AC
:1025C000062238460E491AF028F818B93046FFF7A7
:1025D000D1F8DCE7D8F801303046C4F80130BB88C8
:1025E0002570A4F80530FFF7C5F80120D0E700BF3B
:1025F0008C1D0400C4D40300A51D040096630400D0
:102600009063040007B56846FFF7B8FF044BD87124
:1026100018B169460020FFF703FF03B05DF804FB23
:10262000A00600202DE9F041304E88B0F179002954
:1026300054D196F8C24014F0010411D12C4A022161
:102640002C4815F0E7FE0024F4711625002401271C
:10265000F379E0B283422BD8002B3FD000203AE040
:102660006A464FF6094006F0F7FA08B1224AE6E753
:10267000DDF800C0DCF80C5095F80180B8F1000FCF
:102680000ED0AB1C02AA12351746186859680833D9
:1026900003C7AB423A46F7D1186838609B88BB80C5
:1026A0006046FFF767F8B8F1000FCDD1134AC6E7CF
:1026B00008AB05FB003353F8182C33F8143C69467B
:1026C000CDF80120ADF805308DF80070FFF7A8FEB9
:1026D00001340028BCD008B0BDE8F08100210846D4
:1026E00008B0BDE8F041FFF7EFBE00BFA006002034
:1026F000C31D0400C4D40300EF1D04000F1E04001A
:1027000038B50C4661B108480578012D05D1013076
:10271000FFF750FE00B9257038BD00200870FBE7B8
:102720006FF01500F8E700BFA006002010B50C46BA
:1027300041B300F03DF9A8B100F11003184615F0BF
:102740006BFEC1050ED5184615F066FEC20409D50C
:102750000E4B1B78012B03D101230020237010BDE9
:102760000023FAE700F024F920B1103015F054FEF0
:10277000C305F1D4002015F05FFE0028EFD101233E
:102780002370ECE76FF01500E9E700BFA00600201A
:102790002DE9F8430E4690461D46074648B143B121
:1027A0000C0313D5710709D50121374A374815F0B5
:1027B00031FE6FF015042046BDE8F88315F052FE97
:1027C00004460028F7D101232B70F4E78A07047828
:1027D00029D02F49B8F1000F05D0B30603D591F8E1
:1027E000D83058064CD5C4EBC40411F80490B9F1A4
:1027F000010F0AD101342144384615F015FE044674
:102800000028D8D185F8009002E0B9F1000FF9D086
:10281000B8F1000F05D0B10642BF2B7843F0020398
:102820002B700024C7E711F0040311D01849C4EB42
:10283000C4040F5D012F08D10134214415F0F4FDCB
:1028400004460028B7D12F70E5E7002FE3D1FAE75F
:10285000104815F0E1FD8206C0F3401605D5184674
:1028600000F004FCB0FA80F67609384615F0FAFD5F
:10287000044601202870002E9DD000F0F7FB9AE757
:102880006FF0850497E700BF381E0400C4D403002E
:10289000A0060020740700202DE9F74F884601901C
:1028A0004FF0FF314FF0FF3005F0E0FF0446002805
:1028B0004ED020210C30FFF7B7F800270646002144
:1028C000202219F09BFE3946D8F8005006F1010B82
:1028D000D8F804309F4208D3317000222146019875
:1028E00003B0BDE8F04F06F0B7B96A78881C13183A
:1028F0001F2B95F800C05FFA80F915D9BCF1090FBC
:10290000C9F11F0201D1002A0CDC0121124A13482F
:1029100015F04DF82046FEF72DFF6FF0150003B0BF
:10292000BDE8F08F4FF0080C5FFA82FA0AF1010E51
:102930000BF801E00131C9B20BF801C069685844D5
:10294000D14419F035FE01375FFA89F10835BFE748
:102950006FF06800E3E700BF5D1E040084D403004D
:10296000F7B5CDE90001694642F2080016461D465A
:102970009DF82070FFF790FF044648B95FB90B4BF4
:10298000D3E8EF1F41F00401C3E8E21F002AF7D1AA
:10299000204603B0F0BD694642F20900CDE900656A
:1029A000FFF77AFF0028EAD00446F1E7C8060020C6
:1029B00000487047B80600202DE9F04FD0F810A06D
:1029C00089B0BAF100040546B64818BF0124039344
:1029D00015F06AFD47070E46934640F18881D5F809
:1029E000048018F4806F0BD06FF01504002340F2C0
:1029F00001119B4540F08481204609B0BDE8F08F6D
:102A0000D5F81090B9F1000F02D018F0030FEBD0F9
:102A1000A54F2878FB798342E6D9C0EBC000072296
:102A2000A249384419F0F9FD0028DDD018F0030F51
:102A300006D197F86F30082B02D8AB689F2BD3D9FB
:102A400018F0300F72D0B9F1000FCDD018F0100F80
:102A50006FD108F46038B8F5603FC5D02846FFF75D
:102A600023FD80460028BFD0914815F01DFDC0F31E
:102A70000023C00500F13E81CDE90533CDF81B30C0
:102A8000AB686A68ADF81030EB6812F4004FADF82F
:102A9000123014BF06230723D10348BF03F00503F8
:102AA000920348BF03F0FB03DFF8F8918DF81D3067
:102AB000D9E8EF3F23F48073C9E8E23F002AF7D159
:102AC0002B7822463B7687F86E3069680DF1150346
:102AD000A9F1BC00FFF75CFE0446002886D1A9F1ED
:102AE000B303BAF1000F30D02A69116849F8B31C5A
:102AF0009188998092799A716B689C0727D0BAF176
:102B0000000F2BD013F0100F0CBF012304238DF8FE
:102B100014302B691A68CDF816209A88ADF81A205F
:102B20009B798DF81C304FF000081AE0B9F1000FC6
:102B30008FD1D5E902239A423FF656AF1F2A7FF67E
:102B400053AFB3F5804F84D94EE7584ACDE7980587
:102B500002D4039B002B3CD0022300E053468DF8A7
:102B600014304FF0FF304FF0FF3105F07FFE044688
:102B7000002800F0C2800F2204A90C3015F05EFB83
:102B80002146002242F2060006F066F804460028BC
:102B90007FF42CAFBAF1000F1FD0686810F003006B
:102BA00027D107460121434815F081FC044600283F
:102BB00045D00121404A414814F0F9FE002F3FF46E
:102BC00015AF3846002107F0ADFA384607F016FA7F
:102BD0000CE703238DF81430A5E759463046129BC5
:102BE000039ACDF80080FFF7BBFE04460028D4D03E
:102BF000FCE63C7E07222D49314887F86E4019F0EB
:102C00000CFD60B920462F4908F002F8074610B9BC
:102C10006FF00B04EAE6052107F084FAC2E72046CC
:102C2000274908F047F800287FF4DEAE387E2449B3
:102C300007F0EEFF07460028EAD00621ECE717B1BF
:102C4000384607F0DBF96B6813F0030F184B1FD001
:102C5000D3E8EF2F42F40072C3E8E12F0029F7D147
:102C6000B8F1000F30D0D3E8EF2F42F48062C3E810
:102C7000E12F0029F7D16A6851072ED5D3E8EF1F5D
:102C800041F48051C3E8E21F002A3FF4AFAEF5E7FC
:102C9000D3E8EF2F22F40072C3E8E12F0029DFD040
:102CA000F6E700BF74070020A00600208963040037
:102CB000C8060020B8060020761E040084D4030055
:102CC000C106002082630400D3E8EF2F22F4806263
:102CD000C3E8E12F0029CED0F6E7D3E8EF1F21F4B7
:102CE0008051C3E8E21F002A3FF480AEF5E76FF0A1
:102CF0000A047BE66FF0770478E66FF0680475E607
:102D000032888A4204D1726812B11278D20702D492
:102D1000013308366DE6054905480EF047FA0023F1
:102D2000044A03480EF0D6FB66E600BFD12D020030
:102D3000D00600201C4E0E0010B51E4815F0DDFB1D
:102D40001D4815F0B1FBC1052ED51B4815F0ACFB95
:102D5000820515D519490722194819F05EFC03466A
:102D60001849087E1BBB0522174908F00BF80446DA
:102D700030B10021417207F0D5F9204607F03EF945
:102D800000210C4815F093FB044670B90F4815F06C
:102D90008BFB830608D5204600F068F9204615F025
:102DA0004BFB012000F062F90024204610BD0622F2
:102DB0002131DAE7B8060020C80600208963040044
:102DC000C1060020A00600208263040074070020D2
:102DD00010B5FFF7B1FF034630B1BDE81040022146
:102DE000024A034814F0ECBD10BD00BF911E040060
:102DF00084D4030070B505460E464FF0FF304FF007
:102E0000FF3186B005F032FD0446A0B102210C303E
:102E1000FEF70AFE094A4670057003A920460523FD
:102E2000009505F011FD0022214642F20C0005F04C
:102E300013FF06B070BD6FF06800FAE7740700205A
:102E400008B50C4B0246400903EB800015F058FB17
:102E500002F01F0340FA03F313F0010006D122B978
:102E6000054815F04DFB40F3C01008BD6FF077002A
:102E7000FBE700BFCC05012074070020084A430986
:102E800002EB8302012300F01F008340DB43D2E802
:102E9000EF0F1840C2E8E10F0029F8D1704700BFDA
:102EA000CC05012030B587B0002200235D480CF02E
:102EB000ADFF0446002840F092805B4815F020FBEF
:102EC00010F00103584D46D02B1D93E8070006ABC8
:102ED00003E90700554815F013FBC0F340135248AF
:102EE00015F00EFB044600286CD07BB10C22504933
:102EF0000DEB020019F091FB044600286CD0002174
:102F00000846FFF777FF0446002865D10023ADF897
:102F10000930BDF80E309DF80C00ADF80530BDF855
:102F200010308DF80400ADF80730431E58420DF103
:102F300009015841FFF7FAFB044600284CD14FF035
:102F4000FF304FF0FF3105F091FC0546002849D1D4
:102F50006FF0680440E0354815F0D2FA10F0800FA9
:102F6000344A0ED04FF480749089D1891269ADF83B
:102F70000C40ADF80E00ADF81010ADF8123005920F
:102F8000A8E72D4C03AB2068616803C3A0681860F4
:102F900092F8D930180748BF0523234848BF8DF859
:102FA0000D3015F0ADFA810706D53023ADF810309D
:102FB0006023ADF80E308DE71B4815F0A1FA4207EB
:102FC000F3D487E743B10146FFF714FF044618B96D
:102FD000174B2861C3E9010012480CF0DFFF2046BF
:102FE00007B030BD072201A90C3015F027F92246A1
:102FF000294642F20B0005F02FFE04460028EBD1D3
:103000009DF80D10012001F00101FFF7F3FE0446C9
:103010000028E1D1064B06AA12E9070083E8070061
:10302000DAE700BFE8050120CC0501207407002085
:10303000DC050120A00600209CDE030044220021C4
:1030400010B5084819F0DAFA064B03F11C001C46CB
:1030500017F07BFE04F1300017F077FE0022024BE0
:103060001A6010BDCC05012018060120044B003861
:10307000597C18BF012001F00101FFF7BBBE00BF62
:10308000CC050120032838B5054603D1BDE83840FA
:10309000FFF708BFFFF7D4FE0446A8B90B4B6A0937
:1030A00003EB8203012205F01F018A40D3E8EF0FF2
:1030B0001043C3E8E10F0029F8D1FFF7F3FE0446FF
:1030C00010B12846FFF7DAFE204638BDCC050120B6
:1030D0002DE9F04F00F10C088BB00446404615F086
:1030E000D0F80646864815F00BFA00F00103844834
:1030F000039315F005FAC0F38003029316B90BB0E1
:10310000BDE8F08F039B13B9029B002BF7D0238AF5
:10311000082B07D801217B4A7B480BB0BDE8F04F54
:1031200014F045BC09214046FEF7DCFC037A228AF4
:1031300001339A420546EDD30123ADF824307F23B5
:103140008DF81E30037A471C03445B7A8DF81D30DE
:10315000FF238DF81C300023ADF822300278042ABA
:1031600098BF6A4B8DF81F2098BF9B5CADF820304C
:10317000037A6348019315F0C3F900F00109604830
:1031800015F0BEF98246B9F1000F0BD0BDF8203022
:103190005A0707D5297A40460131013EFEF784FCE3
:1031A000F6B2ABE7384615F008F90DF1100B002820
:1031B0004FD03946584615F0F5F8B9F1000F02D155
:1031C0001AF0040F59D1524BD3F800A0BAF1000FF6
:1031D00014D0E2686369B4F810B0A2EB0309019B54
:1031E0009DF81F2023829DF91D10434604A8D04757
:1031F0006369A4F810B013FA89F3E36004AB069393
:10320000444B1B68002B36D053F80899B9F1000FD6
:1032100001D0A9F108091A688AB1E1686269B4F8B5
:1032200010B0A1EB020A019A414622821B6806A84F
:1032300098476369A4F810B013FA8AF3E360B9F110
:10324000000F18D0D9F8082002B1083A4B46914631
:10325000E1E76B78FF2B09D12F4B186804909A880F
:103260009B79ABF804208BF80630A6E7394615F0B9
:10327000D6F80346F1E7002306932148BDF8203035
:1032800015F03EF910F0010984D1DB0782D5032245
:10329000484604A907F076FD824600283FF47AAF3D
:1032A000022015F030F9D5F801305046CAF87E30CA
:1032B000BB88AAF88230BB798AF8843016F053FCB8
:1032C000A8B11F2349468AF80930504606F02AFF64
:1032D000504606F093FEFFF7E5FD034600283FF455
:1032E00059AF02210D4A084814F06AFB52E75046D4
:1032F000022106F017FF504606F080FE4AE700BFA5
:10330000CC050120B71E0400DCD40300BD6304001B
:10331000180601201006012089630400D01E040055
:10332000F8B50546224815F0EBF843070F463CD5A3
:103330002A78012A03D96FF015042046F8BD6B786E
:103340000F2BF8D843F6FC746888031F9BB2A34286
:10335000F1D8A9880B1F9BB2A342ECD88842EAD3CC
:103360007AB90022002313480CF050FD04460028CF
:10337000E3D1FFF765FD044640B10E480CF00EFEA8
:10338000DBE715F086F80028EBD1D4E728686968F8
:10339000094E0A4B03C6A8681F6030602046FFF73D
:1033A00071FE044606F12400E8E76FF00A04C4E762
:1033B00074070020FC050120D0050120180601201B
:1033C0000020024B186015F09EB800BF18060120BF
:1033D0000A4A00F10803116831B98160516839B9AE
:1033E000C2E90033002070478B4204D00968F3E73C
:1033F0000B605360F6E76FF0100070471006012075
:1034000008B5034815F07CF800F0010008BD00BFC6
:10341000CC05012010B50268D2F8BC305BB90D496B
:103420000D484FF43C730D4A13F04CFC4FF43C71C3
:103430000A4813F03EFCD2F8C0401968A34200F1DC
:10344000440008BFC2F8C0108342C2F8BC10E6D1E5
:1034500010BD00BF271F040048F20300F61E040041
:1034600003460121014A024814F0AABA411F040090
:10347000CCD4030080B500AF88B06A46074BCDE9D5
:103480000530032342F8103F00234FF4C251044893
:10349000FBF724F96FF00B00BD4680BD691F0400E7
:1034A000CCD4030010B50B4A13683BB1D36C23B1E5
:1034B000FFF7E0FF6FF00B0010BD01234C2000FB75
:1034C00003205B42044C03F04C031A444460002088
:1034D0000A60F1E71C060120B8E1030070B504465C
:1034E00052EA030007D1002213462046BDE870408F
:1034F000043106F0A7BF0E48007870B90D4940F2BC
:1035000049330D4A0D4813F0DDFB0D4813F0DAFB8B
:1035100040F24931084813F0CCFBFDF729FC094D76
:10352000094ED5F8885030588542DED1DBE700BF20
:10353000C017012019080400EE07040048F2030038
:103540002C080400280101200800000073B505467E
:1035500018462B680BB39B7A072B1ED1002A0CBF91
:10356000012302230E7A9E4209DD01210C4A0D48F7
:10357000009614F02FFA6FF0150002B070BDCB7AF0
:10358000072BF8D9C8618A6105F130000CF05CFEA8
:10359000284614F0C2FF0020EFE76FF07F00ECE751
:1035A000901F0400CCD403002DE9F84F064688464E
:1035B0009146D0F8BC4000AF3CB1443C236B5BB9B2
:1035C0002046FFF727FF646CF6E705F0CFFA0026E8
:1035D0003046BD46BDE8F88F04F1300A50460CF085
:1035E00009FF05460028F0D0B37A072B0BD03849E5
:1035F00040F2D633374A384813F064FB40F2D631F4
:10360000344813F056FB14F0F4FE80B16C4688B0D9
:103610006A46324BCDE90535032342F8103F0023BB
:103620004FF4C2512E48FBF759F8A546CFE728467C
:10363000FEF7EEF8A56C06469DB9A38C058A403BC3
:103640009BB23F2B03D8238D9D4228BF1D460421EA
:1036500006F10C00FEF708FA0580A38C04354380C0
:10366000A56445452AD8B6F810B0AB4512D1002262
:10367000002350460CF050FE864209D019494FF401
:103680008163144A144813F01DFB4FF48161B7E7BE
:10369000FEF770F8A38CA3F140023F2A06D8AB4591
:1036A0001ABF00221346104AF361B2612046FFF7A9
:1036B000B1FE236B13B1204614F02FFFA36C984585
:1036C0002CBF0021A3EB0801C9F80030A1647FE7FB
:1036D000B01F0400F61E040048F20300D11F0400CE
:1036E000CCD40300E91F04005B8603002DE9F341FD
:1036F00004464FF000083D4D3D4FBD4271D93D4954
:103700004FF4D3733C4A3D4813F0DCFA3C4813F0C5
:10371000D9FA4FF4D37110E029884B1E3E2B0FD9F4
:1037200040F2A913344A3749344813F0CBFA2988B8
:10373000354813F0C7FA40F2A9112F4813F0B9FA2F
:10374000204614F081FF0646019068B140F2AD13A7
:10375000294A2E49294813F0B5FA29882C4813F034
:10376000B1FA40F2AD11E8E720466B6801A998472D
:10377000002831DB019B2A889A829A8403F1100287
:10378000D2E8EF1FC2E8E06F0028F9D15E649E64C2
:103790009E60A16B03F1080201BBC4E90D221C600D
:1037A000C3F80C8003F1300017F0D6FA0198436893
:1037B0001B6803B19847019B1033D3E8EF1F41F01A
:1037C0000101C3E8E21F002AF7D101984368DB69D1
:1037D00013B100F11001984708358EE70A60A26323
:1037E000DDE799D302B0BDE8F08100BF30D403001B
:1037F00048D4030092200400F61E040048F203009F
:10380000B3070400F91F040028200400532004001B
:10381000672004007FB50D460646042105F10C0023
:10382000FEF760F92A8A43880446934208D0009341
:103830001346444A0121444814F0CCF804B070BD4A
:10384000417839B90121414A3F4804B0BDE8704090
:1038500014F0ADB80278122A22D0132A1AD0012A05
:10386000ECD0022113463848394A14F0A9F861789F
:1038700002220120356814F0CDFE04460028DDD078
:1038800002210C30FEF7D0F800232146037043706C
:10389000284624E0022BD1D0022200922D4AC9E70B
:1038A000082B03D0082200922B4AC3E73468A37A7E
:1038B000072B02D00221294AC6E7E378A3B10222EE
:1038C000012014F0A7FE05460028B7D002210C30D5
:1038D000FEF7AAF80023294603704370204604B07F
:1038E000BDE8704014F0C6BEEB6813201A88ADF82E
:1038F00008205A88ADF80A209A88ADF80C20DB8899
:103900000222ADF80E3014F085FE0546002895D051
:1039100002A9204607F028F90646022105F10C000D
:10392000FEF782F886F00103DBB2038029462046C9
:1039300014F0A0FE002E81D0204602A916F09FFAB6
:103940007CE700BFB9200400CCD40300DA200400D7
:1039500066210400FB2004002621040058210400F5
:1039600008B50B8A032B06D80121044A044814F039
:103970001EF8002008BDFFF74DFFFAE78E21040076
:10398000CCD4030038B50B8A0546032B0C4609D866
:1039900001210F4A0F4814F00AF82046BDE83840CC
:1039A000FDF7E8BE042104F10C00FEF79BF8418806
:1039B000284614F070FE30B9074A0B46054802212C
:1039C00013F0FEFFE9E7436821465B699847E4E7A7
:1039D000AC210400CCD40300C921040070B5134A03
:1039E0000C4613780646013313F0FF010ABF01238A
:1039F0000B46194613701220082214F00BFE0546E0
:103A000088B108210C30FEF70FF822882946028081
:103A100062884280A2888280E288C2803046BDE807
:103A2000704014F027BE6FF00B0070BD971201209C
:103A300023281FD81A2804D8431E182B0ED9062075
:103A40007047A0F11B03082B1ED8DFE803F0051D0B
:103A50001B231D19251D05000320704701230F4A54
:103A600083401A40C2B90E4A1A40002A0CBF0620F1
:103A70000120704700F07F03522B05D100207047D2
:103A8000012070470520704710F0400F14BF002040
:103A9000062070470420704702207047AAAA8A02B5
:103AA0005455450138B50446EFF31185402383F39F
:103AB0001288BFF36F8F24480FF090F868B98F23F6
:103AC000224A2349234813F0FDF81F49224813F0E6
:103AD000F9F88F211D4813F0ECF81B480FF0DEF8C1
:103AE000002323601D4B5A689AB9C3E90044164865
:103AF0000FF082F880B940F23D13144A1849154876
:103B000013F0E0F81049174813F0DCF840F23D11CB
:103B1000E0E714605C60EAE785F31188BFF36F8F1C
:103B200011480DF0BDF9031E0CDA01210F4A1048AF
:103B300013F046FF002383F31188BFF36F8F032335
:103B4000184602DF38BD00BFBC0601207501040025
:103B5000A201040048F20300B7010400B4060120EA
:103B6000CD010400E4010400040B00202022040025
:103B70008CD40300011F0A22002010B4064B9C685D
:103B80001833A14208BF43F8100C013AF7D103489B
:103B900010BC0CF075B800BFC0060120800D0020DD
:103BA00008B50B4B1B7873B90A4940F249330A4AEE
:103BB0000A4813F087F80A4813F084F840F24931B4
:103BC000054813F076F8FDF7D3F8064B185808BDF2
:103BD000C017012019080400EE07040048F2030092
:103BE0002C0804000800000010B50446807AFDF798
:103BF000DDFB0B4B83420BD00A490B4840F26913A3
:103C00000A4A13F05FF840F26911084813F051F8BE
:103C10002046FDF7D3FB1822054B02FB003010BDF8
:103C2000600F00207822040048F2030049220400BB
:103C3000C00601202DE9F84F074608460C46FFF75D
:103C4000D3FFE3680646D0F8089007F15002D2E8A7
:103C5000AF2FD20709D40121294A2A4814F047FD81
:103C60006FF015052846BDE8F88F228A5AB9264913
:103C7000264840F2B313264A13F024F840F2B31159
:103C8000234813F016F8E2681278027100220260ED
:103C90001B78D22B0FD13B682146186815F0FBFE2C
:103CA000054640B101211B4A164814F020FD20466C
:103CB000FDF760FDD6E70023D4F80C80D4F814B0EB
:103CC000B4F810A01A462146B760381DFFF73EFC35
:103CD00005460028C6D010F1690F04D101210E4A13
:103CE000084814F004FD6369A8EB0B0813FA88F385
:103CF000E360A4F810A0C6F808903560B2E700BFF2
:103D0000A42204008CD40300BE22040048F2030065
:103D100049220400E4220400F72204000121024A9F
:103D2000024814F0E4BC00BF1A2304008CD4030042
:103D300010B5044600F14C03D3E8EF1F41F0010138
:103D4000C3E8E21F002AF7D1201F14F0EBFC04F1B6
:103D50006C0004490DF02AFA2068BDE8104003F019
:103D60004BBF00BF8D50020073B50E46438D418B93
:103D700001328B4228BF0B469A42054609D90221DF
:103D800000921A481A4A13F025FE0024204602B079
:103D900070BD3046FFF74CFE6FF01403034113F083
:103DA00001030ED0FFF7FCFE124BD3F8883083429C
:103DB00019D0114B1B681A1A18BF4FF0FF32134667
:103DC00000E00E4A00210E48FFF788FB0446002859
:103DD000DCD0FFF709FF0121856004F10C00FDF73D
:103DE00023FE0670D2E70022E9E700BF8CD403006F
:103DF0003723040028010120B00701201C4E0E00CB
:103E0000600F002070B5044601F10C000D4614F05F
:103E100040FA266801462B8AEA68306815F0B4FD3E
:103E20001E2100222046FFF79FFF014630B90121E5
:103E3000044A054814F05BFC002070BD204614F0D5
:103E40004AFDF9E75C2304008CD40300F0B51E465C
:103E500003680D460039044618BF012187B0186871
:103E6000174615F0A2FD38B904F1500014F099FD81
:103E7000002848D1122014E0002E46D0182200213C
:103E8000684618F0BBFB77B1002213212046FFF7EC
:103E90006BFF019038B91E4801211E4A14F027FC1F
:103EA000112007B0F0BD236831461B6830460093EF
:103EB000BDF83030184AADF812300D9B8DF808501F
:103EC0000393BDF83830ADF8103001238DF814306D
:103ED0006B4614F00EFD9DF814307BB14FB1019884
:103EE000FDF748FC3246294620469DF8143014F070
:103EF00063FD182D07D19DF81400D2E7019911B187
:103F0000204614F0E8FC0020CBE70120C9E700BF01
:103F10008CD40300792304008D870300F7B5144681
:103F200005460E464FF495720146206815F011FCC7
:103F3000207430B92946206815F072FD20B9082395
:103F40002374002003B0F0BD6B8A5B0612D50123F9
:103F50000193E38929460093AF68A389A26820688A
:103F6000B84738B110F1FF0F32BF0E204042C0B247
:103F70002074E6E700220023094814F04EF960603F
:103F800008B90923DCE70683E38943836068A289D3
:103F9000A1680C3014F052F9002301202374D1E7FA
:103FA0003C1000202DE9F3410B8A04460D4643B92D
:103FB0000121294A294814F09AFB002002B0BDE8EB
:103FC000F0810768012105F10C00FDF78BFDBB7A3C
:103FD0000646072BF1D154F8043C002BEDD000220B
:103FE00003781F4F043C17F832004FEAC20898428A
:103FF00007EBC20114D12A8A4878904226D90121C0
:10400000009316481346174A13F0E4FC0423474470
:10401000BA78012AD1D1002BCFD00022317811E01B
:1040200001321E2ADFD1104A02210C4813F0C8FCCD
:1040300031780846FFF7FCFC2122C24012F0010251
:10404000BBD10623204614F0B7FCB6E74B682046E8
:10405000294698470346DAE7922304008CD40300EC
:10406000E0E10300C7230400AD230400F8B5104AC3
:10407000074600230F480D4614F0CFF8044638B920
:1040800001212B460C4A0D4813F09AFC2046F8BD3E
:1040900000F10C0609213046FDF7A4FC2046FFF78D
:1040A000A3FD012187603046FDF7BEFC0570EDE7FA
:1040B0001C4E0E00600F0020411F04008CD4030032
:1040C0002DE9F04F06460025CB6887B01B78504F8E
:1040D00004933068036A73B9002D40F08E80192173
:1040E0003046FFF7C3FF0146002800F08E803046BF
:1040F00014F0F1FB81E02030FDF7E0FA4FF000030F
:10410000BB80BB68B0F818A0028AC168044640486A
:104110003B6014F093F8D6F80080D8F8205035B101
:104120004FF0000B638BD5F800900593D5B9049B35
:10413000012B68D1BB88002202933B6818210193B0
:10414000638B304600935346FFF780FE054628B147
:10415000034618213046228B14F02EFC2046FDF732
:1041600009FBB6E72A8B524532D16A8B002ADED092
:10417000B988059B581882422ED12A8AF8881144A2
:1041800081423EDC3846E96814F058F82A68BBF1F1
:10419000000F14D1D8F82410C8F820208D4201D186
:1041A000C8F82420002328462B60FDF7E3FAB9F174
:1041B000000F0FD0D9F800204D469146B6E7CBF856
:1041C0000020D8F82420954208BFC8F824B0E9E7B9
:1041D000AB46ECE74A46EFE707252046FDF7CAFA6B
:1041E00030682030FDF76AFA04460028F5D12B46E6
:1041F00052461821304614F0DFFB002007B0BDE81E
:10420000F08F0D25E9E70025A8E70E20F6E700BFAF
:10421000D00A00202DE9F0410E8A0446043EF6B291
:10422000022E08468CB001D0102E64D104210C302F
:10423000FDF758FC0DF1080805884788011D324636
:10424000404614F081F8002857D0A5B300268FB35C
:10425000AF4230D34FF42053404601A98DF804609B
:10426000ADF8063014F043F848BB1422002107A82B
:1042700018F0C4F911212046FFF7F8FE0990002834
:1042800037D001210C30CDE90748FDF7CDFB0023E5
:104290000A90394603701A4A0B93284607AB14F06C
:1042A00028FBDDE909131B78FBB90846FDF762FA24
:1042B0000A2301E03D4601232A4610210EE042F682
:1042C0000103404607A98DF81C60ADF81E3014F0BC
:1042D0000EF80028C9D010232A461946204614F0AB
:1042E0006BFB00200CB0BDE8F081204614F0F3FA1F
:1042F000F7E71120F6E70420F4E70E20F2E700BF0D
:10430000354902002DE9FF41036804460D4618684F
:10431000012115F04AFB40B904F1500014F041FBB3
:10432000A0BB122004B0BDE8F08110220021684635
:1043300018F064F921212046FFF798FE029038B367
:104340004FF00108009405F10C072B8A012B04D8CB
:104350002046029914F0BFFA18E0384613F099FF8E
:104360006B4601460B4A06468DF80C8014F0C1FAE4
:104370009DF80C30002BE8D00298FDF7FBF932468F
:10438000202120469DF80C3014F016FB0020C9E7D0
:104390001120C7E7278C03002DE9FF41036804467D
:1043A0000D461868012115F000FB40B904F15000DA
:1043B00014F0F7FAA0BB122004B0BDE8F08110227F
:1043C0000021684618F01AF90F212046FFF74EFE2B
:1043D000029038B34FF00108009405F10C072B8AC6
:1043E000012B04D82046029914F075FA18E03846DB
:1043F00013F04FFF6B4601460B4A06468DF80C80C2
:1044000014F077FA9DF80C30002BE8D00298FDF7F5
:10441000B1F932460E2120469DF80C3014F0CCFA4A
:104420000020C9E71120C7E7AB8C0300F0B51D469B
:10443000036804460E4685B001211868174615F03A
:10444000B4FA38B904F1500014F0ABFA50BB1220A2
:1044500005B0F0BD65B310220021684618F0CEF813
:1044600039462046FFF702FE029018B3BDF8283007
:104470002946ADF80430012328468DF80C300E4A49
:104480006B46009414F035FA9DF80C3002995BB13C
:104490000846FDF76FF92A46314620469DF80C3054
:1044A00014F08AFA0020D3E7204614F014FAF9E752
:1044B0000120CDE71120CBE7AB8C03002DE9F041C3
:1044C0000E8A0446043EF6B2022E08468CB001D095
:1044D000102E76D104210C30FDF704FB0DF10408F9
:1044E00005884788011D3246404613F02DFF0028FD
:1044F00069D085B377B3BD422DD80121606815F02E
:1045000054FA064678BB42F602038DF8000069466D
:104510004046ADF8023013F0EAFE20B342F6030342
:10452000404606A98DF81860ADF81A3013F0DFFE8A
:10453000C8B1012D03D14FF6FF739F4213D004F190
:10454000500014F02EFA002814BF002012200CB0E6
:10455000BDE8F0813D4601232A460821204614F09B
:104560002BFA0020F3E7182200210DEB020018F0CF
:1045700045F809212046FFF779FD0890F8B101219F
:104580000C30CDE90648FDF74FFA0023099003707F
:104590000A2339468DF82C30284606AB0B4A14F016
:1045A000A8F99DF82C3008992BB10846FDF7E2F8E0
:1045B0009DF82C30D0E7204614F08DF9D1E711207A
:1045C000C5E70420C3E70E20C1E700BFED490200A4
:1045D0002DE9F0430F460446062187B007F10C0091
:1045E000FDF780FA0588EDB1B0F80280B8F1000F50
:1045F00017D0454516D8002382888DF800308DF8F5
:1046000004304FF42053684601A9D7F80C90ADF858
:104610000220ADF8063013F06AFE064660B10A23A8
:1046200001E0454601232A460621204614F0C4F93C
:10463000002007B0BDE8F0830146142201A83F7CAA
:1046400017F0DCFF07212046FFF710FD0290D8B1DC
:104650000A2341468DF81530284601AB0B4ACDE9B7
:10466000036901948DF8147014F043F99DF8153026
:1046700002992BB10846FDF77DF89DF81530D2E779
:10468000204614F028F9D3E71120D2E7D9470200D9
:104690007FB5CB6804461D888DB15E8876B1B54282
:1046A0000DD810220021684617F0A8FF05212046EA
:1046B000FFF7DCFC019058B9112007E035460123D3
:1046C0002A460421204614F077F9002004B070BD7A
:1046D0006B4631462846084A009414F00AF9DDE991
:1046E000011323B90846FDF745F80A23E8E72046F9
:1046F00014F0F1F8E9E700BFFF8703002DE9F04768
:104700000D460446042186B005F10C00FDF7EAF9D8
:104710002368B0F80090B0F8028001211868EF68B3
:104720002E8A1FFA89FA15F040F940B904F15000B9
:1047300014F037F928BB122006B0BDE8F087BAF1B3
:10474000000F43D01422002101A817F057FF23685F
:1047500051461B685046019301231E4A8DF81430C0
:10476000F6B201ABADF812800397ADF8106014F00B
:10477000C0F89DF8143033B152461621204614F08B
:104780001BF90020D8E7206802992030FCF72CFFA5
:1047900017212046FFF76AFC0290C8B104210C30B3
:1047A000FDF742F90546A0F80090A0F802800298B3
:1047B00031460C30FDF738F939463246281D17F0DE
:1047C000F7FE2046029914F086F8DAE70120B3E7F5
:1047D0001120B1E71D3F02002DE9F04342F601032D
:1047E000002591B0D2F8008006460F4600680BA95C
:1047F000D8F8049014468DF82C50ADF82E3013F0F4
:1048000076FD00286DD04FF4205330680BA98DF849
:104810002C50ADF82E3013F06AFD38B1A3681BB1EF
:104820005A88BA4200D25F80012010E061680846D1
:1048300013F045FFB8F82A20B8F81A309A4294BF0E
:10484000C0EB0200C0EB0300032803D8002011B026
:10485000BDE8F0830846FDF70FF805466168084695
:1048600013F02DFF6B8A2A8AA3EB020C6B69EA68AE
:10487000D21AACEB0203B8F82AC0B8F81A20944553
:1048800094BFC0EB0C00C0EB0200834228BF03467C
:104890006BB9887AFCF78AFD0022002313F0BDFC77
:1048A00005460028D2D001466068FDF72BF80023AA
:1048B00000933146D6F804801023484602AAC04728
:1048C000061E0EDB227CE068964227D001460BA82C
:1048D00013F03AFD40B9237C134A0221134813F028
:1048E0006FF80023A3609FE7F2B202A906A813F0B5
:1048F0002BFD10B90E4A3346EFE706A90BA813F0BB
:10490000F6FC0028EDD100230421637405F10C00AE
:10491000FDF78AF8A0600780A36884E7324602A901
:1049200017F07BFEEDE700BFE62304008CD4030004
:10493000052404002DE9FF414FF000084FF42053F7
:1049400005460E46006802A9144617688DF80880CF
:10495000ADF80A3013F0CBFCA0B142F60103286891
:1049600003A98DF80C80ADF80E3013F0C0FC48B1EF
:1049700023691BB15A88B24200D25E80012004B084
:10498000BDE8F0816168286813F0B1FC10B1002324
:104990002361F3E7E368A0681A786AB1B7F81AC030
:1049A000798D038A8C4594BFC3EB0C03C3EB0103E1
:1049B000934201DA0020E2E704210C30FDF734F8DD
:1049C00020610680236929465E80074B019400938D
:1049D00038460023A26814F09DF80028EADB20691D
:1049E000003818BF0120CAE7B78803002DE9F34754
:1049F000176805468946006851681446D7F804A030
:104A000013F075FC804600284BD19522294650466C
:104A100014F09FFE0646207540B1E3681B780BB189
:104A200084F81480002002B0BDE8F0872946504683
:104A300014F0F4FF10B908232375F3E7A068267576
:104A4000FCF71AFF02210C30FCF7EEFF164B206139
:104A5000A0F8009000930194334629463846A26896
:104A600014F058F8002807DA10F1FF0F32BF0E20BB
:104A70004042C0B22075D5E72369002BD2D0A06890
:104A800013F01DFE7B8D7A8B9A4294BFC0EB02001F
:104A9000C0EB0300E3681B78984294BF002001201C
:104AA000C1E70120BFE700BFCF8603002DE9F04139
:104AB00082B000AF044688460022002339463B48B6
:104AC0000BF052F80546B0B16D4688B06A46384BD7
:104AD000CDE90534032342F8103F00234FF4C251BF
:104AE0003448F9F7FBFDAD466FF00B06304608374A
:104AF000BD46BDE8F081FFF753F82F4B3022186018
:104B00002946386817F07AFD3B6800221C603C6833
:104B10000023C4E90155C4E90A552848391D7D60C0
:104B20000BF022F8064688B123686C4688B06A46C6
:104B30002349CDE90513032342F8103F4FF4C45134
:104B40002B461C48F9F7CAFDA546CDE70146A82229
:104B5000786817F053FD78681A4B8360583016F068
:104B6000FBF87B685033D3E8EF2FC3E8E16F0029EF
:104B7000F9D17B681C60A36A7D682BB904F10C0035
:104B800016F0EAF8C4E90866A26A05F1A003C5F8C0
:104B9000A020E26AA36202B9E36217227B685A8509
:104BA0005A830433C8F80030A0E700BF600D00202E
:104BB000242404008CD40300B0070120800D0020C1
:104BC00049240400DC0A002008B5837A072B06D0AC
:104BD00002210C4A0C4813F08AFD002008BD042174
:104BE00013F059FD10B9094A0121F3E700F14C0314
:104BF000D3E8AF3FDB0701D4054AF5E750F8040CD2
:104C0000ECE700BF582104008CD403006E2404009C
:104C1000A42204002DE9F04F85B000AFB860EFF397
:104C20001188402383F31288BFF36F8F6D480DF016
:104C3000D5FF68B98F236C4A6C496D4812F042F871
:104C400068496C4812F03EF88F21674812F031F83D
:104C5000694D64480EF022F8284613F026FD0446FC
:104C600060482E680DF0C8FF68B940F23D135E4AF7
:104C700062495F4812F026F85A49614812F022F85A
:104C800040F23D11E1E788F31188BFF36F8F002CEC
:104C90005CD02046FEF7A8FF03690021D0E9025846
:104CA0001822FB60D0F800A090F80490B0F806B08D
:104CB00017F0A4FCA07AFCF779FB6169034659B1AF
:104CC000627AD00706D45A6A204612687B609268DE
:104CD00090477B6800226261214618460BF0E8FA93
:104CE000B9F1000F0DD065B12B6853B11B6843B10A
:104CF000BAF1000F2ED001215346424A424812F029
:104D00005FFE1EB30020B96816F092F800281DDA85
:104D10006C468AB06A463D4B05933D4BCDE9063063
:104D20004FF40073ADF820303A4B42F8103F0023A7
:104D30004FF411513448F9F7D1FC0023A54683F311
:104D40001188BFF36F8F0323184602DF1437BD4667
:104D5000BDE8F08F281D13F0D8FF4846FEF768FE27
:104D6000012101FA00F010F01404CAD110F0090F6B
:104D700005F1500315D110F0220F23D0D3E8AF3F37
:104D8000DA0704D4244A204813F0B1FCB9E76B6D6C
:104D9000002BB6D00023214A05F170000CF09AFBDD
:104DA000AFE72A681568D3E8AF3FDB07EAD5B8F16B
:104DB000000FA6D0A3B25B45A3D22846F968C0472E
:104DC0000134F7E74FF44573154A1649084811F0C6
:104DD00079FF0621144811F075FF4FF44571104812
:104DE00034E700BFBC06012075010400A2010400E5
:104DF00048F20300B7010400B4060120CD0104000D
:104E0000E4010400892404008CD40300C1240400BC
:104E1000C263040004000001A42204001C4E0E0022
:104E20004922040098520400A8240400F8B50F4653
:104E30001646FFF7C9FEB0B1846A20461CB150F88F
:104E4000A04904B1A03C731C194638B1428B458D72
:104E5000AA4228BF2A469A4207D264B902210A4AC6
:104E60000A4812F0ADFD0020F8BD32463946BDE8D3
:104E7000F840FEF779BFD4F8A05005B1A03D204618
:104E80000B462C46E2E700BFDC2404008CD4030070
:104E9000002337B5054601930C46FEF781FE0E4B05
:104EA0001B68834204D00D4BD3F88830834201D174
:104EB00000252C4601A92A46234609480AF054FE3B
:104EC000014630B91022019817F098FB019803B001
:104ED00030BD0020FBE700BFB00701202801012002
:104EE000A00D002010B50022044600F10803D3E80D
:104EF000EF0FC3E8E12F0029F9D108B1FCF73AFC24
:104F00002146BDE8104001480AF0BABEA00D0020BD
:104F10002DE9F743044670300F4690461E460CF0CC
:104F2000DFFA606D50B90221144A154813F0DFFB17
:104F3000204603B0BDE8F04300F090B8114B984212
:104F40004FF0000317D045684360606DD0F80C90B7
:104F5000FFF7C8FF00232068636513F007FF3DB12A
:104F60002068CDF8009043463A4631460068A8478D
:104F700003B0BDE8F0831D46ECE700BFF724040052
:104F80008CD40300B4070120F7B550F8044C054653
:104F9000002C5FD000F19C0104F1280013F0E8FC24
:104FA0002E1F05F154070022002338460BF0B4F9F8
:104FB000024690BB2B6D2BB101466FF06703304664
:104FC000FFF7A6FF002345F8043C05F14C03D3E8A6
:104FD000EF1F21F00101C3E8E21F002AF7D1A36A05
:104FE000002B37D104F120063046FCF767FBB8B937
:104FF00004F10C060022002330460BF08DF990B925
:1050000066689EB92146144826600AF039FE286871
:1050100003B0BDE8F04002F041BEFCF7ABFBC2E7D5
:10502000FCF7A8FBE0E7FCF7A5FBE3E7A268336821
:105030009642636008BFA36077683FB1F3686FF082
:1050400067010093002320681A46B8473046FFF7EF
:1050500049FFD5E703B0F0BD600D002010B5044650
:105060000430FFF791FF1321606805F043FA03460F
:1050700030B1BDE810400121024A034812F0A0BC43
:1050800010BD00BF0E2504008CD40300F0B589B01C
:10509000044654F8703D00AF3846196805F0A2FE8A
:1050A0006E4688B06A460B4BCDE905374FF4007366
:1050B000ADF81C30084B42F8103F00234FF4E2518A
:1050C0000648F9F70BFB2046B546FFF7C7FF243724
:1050D000BD46F0BD2C250400030000018CD4030064
:1050E00008B5436D6BB1084A93420AD0CB68DB78B0
:1050F000002B08BF0E2300221146FFF709FF0020F6
:1051000008BD0E23F7E700BFB407012070B50D46B8
:1051100058B9224940F6D173214A224811F0D2FDF4
:1051200040F6D1711E4811F0C4FD49B91E4940F640
:10513000D2731B4A1B4811F0C5FD40F6D271F1E74E
:10514000FFF742FD044628B92846FCF713FB6FF031
:105150007F0070BD00F10C06294630460BF074F854
:10516000A46AC4B154F8A05905B1A03D002210466C
:1051700007E022467DB1D5F8A03003B1A03B2C4614
:105180001D46831C01D1002AF4D13146204613F07C
:105190005FFC0028EDD10020DBE700BFB03C04003D
:1051A0004922040048F20300B130040038B50C462F
:1051B000054658B9184940F6E673184A184811F0E0
:1051C00081FD40F6E671154811F073FD49B91549A6
:1051D00040F6E773114A124811F074FD40F6E7718A
:1051E000F1E70DF0DDFA2846FFF7EEFC20B90DF0EF
:1051F00045FB6FF07F0038BD0023236083683BB917
:10520000C0E9014413F0B2FD0DF038FB0020F2E7D5
:105210001C608460F6E700BFB03C04004922040033
:1052200048F203005825040010B50C4608B301B33A
:10523000FFF7CAFCE8B1836A3BB153F8A02902B179
:10524000A03A596D8C4206D062B90430214613F061
:105250008FFB204602E02046064A5A65BDE8104012
:10526000FFF740BED2F8A01001B1A03913460A469C
:10527000E7E710BDB407012008B516F0CAF838B149
:1052800001210346034A044813F08AFE6FF004002C
:1052900008BD00BF63250400ACD4030010B5184658
:1052A000144607491022A047041E07DA01212346AD
:1052B000044A054813F074FE204610BD0024FBE7A5
:1052C000708C002079250400ACD4030070B50D4C1F
:1052D000064623780D46834204D12846611C13F00C
:1052E000B7FE58B9237CB3420AD12846064913F0C9
:1052F000AFFE10B1012004EB001070BD0020FAE7F2
:105300000020FAE7F40701200508012070B50D4CD4
:10531000064623780D46834204D12846611C13F0CB
:1053200097FE58B9237BB3420AD12846064913F0A9
:105330008FFE0028054808BF002070BD2046FCE70E
:105340000020FAE7188C0020258C0020248C0020F7
:1053500070B50E4C054623780E46834203D1601C7F
:1053600013F076FE68B9237BAB420CD13146084876
:1053700013F06EFE20B10120404200F00C002044EA
:1053800070BD0020F8E70020FAE700BFDE0F012023
:10539000EB0F012070B5204B144682689A420FD162
:1053A000A568C66875B922793046216813F058FEA1
:1053B000024628B11949013013F086FE1570158197
:1053C000012070BDE0680028FBD02B888B420AD0FA
:1053D000F6D2E068A36801380433E060003818BFF3
:1053E0000120A360EDE7256822792946304613F0B5
:1053F00037FE024660B93046084913F031FE0246D6
:105400000028E6D02946013013F05EFE23791370A0
:10541000A3685B881381DCE7B15A0200896304004A
:10542000102110B50648FCF7A1FD034630B1BDE8D8
:1054300010400121034A044813F0B2BD10BD00BF63
:10544000608C00209A250400ACD4030038B50546D2
:1054500048B1154B1A4613F8011C5C1E14F09EFC53
:1054600058B1204606E011490F4813F0F1FD78B11C
:105470000D4B581E38BD0020FCE72846217C04F166
:10548000110214F08BFC0028F5D004F11000F1E7B4
:10549000054B064903F1100013F0DAFD0028EAD0AD
:1054A000014B03F10F00E5E7F507012089630400D4
:1054B00070B54A1C0C46054688B910460D4913F0D4
:1054C000C7FDA8B904F10A0604F10B025DB1284634
:1054D000A17A14F063FC00B90026304670BD09784B
:1054E00014F05CFCEDE71046024913F0B1FDF2E761
:1054F0002646F2E78963040038B5054648B1154BE6
:105500001A4613F8011C5C1E14F048FC58B12046E2
:1055100006E011490F4813F09BFD78B10D4B581E62
:1055200038BD0020FCE72846217C04F1110214F06C
:1055300035FC0028F5D004F11000F1E7054B0649D1
:1055400003F1100013F084FD0028EAD0014B03F1B1
:105550000F00E5E721080120896304002DE9F047E9
:1055600007468946904614F0FCFA00283ED049468A
:105570003846FFF7CBFE0546C0B91D4813F00DFDB8
:105580001C4E044608B306F1140013F006FDF0B9F2
:10559000012406F10C05604200F00C000130494680
:1055A000304413F091FD0C235C433755012105F184
:1055B000080001FA08F113F071FDBDE8F04747F665
:1055C000122200230C480BF085BF3546E3E70B4958
:1055D00040F254530A4A0B4811F074FB0A4811F088
:1055E00071FB40F25451064811F063FBBDE8F087AF
:1055F000208C0020188C0020308C0020F025040026
:10560000C025040048F203000226040002460146B9
:1056100010B5042311F8010B0832FCF775FC0346A2
:1056200030B1BDE810400121024A034813F0B8BC74
:1056300010BD00BF21260400ACD403009A4210B56F
:105640000ED90F4940F211130E4A0F4811F03AFBE0
:105650000E4811F037FB40F211110A4811F029FBF6
:105660000488944205D80A889A4207D20B80012008
:1056700010BD02800A889A42F9D2F7E70020F7E7C6
:105680003D260400C025040048F203005226040011
:105690002DE9F04180460F4615461E46FFF758FE9D
:1056A000044680B91649FFF753FE044630B9BDE8F9
:1056B000F0410121134A144813F00DBD394600F89A
:1056C000018B13F001FD238973B9638963B92581C7
:1056D0006681214611F8010B14F043FA70B120469F
:1056E000BDE8F041FFF792BF33462A4604F10A01B4
:1056F00004F10800FFF7A2FF0028EAD1BDE8F0811D
:105700008963040076260400ACD4030008B58368DE
:105710005BB10949094840F6BA53094A11F0D2FA77
:1057200040F6BA51064811F0C4FA06490130BDE806
:10573000084013F0C9BC00BF9526040048F20300DE
:10574000C02504008963040008B50121024A03480A
:1057500013F0C1FC002008BDAC260400ACD403004B
:1057600038B514460E4B82680D469A4215D12279FF
:105770002168C06813F074FC78B1D4F8C8302F2BBE
:1057800003D9FFF7E1FF002038BD04EB8302158148
:10579000018901335181C4F8C8300120F4E700BF0A
:1057A000B15A020008B50121034A044813F093FCE2
:1057B0006FF0150008BD00BF00270400ACD4030043
:1057C00008B513468168074A914209D11A791968C8
:1057D000C06813F045FC18B10023036043600381E7
:1057E000012008BDB15A020040F2391200230148DD
:1057F0000BF070BEF08C002008B50421084813F0AF
:105800004DFC6FF00201064813F053FC044813F0FE
:10581000C4FBC30701D5FFF7E7FF002008BD00BFA9
:10582000208D0020024608B50749013013F04CFCDA
:1058300000230C3202F8043CD2E8EF1FC2E8E03F3C
:105840000028F9D108BD00BF8963040010B5FFF737
:105850007FFD044678B1014611F8010BFCF762FBAD
:10586000034620B10121044A044813F099FB0023A8
:1058700023606360A36010BD0C270400ACD4030058
:105880002DE9F84306460D4619480021174698466B
:10589000DDF82490FFF7FCFA044660B14560C7606C
:1058A0004A4630469DF82010FFF7C0FA054638B941
:1058B0002046FFF717FB6FF00B052846BDE8F8837D
:1058C00000220123114613F034FB2846A5603A4616
:1058D0004946C047054618B12046FFF703FBECE7F1
:1058E00021463046FFF762FC05460028E5D0F3E785
:1058F0001C4E0E002DE9F04385B00E4690469946A9
:10590000044600AF58B90121344A354813F0E3FB8F
:105910006FF0150528461437BD46BDE8F08307F142
:10592000080112F0BEFC0546A0B16D4688B06A467B
:105930002C4BCDE905344FF40073ADF81C302A4BE5
:1059400042F8103F00234FF4E2512548F8F7C6FE15
:10595000AD46DDE72046391D12F03CF9786858B1B4
:105960000A22294610F0BEFD034628B101211F4A34
:105970001B4813F015FBCBE7002007F10801FFF7E8
:10598000E7FC044620BB002EC4D01949FFF7E0FC19
:10599000044638B90121174A114813F09CFB6FF0F7
:1059A0000B05B7E7002307F1080100F8013B13F0EE
:1059B0008BFB04F1080104224846C047041EA9DA03
:1059C000012123460C4A064813F0EAFA2546A1E7CE
:1059D000002EEED10660466086609BE7E419040065
:1059E000ACD403002927040003000001452704006C
:1059F0008963040060270400792504002DE9F0473D
:105A0000284B1646826807469A422BD1C568AB8A56
:105A100043B34FF000086C1C05F11509B4F80730CA
:105A20009BB12246304614F8011C14F0B7F9E0B9D6
:105A3000214614F8010C05F015F930B1837A072BD3
:105A400008BF48F0010804F0D9FA0A344C45E5D102
:105A5000B8F1000F06D1AB69A5F8148013B1414627
:105A6000384698470120BDE8F08706F1700A514694
:105A7000307A14F076F878B90B4B9D4202D130465B
:105A800013F05AFD2046094913F01EFB002304F8C9
:105A9000013CA4F80730D8E75146204613F014FB28
:105AA000D3E700BFB15A02002C0B00208963040029
:105AB0002DE9F0471F46BDF8203006468846D1F84C
:105AC0000C90002B4ED17B1E012B4ED8012F494646
:105AD0000CBF15781588FFF7EBFC0446B8B915B96B
:105AE0003846BDE8F0874946FFF7E2FC044638B97E
:105AF0001F4802211F4A13F0EEFA6FF01000F0E782
:105B000006F17001013013F0DFFA337A2370D9F80F
:105B10001C30DBB9B4F808A02581B9F81430AB42C9
:105B200003D04946404613F0D8FAAA4505D00022D2
:105B3000307A06F17001FFF711FD002DD0D10E492A
:105B4000601C13F0C1FA25702581C9E72A46414639
:105B5000304698470028C4DB01380128DAD96FF0B5
:105B60000D00BEE76FF00600BBE76FF00C00B8E772
:105B7000ACD40300822704008963040073B50C468B
:105B80000546082104F11000164613F087FA122387
:105B900004223146CDE9003228462246024BFFF767
:105BA0006FFE02B070BD00BF85950300012108B5EE
:105BB0000D4813F073FAC2070BD40C4B0C4A9A61D0
:105BC000094813F0EAF983070CD4BDE80840FFF751
:105BD0000BBE0A4607494FF6FF73881EFFF72EFDDE
:105BE0000028EDD108BD00BF208D0020D08C002002
:105BF0000100FFFFEA8C00202DE9F0419846BDF836
:105C000018300646012B174636D84344012B45462B
:105C100035DCFFF71BFC044668B9FFF717FC0446A8
:105C200048B90221194A1A4813F055FA6FF01005C5
:105C30002846BDE8F081B8F1000F11D00023217A89
:105C400021FA03F2D00703D53A78DA40D20719D502
:105C50000133032BF4D13B7803F00703194321727E
:105C600006F17001601C13F02FFA337A01212046EF
:105C7000237013F0ACFCDBE76FF00605D8E76FF09C
:105C80000C05D5E76FF01205D2E700BF9C27040092
:105C9000ACD4030010B56FF0020104460E4813F0B7
:105CA00008FA0D4813F079F9C20704D50022002341
:105CB0000A480BF00FFC204613F019F958B12046A2
:105CC000FFF7C4FB38B1037ADB0704D5BDE8104009
:105CD000012113F07CBC10BD208D0020F08C002031
:105CE0002DE9F04385B0894616469846044600AF34
:105CF00058B90121414A424813F0EDF96FF01505FA
:105D000028461437BD46BDE8F08307F1080112F0BC
:105D1000C8FA0546A0B16D4688B06A46394BCDE950
:105D200005344FF40073ADF81C30374B42F8103F88
:105D300000234FF4E2513248F8F7D0FCAD46DDE7DE
:105D40002046391D11F046FF786858B10A222946CD
:105D500010F0C8FB034628B101212C4A284813F053
:105D60001FF9CBE7002007F10801FFF7AFFA04465F
:105D700090B9FFF76BFB044638B90121244A20484B
:105D800013F0A9F96FF00B05BAE7002307F108013A
:105D900000F8013B13F098F9B9F1000F2AD0022264
:105DA00039464046B047061E07DA01213346194AF4
:105DB000134813F0F5F83546A2E73B78022E23721C
:105DC00009D00221144A0E4813F085F9002120461B
:105DD00013F0FDFB94E77B78012B05D90F4A314680
:105DE000074813F0DDF8F1E7204603F0010113F056
:105DF000DEFB85E72046FFF715FD81E7E419040087
:105E0000ACD4030029270400030000014527040047
:105E1000C827040079250400EA2704003E2804006E
:105E200037B504460D46FFF751FA0246D0B1037A62
:105E30000C308DF8043013F0B0F810F0010318BFE7
:105E400001238DF80530022301AA29462046FCF7DC
:105E500071F8034620B10121034A044813F0A0F869
:105E600003B030BD0346F0E78F280400ACD4030034
:105E7000104908B5104813F0EBF8014640B90E4B35
:105E8000581E13F094FB0C4911F8010CFFF7C8FFE2
:105E900008490A4813F0DCF8014650B9084813F0E5
:105EA00086FB084B187C03F11101BDE80840FFF7A1
:105EB000B7BF08BD89630400F5070120050801206C
:105EC00004080120F4070120012110B5214813F036
:105ED000E5F8C3073DD402211E4813F0DFF808405F
:105EE0001FD11D491D4A0B881D4CA24216D900B175
:105EF0000B801C4940F295531B4A1C4810F0E2FEEF
:105F00001B4810F0DFFE40F29551174810F0D1FE0B
:105F10005068083203449BB20120E6E7F8D300B191
:105F20000B80144914480BF041F940F23912002358
:105F30001148FBF7D1FE114911480BF037F9022146
:105F4000104813F0ABF8BDE810400F490F480BF0B4
:105F50002DB910BD14080120F60F01206CD40300E8
:105F600084D40300BF280400C025040048F20300C5
:105F7000B307040001970300808C00200969020028
:105F8000F08C0020208D002005970300308C00202D
:105F900000234360044B021D596811B9C3E9002274
:105FA00070470A605A607047180801202DE9F843CD
:105FB0000346A8B3008A98BB01254FF0140E1A4976
:105FC000DFF868C061452AD9194940F21173194AAE
:105FD000194810F077FE194810F074FE40F2117164
:105FE000144810F066FED1E90076BB4204D30EFBE4
:105FF0000672143A93420ED9AA1992B21546083184
:10600000E0E708FB04794B450CD001342A19B4426F
:1060100092B2F6D1F2E700244FF01408F6E7E2D38B
:10602000BDE8F8831046FBE76CD4030084D403007A
:10603000B8280400C025040048F20300B307040098
:106040002DE9F74F99464FF6FF73BDF830500746DC
:10605000002D08BF1D462B4B90461B8800918342A4
:1060600032D203B0BDE8F08F40468958019312F058
:106070003EF9019B90B101340AF1010AA4B27368A0
:1060800053452CD9009B9C42EBD8BC42F3D30BFB6D
:106090000AF231688B18B8F1000FE5D1B9F1000FA1
:1060A0000BD1013D1846ADB221460E9A0D9B984783
:1060B000002DD6D00028DED1D3E7DA689145DAD1B9
:1060C000EFE74FF0000ADAE701244FF0140B0E4E11
:1060D00006E0C6D273682344BB42F2D29CB20836B3
:1060E0000A4B9E42F5D90A4940F2D973094A0A4837
:1060F00010F0E8FD094810F0E5FD40F2D9710548BF
:1061000010F0D7FDF60F01206CD4030084D40300F7
:10611000B8280400C025040048F20300B3070400B7
:1061200030B5E5B010220021684616F067FA182253
:10613000002105A816F062FA4FF41053ADF81030A4
:1061400080231022ADF812304FF480632A4D694647
:10615000CDE906350DEB020062AB0EF0C1F80BACD9
:10616000034630B1254A0121254812F019FF65B0D8
:1061700030BD01464FF4AE72204616F03FFA2A4673
:106180002046D4F85C1115F041F9034668B10121AD
:106190001C4A1B4812F004FFD4F85C010EF05AF8B8
:1061A00003460028E3D0184ADDE723464FF6FF7187
:1061B0000120164A13F099FA10222046144904AB24
:1061C00015F039F90546D4F85C010EF043F815B125
:1061D000104A2B46C7E708220D4B03F1100118782F
:1061E00011F8014D013A03F8014B0870F7D108216D
:1061F000094812F053FFBAE70002C003E728040081
:10620000ACD40300102904002E290400A58F03003C
:10621000608C002044290400208D00202DE9F041ED
:1062200018490446A1F1300015461E46BDF8187005
:106230000BF0B6F9144812F0B0FE010705D4FFF7D1
:106240006FFFFFF715FEFFF7EBF82046FFF7FEF8AC
:1062500068B1037ADA070AD500F10C04204612F07F
:106260009CFEC30703D40221204612F017FF10231F
:106270003A46069331462846BDE8F041034B13F0F9
:106280009BB800BFB08C0020208D0020608C0020C7
:1062900010B51A4812F081FEC0F3C00080F001046E
:1062A00008B9FFF73DFF154812F077FE0346134883
:1062B00012F073FEDA061FD5830606D5E4B1FFF7A8
:1062C000D7FDBDE81040FFF7ABB820210B4812F016
:1062D000E5FE10220A49881816F09FF948B90948C6
:1062E0000BF0FEF8BDE810406FF00101034812F01A
:1062F000E0BEFFF75BFCE2E710BD00BF208D002091
:10630000608C0020F08C002008B51021034812F0AA
:10631000C5FEFFF7BDFF002008BD00BF208D002097
:106320002DE9F04FB9B000AF0C46904638493A46D7
:10633000D7F80801994611F029FC40B9FFF732FA65
:106340006FF015052846E437BD46BDE8F08F3E687E
:10635000391D304611F03EFC3EB901212D4A2E4830
:1063600012F0B9FE6FF015043FE0786800BB4FF003
:10637000000B07F1080A5146304687F814B011F0B7
:1063800090FF054608B36C4688B06A46234BCDE9BA
:1063900005364FF40073ADF81C30214B42F8103F26
:1063A0004FF4E2515B461C48F8F798F9A546D9E747
:1063B0000A22002110F096F803460028D7D00121C8
:1063C000184A154812F0ECFDCCE7C7F810A0E4B16C
:1063D000C022484607F12001C047041E07DA012108
:1063E0002346114A0C4812F0DBFD2546AAE7A40813
:1063F00007F12003C7E906344FF6FF7101200B4A6D
:1064000007F1100313F071F99CE72346F2E700BF90
:106410005A290400E4190400ACD40300292704001D
:10642000030000014527040079250400955302006C
:10643000F0B5B5B005460E46FEF768FF3146044696
:10644000284613F08EFB002841D0002C3FD004F1E9
:1064500008076FF00101384612F02BFEC2071AD56B
:1064600000234FF6FF713393012001AB1A4A0196C6
:106470008DF8085013F039F9339B53B39B0003AAEE
:1064800031462846FBF764FD034620B10121134A3B
:10649000134812F085FD6FF00201384612F009FE34
:1064A000830703D531462846FFF7BAFC384612F079
:1064B00074FD60B9234603F8010BC4F80100C3F86A
:1064C0000300D7E8EF3FC7E8E20F002AF9D135B063
:1064D000F0BD1A46D4E700BF6157020061290400ED
:1064E000ACD40300002307B50193FFF75FFD411C07
:1064F00089B20846034A01AB13F0F7F8019803B0DC
:106500005DF804FB4B8F03002DE9F04387B00C4688
:106510001546804602AF70B9744940F66153744A1B
:10652000744810F0CFFB744810F0CCFB40F661517A
:106530006F4810F0BEFB61B9704940F662536C4A77
:106540006C4810F0BFFB6C4810F0BCFB40F6625189
:10655000EEE7837A072B40F0C38000233B7342F6BB
:106560000303206807F10C01FB8111F0C0FE064611
:10657000002843D1D4F80490B9F1000F05D10121CE
:106580005F4A604812F0A7FDAAE00123214600906F
:1065900007F10802C847031E11DA6D4688B002AA47
:1065A000D36104235849C2E9051442F8103F4FF45F
:1065B000015133465348F8F791F8AD4690E0012B6E
:1065C00005D00121514A4F4812F0EAFC88E03B7A9D
:1065D00013F0300F00F084802046FFF783FF04465D
:1065E00060B946494FF45863414A424810F06AFB8B
:1065F000474810F067FB4FF4586199E70023206883
:106600003B7342F6021307F10C01FB8111F06FFEA0
:1066100088B12046FFF766FF044660B9374940F667
:106620008653334A334810F04DFB394810F04AFB8B
:1066300040F686517CE7002642F60219206839466A
:106640003E70A7F8029011F052FE18BB002320689C
:106650003B7342F6021307F10C01FB8111F047FE78
:10666000064600283CD1D4F80490B9F1000F86D03A
:10667000022300902146404607F10C02C847031E42
:106680008BDB022B9DD1BB8905EA0300003818BFC4
:10669000012026E042F603032068391D3E71FB808D
:1066A00011F025FE0028D1D04FF42053206807F1C7
:1066B00008013E727B8111F01AFE0028C6D042F616
:1066C0000103206807F10C013E73FB8111F00FFEFE
:1066D0000028BBD02046FFF705FF04460028ADD1B7
:1066E00000201437BD46BDE8F08300BFB03C040075
:1066F000C025040048F203007F2904009429040007
:1067000099290400ACD40300AD290400D329040066
:10671000EC2904002DE9F843894651680746B1F891
:106720001280154618F094083BD10222FFF7ECFEC8
:10673000002839D000211E48AE8AFEF7A9FB023698
:10674000044660B11B4B32464360C5601D2138468C
:10675000FEF76CFB064638B92046FEF7C3FB6FF028
:106760000B052846BDE8F88301234246414612F056
:10677000E0FBA98A06F10C000231FBF755F920F87D
:10678000029BAA8A296915F013FF21463846A660A4
:10679000FEF70CFD05460028E3D02046FEF7A2FBDD
:1067A000DFE74FF0FF35DCE76FF01505D9E700BFF5
:1067B0001C4E0E00518F030030B505460C468BB0C1
:1067C00071B9494940F6FE33484A494810F07AFA0F
:1067D000484810F077FA40F6FE31444810F069FA64
:1067E0004B6873B90B6863B9434940F6FF333F4ABE
:1067F0003F4810F067FA3F4810F064FA40F6FF3166
:10680000EBE73E4812F0C9FB420767D515B1AB7AFA
:10681000072B66D160680590FFF7C8FB2268ADF8CA
:106820001800002A30D005A90291354900230191B2
:10683000012100914FF6FF710593FFF701FC059BC5
:106840001BB96FF001000BB030BD6360059B04A95C
:10685000186800238DF8103042F60303ADF81230AB
:1068600011F045FD40B90598C3689B799B0608D592
:1068700012F0F4FEADF81800059812F053FF6060B6
:1068800028B96FF01500DEE70028DFD1D9E7BDF8A1
:1068900018003DB10123014622462846A375FFF7A3
:1068A00039FFD0E76FF07F0307930223ADF8203064
:1068B00042F60213ADF8123005ABA5750293114BE9
:1068C0004FF6FF710193012304AA00932B4609940C
:1068D0008DF81050FFF7B4FB0798B4E76FF00A008B
:1068E000B1E76FF07F00AEE7022A0400C025040084
:1068F00048F20300092A04001F2A0400740700203C
:106900007F8F0300DD6B0200F7B500F1300604460F
:10691000A0F12007304612F040FB10F002050ED027
:10692000184940F2E443184A184810F0CBF91848C7
:1069300010F0C8F940F2E441134810F0BAF954F8E5
:10694000083C6FF001013046019312F0B2FB114B8D
:10695000394644F81C3C104B284644F8183C01AB1F
:1069600044F8103C042324F8085C24F8065C24F85E
:106970000C3CFFF721FF18B90221304612F08EFBC4
:1069800003B0F0BD3C2A0400C025040048F2030017
:106990006D2A040020E30300955C02002DE9F04716
:1069A000334B81680446994200AF5CD1D0F80C802B
:1069B000156808F1010608F11509B6F80730EBB1C2
:1069C0003246284616F8011C13F0E8F9B0B14FF42E
:1069D00095722146284612F0BCFE032812D1EA46E1
:1069E00088B06A46234BCDE9053442F8100F0023E6
:1069F0004FF4C4512048F7F771FED5460A364E458C
:106A000031D0DAE74146204612F067FB1B4B984530
:106A100029D1287A05F17001FEF79AFC044610B3DB
:106A200003890BB94389F3B1284603F0D9FC2289C5
:106A3000134B144923F82020628903EB80035A800A
:106A4000182202FB00110B6104230F4A28464A60FA
:106A50000E4A8B828A60FFF7AFFE20B101210C4AFB
:106A6000054812F038FB0120BD46BDE8F08700BFA5
:106A7000B15A0200882A0400ACD403002C0B002079
:106A8000D60F0120C407012020E30300EB9503008B
:106A90009C2A040030B505460C468BB071B94749B5
:106AA00040F60D33464A474810F00CF9464810F0BE
:106AB00009F940F60D31424810F0FBF84B6873B904
:106AC0000B6863B9414940F60E333D4A3D4810F02A
:106AD000F9F83D4810F0F6F840F60E31EBE73C4887
:106AE00012F05BFA420763D515B1AB7A072B62D17E
:106AF00060680590FFF75AFA2268ADF81800002A7E
:106B000030D005A902913349002301910121009160
:106B10004FF6FF710593FFF793FA059B1BB96FF0D2
:106B200001000BB030BD6360059B04A91868002309
:106B30008DF8103042F60303ADF8123011F0D7FB98
:106B400040B90598C3689B79DB0608D512F086FD2D
:106B5000ADF81800059812F0E5FD606028B96FF0F7
:106B60001500DEE70028DFD1D9E7BDF818002DB108
:106B700001462246284612F00AFED2E76FF07F0354
:106B800042F6021207930123ADF8122005AA0292E1
:106B9000114AADF82030CDE900324FF6FF712B4697
:106BA00004AA09948DF81050FFF74AFA0798B8E73D
:106BB0006FF00A00B5E76FF07F00B2E7022A040029
:106BC000C025040048F20300092A04001F2A04001B
:106BD000740700207F8F0300DD6B02002DE9F04772
:106BE0003D4B1546826807469A423AD1D0F80C8050
:106BF0003A4B98451DD10026394C2046394912F0B0
:106C000027FA78B90722214614F8010C04F0BAF8E3
:106C100050BB2B6921461A6914F8010C538812885D
:106C2000FEF736FD731C022B4FF0010604F10C0435
:106C3000E3D108F1010608F11509B6F80720AB8980
:106C40009A420BD1314616F8010C04F00BF882463B
:106C500020B1837A072B0AD003F0D0F90A364E45CB
:106C6000EBD10120BDE8F08703F0C8F9DAE7D8F8E6
:106C7000203023B13946984708B95046ECE77C8A62
:106C800014F09404F9D1AB89022B17D1B6F8074060
:106C900014F002040AD050462A69A988FFF73AFD89
:106CA000044618B92A69937D01339375504603F061
:106CB000A5F9002CAC60D1DA0020D3E7012BF5D187
:106CC000B6F8074014F00104F0D050462A69A988AC
:106CD00012F05DFD0446E9E7B15A02002C0B0020DA
:106CE000DF0F01208963040073B50D46044670B9B7
:106CF000214940F6A563214A21480FF0E3FF2148CE
:106D00000FF0E0FF40F6A5611C480FF0D2FF39B14B
:106D10000B682BB1837A072B0FD06FF07F0424E030
:106D2000194940F6A663154A15480FF0CBFF1748DE
:106D30000FF0C8FF40F6A661E6E7061D4FF480316C
:106D4000304612F0ABF9C30312D402232046CDE93A
:106D500000332A460E4B0F49FEF792FD044620B140
:106D60006FF48031304612F0A4F9204602B070BDB5
:106D70006FF07704F9E700BFB03C0400C0250400C1
:106D800048F203007F290400B92A0400092A0400FC
:106D900023910300878F030070B50C46054686B02B
:106DA00070B9744941F22F23734A74480FF08AFF77
:106DB00073480FF087FF41F22F216F480FF079FFE2
:106DC00081B14B6873B10A89CAB96E4941F2312366
:106DD000694A6A480FF076FF69480FF073FF41F285
:106DE0003121EAE7684941F23023634A63480FF0F2
:106DF00069FF63480FF066FF41F23021DDE7CB8980
:106E0000002BE2D09A420CD9604941F233235A4A0E
:106E10005A480FF057FF5A480FF054FF41F2332100
:106E2000CBE7837A072B40F0A1800B7C062B10D890
:106E3000DFE803F004045A5A629528000B68CBB1CE
:106E40001B784BB1022B13D00121514A514812F04B
:106E5000A7F86FF0150009E00823019306232246E6
:106E600000934D494D4B2846FEF70AFD06B070BD14
:106E70001623F2E7102304212246CDE90031484BC6
:106E80004849F0E708680028E3D00678002EE0D1F2
:106E90004FF4245302A98DF80860ADF80A3011F0C0
:106EA00026FA08B342F60213206803A98DF80C6095
:106EB000ADF80E3011F01BFAB0B142F603132068A2
:106EC00004A98DF81060ADF8123011F010FA58B125
:106ED00042F60413206805A98DF81460ADF8163049
:106EE00011F005FA0028B4D1082304222E49CDE977
:106EF000003222462D4BB6E7086880B300264FF4D7
:106F0000205302A98DF80860ADF80A3011F0EFF9AE
:106F100000289ED042F60103206803A98DF80C607A
:106F2000ADF80E3011F0E3F9002892D042F60203DA
:106F3000206804A98DF81060ADF8123011F0D7F96F
:106F4000002886D042F60303206805A98DF8146056
:106F5000ADF8163011F0CBF900283FF47AAF0423D6
:106F60002246CDE900331249124B7CE76FF07F00D7
:106F70007CE700BFB03C0400C025040048F20300D9
:106F8000092A0400D02A0400B92A0400FD2A0400BA
:106F90002A2B0400ACD4030035980300819403002D
:106FA00093910300B96F0200DD700200C3910300EA
:106FB000557402004F9103002DE9F0478EB006464C
:106FC00017461C46169D31B12A4600216B680EB04B
:106FD000BDE8F047184763B902213D4A3D4812F029
:106FE0007AF82A46002130466B6898470EB0BDE813
:106FF000F0871378062B08D0142B05D00121364AD0
:10700000344811F0CDFFECE702214FF00008C146F3
:10701000013C8DF81010A4B207F1010A9C420CD279
:10702000002CDED1B8F1000FDBD02A4641463046B5
:107030000EB0BDE8F04712F0DFBB1422002109A812
:1070400015F0DCFABAF8002093B2002BC9D0BAF8D8
:1070500002101FFA81F8B8F1000FC2D04345C0D822
:107060009DF8103013B3022B25D02B7CADF80C10FB
:10707000002B42F6010308BF4FF42053ADF8063051
:1070800004AB029301AB099302ABADF834200C932F
:107090002A4630466B688DF8049009A99847002865
:1070A000A4D03B78E41AA4B29A44B7E7BAF8043003
:1070B000ADF81230D9E70AF104030DF111000AF11D
:1070C000140C53F804EB634540F804EBF9D1CCE71A
:1070D0003F2B0400ACD40300492B04002DE9F04FF2
:1070E00093B0174680461C460A461C9D31B12A467D
:1070F00000216B6813B0BDE8F04F1847297C0229C6
:1071000040F083804BB99B4A9B4811F0E4FF2A462C
:10711000002140466B6898475BE03B78062B08D01F
:10712000082B05D00121954A934811F039FFEEE76D
:107130001146002642F6020A013C8DF82010A4B246
:1071400007F1010B9C420BD2002CE0D1002EDED0C7
:107150002A463146404613B0BDE8F04F12F04CBB12
:10716000BBF800901FFA89F6002ED0D0BBF80200C1
:107170009DF82020ADF81C00BBF80410ADF81E10DF
:1071800062B1022A15D0296831B308A811F0AFF80E
:1071900010B33B78E41AA4B29B44D3E708AA069242
:1071A0009BF806209BF8071042EA0122ADF8222046
:1071B000E9E70A236881A981A5F808904046019271
:1071C00000932A466E4B6F49FEF75AFB86B2002E9B
:1071D000BED113B0BDE8F08F4FF0000310220021A4
:1071E0000EA88DF81430ADF816A015F007FA05AA10
:1071F0000D9206AA109240462A466B68ADF844905C
:107200000DA998470028C4D1E3E7032966D113B933
:107210000221584A78E73B78072B02D0152B81D101
:1072200002220026013C8DF82020A4B207F10109BA
:107230000DF1200A9C4287D3B9F800B01FFA8BF6F3
:10724000002E3FF464AF9DF8203063B1022B13D0C1
:107250002968F1B1504611F04AF8D0B13B78E41AF0
:10726000A4B29944E6E799F8053099F8062043EA74
:107270000223ADF82230EBE709F105030DF12102FD
:1072800009F1150153F8040B8B4242F8040BF9D1B4
:10729000DEE799F80230B9F803208DF81E304FF080
:1072A00000038DF8143042F603030021ADF81C20D2
:1072B0000EA81022ADF81630CDF818A015F09EF9E2
:1072C00005AB0D9306AB10932A4640466B68ADF8AC
:1072D00044B00DA998470028C0D17AE72A681678EB
:1072E00076B92BB9234A0221234811F0F4FE07E0B6
:1072F0003B78012B09D80221204A1F4811F050FE8B
:107300002A46002140466B68F4E6B2F802A0013C30
:10731000A4B207F10109AAF5245A9C4204D2002C18
:10732000EED1002EECD013E7012C01D8164ADAE793
:10733000B9F800B01FFA8BF6002EE1D0BAF1040FB5
:10734000DED801A353F82AF05D7302000173020036
:10735000657302006D730200D5730200032C1BD805
:107360000A4AC0E7032C17D8094ABCE7032C13D8F4
:10737000084AB8E73F2B0400ACD40300492B0400B3
:107380003B9103001D7402005D2B04006B2B040075
:10739000792B0400872B0400B9F80230ADF82030B7
:1073A0002B68102200210EA8039315F027F9039BE8
:1073B0002A460D9308AB109340466B68ADF844B075
:1073C0000DA9984700283FF404AF3B78E41AA4B213
:1073D0009944A2E7082C01D80F4A84E799F80230B3
:1073E0008DF8203099F803308DF8213099F8052078
:1073F00099F8043043EA0223ADF8223099F80630B8
:107400008DF8243099F8073099F8082043EA0223D0
:10741000ADF82630C4E700BF952B040070B5102BE3
:1074200005461146049C0BD00121084A084811F07A
:10743000B7FD2246284663680021BDE87040184722
:107440002246BDE8704012F041BA00BF492B04004B
:10745000ACD403002DE9F04F8FB00746189D1846B5
:1074600029B953B90221544A544811F034FE2A462E
:10747000002138466B6898479BE01378012B07D0B2
:10748000022B20D001214E4A4C4811F089FDEEE735
:107490000B464FF00409013880B248458DF8103092
:1074A000E5D34FF00008B0FBF9FBC246541CCDF801
:1074B000008004AEBBF1000F08D12A46384600997F
:1074C00012F09AF975E04FF01209E4E7238801936E
:1074D000BDF804300093B8F1000F53D19DF810307F
:1074E000002B37D0022B3CD02968002945D12B7CBA
:1074F000042B4DD14FF42053304602A98DF808A03B
:10750000ADF80A3010F0F3FE00283BD042F601033C
:10751000304603A98DF80CA0ADF80E3010F0E7FE50
:1075200080B342F60203304609A98DF824A0ADF8D5
:10753000263010F0DCFE28B342F60303304609A9DA
:107540008DF824A0ADF8263010F0D1FE00BB4FF02E
:10755000010819E0A378E27843EA0223ADF812307B
:10756000C2E7A31C0DF1110204F1120153F8040B40
:107570008B4242F8040BF9D1B6E7304610F0B7FE63
:107580000028B4D04FF000080BF1FF3B4C4491E7CA
:10759000102200210AA815F031F8BDF804302A465F
:1075A000ADF8343038466B68099609A99847002829
:1075B000EAD10FB0BDE8F08F3F2B0400ACD403003C
:1075C000A32B040007B50A4670B9294941F2953347
:1075D000284A29480FF076FB28480FF073FB41F248
:1075E000953124480FF065FB39B1096829B1837AD8
:1075F000072B0FD06FF07F0022E0214941F2963334
:107600001C4A1D480FF05EFB1C480FF05BFB41F26B
:107610009631E6E753683BB908234FF0040ECDE9F5
:10762000003E184B184909E0012B11D0117B5B007B
:10763000019341B1202315490093154BFEF720F922
:1076400003B05DF804FB0E2312490093124BF5E7DB
:10765000538933B10C234FF0040CCDE9003C0F4BA0
:10766000E0E70A230221CDE900310D4BDAE700BF44
:10767000B03C0400C025040048F20300092A0400BD
:10768000B92A0400CD940300A576020037930300C5
:10769000279203002B920300FF9103007B910300CC
:1076A000679103002DE9F04F83B002AF8046914609
:1076B0001D460E46BC6A41B96BB9256800232246B7
:1076C0000093F1B24046A8472EE0B1F5807F28BF75
:1076D0000E262568F2E76368002B6ED1013D2689EE
:1076E000B4F80AB0ADB202F1010A002D4CD099F8FD
:1076F0000030AB4228BF2B46012B0AD802213D4A5D
:107700003D4811F04DFC00230093224604212568DA
:10771000D8E7BAF80020023B91B29BB241B90121EF
:10772000364A354811F0D7FC0437BD46BDE8F08F26
:107730008E4201D88B4517D26D468AB002AA304BD3
:10774000C2E9076BC2E90531052342F8103F002367
:107750004FF422512848F6F7C1FFAD4600230093AD
:10776000256822460E21ADE72281009322460021A2
:107770004046D4F800C00AF10203E0470028D3D005
:1077800099F80030AB4206D921464046FFF71AFF70
:107790000028C9DAE2E7238962899A4205D10023E9
:1077A00000932568224619468CE70133238199F816
:1077B0000030ED1AADB29A4497E700951346D4F81D
:1077C00000C02246E0470028AED0238A013B9D42FC
:1077D00003DA009633462568E4E7638921461D44B1
:1077E00040466581FFF7EEFE00289DDA009633469D
:1077F0002568B6E7B52B0400ACD40300ED2B0400DC
:10780000FC2B04002DE9F04F85B01D46DDE90F8902
:107810000F46934606469DF8383070B9324941F21A
:10782000C633324A32480FF04DFA32480FF04AFA66
:1078300041F2C6312D480FF03CFA61B92E4941F2B0
:10784000C7332A4A2A480FF03DFA2A480FF03AFA7D
:1078500041F2C731EEE7827A072A3CD15BB3D221ED
:1078600005F10E02FDF7E2FA0446002838D00221A5
:107870000C30FAF7D9F84FF0000A002200230780F5
:107880002946CDE9002320465A46CDE902AAFAF757
:107890005DF88542074611D041F2E333134A174998
:1078A00013480FF00FFA29463A4615480FF00AFA26
:1078B00041F2E331BEE75221AA1CD3E741462046FC
:1078C00053464A4611F035FB2146304605B0BDE827
:1078D000F04FFDF71BBC6FF07F0005B0BDE8F08FE7
:1078E0006FF00B00F9E700BFB03C0400C0250400B6
:1078F00048F20300092A0400F52B0400632C04005D
:10790000732C040070B50D46064670B9424941F229
:107910004753424A42480FF0D5F942480FF0D2F996
:1079200041F247513D480FF0C4F981B10B6873B182
:107930008B89CBB93C4941F24953384A38480FF05A
:10794000C1F938480FF0BEF941F24951EAE7374929
:1079500041F24853314A32480FF0B4F931480FF040
:10796000B1F941F24851DDE74B8963B9304941F241
:107970004F532A4A2A480FF0A5F92A480FF0A2F9D6
:1079800041F24F51CEE7837A072B3CD1FDF7B4FD8E
:10799000044658B9FDF7B0FD0446002836D006F17C
:1079A0007001013011F090FB337A2370A36893B11A
:1079B0000022143BAB422CD018892989884205D17A
:1079C0009889A989884228BF42F001025B690BB1FE
:1079D000143BEFE76AB930462946164AFEF7CEF85F
:1079E000064630B1A36813B92046FDF78FFE304636
:1079F00070BDA26805F114036A61E268A36002B970
:107A0000E3600026F3E76FF07F06F0E76FF00B0608
:107A1000EDE76FF07706EAE7B03C0400C02504000C
:107A200048F20300092A0400BD2C0400A42C040021
:107A3000CB2C0400AB920300F8B50C46054670B998
:107A4000344941F2AD53344A34480FF03BF93448DD
:107A50000FF038F941F2AD512F480FF02AF961B912
:107A6000304941F2AE532C4A2C480FF02BF92C48E8
:107A70000FF028F941F2AE51EEE7837A072B42D19D
:107A8000FDF73AFD0646002840D08368002B3DD024
:107A900000221746143B9C4209D01889218988424C
:107AA00008BF47F001075B691BB1143BF3E70122F4
:107AB000F9E75AB304F1100011F06FFA430703D548
:107AC0002146284611F041FF6FB104F1140106F17F
:107AD000080011F016FDB36813B93046FDF716FE25
:107AE00057B9002007E0214628460F4AA781FEF734
:107AF00045F80028E9D0F8BD002321461A4628465B
:107B00002668B047EDE76FF07F00F4E76FF01500EF
:107B1000F1E700BFB03C0400C025040048F20300B8
:107B2000092A0400022A0400AB9203002DE9F04761
:107B30008C68064690469946BDF820A024B154F8BA
:107B4000145905B1143D0CB9BDE8F08723894345AC
:107B500011D153464A46214630462768B84750B9A6
:107B600021463046FFF768FF034620B10221064A4E
:107B7000064811F015FA2DB1696901B114392C4686
:107B80000D46E0E72946FAE7DE2C0400ACD40300FA
:107B9000F0B587B007460E461546FDF7ADFC044626
:107BA000C8B12A46314603A810F03BFBBDF810309F
:107BB000042B10D9042103A8F9F794FFBDF8101085
:107BC00046880288B14208D201213346084A094852
:107BD00000950FF0FFFE07B0F0BD2146031D009693
:107BE0003846FFF7A3FF314603A8F9F77BFFDDE72F
:107BF000FD2C0400ACD40300012330B500F1700566
:107C00008FB0044603902946007A8DF8103011F0A9
:107C1000A8FF90B1227ACAB102AC042120460FF02D
:107C20005FF9009424210A4A2B4605A8FAF7AEF81A
:107C300005AA10460749F7F79DF94FF6FF71012095
:107C4000054A03AB11F051FD0FB030BD0092E9E7DA
:107C5000832B0400216302009D6902002DE9F0419D
:107C60000D4B06461B680F46904623B153F8044956
:107C700004B1043C0BB9BDE8F0811B681BB142465E
:107C80003946304698472CB1656805B1043D234616
:107C90002C46EFE72546FAE7180801202DE9F74FB3
:107CA000044603464FF6FF7101203A4A04F170067C
:107CB00011F01BFD3146207AFEF7BAFB3146207ADF
:107CC00011F04FFF50B1237A4FF6FF718DF8043059
:107CD00001206B46304A009611F007FD2046FDF763
:107CE0000BFC074640B92046FDF7B0FB05460028CF
:107CF0003DD103B0BDE8F08F8568002DF3D055F875
:107D00001489B8F1000F01D0A8F114084FF0000950
:107D1000CA4601E04546984605F1100B6FF0080190
:107D2000584611F0C6F93146207A11F01AFF80B991
:107D30002B464A4639462046A5F80CA011F095FA84
:107D4000B8F1000FCFD0D8F81430002BE2D0143B9C
:107D5000E0E7584611F021F9C307E9D47B781BB15D
:107D60003146781C11F0B0F905F11409E8E7314605
:107D7000207A11F0F6FE28B9284603B0BDE8F04F8E
:107D8000FDF750BD3146681C03B0BDE8F04F11F05F
:107D90009BB900BFFD590200C157020008B50A4B4C
:107DA00042689A420ED1C3685BB90849084841F657
:107DB0008113084A0EF086FF41F6811105480EF046
:107DC00078FF198208BD00BFA5760200022A0400D0
:107DD00048F20300C02504007FB54FF42052002371
:107DE000ADF8162004AA02920A4A0120CDE9003219
:107DF0004FF6FF7105AA04938DF81430FEF720F9B1
:107E0000049B012B14BF6FF01500002007B05DF834
:107E100004FB00BF259A030080B500AF88B06A4616
:107E2000074BCDE90530032342F8103F00234FF400
:107E3000C2510448F6F752FC6FF00B00BD4680BDFE
:107E4000322D0400FCD4030010B50B4A13683BB17B
:107E5000D36C23B1FFF7E0FF6FF00B0010BD0123DF
:107E60004C2000FB03205B42044C03F04C031A44FB
:107E7000446000200A60F1E74008012098E3030015
:107E8000C3681B780221024A024811F02FBE00BFCE
:107E90005E2D0400BCD4030010B5002486B003ABF3
:107EA00000934FF480624FF0FF3305490548CDE958
:107EB0000344059409F00AF9204606B010BD00BF3E
:107EC00038350120288D002038B5C5682B78B3B926
:107ED000B5F801400F21204602F04AFAE97805463C
:107EE00070B90C4A138813B1538843B901236FEA60
:107EF00004506FEA105022F81300074AD15438BDDD
:107F00004172012102F00EF92846BDE8384002F026
:107F100075B800BFF80F01209812012070B5C36832
:107F20001D787DBBB3F801600F21304602F020FAC6
:107F3000044638B901213346BDE87040124A13485F
:107F400011F0D4BD294602F0EDF8A378012B04D03E
:107F50002046BDE8704002F051B8231DD3E8AF3F82
:107F6000DB07F5D50321204602F0DCF8032010F0F2
:107F7000CAFA03460028EBD00221054A034811F053
:107F8000B5FDE5E770BD00BF862D0400BCD403003D
:107F9000D01E040010B501210C30F9F7A3FD0378C1
:107FA0000121BDE81040024A024811F09FBD00BF08
:107FB000AC2D0400BCD40300014610B50848F9F705
:107FC00013FB0849084812F033FF031E06DABDE828
:107FD00010400121054A064811F088BD10BD00BFC0
:107FE000D4070020600B0020D08D0020CE2D04008F
:107FF000BCD4030073B5C4680121B4F801603046F5
:1080000002F0B6F9054640B9012133460E4A0F4841
:1080100002B0BDE8704011F069BD23788DF80030E2
:1080200043B9E37805348DF8013014F8013C01942C
:108030008DF802306946284602F0A4FF284601F078
:10804000DDFF02B070BD00BFEB2D0400BCD4030007
:108050002DE9F047C56801212E88304602F088F9E5
:10806000044638B901213346BDE8F0471A4A1B4897
:1080700011F03CBD44F24811AE88B5F80280B3B2AD
:10808000A3F5A472EF8892B22D898A421FFA85F96E
:1080900004D90221124A114811F028FD44F2481275
:1080A000A9F5A4739BB2934205D902214B460D4A10
:1080B0000A4811F01BFD2046A4F8A680A4F8A86089
:1080C000A4F8AA70A4F8AC5002F0D2FC2046BDE897
:1080D000F04701F093BF00BF062E0400BCD403009C
:1080E0002A2E0400512E040073B5C5680121B5F88D
:1080F0000160304602F03CF9044640B901213346A4
:108100001E4A1F4802B0BDE8704011F0EFBC2B784A
:108110001A2B19D1C378012B10D14FF480410430B0
:1081200011F0D9FC43040FD4D4F88C306946009385
:10813000D4F8943020460193FBF750FC204602B05F
:10814000BDE8704001F05ABF2B78002BF6D140F209
:10815000E242B5F803305343C4F88830B5F805302F
:10816000A4F89030B5F80730A4F892302B78002BA3
:10817000E4D1204602F018FCE0E700BF062E040020
:10818000BCD4030010B5084C0146062294F86E00DA
:1081900002F0F8FD38B994F86E000522BDE81040F1
:1081A000024902F0EFBD10BDA0060020826304006A
:1081B0000121024A024811F08CBC00BF782E040055
:1081C000BCD403000B46B0B50D8A00AF0446294667
:1081D000D868F9F743FD8AB06A46094BCDE90750E4
:1081E000CDE9053440F20243ADF82430054B4FF49D
:1081F0003251054842F8103F11F07AFCBD46B0BD3F
:10820000922E040005000001BCD4030070B5C568BF
:108210000121B5F80160304602F0AAF8044638B9E9
:1082200001213346BDE870400B4A0C4811F05EBC9A
:108230002B783BB9D5F80330C0F89830D5F8073023
:10824000C0F89C30201D4FF4003111F044FC204652
:10825000BDE8704001F0D2BE062E0400BCD403007D
:1082600037B50446084602EBC3039A4202D16FF0C9
:108270005E0010E0114611F8085BA54211D1038A97
:108280005178994209D908480121084A00940FF011
:10829000A1FB6FF0150003B030BD53689847002074
:1082A000F9E70A46E1E700BFBCD40300B42E04009E
:1082B0002DE9F0470C460AF073FAE5682B78022B9B
:1082C00072D0042B07D001213B4A3C4811F00EFC30
:1082D0006FF015040EE0B4F81080B8F1020F0ED85C
:1082E0004346374A3548012111F000FC2046F9F792
:1082F00041FA00240AF0C2FA2046BDE8F087687807
:108300003E280CD1B8F1030F02D12E4A4346E9E7CB
:10831000EB78012B01D00A2B46D1032704E011F0A2
:10832000BFFB0746F8073FD504F10C060121304694
:10833000D4F814A0F9F7B8FB02213046F9F7D2FBC4
:10834000814600783E2807D1E3681B78012B01D0D5
:108350000A2B06D1032614E011F0A2FBC107064642
:108360000FD441F2A213184A184919480EF0AAFC7A
:10837000002383F31188BFF36F8F0323184602DFB6
:108380000226144A0623214699F8000011F0D7FB73
:10839000B2070DD56369A5EB0A0513FA85F5E5600B
:1083A000A4F81080BB07A4D52046FFF705FEA0E780
:1083B0002046F9F7DFF9F5E7662F0400BCD4030087
:1083C000D62E0400F22E0400122F04004D2F0400BC
:1083D00048F2030044E4030010B5012104460C30C8
:1083E000F9F780FB2146BDE810400223014A0078DE
:1083F00011F0A5BB74E4030073B53E48F9F75EF9CC
:108400000446002873D000F10C0528460FF039FF10
:108410000228034603D0042847D0374A03E0238AC2
:10842000032B05D8354A0121354811F05FFB13E0D5
:1084300004212846F9F756FBFF2342880688237655
:10844000238AC6F30B009A42608309D0012100926F
:108450002B482C4A0FF0BEFA2046F9F78BF912E0B0
:108460000F2101F085FF054610B9638B264ADAE734
:1084700001F0B6FF21462076320B284601F010FDB0
:10848000284601F0BBFD214BD3F834317BB32049A2
:10849000204812F0CDFC031E29DA01211E4A18489B
:1084A00002B0BDE8704011F021BB28460221F9F767
:1084B00019FB054600783E2812D011F0F1FA10F0B1
:1084C00002060DD140F6D443144A154915480EF062
:1084D000F9FB86F31188BFF36F8F0323184602DF81
:1084E00004232146104A287811F029FBB4E702B092
:1084F00070BD00BFD40700200F3004007A2F0400A5
:10850000BCD403009B2F0400BF2F0400A006002052
:10851000600B0020D08D0020CE2D0400122F04000F
:10852000E12F040048F2030084E4030010B50121A8
:1085300004460C30F9F7D6FA2146BDE8104009236D
:10854000014A007811F0FBBAA4E40300F8B5012158
:10855000044600AF0C30F9F7C5FA0678002321462F
:108560003046104AFFF77CFE5F3019D1258AE0685B
:108570002946F9F773FB6C468AB06A460A4BCDE987
:108580000750CDE9053640F20243ADF82430074BE1
:108590004FF43251064842F8103F11F0A9FAA546AF
:1085A000BD46F8BDECE403002330040005000001E3
:1085B000BCD403002DE9F34700230746884616463E
:1085C000DFF81091D9E8EF4FC9E8E23F002AF9D16E
:1085D00044B901213B46404A404802B0BDE8F0475B
:1085E00011F084BA2046F8F7E9FE4FF00C0A3C4D32
:1085F0000AFB00504388BB4220D02046F8F7DEFE3D
:108600000AFB0050438801210093364A3B46334819
:108610000FF0E0F9D9E8EF3FC9E8E24F002AF9D1BD
:10862000002B54D03049314840F62623304A0EF012
:1086300049FB40F626212E480EF03BFBA64208D00F
:108640002046F8F7DDFE328AF16804F10C000FF0E5
:10865000F5FD2046F8F7B2FE0C2606FB00504368F5
:10866000ABB1B8F1000F12D12046F8F7A7FE0121F7
:1086700006FB00504268536803F01F0081401068F9
:108680005B0900EB8300137AEBB111F024FA20466A
:10869000F8F794FE0C2606FB005083686BB1204669
:1086A000F8F78CFE704305F800802046F8F786FE48
:1086B00006FB0055A86807F007FF204602B0BDE89A
:1086C000F047F9F757B8C94311F015FADFE702B0E0
:1086D000BDE8F087D007002055300400BCD403006B
:1086E000D80801207D300400B030040048F20300B7
:1086F000122F04002DE9F84FD0F80C90018A99F858
:10870000004000AFA30001338B4278D96D468AB098
:108710006A46CDE9073105233A484FF42151CDE9A6
:108720000504394842F8103F11F0E2F9AD46BD4664
:10873000BDE8F88F01212B46344A334811F0D6F9B1
:10874000013699F800309E42F1DA09EB8603B3F85E
:1087500001500F212846B3F8038001F009FE0446BA
:108760000028E7D000F1C80AB8F1000F03D1204675
:1087700001F044FCE4E7656985B90121244A2248F7
:1087800011F0A7F9234940F28A23234A23480EF027
:1087900099FA40F28A2120480EF08BFAA2692B68E0
:1087A00095422046636108BFA36101F005FB07F015
:1087B0008BFEC5F800B0236A93B9C4E90755DAE81F
:1087C000AF3F08F1FF381FFA88F863B9144940F247
:1087D0009323114A11480EF075FA40F29321DAE71B
:1087E0001D602562EBE7DAE8EF3F013BCAE8E23FB4
:1087F000002AF8D10021204601F0EAFAB4E7002669
:10880000B3469EE7B5300400BCD40300E03004005A
:10881000FC30040098520400122F040048F20300B8
:108820001331040008B5FAF709FC064BD3E8AF2F63
:1088300002F00B02D3E8EF1FC3E8E02F0028F9D1C4
:1088400008BD00BF7407002010B5C1E900239DF8E2
:1088500008300C460B72F8F7B1FD0C22024B02FBFC
:1088600000335C6010BD00BFD8080120F8B5024697
:108870000B4610480FF0D1FC0446C0B104210C3067
:10888000F9F7B0F82046F8F799FD0C2700260A4DB5
:1088900007FB005046802046F8F790FD07FB00508C
:1088A00086602046F8F78AFD07FB00556E6020467B
:1088B000F8BD00BFE40F0020D80801200138C0B285
:1088C00004289ABF014B185C00207047E86304003D
:1088D00070B5C5680121B5F80160304601F048FD6A
:1088E000044638B901213346BDE870400A4A0B48B6
:1088F00011F0FCB8E878FFF7E1FF84F8A4002879CC
:10890000FFF7DCFF84F8A500204602F0EFF82046D0
:10891000BDE8704001F072BB062E0400BCD4030019
:1089200011289ABF024B53F820000248704700BF3D
:10893000C0E303008CF6030010B5154B0146D3F8D5
:10894000500170B9134840F24913134A13490EF00D
:10895000B9F913480EF0B6F940F249110E480EF07D
:10896000A8F983680F4A934206D20F4A934203D371
:10897000BDE810409B68184740F24913064A0B496E
:1089800004480EF09FF90A490A480EF09BF9E3E704
:10899000A006002048F203002C31040035F2030049
:1089A00065F20300DCD30300D0D30300623104007E
:1089B000AD320400B8F303002DE9F04F91B004216B
:1089C00000AF4B4811F087F86D46FAF737FB88B0D7
:1089D0006A46484B4FF4E6510593474B4748069388
:1089E0004FF40073ADF81C30454B464C42F8103F35
:1089F00011F07EF8AD46E179434B444E07F1200873
:108A0000012998BF1E4640462146F9F7DBF88AB097
:108A10006A463F4BCDF81C80CDE905363D4B4FF4FF
:108A2000235108933C4B354842F8103F11F060F851
:108A3000A246AD460125394EDFF8E480E3790AF11C
:108A4000070A9D423BDB94F86F106E460846FFF71D
:108A500067FF8CB06A46B4F87250B4F87630CDE94E
:108A600007154FF40075DFF8BCC009932E4BCDE914
:108A700005C0ADF828504FF4535142F8103F1F483D
:108A800011F036F8B54694F870100846FFF748FF25
:108A90008AB06A46B4F87430244CCDE90713244BED
:108AA000CDE90540ADF824504FF43351134842F856
:108AB000103F11F01DF84437BD46BDE8F08F514618
:108AC0003846F9F77FF8E9468AB06A4640F2013342
:108AD000CDE905650797ADF820304FF413510748ED
:108AE00042F8108F11F004F80135CD46A6E700BF1B
:108AF00074070020B8320400CA320400BCD403005A
:108B000003000001A00600202A550400B43204002E
:108B1000CE3204000002010304000002DD32040032
:108B200004000001EE320400060000012C330400B2
:108B30000500000108B50848C37933B90321074A85
:108B4000074810F0C6FF002008BD0821D43010F0FF
:108B5000C2FFFFF731FFF6E7A00600205333040001
:108B6000BCD403000048704798EB030010B50B49D4
:108B70000B4812F05DF9041E0FDA41F29843094ADE
:108B800009490A480EF09EF8214609480EF09AF865
:108B900041F2984103480EF08CF810BD500B0020B4
:108BA000288D0020122F0400B709040048F20300AA
:108BB0008033040070B505460C4639B1CB684A696C
:108BC0009B1A032B0ED86FF0150509E04FF0FF300C
:108BD0004FF0FF31FFF74AFE044618B96FF0680501
:108BE000284670BD2046F8F7E9FB0C22164BA61864
:108BF00002FB0033032130465D80F8F735FF058026
:108C0000238A0121033B837030460FF033FB40F68B
:108C100035439D420FD12046FFF78EFE05460028C2
:108C2000DED001210346094A094810F05FFF2046C3
:108C3000F8F7A0FDD4E72146064807F005FB00251C
:108C4000FFF794FFCCE700BFD8080120853304006C
:108C5000BCD40300DC0700202DE9F04784B0804637
:108C600091460C4600AF71B94FF0FF304FF0FF3125
:108C7000FFF7FCFD0446C0B96FF0680528461037C1
:108C8000BD46BDE8F087887AF8F790FB3A4B8342FF
:108C90000BD03A493A484FF4D7733A4A0EF012F8DB
:108CA0004FF4D77137480EF004F8012200213846FE
:108CB00012F05BF82046F8F781FB0C23DFF8C8A020
:108CC00003FB00A087602046F8F7A2FD014640465E
:108CD000FFF770FF054618B12046F8F74BFDCDE7CA
:108CE00000233846294A07F051FC064690B140F26D
:108CF000E313244A264922480DF0E4FF3246414658
:108D000024480DF0DFFF85F31188BFF36F8F032335
:108D1000184602DF2046F8F751FB0C2358431AF897
:108D20000060FEB16D468AB06A461B4B0796CDE9DE
:108D300005381A4B4FF43251089340F20243ADF814
:108D40002430174B174842F8103F093E10F0D0FE70
:108D50002046AD46F6B2F8F70DFD092E08D8124BA5
:108D60009D578BE7B9F1000FB6D0C9F8004085E7F1
:108D70006FF0040582E700BFE40F00209852040062
:108D800048F20300122F0400D8080120B4C40400E4
:108D90006C010400A7330400EC3304002A550400DE
:108DA00005000001BCD40300DE630400F0B585B00B
:108DB00006460DF103010020F9F7A2FC0446002845
:108DC00046D14FF0FF304FF0FF31FFF74FFD074620
:108DD000002840D019210C30F8F726FE0546214620
:108DE000192213F00BFC9DF8033006F170012B7370
:108DF000681D10F067FE194B38469A89D4332A80D3
:108E000033F8C62C6A800193072302930123B6F836
:108E10008C208DF80C30A5F80D20B6F88E20A5F822
:108E20000F20B6F89020A5F81120B6F89220A5F8EA
:108E30001320F8F7C3FA0C22094B394602FB003322
:108E400001AA5A6042F20D002246FFF705FF0446D0
:108E5000204605B0F0BD6FF06804F9E7A0060020D9
:108E6000D8080120F8B53C28044600AF1AD1F9F71C
:108E70009FFD6FF48071103010F03DFE0020FFF771
:108E800081F9054630B90121314A324810F021FEFE
:108E9000BD46F8BD4472002101F044F9284601F0B6
:108EA000ADF8F5E702283DD100210246084601F061
:108EB00069FF054680B90121274A264810F009FEBE
:108EC00003200FF020FB03460028E1D00221234AB3
:108ED000204810F00BFEDBE7031DD3E8AF3FDB07B4
:108EE00006D5032101F01EF9284601F087F8E7E7CF
:108EF000403008F087F910F00C0608D115482146DB
:108F0000174A10F0E6FD314628466C72EAE728461B
:108F1000FFF74CFF0028E7D00121124A0D4810F05E
:108F2000D8FDE1E76D468AB06A460F4B4FF4125107
:108F3000CDE905300D4B0748079340F20133ADF8FA
:108F400020300B4B42F8103F10F0D2FDAD469FE7AA
:108F50000B340400BCD403002C340400D01E0400E5
:108F60004A340400703404008C3404002A55040090
:108F70000400000130B54FF0FF304FF0FF3185B0F5
:108F8000FFF774FC0446B0B10C4B00250193072396
:108F90008DF80C500293F8F711FA0C22084B214679
:108FA00002FB003301AA5A6042F20E002A46FFF784
:108FB00053FE05B030BD6FF06800FAE7740700207B
:108FC000D80801202DE9F0438DB00478054600AFA4
:108FD0005CB17749774840F29553774A0DF072FEBD
:108FE00040F2955174480DF064FE744AB0F8018067
:108FF000118848F47043994257D05188994256D10C
:109000000123002122F813106D4A12F80390EB7827
:109010002E1D012B08BF6B4B304608BF93F86E40E6
:109020000FF0CBF93146002843D007F108000FF0CC
:10903000B9F9D5F81130C7F80130B5F81530A7F8EF
:10904000053001233B70E87800283FD1022207F168
:10905000080101F097FE0446EB7823B96FF0800118
:10906000594810F048FDD4BB07F1100431462046A2
:10907000F8F7A8FD6D4688B06A46544B4FF4E251AC
:10908000CDE905344FF40073ADF81C30504B514816
:1090900042F8103F10F02CFD1321AD46404610F071
:1090A00064FD3437BD46BDE8F0832346A9E7A146F9
:1090B000ADE720460FF0B3F9014607F1080010F0C4
:1090C00001FD3146384610F0FDFCBCE7012804D113
:1090D00007F10800FFF756F8BDE70024BCE720467B
:1090E00040F2E242B5F8013007F1080120F8703B88
:1090F00010F0E8FCB5F8173053430022C4F888306C
:10910000B5F81930A4F89030B5F81B30A4F89230B7
:10911000EB786272304A012BC4F8A42002F14702B6
:10912000C4F8A8204FF4A472E370A4F8AC200FD1C7
:10913000394604F1770010F0C5FCF9F739FC217AC3
:10914000204BC1EBC101194404F17E0010F0BAFCC0
:10915000E3786BB9394604F17E0010F0B3FC217A54
:10916000184BC1EBC101194404F1770010F0AAFCBF
:109170000721204600F0D6FFB9F1000F05D00121EC
:10918000204684F8099000F0CDFF204601F0A2F9B6
:10919000E3784BB903200FF0B6F9034620B1022162
:1091A0000E4A0C4810F0A2FC204600F027FF78E79A
:1091B000A834040048F20300122F0400F80F012025
:1091C00098120120A006002074070020BC3404007F
:1091D00003000001BCD4030001011B00D01E0400E9
:1091E00000B5C16889B0087820B109B05DF804EB1A
:1091F000FFF738BEB1F801308DF80000ADF801304E
:10920000CB7801A88DF80330B1F80B300431ADF8FC
:109210001730B1F80930ADF81930B1F80B30ADF8AE
:109220001B304B7B8DF81D3010F04CFC084B684612
:109230001A689B88CDF80B20ADF80F30CDF81120BF
:10924000ADF81530FFF7BEFE09B05DF804FB00BFB6
:10925000966304000022F0B585B0114640F6034045
:1092600002AFFFF7F9FC044600285BD1FFF7DAFAFA
:10927000214641F203003A1DFFF7EEFC04460028A8
:1092800050D17A68C34DD16805F17803D1F8010057
:10929000D1F8051003C31046F8F76CFA214641F2E5
:1092A00001003A1DFFF7D8FC044600283AD178683F
:1092B000C3685A7885F86F205A88A5F872201A7901
:1092C00085F87020B3F80720A5F87420B3F80530AE
:1092D000A5F87630F8F74EFA214641F202003A1D21
:1092E000FFF7BAFC0446E8B9D7F804C005F18006D8
:1092F000DCF80C20531C4132344618685968083396
:1093000003C493422646F7D16046F8F733FA95F83E
:109310007C3058060AD401219F4AA04810F0D9FB9E
:109320006FF0120420460C37BD46F0BD95F8AF1023
:109330003A1D11F0040100F01381002142F2870070
:10934000FFF78AFC04460028ECD17B68944AD96870
:10935000D1F80200D1F8061003C21846F8F70AFA4D
:10936000002142F202003A1DFFF776FC0446002875
:10937000D8D17E68F468B4F801309AB292B1E2783C
:1093800082B1A5F8FC30E3780A2B06D00A2202212C
:1093900000928248834A0EF01DFBE2788248114613
:1093A00011F0E3FC3046F8F7E5F91F2395F87C60EF
:1093B000A5F8103116F0200619D14FF0FF304FF00C
:1093C000FF31FFF753FA0446002800F09081022194
:1093D0000C30F8F729FB0123214603704670324612
:1093E00040F66D40FFF738FC044600289AD195F806
:1093F0009C30190712D5002142F21C003A1DFFF7DC
:109400002BFC044600288DD17868C368D3F801206E
:10941000D3F80530C5E93823F8F7ACF94FF0FF3041
:109420004FF0FF31FFF722FA0646002800F05F8177
:1094300008210C30F8F7F8FA95F8D820314612F0E8
:10944000020416BF2F230F230024920695F8D9207B
:1094500048BF43F0400312F0090F95F9DF2018BF11
:1094600043F40063002AB8BF4FF480640022037005
:10947000C4F30724C3F30723447143708270C2709E
:1094800002718271C27142F20100FFF7E5FB0446EE
:1094900000287FF447AF95F87C30B5F8FC109806AB
:1094A0006ED4C9B941F205003A1DFFF7D5FB044659
:1094B00000287FF437AFB5F8FC307C684BB9E3681F
:1094C000B3F80120A5F8FC209A883748114611F01E
:1094D0004CFC2046F8F74EF94FF0FF304FF0FF31CB
:1094E000FFF7C4F90446002800F0018108210C3080
:1094F000F8F79AFA1023037088230022437002269B
:10950000202321468270C670027142718271C3713C
:1095100040F60140FFF7A0FB044600287FF402AFAD
:1095200001463A1D4FF60140FFF796FB002841D057
:109530001E4A0221194810F0CCFAEB79002B40F0BA
:10954000C6800EF0AFFF044600287FF4EBAE01F0BA
:109550007BFE044600287FF4E5AEFFF7EBFAE1E678
:1095600042F20300FFF778FB044600287FF4DAAEEE
:109570007B680B4AD968D1F80100D1F80510EBE6F9
:109580000029A9D101210A4A044810F0A2FA6FF07B
:109590000404C7E6A0060020D8340400BCD40300AD
:1095A00078070020FC340400A00700206535040083
:1095B000423504007B686E46DC688AB0B4F801303E
:1095C000042B96BF574A584952F8231002AAD36178
:1095D0004FF4007355481384554BC2E9050142F816
:1095E000103F4FF41351534810F082FAB4F80120A1
:1095F000B546022AB4F8033049D1052B47D84E4A64
:1096000052F823106E468AB002AAD3614FF4007359
:109610004A481384464BC2E9050142F8103F4FF413
:109620001351444810F064FAB546637994F806C0C3
:10963000032B98BF424AB4F80760D4F809006C467F
:109640008CB094BF52F82310374902AAC2E9073CF4
:109650004FF40073DFF8ECE093853B4BC2E905E182
:10966000C2E909604FF4735142F8103F314810F0DD
:109670003FFAA5467868F8F77DF800214FF60240DA
:109680003A1DFFF7E9FA044618B1304A51E7264976
:10969000B8E77868C368B3F80130A5F8C130F8F7C7
:1096A00069F895F8C1305A077FF547AF21464FF664
:1096B00003403A1DFFF7D0FA08B1254A39E7786828
:1096C000C3685B7885F8C030F8F754F835E72E7832
:1096D000002E7FF436AF95F8C1309B061FD54FF0B2
:1096E000FF304FF0FF31FFF7C1F8044610B96FF0BB
:1096F000680417E606210C30F8F796F9D5F8013022
:1097000021460360134B32469B8883804FF6064008
:10971000FFF7A2FA044600283FF413AF02E66FF009
:109720008504FFE530E403008CF60300893504006E
:1097300004000001BCD4030018E40300A2350400B7
:1097400008E40300BA35040007000001E73504000F
:1097500010360400A106002010B5FFF77BFD034B77
:109760001B6813B1BDE81040184710BDE408012084
:109770002DE9F3413F4D0646D5F8500111F09EFA10
:1097800050B901213C4A3D4810F0A3F96FF0120492
:10979000204602B0BDE8F0816FF0020105F1D4006F
:1097A00010F0A9F9012110F096F9C3075ED4F8F77B
:1097B00029FB04460028EBD1314B1E60012205F540
:1097C0009070114611F0D1FA2E4F05F59E7011F0F0
:1097D000C3FA384607F060FC38466FF0070340F6DE
:1097E00098022949009407F071FCD7F888002749AE
:1097F00011F034FBD5F850010769D7F80080B8F1B3
:10980000000F2BD1224B234A3B60836893420CD23A
:10981000214A934209D31B6898470446A8B906BB5E
:1098200002B0BDE8F041FFF715BD4FF488731B4A45
:109830001B491C480DF046FA1B491C480DF042FA22
:109840004FF4887115480DF034FAC7F800800121F3
:109850002346174A094810F049F999E76FF0770451
:10986000F5E705F1C40007F01BFB91E76FF0770403
:109870008EE700BFA006002039360400BCD40300E8
:10988000E4080120D08D0020383901205136040031
:10989000B1820200DCD30300D0D303002C310400DA
:1098A0006231040048F20300AD320400B8F3030053
:1098B0005A36040073B5C368D9789A781E8842EA8C
:1098C0000122ADF8002059791A79B4B242EA012296
:1098D000ADF80220D9799A79204642EA0122ADF802
:1098E00004201A7A5B7A012142EA0323ADF806309C
:1098F00000F03EFD054658B901211D4823461D4A8A
:1099000010F0F4F80221204610F0BCF902B070BD4E
:10991000694601F029F938B91E21204610F0B2F944
:10992000284600F06BFBF1E74FF0FF304FF0FF31BE
:10993000FEF79CFF04460028F2D00E210C30F8F709
:1099400073F800230680C0F80A30BDF800302146C5
:109950004380BDF802308380BDF80430C380BDF879
:109960000630038142F22000FFF724F9D8E700BF58
:10997000BCD40300062E040038B5042104460C3084
:10998000F8F7B0F8034640885D7818B12246197898
:10999000FEF710FE35B1044806F096FDBDE83840EC
:1099A000FFF7E4B838BD00BFC0070020B0B50446DB
:1099B000032100AF0C30F8F795F8E2680346117800
:1099C00040F63542B0F80100904216D16C468AB09C
:1099D0006A46104B1048CDE90531104B4FF4125137
:1099E000079340F20133ADF820300D4B42F8103FA1
:1099F00010F07EF8A546BD46B0BD1D7810B12246D8
:109A0000FEF7D8FD002DF6D0064806F05DFDFFF705
:109A1000ADF8F0E776360400BCD403002A55040004
:109A200004000001C007002038B508F0B9FE314D30
:109A3000D5F83C31002B5AD00022002305F5907058
:109A400006F0A4FD002852D10022002305F59E70E7
:109A500006F062FC044668B940F6E443264A27490A
:109A600027480DF02FF984F31188BFF36F8F03237C
:109A7000184602DFD5F830317BB1224A0121224855
:109A800010F027F80022214BD3E8EF0FC3E8E12FB5
:109A90000029F9D108B1F7F76DFE2046F7F7B8FEB7
:109AA000C5F830012046FEF747FF0346C8B1012143
:109AB000174A154810F01AF8164806F005FD20461A
:109AC000F7F77CFC0C22144B02FB0033588818B1CA
:109AD00022461F21FEF76EFD2046F7F74BFEFFF7EB
:109AE00045F8FFF743F8BDE8384008F0C7BE00F07E
:109AF00049FDF8E7A0060020122F0400B130040051
:109B000048F20300AE360400BCD40300D0070020A6
:109B100085330400C0070020D808012010B5044692
:109B2000F7F74CFC044901EB00112046F8F770FBF5
:109B3000BDE81040FFF71AB8E808012070B50546E7
:109B4000134B1C6844B154F8203C203C13B1284608
:109B5000697A9847246AF5E70E4C0F4EB44215D93E
:109B60000E4940F2CF730E4A0E480DF0ABF80E4886
:109B70000DF0A8F840F2CF7109480DF09AF823686B
:109B800013B12846697A98472434E7E7F7D370BDC4
:109B90008009012048D403006CD403002538040058
:109BA000EE37040048F20300B307040008B50B4B7E
:109BB0001B7873B90A4940F249330A4A0A480DF042
:109BC00081F80A480DF07EF840F2493105480DF061
:109BD00070F8F7F7CDF8064B185808BDC0170120EC
:109BE00019080400EE07040048F203002C080400E2
:109BF0000800000010B50C46817801290BD00C49F3
:109C00000C484FF47B730C4A0DF05CF84FF47B71F9
:109C100009480DF04EF8A16904F118001160E269DD
:109C200000211A60E27ABDE8104012F0E7BC00BFE4
:109C30004038040048F20300EE37040010B50FF07E
:109C4000B8FF034630B1BDE810400121024A034885
:109C50000DF0B6BE10BD00BF523804009CD4030006
:109C600010B5827A0346072A1AD10430D0E8EF2FC4
:109C700042F48061C0E8E41F002CF7D154050FD4F2
:109C800010F032F881030BD4DA7822B1054A92F849
:109C9000D820120704D5BDE810401846FFF7CEBF04
:109CA00010BD00BFA006002070B5054600220023AD
:109CB000164806F06BFC38BB154B1C6834B154F8E1
:109CC000183C203C03B19847246AF7E7114C124E28
:109CD000B44213D9114940F28663114A11480CF07D
:109CE000F1FF11480CF0EEFF40F286610C480CF0D9
:109CF000E0FFA36803B198472434E9E7F9D3284685
:109D0000BDE8704007F0CCB870BD00BFB80E0020B1
:109D10008009012048D403006CD4030025380400D6
:109D2000EE37040048F20300B30704002DE9F041C8
:109D30000446FFF73BFF1B4BD3F88830834223D107
:109D400040270025EFF3118287F31288BFF36F8F4E
:109D5000E16929B1206A0B688142E36108BF23628F
:109D600082F31188BFF36F8FD1B1D1E901680E483A
:109D7000C1E9015506F068FA1EB1002241462046AD
:109D8000B047FEF7F3FEDDE7084909484FF4937347
:109D9000084A0CF097FF4FF4937106480CF089FFC6
:109DA000BDE8F08128010120200F00207338040055
:109DB00048F20300EE3704000448B0F8FC3000F528
:109DC0008070002B08BF0020704700BFA006002055
:109DD00070B588B004460E46FFF7E8FE144BD3F882
:109DE0008820824205D1204608B0BDE87040FFF7C8
:109DF0009DBF24342146184611F01AF8051E0FDACB
:109E00004FF4AF730B4A0C490C480CF05BFF29462A
:109E10000B480CF057FF4FF4AF7106480CF049FFA8
:109E20001EB16946204607F041F808B070BD00BF7A
:109E300028010120EE370400B709040048F20300AE
:109E4000B938040038B5002204468A4202D1002401
:109E5000204638BD012004F1D003D3E8EF5F002D88
:109E600004D1C3E8EC0FBCF1000FF6D102D0D83416
:109E70000244EAE7002CEAD0D0220021204612F06A
:109E8000BDFB04F14000044907F090F9034904F1D7
:109E9000240006F0DDFEDBE721B10200EF9C0300A9
:109EA000F7B516460D4601210446FFF791FF012E36
:109EB00023D0022E52D123693BB135480121354AC6
:109EC0000DF075FD20460FF030FF25612269138AE1
:109ED000012B5AD9D2681288043292B2934254D3D9
:109EE00043D9012100922A482B4A0DF073FD2046E8
:109EF00003B0BDE8F0400FF018BF206940B9274A11
:109F0000314623480DF053FD20460FF00EFF01E0CF
:109F10002A8A2AB9284603B0BDE8F040F7F72ABCE0
:109F2000018A438A47695B1AC168C91B5B1A9A4256
:109F30000CD91B4A314616480DF039FD0022204647
:109F40002169F9F71FFD00232361E3E7E9680C307D
:109F50000EF074F92846F7F70DFCB7E701213346F8
:109F6000104A0B480DF02CFDCEE7002204F110033F
:109F7000D3E8EF1FC3E8E02F0028F9D101222046E3
:109F800003B0BDE8F040F9F7FDBC03B0F0BD00BF81
:109F90009CD40300D438040054390400F138040080
:109FA0000F39040036390400034610B590B100F1B2
:109FB000D00210460FF098FEC0B1411CD2E8EF4F1E
:109FC000844204D1C2E8EC1FBCF1000FF6D1F0D1FD
:109FD000184610BD0649074840F2B353064A0CF034
:109FE00071FE40F2B35104480CF063FE0346EFE704
:109FF000B03C040048F20300EE37040038B50446D4
:10A0000070B9284940F2DD53274A28480CF05AFE1F
:10A0100027480CF057FE40F2DD5123480CF049FE72
:10A02000243006F08BFE04F1D003D3E8EF2F511E4D
:10A03000C3E8E51F002DF8D1002A0CDC1D4940F2D1
:10A04000EE53194A19480CF03DFE1B480CF03AFE3D
:10A0500040F2EE51E1E7012A23D160B1174940F205
:10A06000F753114A11480CF02DFE15480CF02AFE4A
:10A0700040F2F751D1E7134B9C4212D303F5D8724B
:10A0800094420ED2E41AD823B4FBF3F203FB124439
:10A090003CB90D4806F018FABDE838400B4806F008
:10A0A000FFBE38BDB03C0400EE37040048F20300A8
:10A0B0006F3904008E39040096390400B439040065
:10A0C000C8390400788E0020B80E0020800B0020D4
:10A0D00010B50446FFF768FF08F062FB104A04F170
:10A0E000C403D2F8141161B9C4F8C410D2F818111D
:10A0F00059B9C2E9453308F0C1FBBDE81040FEF78D
:10A1000035BD8B4205D00968EDE70B60C2F8183108
:10A11000F1E708F0B3FB2046FFF770FFEDE700BF63
:10A12000A00600202DE9F843857A04468D420E46AC
:10A1300000AF1DD1082D98BF6C4B6C4688B094BF02
:10A1400053F825306A4B6A466A49CDE905134FF446
:10A150000073ADF81C30684B42F8103F00234FF4F9
:10A16000E4516648F4F7BAFAA546BD46BDE8F8835F
:10A170008172DDB1022D1CD0A37A082B00F2B280CF
:10A1800001A252F823F000BFDBA1020075A2020079
:10A1900045A202006BA102006BA102006BA10200AC
:10A1A0006BA10200C1A102006BA10200FFF7FCFE3F
:10A1B000E2E78378012BDFD1403007F091F9DBE74C
:10A1C0000023C4E90D33E378012BCED100234C4AA0
:10A1D00004F1400007F0F2F8C7E7082DC5D8DFE822
:10A1E00005F02A0521172626212A2A0004F1400518
:10A1F000284607F075F901212046FFF7E9FD2046C2
:10A200000FF093FD00220023284607F063F9ACE726
:10A2100002200EF078F9034620B10221394A37486E
:10A220000DF0CEFB637A13B12046FFF787FC204682
:10A23000FFF7E4FE99E73346334A02212F480DF039
:10A24000BFFB92E7A378012B8FD1304B9D8A002D65
:10A250008BD00A2340F2E730002147F612265D43F7
:10A260004FF47A720023E5FB0601E8F739F902465C
:10A270000B46ADE7637A3E2B0FD16D4688B06A4638
:10A28000234BCDE90534032342F8103F00234FF45C
:10A29000C4511A48F4F722FAAD461C4D05F58078F2
:10A2A000616911B9FEF762FC5FE7A2690B68914230
:10A2B00008BFA36163610023D1E901691548C1E9C1
:10A2C000013305F0C1FF26B16FF06D02494620460B
:10A2D000B047B5F8FC30002B14BF4046002006F014
:10A2E000F3F8DDE70C4A3346A7E700BF00E50300BB
:10A2F000FF390400093A0400030000019CD4030064
:10A300005A6202001A3A04004B3A0400A0060020E8
:10A31000623A0400200F0020893A04002DE9F84336
:10A3200006460F4690460025DFF83090684200F060
:10A33000D8004844FFF738FE044620B183781E4217
:10A3400008D1FFF75BFE6B1C022B4FF00105EDD12E
:10A35000BDE8F8834146B8472046F2E7788E0020F2
:10A36000002201200149FFF7D9BF00BF619C020014
:10A370002DE9F04105460E464FF00008154F3846CE
:10A38000FFF712FE044658B1837A012B02D0073B37
:10A39000012B03D82388AB420ED02046FFF72EFEB8
:10A3A00008F10103022B4FF0010807F1D807E6D1AD
:10A3B00000242046BDE8F081A3781E42F9D1022195
:10A3C0002B46054A05480DF0FBFA2046FFF716FE1E
:10A3D000EEE700BF788E0020A53A04009CD403006D
:10A3E000124B10B5984204460AD303F5D872904236
:10A3F00006D2D821C31AB3FBF1F201FB123282B1AB
:10A4000040F224630A4A0B490B480CF05BFC2146DE
:10A410000A48064A0CF056FC40F2246104480CF04D
:10A4200048FCD810064B5843C0B210BD788E0020AF
:10A43000EE370400BC3A040048F20300333C040049
:10A4400013DA4B682DE9F84305460F4616461C46BD
:10A450009046994610F0FCFC58B11749174840F255
:10A460004163174A0CF02EFC40F2416114480CF095
:10A4700020FC34430BD0FFF799FB124BD3F8883004
:10A48000834207D10221104A10480DF090FA4FF094
:10A490000008C1460E4942464B46002D14BF2846CF
:10A4A00008460DF0BAFE044618B1791D0C30F7F7D6
:10A4B00099FA2046BDE8F8835A3C040048F20300AC
:10A4C000EE37040028010120693C04009CD40300FD
:10A4D000340F002010B50446054806F0E1FC204684
:10A4E000F9F704F92046BDE81040FFF727BB00BF8D
:10A4F000700B002010B5837A0446023B062B35D83A
:10A50000DFE803F00D0434343427320041720021B7
:10A51000FFF708FEBDE810400220F8F7B3BD8378CE
:10A52000012B06D1403006F0DBFFBDE81040FEF7FE
:10A5300021BD40F2B9730F4A0F4910480CF0C2FB1D
:10A54000A1780F480CF0BEFB40F2B97109480CF03D
:10A55000B0FB00880FF009FB38B9A37A072B03D1B1
:10A5600008212046FFF7DEFD002010BD6FF07F00C0
:10A57000FBE700BFEE3704009852040048F20300E6
:10A58000923C04002DE9F04F002387B000AFFB6040
:10A590007B619D4B5A8B3AB19C4ED6F814413CB925
:10A5A0001C37BD46BDE8F08F1B68002BF4D1F7E7E0
:10A5B00054F8C43903B1C43B0025954913E0134650
:10A5C000B6F8FC20002A00F0DA81D6F80821C2B9DA
:10A5D00004F1C405002BE3D0D3F8C4201C46002AA4
:10A5E000EDD0A2F1C403A342EAD18A4940F2B733C5
:10A5F000894A8A480CF066FB40F2B73186480CF075
:10A6000058FB0A68002AE3D0D4F8B020002ADFD033
:10A61000D4F8B420002ADBD0D4F8B820002AD7D050
:10A62000A37A072B41D12046904700283DD004F162
:10A63000C8000FF059FB022837DC2046FFF7B4FCB6
:10A6400004460028ACD0A37A072B40F09581204621
:10A65000D4F8B030B6F8FC1007F1100298478046E5
:10A66000002800F07481B6F8FC203B699A4208D3B8
:10A670000146D4F8B450204607F1140307F10C0248
:10A68000A8473B69D7F80CA07B60B8F81030D7F822
:10A690001490002B3BD1624940F28E235E4A5F4802
:10A6A0000CF010FB40F28E21A8E704F1C403AB428A
:10A6B00009D15C494FF47573574A58480CF002FBB6
:10A6C0004FF475719AE7D4F8C420C5B9D6F81811BB
:10A6D000C6F814218B4201D1C6F818210023204668
:10A6E000C4F8C430D4F8B83098470028ABD0A37A67
:10A6F000072B40F041812046FFF7EAFCA3E72A60E0
:10A70000D6F81821934208BFC6F81851E6E740462C
:10A710000DF06FFE48B1424940F295233E4A3F4852
:10A720000CF0D0FA40F2952168E7B6F8FC303E48CC
:10A73000002B08BF00200022002305F027FF60B196
:10A74000374940F2A523344A34480CF0BBFA374865
:10A750000CF0B8FA40F2A52150E7002200232C4863
:10A7600005F0DAFD054660B92D494FF42C732A4AED
:10A770002A480CF0A7FA2E480CF0A4FA4FF42C71DA
:10A780003CE7C0E901A97B68B6F8FCB05B4598F8E6
:10A79000083098BFB7F804B0013B012B09D925490F
:10A7A0004FF434731C4A1D480CF08CFA4FF434718A
:10A7B00024E740460DF01DFE814638B11E49AC230A
:10A7C000154A16480CF07EFAAC2117E70146002224
:10A7D00000230D48F6F72CFE824658B1F6F7EEFD41
:10A7E000164B414603EB00135A465046F7F738FD27
:10A7F000804638BB124940F2D923074A07480CF07B
:10A8000061FA40F2D921F9E6B80F0020A006002035
:10A81000200F0020A93C0400EE37040048F203009A
:10A8200098520400B53C0400A0070020D03C04006E
:10A83000E53C0400F53C04001D3D0400E80801204F
:10A84000373D0400B6F8FC307A6894F8CCA09A4200
:10A850008EBF4FF001090AF1020A5FFA8AFA84F802
:10A86000CC9004F1C80BDBE8EF3F0133CBE8E23FCB
:10A87000002AF8D100232B60A369002B6BD1C4E917
:10A88000055594F80290B9F1010F67D108F10C0356
:10A89000042118467B60F7F7E7F822880AF0FD0AE2
:10A8A00042EA0A320280B8F810207B68043A4280FB
:10A8B000022118460DF0DEFC4046FEF73DF88246C8
:10A8C000002859D0DBE8EF3F013BCBE8E23F002A0C
:10A8D000F8D1294604F114000FF00CFA294A494630
:10A8E000534629480DF06CF84046F6F743FFD5E98A
:10A8F000018900232946C5E90133244805F0A4FC59
:10A90000B8F1000F04D06FF06D0249462046C047F1
:10A91000B6F8FC301E48002B08BF002005F0D4FD1F
:10A920006D4688B06A461B4B05936FF00403CDE972
:10A930000634042342F8103F4FF40151124800231B
:10A94000F3F7CCFE1321AD462046FFF7D3FD20469A
:10A95000FFF754FB24E61D60A56192E740F2FD235A
:10A960000D4A0E490E480CF0ADF9A1780D480CF0D7
:10A97000A9F940F2FD2141E6FEF7F8F8E7E7936810
:10A98000FFDE00BF853304009CD40300200F0020AD
:10A99000A0070020683D0400EE3704009852040030
:10A9A00048F203004B3D040040F2E2432DE9F04140
:10A9B000D0F888600446B6FBF3F6031D18460FF086
:10A9C00093F98204B6B213D5B4F88C20B2420FD8F2
:10A9D000B4F88E20B2420BD3D4E92412914207D1AD
:10A9E000D3E8EF1F21F40051C3E8E21F002AF7D19A
:10A9F000184B1D6865B155F8107C203D37B13146C4
:10AA00002046B4F89230B4F89020B8472D6AF1E7A8
:10AA1000114DDFF84880454519D9114940F6280302
:10AA2000104A11480CF04EF910480CF04BF940F662
:10AA300028010C480CF03DF92F6937B1314620460A
:10AA4000B4F89230B4F89020B8472435E3E7F3D354
:10AA5000BDE8F0818009012048D403006CD40300D4
:10AA600025380400EE37040048F20300B307040061
:10AA7000F8B5174B05461C685CB1203C00F1A606F2
:10AA8000A36913B1314628469847246A0CB1203C8B
:10AA9000F6E7104C104E05F1A607B44215D90F4940
:10AAA00040F639030E4A0F480CF00CF90E480CF032
:10AAB00009F940F639010A480CF0FBF8A36913B113
:10AAC0003946284698472434E7E7F7D3F8BD00BF56
:10AAD0008009012048D403006CD403002538040009
:10AAE000EE37040048F20300B3070400F8B5174B33
:10AAF00005461C685CB1203C00F1A406636913B1F3
:10AB0000314628469847246A0CB1203CF6E7104CA1
:10AB1000104E05F1A407B44215D90F4940F64A0377
:10AB20000E4A0F480CF0CEF80E480CF0CBF840F669
:10AB30004A010A480CF0BDF8636913B1394628464A
:10AB400098472434E7E7F7D3F8BD00BF8009012018
:10AB500048D403006CD4030025380400EE37040009
:10AB600048F20300B30704002DE9F0410746084608
:10AB70000D460EF0F2FF064618B900263046BDE835
:10AB8000F0811C4B1C6884B154F8143C203C0BB978
:10AB9000246AF8E72946384698470028EDD0284629
:10ABA0000EF0DBFF0028F3D1E7E7134CDFF84C8011
:10ABB000444518D9124940F66903124A12480CF06C
:10ABC00081F812480CF07EF840F669010D480CF04F
:10ABD00070F82946384698470028CED028460EF00F
:10ABE000BCFF20B9C9E7C9D2E368002BF1D12434F6
:10ABF000DEE700BF8009012048D403006CD40300C5
:10AC000025380400EE37040048F20300B3070400BF
:10AC100038B505460C460E480221FFF713F9B0B1CE
:10AC2000057223680367A388A0F87430A37980F8BD
:10AC3000763001238370074BC0F8B030064BC0F864
:10AC4000B430064BC0F8B830054BC0F88C3038BD76
:10AC5000788E0020A9350200F59B0200DD9C0300E0
:10AC6000180028002DE9F04106460F464FF0000875
:10AC70000F4D2846FFF798F9044620B18378012B41
:10AC80000DD0FFF7BBF908F10103022B4FF00108CB
:10AC900005F1D805EDD100242046BDE8F0813A4603
:10ACA00031460FF07BF80028F6D12046E9E700BFD7
:10ACB000788E0020F0B589B000AF0D46FFF7D2FFC7
:10ACC000044618B329463846F6F77CFFA37A6D464A
:10ACD000082B98BF0F4A8AB094BF52F823300E4B0E
:10ACE0006A46CDE907730D4B0D4909930D4BCDE92C
:10ACF000051442F8103F00234FF442510A48F3F77D
:10AD0000EDFC2046AD46FFF779F901202437BD461A
:10AD1000F0BD00BF00E50300FF3904000103020499
:10AD20008B3D0400050000029CD4030038B50446A6
:10AD300013480EF0D9FF420702D46FF00A0038BD65
:10AD400008460EF00AFF10B96FF01500F7E7F8F7A4
:10AD500057FB0028F1D10A480EF0C6FF0306C0F3E6
:10AD6000C0150AD40DF095FB0028EDD021462846E9
:10AD7000FFF7A0FF0028E2D0E6E76FF07700DEE7FC
:10AD8000740700202DE9F84305460E46904600273B
:10AD9000DFF84C90784200F0D8004844FFF704F9FF
:10ADA000044620B18378012B08D0FFF727F97B1CDC
:10ADB000022B4FF00107EDD100240DE036B13246F1
:10ADC00029460EF0EBFF08B92046EEE7A37A43458B
:10ADD000FAD1237AAB42F7D12046BDE8F88300BF11
:10ADE000788E002070B58B780646012B0C4692B009
:10ADF00042D191F8703007AD032B37D8DFE803F06C
:10AE0000023032341E492846EEF715FD059594F8B8
:10AE100071301E21049394F872301A4A039394F807
:10AE200073300AA8029394F87430019394F8753043
:10AE3000009394F876300BF02BFB32460AAB10AD42
:10AE40001C4603CCAC4210605160234602F108025C
:10AE5000F6D1206810603046A388938012B070BD90
:10AE60000949D0E70949CEE70949CCE70A21284634
:10AE7000084A0BF00DFBC9E700238DF82830DCE70A
:10AE8000CFF30300F1F30300D6F30300DDF3030077
:10AE9000E7F30300D0F9030010B583780B70C37893
:10AEA0004B70037A8B70847A082C0ED82F4B1B5D65
:10AEB00081F82830012381F8293000234B858378DD
:10AEC000012B12D06FF0150010BD40F68133284AD7
:10AED000284929480BF0F6FE214628480BF0F2FEDF
:10AEE00040F6813122480BF0E4FE00F170038B60E4
:10AEF000037A234AC3EBC30313444B60C27800F1C7
:10AF0000770300F17E0442BB1A462346C1E90323BE
:10AF100040F2E242D0F888304B61B3FBF2F30B838E
:10AF2000B0F890304B83B0F892308B8300F1A403DB
:10AF30000B6200F1A6034B62D0F8A0302BB15B7C12
:10AF4000DA0644BF012381F82B30D0F8A03013B1CA
:10AF50005B7C9B0603D40020B6E72246D6E791F837
:10AF60002B3043F0020381F82B30F4E7ED6304004B
:10AF7000EE3704009852040048F20300C43D040078
:10AF8000A0060020F8B505460E46144B1C6844B1D7
:10AF900054F8043C203C13B1314628469847246AB3
:10AFA000F5E70F4C0F4FBC4215D90F4940F62C6303
:10AFB0000E4A0F480BF086FE0E480BF083FE40F65B
:10AFC0002C610A480BF075FEE36913B1314628463F
:10AFD00098472434E7E7F7D3F8BD00BF8009012084
:10AFE00048D403006CD4030025380400EE37040075
:10AFF00048F20300B30704002DE9F04105460E4670
:10B0000090461F46002B49D01B6823B10221264AD7
:10B0100026480CF0CCFC41462846FFF787FE044644
:10B02000002836D1284641460EF08EFE05460028FF
:10B0300037D096E80F001E4C04F1080C8CE80F0086
:10B04000A38A002B08BF4FF49673A382238A03B907
:10B05000A3892382638A03B9E38902212846638294
:10B06000FFF760F828460EF07EFD0446A0B10021EF
:10B0700028466972FFF756F82846FEF7BFFF0320FF
:10B08000F8F700F8034620B102210A4A07480CF0FD
:10B0900097FC2046BDE8F0813D60FAE76FF01504AB
:10B0A000F7E76FF00B04F4E7DC3D04009CD40300E9
:10B0B000A0060020D01E040038B5044608460D4600
:10B0C0000EF04BFD38B3154B93F8D830990707D4E1
:10B0D000E37873B129462046BDE83840F8F77EBCD6
:10B0E00094F898309A07F3D5201D0EF0FDFD430427
:10B0F000EED4294620460EF0C2FE58B92B88A4F89B
:10B100008C306B88A4F88E30AB88A4F89430EB8830
:10B11000A4F8963038BD6FF01500FBE7A0060020BC
:10B12000F7B510F8363C0446A0F140068BBB30461C
:10B130000DF013FA3A4B1D684DB155F81C3C203DFB
:10B140001BB1304614F8371C98472D6AF4E7354D8B
:10B15000354FBD4216D9354940F2DE73344A354881
:10B160000BF0B0FD34480BF0ADFD40F2DE7130481D
:10B170000BF09FFD6B681BB1304614F8371C9847E5
:10B180002435E6E7F6D3304603B0BDE8F040FEF7DD
:10B1900035BF10F83E3C012B3AD110F83D3C8BB93D
:10B1A000FDF7E8FE693033D10221244A24480CF02F
:10B1B000FEFB40F239120023204603B0BDE8F04008
:10B1C00006F088B9A0F13C05D5E8EF3F23F4005222
:10B1D000C5E8E12F0029F7D19B0411D5E36C69463E
:10B1E0000093636D30460193FFF766FF034688B90D
:10B1F000D5E8EF3F23F48053C5E8E23F002AF7D1BA
:10B20000D5E8EF3F43F40063C5E8E23F002AF7D1F9
:10B2100003B0F0BD02210B4A09480CF0D1FBEFE767
:10B220008009012048D403006CD4030025380400B1
:10B23000EE37040048F20300B3070400113E040097
:10B240009CD40300443E040038B521480FF084FD2F
:10B250000024204D29461E48013404F0F5FF0A2C35
:10B2600005F10C05F6D10DF0CFFDFCF7B5FD044658
:10B2700028BB0EF013FC044608BB0DF015FA164867
:10B28000FEF792FE054638B104300EF02DFDC207E0
:10B2900017D42846FEF7B2FE1048FEF785FE054695
:10B2A00068B104300EF020FDC30705D5002303214B
:10B2B00028462B72FEF736FF2846FEF79FFE2046F3
:10B2C00038BD032128462C72FEF72CFFE1E700BFB2
:10B2D000200F002008090120788E0020508F0020C8
:10B2E00010B5094C0A44914200D110BD11F8013B40
:10B2F00058400309E35C0001C0B243401809205CD8
:10B300001B01DBB25840EEE7F66304000122024B5A
:10B31000C3F80424704700BF002008E038B50B4C88
:10B320000B4DAC4210D90B49D9230B4A0B480BF0FB
:10B33000C9FC0B480BF0C6FCD92107480BF0B9FC3F
:10B3400054F8043B9847ECE7FAD338BD4871040041
:10B3500058710400263F0400E23E040048F2030056
:10B36000B307040008B5084B1A785AB901214FF405
:10B3700087701970F5F7ECFBBDE808404FF4877053
:10B38000F5F7C4BB08BD00BF9A1201201FB500220B
:10B3900001236C46CDE90223074980236A46CDE9A3
:10B3A00000440EF0FBFD28B943F60952002368461D
:10B3B00005F0ECF804B010BD739F030070B50A46A9
:10B3C00005460C464023064950F8040C0EF0E6FDF5
:10B3D000014620B128462346BDE87040184770BD9D
:10B3E0002F9F03004FF48042014BC3F8A021704708
:10B3F00000E100E010B5044603691860FFF7B2FFF2
:10B400002069054904300BF039FE0028A1BF012254
:10B4100023690020DA6210BD4CE5030010B5044634
:10B42000054802F009FC20B92046BDE81040FFF7AE
:10B43000E1BF6FF0040010BD3DB40200022808B562
:10B4400009D003280CD00B49C8230B4A0B480BF03A
:10B4500039FCC8210BE00A48BDE808400EF0F9BDF0
:10B460000449C323044A05480BF02CFCC3210248BD
:10B470000BF01FFC985204006E3F040048F20300DA
:10B48000B0C803002DE9F041012206463E49D1E84B
:10B49000EF3FC1E8E02F0028F9D193B93B493C4880
:10B4A0004B60CB608A60F1F75DFF002809DA39490B
:10B4B000DF23394A39480BF005FCDF2136480BF011
:10B4C000F8FB002E4CD0731E012B55D8012E06D14F
:10B4D000334BD3F8503403F00303012B40D00FF06B
:10B4E000B7FC054658B1EFF31187402383F3128868
:10B4F000BFF36F8F01254FF00108294C1FE0294B46
:10B500001B78002BEFD00422254B0746C3F80823F5
:10B51000F1E73DB338460CF043FED4F8403413F065
:10B52000FF030CD1D4F808214AB1C4F80831D4F88B
:10B530000831C4F84084FFF755FFC4F81080D4F8F0
:10B540004C24D4F84C34D203E3D503F00303012B8D
:10B5500001D0012EDDD155B187F31188BFF36F8F74
:10B56000BDE8F0810021202007F0DEF8D5E70422B5
:10B570000B4BC3F80423F3E70B49F123064A0748B2
:10B580000BF0A0FBF12199E798090120880901201F
:10B59000A0090120B70904006E3F040048F203002F
:10B5A00000E01050C01701209852040010B5EFF3CE
:10B5B0001184402383F31288BFF36F8F064A136808
:10B5C00023F00201DB07116001D402F0D9FA84F301
:10B5D0001188BFF36F8F10BDFC09012010B5044620
:10B5E000054802F02FFB20B92046BDE81040FFF7C8
:10B5F00001BF6FF0040010BDFDB50200042808B5BE
:10B600000DD088BF0538012812D90A490A48D2232B
:10B610000A4A0BF057FBD22108480BF04AFB084BB3
:10B62000DB6A5B0704D1BDE8084006480EF011BD97
:10B6300008BD00BF9852040048F20300C53F040053
:10B64000CC090120CCC8030010B5EFF311844023CE
:10B6500083F31288BFF36F8F0F4A136843F0020120
:10B6600013F00103116009D00C4BD3F80C3413F420
:10B67000803303D00A480EF07FFC012384F3118845
:10B68000BFF36F8F23B1BDE8104006480EF0E1BC58
:10B69000BDE8104002F054BAFC09012000E010504F
:10B6A000F8090120CCC8030010B50446054802F093
:10B6B000CFFA20B92046BDE81040FFF79BBE6FF0DF
:10B6C000040010BDC9B6020001480EF0C2BC00BFA4
:10B6D000E8C80300002310B501240F494B60CB607C
:10B6E0000E4B8C6018690430F1F73CFE031E0EDA35
:10B6F0000B4A21460B480CF063F90B490B482A23EF
:10B700000B4A0BF0DFFA2A2109480BF0D2FABDE808
:10B71000104002F053BA00BF300A0120CCC8030029
:10B720001640040024D503009852040048F2030098
:10B7300039400400084B10B51C6908490434204600
:10B74000F1F714FF783002D12046F1F7A3FEBDE8EF
:10B75000104002F053BA00BFCCC80300300A0120E9
:10B7600001460D480D4A836810B5934206D20C4A33
:10B77000934203D3BDE81040DB691847B823094A58
:10B7800009490A480BF09EFA09490A480BF09AFA4F
:10B79000B82104480BF08DFA90C9030030D403009F
:10B7A0000CD40300F6F1030076F2030048F2030024
:10B7B000B3F30300B8F3030008B507480FF07EFAAF
:10B7C00038B10648F5F7B8FD0448F1F721F9002033
:10B7D00008BD6FF01200FBE790C9030081A00300D1
:10B7E0000023024A0020C1E90023704700D01F0057
:10B7F0000048704770E50300024B0B6001231360A3
:10B80000704700BF78E50300031E0BDB064A934236
:10B8100008D8C3F5FE1303F5805399428CBF00206E
:10B820000120704700207047FFCF1F0008B501229C
:10B83000054811460FF099FA02F0A0FA034B044AAA
:10B840000020C3F80C2508BD400A012000E0045088
:10B850008000008038B515461C461A4679B110F0B4
:10B86000A7FEBFF35F8F084BD3F81824D10705D488
:10B87000220703D001229A60BFF35F8F38BD2946AB
:10B8800010F0BCFEEDE700BF00E0045007B5034632
:10B89000054A0091054801210CF09CF86FF0150055
:10B8A00003B05DF804FB00BF944004004CD50300D6
:10B8B0002DE9F04106460F4690461C4686B05BB324
:10B8C0004FF0FF324FF0FF33194804F05FFE40F2B3
:10B8D0000112184BC3F800250FF02CF80546F8B1FB
:10B8E00001238DF81530144B4FF4FA70009302AB1E
:10B8F00004940193CDE902768DF8148002F046FAA3
:10B90000684602F049FA04464FF48072094BC3F8C6
:10B910000025074804F0D8FD204606B0BDE8F081B8
:10B920002346424639463046FFF794FF2C46EBE764
:10B93000400A012000E0045089B9020037B50C46E6
:10B9400015461946BAB12046FFF75EFF60B141EADD
:10B95000040212F00F020ED10B462046294603B016
:10B96000BDE83040FFF7A4BF054A009123460121FE
:10B9700004480CF02FF86FF0150003B030BD00BF85
:10B98000944004004CD5030040F2011270B5164BF0
:10B990000446C3F80025437B0BB10EF0D7FF002609
:10B9A000A5689DB1D4E90010102D28BF1025227B79
:10B9B0002B46FFF74FFF63682B44636023680BB18E
:10B9C0002B442360A3685B1BA3600BB9002070BDF0
:10B9D000637B0136002BE3D030460EF0B8FF002821
:10B9E000DED00120F3E700BF00E0045038B561B9B4
:10B9F00021496423214A22480BF064F921480BF0C5
:10BA000061F964211D480BF054F94B6853B91E4984
:10BA100065231A4A1A480BF055F91C480BF052F9E5
:10BA20006521EFE70369586800B30024884219D103
:10BA300008688CB99C685860A14200D198600020C9
:10BA400008602AB15A680A609A68596002B9996018
:10BA500000200FE02846E9E720609868814208BF8F
:10BA60009C60ECE705680446002DF3D1002AE9D17B
:10BA70006FF0150038BD00BF75ED0300D94004001C
:10BA800048F203001541040024410400364104003B
:10BA900008B503687F2B4FEA531107D80C4A03F00F
:10BAA0001F0332F91120DA40D2070BD409490A48A2
:10BAB0004FF48263094A0BF005F94FF4826107489D
:10BAC0000BF0F7F80360064B53F8210008BD00BFE8
:10BAD000E4E903008041040048F203004D41040002
:10BAE00080E5030070B5446801F01F05207C86B036
:10BAF00045EA4015A068002872D0B2F5001F04D1B5
:10BB0000294602F077FF00204EE06068667CB2F5BF
:10BB1000800F46624FF0000601A80196466032D1C0
:10BB2000B3F1007F14BF052304238DF804300023F4
:10BB3000CDE904030393E3686E46CB4013F0010F95
:10BB400034D1B2F1A07F31D168460095FFF7A0FF54
:10BB5000009B203350F82330DB0727D46A46294660
:10BB6000A06802F0D5FD163018D002962946A068CC
:10BB700003AA02F06DFC002816DB01222946A0680A
:10BB800002F0B6FEBFE7B3F1C06F05D0B3F1007F9E
:10BB900014BF01230223C8E70323C6E76946A06850
:10BBA00002F082FE0028E0DA06B070BD3246294677
:10BBB000A06802F0ADFD0028D8D19DF80010A06863
:10BBC00002F052FE0028D1D00749084840F2ED1398
:10BBD000074A0BF077F840F2ED1105480BF069F8D1
:10BBE0006FF08500E0E700BF6C01040048F203003D
:10BBF000A34104002DE9F043466840F20635337C4A
:10BC0000D00601F01F0747EA431748BF032302EAA3
:10BC1000050558BFC2F3401387B0B5F5837F1446BE
:10BC20008DF8033043D00DD8062D42D005D8A5B1EC
:10BC3000022D12D06FF0150036E0B5F5807FF9D1F6
:10BC400001250AE040F20222954234D0B5F5407F4A
:10BC500033D0B5F5007FEDD1042522032FD5012384
:10BC600072688B405360B06880BB03A80397FFF7EE
:10BC70000FFF039B00EB8300C4F3004383F0010339
:10BC8000C4F34044D0F8802044EA43049DF80330D4
:10BC900022F4706244EA830422F00F0244EA05238E
:10BCA0001343C0F88030002007B0BDE8F0830925B9
:10BCB000D3E70825D1E70625CFE70525CDE76303C0
:10BCC00041BF012372688B409360CCE739460DF188
:10BCD000020202F01DFD14F4403F804617D13946A0
:10BCE000B06802F0A9FDB8F1000FDCD19DF8021098
:10BCF000B06802F0B9FD0028D5D01E491E48F823CF
:10BD00001E4A0AF0DFFFF8211C480AF0D2FF4FF06C
:10BD1000000901ABCDE90199CDE90439CDF80C90CA
:10BD20003946B06803AA02F093FB4845BBDB14F424
:10BD3000003314D09DF80330C4F3004484F00104B0
:10BD40008DF80E308DF80C508DF80D404B4639466D
:10BD5000B06803AA02F03EFC0028C4DAA3E7CDE9EC
:10BD600004330DF1030303933946B06803AA02F0CC
:10BD70006FFBF1E76C01040048F20300A3410400EB
:10BD80007F2870B54FEA50110CD8144A52F8216040
:10BD900046B13269516829B1012500F01F030C68D2
:10BDA0009D4001B970BD8A682A4010D04B6863B9C4
:10BDB0000B4989230B4A0C480AF084FF0B480AF010
:10BDC00081FF892107480AF074FF304698471CB16B
:10BDD000236821461C46E4E72346FAE790E5030082
:10BDE000CF410400D940040048F20300364104006A
:10BDF00038B54568A868C0B102F004FD0146A0B995
:10BE0000A86802F0B9FC044688B902460949A86846
:10BE100002F066FC22460121DB20F4F799FE22465F
:10BE2000012140F20D10F4F793FE002038BD6FF0B1
:10BE30000400FBE781BD020008B503687F2B4FEAD1
:10BE4000531107D80C4A03F01F0332F91120DA40CE
:10BE5000D2070BD409490A484FF48263094A0AF011
:10BE600031FF4FF4826107480AF023FF0360064B5D
:10BE700053F8210008BD00BFECE903008041040035
:10BE800048F203004D410400F0E503002DE9F04FB6
:10BE9000154606464FF0010985B000EB8108B04514
:10BEA00003D1002005B0BDE8F08F3268C2F3C32390
:10BEB000082BC2F3080400F2A0805149CF5C40F285
:10BEC000FF139C4208BF4FF0FF34B2F1D05F4FEA3E
:10BED000126310D2192B12D8DFE803F01423373481
:10BEE000282F3411111111111111111111111111EA
:10BEF00011113A717477382B6AD04E2B25D06FF020
:10BF00008500CFE7C5F80446621C56D003A8039409
:10BF1000FFF792FF039B4FF0010A09FA03F3436016
:10BF200029E0C5F80C464FF0000B62E04FF0000A24
:10BF3000C5F80046611C16D13FE04FF0010AC5F874
:10BF40000446F7E7C5F80846EDE7C5F81046DBE715
:10BF5000C5F860457388601C03F001032DD0002BE9
:10BF6000D4D14FF0010A03A80394FFF765FF039BA8
:10BF700009FA03F383604FF0010B326803A813043E
:10BF800044BF4FF0010A4FF0000B01920394FFF7FA
:10BF900053FF039B019A00EB8300C2F341223B0253
:10BFA000D0F8801043EA8203164A43EA0B030A40A2
:10BFB000134343EA4A03C0F8803004366FE7C5F8FC
:10BFC0006445C7E7C5F86845C4E7C5F86C45C1E7EF
:10BFD00003A80394FFF730FF4FF0010B039B00EB26
:10BFE0008300D0F8803023F0E04343F08043C0F872
:10BFF0008030631CE1D0DA46BFE76FF0150051E7EF
:10C0000006640400F0F0FCFF70B5036986B0456873
:10C0100004461422002101A81E6810F0EFFA05233F
:10C020008DF80430002386F8643063680D4A1B687D
:10C03000C3F808236B689B070ED5EFF311854023E7
:10C0400083F31288BFF36F8F022120460EF0CFF9E1
:10C0500085F31188BFF36F8F204601A90EF0EEF82B
:10C0600006B070BD3002180070B504464568066918
:10C070000121E8680EF0ACF9636819686B69C1F8D2
:10C080002435EA8BAB8BA87E13432A8C13436A8C2E
:10C0900013436A7E9BB20243287E02431343C1F8D6
:10C0A0006C3533688BB12569002228681A4908303D
:10C0B0000EF081FF2B68DC63286800221749683086
:10C0C0000EF079FF2B68C3F89C4061680B68D3F8C9
:10C0D000002242F48022C3F800220822C3F800257F
:10C0E000CA6A0121C3F83C270022C3F8402719651A
:10C0F000D3F830110029FBD0C3F8002563685968D4
:10C1000011F0020106D1D8681C680EF061F908230D
:10C11000C4F80035002070BD89A5030075A3030095
:10C120002DE9F84304460E4645680EF091FED0B95D
:10C13000304B1B7883F001036268D2F80080A3B90A
:10C140004FF04009642763681B68D3F83031002B37
:10C150003ED101200EF000FC013FF4D1002120204F
:10C1600006F0E2FAEEE70123E6E740222369EFF367
:10C17000118782F31288BFF36F8F61680968D1F865
:10C18000301121B987F31188BFF36F8FEFE71B6878
:10C1900053B1D3F8A4203AB1D3F8B420002A03DA7B
:10C1A000D8F84427C3F8B420EB6A01221E70204659
:10C1B000E96A0EF062F96B689B0744BF4FF4805345
:10C1C000C8F8043387F31188BFF36F8FBDE8F88395
:10C1D000EFF311831F4689F31288BFF36F8F6268F4
:10C1E0001268D2F83021002ADED183F31188BFF320
:10C1F0006F8FB3E7C01701202DE9F04FD0F804B0DE
:10C200009846D0F810A09BF8083089461746DAF80F
:10C210000040DBF8006085B073B15D4940F24F73B8
:10C220005C4A5D480AF04EFD5C480AF04BFD40F266
:10C230004F7158480AF03DFD94F86430002B40F0EF
:10C24000A38094F8653003F0FF05002B40F09C803C
:10C25000B8F1FF3F72D04FF47A72DBF8103028EA61
:10C26000E875B3FBF2F308FB03F3B3FBF2F340F220
:10C27000FF32934228BF1346C6F87835EB171F35B7
:10C2800043F100036D0945EAC3655B09C4E9165330
:10C290000025C4E91097C4E91255256584F8635058
:10C2A000DBF804309A075AD5EFF311834022039349
:10C2B00082F31288BFF36F8F02210EF0CDF8039B3B
:10C2C00083F31188BFF36F8FDBF804309B0746D5EB
:10C2D00094F86130002B42D0BB4228BF3B46484611
:10C2E0001A46DBF82810039310F062F9039BFF1A3B
:10C2F000994425D194F861200AF1080AD21AD2B2E1
:10C3000084F86120DBF82800C11810F05EF9DAE843
:10C31000EF3F43F00403CAE8E23F002AF7D10122CD
:10C32000C6F34343C6F3043602FA06F61C4A40330A
:10C3300042F82360002005B0BDE8F08F2B46A5E74A
:10C34000B8F1FF3F0BD0C6F81051D6F81031D4E940
:10C350001623CDE9002304F1080007F011F9C6F80F
:10C360000497B8F1FF3FC6F808771EBFD6F8003231
:10C3700043F00053C6F800320A4BC6F804330123D9
:10C3800084F86430B362D5E76FF00F00D3E700BFE5
:10C39000985204000842040048F203003C420400A2
:10C3A00000E100E0200218002DE9F04F43688DB055
:10C3B0001E680369D6F8048304461D6803934FF48E
:10C3C000007243464FF4BA7130460DF0F5FF20B1CC
:10C3D000EB6C13B9012385F8623043464FF40072C9
:10C3E0004FF4927130460DF0E7FF824608B195F8A0
:10C3F00062A043464FF400224FF4A67130460DF080
:10C40000DBFF434610224FF48871814630460DF021
:10C41000D3FF43464FF480124FF4A8710490304686
:10C420000DF0CAFF4346074620224FF48A7130467A
:10C430000DF0C2FF20B3636814221B68002107A817
:10C44000D3F880B4059310F0D9F806221BF0010F41
:10C45000059B8DF81C2045D11BF0020F44D11BF029
:10C46000040F43D10BF0080220468DF8202007A9C5
:10C47000C3F880B40DF0E2FE002120460EF032F841
:10C48000049BABB123691A6892F8641081B16168AA
:10C49000D1F800B0002182F860101868D0E91623A6
:10C4A000CDE90023083007F06BF81023CBF80833F0
:10C4B000B9F1000F00D147B3EB6C002B00F0CB803B
:10C4C000B9F1000F18D1D6F84C318BB9A349A44863
:10C4D00040F61D23A34A0AF0F5FB40F61D21A148B2
:10C4E0000AF0E7FB0122BFE70222BDE70422BBE717
:10C4F000C6F84C91D6F84C315246394620460EF0DB
:10C500007BF8002F40F0C280012795F863305BB1C3
:10C5100057B1002385F8633023691A68012382F834
:10C52000623062681268D362BAF1000F34D000231F
:10C5300085F862302369D4F8049053F8087BD3E877
:10C54000EF2F22F48031C3E8E01F0028F7D1D00399
:10C5500003D507F1080007F06FF8396C21B12046C8
:10C560000DF073FE00233B6497F86530002B00F05C
:10C570009080002387F86530636820461B68D3F8F5
:10C58000002222F00052C3F800220022C3F810213A
:10C59000D3F81031FFF738FD18F4805F3DD0D6F89E
:10C5A0003031002B39D063682669D3F80080EFF36F
:10C5B0001189402282F31288BFF36F8F32685B6863
:10C5C000D2F8B4100029ACBFD2F8B470D8F84477D0
:10C5D0009A0707D54FF4805301212046C8F8083345
:10C5E0000DF005FF89F31188BFF36F8F3068D0F825
:10C5F000A03093B190F8B820002A6ED0EFF31187E5
:10C60000402383F31288BFF36F8F314620460DF02D
:10C6100049FF87F31188BFF36F8F039B0833D3E87B
:10C62000EF2F22F00401C3E8E01F0028F7D15307E1
:10C6300040F190802046696C0DF01BFE2046296C6D
:10C640000DF003FE00232046C5E910330DB0BDE810
:10C65000F04FFFF7D9BC7FB11F4695F864305BB14E
:10C660000021142207A80FF0C9FF0323204607A9C1
:10C670008DF81C300DF0E2FDB9F1000F3FF445AF2D
:10C680000022204611460DF0B7FF3DE74FF00009AC
:10C69000E3E7D9F8043099077FF56EAF6268136855
:10C6A000926AC3F804270522C3F808270122DA6139
:10C6B000D3F84C21002AFBD00021C3F84C11D3F849
:10C6C0004C21D3F850212AB1C3F85011D3F850218E
:10C6D000D3F80C2787F861204EE7D0F8A8209342C2
:10C6E00011D0D0F8AC20D0F8B030BA423B442FD1B2
:10C6F000C0F8B03020460DF040FE00287FF47EAF39
:10C700003068D0F8B070683006F096FF142200212F
:10C7100007A80FF073FF33682046D3F8A03007A9AD
:10C72000CDE908373368D3F8A4309F421CBF0123FA
:10C730008DF81C304FF48053C8F80833002332685A
:10C74000C2F8A0303268C2F8A4300DF077FD64E77B
:10C750001F46D8E70DB0BDE8F08F00BF554204007A
:10C7600048F203000842040070B50F48D0E90015F4
:10C77000541A63EB0506640944EAC6642026E4FB08
:10C780000615C0E9001509490020C1E90023002170
:10C79000074BC3E9000106F0AFFD01462046BDE8A6
:10C7A000704006F0F9BC00BFC8910020B091002095
:10C7B000C091002008B500220121E420F4F7C8F957
:10C7C000164A0020D2F8183723F44033C2F818373D
:10C7D00002F040FB002820DB0120114902F0C6FBDB
:10C7E00000281ADB02F0F6FA0E4B20F01F00C3E916
:10C7F00000010D4B0022C3E900014FF0FF304FF064
:10C80000FF310A4BC3E90001094B0A49187A02F0CB
:10C810000BFB67220020084B1A6008BD00200E5059
:10C82000B00B0020C8910020A8910020B0910020FA
:10C83000A80B002069C70200800A012008B502F099
:10C84000C9FA064AD2E90032C01A054B61EB02016F
:10C85000C3E90001400940EAC16008BDC891002059
:10C86000C0910020F7B5224B0146224F187A224B87
:10C87000D7E90056D3E900239E4208BF954211D163
:10C88000B1F1806F0ED24901012938BF0121012287
:10C890004D1946F10006C7E9005603B0BDE8F04067
:10C8A00002F010BC154BDFF858C0D3E90043DCE9B7
:10C8B000002CA41843EB0C0C4FF0200E22466346CC
:10C8C000E1FB0E23954276EB0301C7E900230DD26D
:10C8D000291B66EB0C04C82974F10004B4BF0121C4
:10C8E0000021009102F0AAFB03B0F0BD0021F8E79F
:10C8F000A80B0020B8910020B0910020C891002022
:10C90000C091002013462DE9F04170B9564840F21D
:10C91000EA33564A56490AF0D5F956480AF0D2F990
:10C9200040F2EA3151480AF0C4F98668524A964208
:10C9300012D2524A96420FD313F0FC6F18D05049CE
:10C9400040F2F333494A48480AF0BCF94D480AF02E
:10C95000B9F940F2F331E5E740F2EA33434A4A4994
:10C9600041480AF0AFF9494949480AF0ABF9D7E71D
:10C9700003F03002302A0CD1464940F2F6333B4AEC
:10C9800039480AF09FF944480AF09CF940F2F63120
:10C99000C8E7424A424C1A40A2420CD1414940F2F7
:10C9A000FA33324A30480AF08DF93F480AF08AF9E2
:10C9B00040F2FA31B6E703F00602042A09D13B49F6
:10C9C00040F2FD33294A28480AF07CF940F2FD3153
:10C9D000A8E713F440221ED09D030FD5B2F5402FD7
:10C9E00019D1334940F20443204A1F480AF06AF93A
:10C9F00030480AF067F940F2044193E72E494FF4BA
:10CA000080631A4A18480AF05DF92C480AF05AF96E
:10CA10004FF4806186E7DC0205D522B143F30002C2
:10CA200002F440225340012544688D40246823F4D9
:10CA3000801225420CD122494FF482630B4A0A48E6
:10CA40000AF040F91F480AF03DF94FF4826169E7A6
:10CA50000769DB073C684CBF2C43AC433C60336840
:10CA6000BDE8F041184700BF48F20300B04204009F
:10CA7000E142040065F20300D0D30300ACD303000D
:10CA800034440400A3440400F5420400A547040014
:10CA9000B8F30300C744040000450400020003008B
:10CAA000020001003D4504008A450400D945040008
:10CAB00096460400E34604000C4604005B4604006E
:10CAC0000F4704004D470400012310B503FA01F19C
:10CAD000436804691B6819420ED1214940F2B963C9
:10CAE000204A21480AF0EEF820480AF0EBF840F21C
:10CAF000B9611C480AF0DDF823681D4C19428368AF
:10CB000007D042B1A3421DD21A4A93421AD31B69DD
:10CB100007E0002AF6D0A34206D2164A934203D376
:10CB2000DB68BDE81040184740F289530D4A1249AE
:10CB30000D480AF0C7F8114911480AF0C3F840F24D
:10CB40008951D6E740F2B653064A0B4906480AF027
:10CB5000B9F80A490A480AF0B5F840F2B651C8E7F0
:10CB60000F470400B042040048F203004D470400A0
:10CB7000D0D30300ACD30300F5420400A547040062
:10CB8000B8F3030008B5034903480DF004FE6FF045
:10CB9000150008BD5F4704003CD503002DE9F041B6
:10CBA000074688460025104E27FA05F212F00102CA
:10CBB00010D128FA05F3DB070ED530683179FFF77D
:10CBC00083FF044640B1094909480DF0E4FD2046C1
:10CBD000BDE8F0810122F0E70135042D06F10806D9
:10CBE000E2D10024F3E700BFE0E603007A47040047
:10CBF0003CD5030070B500260C4CE28820682179F2
:10CC000042F40032FFF77EFE054648B90136042E95
:10CC100004F10804F1D1BDE870400F21FFF7BEBF59
:10CC2000034904480DF0B7FD284670BDE0E6030057
:10CC3000904704003CD50300032803460A4610B57C
:10CC400005D9FFF79FFF6FF01504204610BD084C73
:10CC500054F8300004EBC3042179FFF735FF044694
:10CC60000028F2D0034904480DF095FDEDE700BF20
:10CC7000E0E603007A4704003CD5030002460B4679
:10CC8000014803F0C3B800BF3C0E0020014803F088
:10CC900085B900BF3C0E00201FB500230A22019376
:10CCA0000293CDF80B300091014601A80FF0D7FC9C
:10CCB00040F27313074A084908480AF003F8084885
:10CCC00001A9009A09F0FEFF40F27311014809F032
:10CCD000F0FF00BFBE4704009852040048F2030072
:10CCE000F747040003460A4610B51A481A4C8168F3
:10CCF000A1420FD2194CA1420CD30C68C4B91849F7
:10CD00007E23184A184809F0DDFF184809F0DAFFB9
:10CD10007E210AE07C23134A1549134809F0D2FF0B
:10CD20001449154809F0CEFF7C210E4809F0C1FFD7
:10CD30001946A04768B1114940F2F223104A0A4847
:10CD400009F0C0FF0F4809F0BDFF40F2F2210C4886
:10CD5000ECE710BD74C9030090D3030088D303002F
:10CD6000B14904002348040048F20300D1490400FB
:10CD700057480400A9490400B8F303006C010400FB
:10CD8000BE470400F749040008B50A490A480EF0F6
:10CD90004FF800280CDA09492F23094A094809F0FD
:10CDA00091FF094809F08EFF2F21054809F081FF06
:10CDB00008BD00BF880A012030FF002098520400FF
:10CDC000314A040048F203005A4A0400094B93F820
:10CDD0000332042B02D1810709D47047022B02D100
:10CDE000020704D47047082B03D1830601D5FFF74F
:10CDF000CBBF7047B912012010B5084B04461B6821
:10CE000033B9F4F7B7FC2046BDE81040F4F7B2BCE4
:10CE10000146034898470028F5D110BD840A012037
:10CE2000C8C90300B0B58AB0374900AF374803F02E
:10CE30000FFF07F11400E5F776FB6C4688B06A46F1
:10CE4000334B0593334B06934FF40073ADF81C300E
:10CE5000314B42F8103F3149314807F11403F1F7E3
:10CE60003DFCA5462F480DF029FF50B901212E4A5F
:10CE70002B480AF09CFD6FF0120420462837BD466F
:10CE8000B0BD2A4B07F10800BB60D4F79DFB0346F9
:10CE900038B10121264A22480AF092FD6FF01504AC
:10CEA000EBE74FF0FF304FF0FF31FFF7E7FE0446AE
:10CEB0000028E2D11F492048D3F7AAFE044610B14A
:10CEC000FFF7E4FED9E71D4D07F10C00FD60D6F732
:10CED00069FF20B1FFF7DAFE6FF08504CDE701238B
:10CEE000381D3B71E6F721FF0028F3D107F1100050
:10CEF0003D61D6F75FFF0028ECD1FFF7C7FE104871
:10CF0000F5F75EF9B9E700BF43A80300880A0120DE
:10CF10003CFB03007D4A040003000001C01C4001EB
:10CF2000ECD4030074C90300A44A0400E5CC020059
:10CF3000C44A0400D0910020B5D0020000093D0091
:10CF4000CDCD020030B5514887B0D3F7F3FCC8B956
:10CF50004F4C504DAC4217D94F4940F22B634F4ACA
:10CF60004F4809F0AFFE4F4809F0ACFE40F22B618C
:10CF70004A4809F09EFE63680BB90834EAE798470F
:10CF80000028FAD007B030BDF5D30124D3F782FED4
:10CF9000D3F78CFED3F796FEE5F7C9FAE5F7C5FAA5
:10CFA000E5F7C7FAE5F7C9FAE5F7C9FAE5F7C3FA0D
:10CFB000E5F7C3FAE5F7C3FAD3F79CFED3F7A8FE6B
:10CFC0002146002003AA8DF80C40D3F721FD00284C
:10CFD000D8DB0221002003AA8DF80C40D3F718FDFE
:10CFE0000028CFDB08230721002003AAADF80C306E
:10CFF000D3F70EFD0028C5DB2B4B0321039340F232
:10D000000A63002003AAADF81030D3F701FD002811
:10D01000B8DB0421002003AA8DF80C40D3F7F8FCFC
:10D020000028AFDB1F230621002003AAADF80C3037
:10D03000D3F7EEFC0028A5DB03230521002003AA7B
:10D040008DF80C30D3F7E4FC00289BDB182100207E
:10D0500003AA8DF80C40D3F7DBFC002892DB46F6E0
:10D060005F53984210D9114A0090214610480AF0A7
:10D07000B1FC002383F31188BFF36F8F042318469C
:10D0800002DF6FF00B007DE700207BE799CC020008
:10D090003871040048710400E84A0400BE470400E7
:10D0A00048F20300B3070400FE01FE01214B040017
:10D0B000ECD4030073B5434C94F80332D3B194F825
:10D0C0000332042B39D120783E2826D1A678B31E0E
:10D0D0005E425E41002200233146F5F77BF80546AB
:10D0E000E8B9C6B1002384F8033202B0BDE870404D
:10D0F000FFF74ABE4FF0FF304FF0FF31FFF7BEFDA4
:10D1000048B9204604F2032100F0A6FB0546FFF7CC
:10D11000BDFD002DD3D002B070BD0026DAE76178E6
:10D120000C300231F4F780FC627826490232ECF7C9
:10D1300002FA2846FFF760FED4E7022B25D1002231
:10D1400000230820F4F7EEFF06460028E3D06588A8
:10D150000435B5F5017F24D340F203230121009368
:10D16000194A2B4619480AF035FC6FF00B030121D0
:10D17000174A16480AF024FC002383F31188BFF3F2
:10D180006F8F0423184602DFACE7082B14D100226E
:10D1900000232020F4F7C6FF658806460028D7D173
:10D1A000B9E7294606F10C00F4F73EFC2A4605498A
:10D1B000ECF7C1F93046BDE70121064A03480AF001
:10D1C000FFFB8FE7B9120120444B0400ECD40300AD
:10D1D0009E4B0400654B04002DE9F3479F4C064627
:10D1E0002778002F40F0328304238DF807309C4BC2
:10D1F0000588D3F80080B8F1000F1BD00DF10603AD
:10D200000DF10702611CC0470346DFF85882DFF8C2
:10D2100058A2D04522D9954940F26A73944A95485C
:10D2200009F050FD944809F04DFD40F26A719048B4
:10D2300009F03FFD0123E8E7D8F80090B9F1000FAD
:10D2400009D00DF1060330468C490DF10702C8479D
:10D250000128034660D108F10808DAE7ECD3012B76
:10D260005AD1B5F5105F4FEA95220DD272B3013A4B
:10D27000072A2BD8DFE812F01F002A006800AB0055
:10D280002A002A002A0008013F2A00F0F18142F218
:10D290008802954200F2768242F26C02954267D093
:10D2A000A5F501522D3A91B2754ACA4002F0010229
:10D2B00082F001072CE0304640F2064130F9032BA2
:10D2C0008A4218D040F21D418A423AD042F26302AB
:10D2D000954200F29E8242F21902954200F29F822C
:10D2E00042F20C02954209D9A5F500520D3A91B2CD
:10D2F00041F24122D9E7D5F725FE034640F2064226
:10D3000040F21D41954218BF8D4214BF01270027EE
:10D3100087F001028DF806209DF8062012B9012B36
:10D3200040F08A820F22E37062700123042223718D
:10D33000A270A4F8055001230020237002B0BDE8BC
:10D34000F087D5F78FFED8E7304640F6634130F9D5
:10D35000032B8A422FD00DDC40F603418A421ED0B7
:10D3600040F62D418A421DD040F601418A4212D03A
:10D370000127CDE740F67B418A421FD040F67C4131
:10D380008A42F5D19DF807303E4902338DF80730C7
:10D39000E6F755FC01E0D3F707FD0346E8E7E5F7BC
:10D3A000B9F8FAE79DF80730364903338DF80730AE
:10D3B000E6F76DF8F1E7D3F705FDEEE79DF80730E6
:10D3C000304904338DF80730E6F715FCE5E732887D
:10D3D000A2F58052013A082ACAD801A151F822F0D8
:10D3E00005D4020017D402002BD4020071D302002E
:10D3F00071D3020071D3020071D3020071D3020015
:10D400004BD402009DF807301E4808338DF80730D2
:10D41000E6F72AF8C1E79DF807301A4840338DF83F
:10D4200007300DF010FA0023A2E700229DF8073024
:10D4300008338DF80730134B1A605A60E37A23F0F3
:10D44000600343F06003E372EDE79DF807300D4899
:10D4500006338DF80730E6F764F89EE7BD14012027
:10D46000980A01203871040048710400E84A040059
:10D47000E84B040048F20300B3070400BE14012087
:10D4800001040209C4140120304642F24B0630F870
:10D49000032B11B2B1422FDCB1F5005F36DDA2F5EE
:10D4A0000052013A4A2A31D8DFE802F0363A4330D6
:10D4B0004C4F305255585B5E616430303030676A93
:10D4C000306D707982858E973030303030A930B22F
:10D4D00030303030303030303030B5BEC7CA303008
:10D4E000303030303030303030303030303030303C
:10D4F000303030303030CD0042F28702914200F0BF
:10D50000AE8042F28802914200F0A68042F26B02A5
:10D5100095427FF6DBAEBAE6D3F75EFC0346F5E74D
:10D520009DF80730CB4803338DF80730D5F700FD61
:10D53000F4E79DF80730C74808338DF80730E6F761
:10D54000B0F9EBE7E6F70AF8E8E7D6F78DFBE5E791
:10D55000E6F7ECFAE2E7E6F7C4FADFE7E6F70BFBFB
:10D56000DCE7D5F76FFED9E7E6F7EBF8D6E7D6F7B5
:10D5700023F9D3E7D6F786F9D0E7E6F703F9CDE745
:10D58000D6F7F4F9CAE7E6F77DF9C7E79DF8073063
:10D59000B04910338DF80730E5F7A3FFBEE79DF8DB
:10D5A0000730AC4808338DF80730E5F76AFFB5E778
:10D5B000E6F72AFAB2E79DF80730A64902338DF85C
:10D5C0000730E6F7F9FAA9E79DF80730A1490233D9
:10D5D0008DF80730E6F700FBA0E79DF807303F2203
:10D5E00008338DF80730FF23E3712372A372E372CF
:10D5F00003232373002362726373A37386E79DF88A
:10D600000730944902338DF80730E5F7B5FF85E719
:10D61000E5F7FAFF82E79DF807308E4808338DF86A
:10D620000730E6F701F879E79DF8073089490433B8
:10D630008DF80730E6F709F870E7D5F7E5FC6DE7F8
:10D64000E6F754F86AE79DF80730824802338DF810
:10D650000730E5F735FF61E7D6F7E4F95EE79DF8B7
:10D6600007307C48073B8DF80730E6F722F955E78D
:10D6700030464FF60B4130F8032B8A4222D8B2F5E0
:10D680007C4F7FF604AEA2F57C42013A0A2A3FF6AF
:10D69000FEAD01A151F822F049D702005DD702008A
:10D6A0008FD202008FD202008FD20200B9D70200BF
:10D6B0008FD202008FD2020095D70200A7D70200B6
:10D6C000BFD7020002F2FD2189B218293FF6DFAD73
:10D6D000A2F57D42033A182A3FF6D9AD01A151F8CF
:10D6E00022F000BFD1D702008FD20200D7D70200AC
:10D6F0008FD202008FD202008FD20200DDD702004B
:10D700008FD202008FD20200E3D70200EFD70200CF
:10D710008FD202008FD202008FD202008FD202007D
:10D72000E9D702008FD20200F5D702008FD20200A3
:10D7300007D802008FD202008FD202008FD20200DF
:10D740008FD202000DD802009DF8073041480C33FB
:10D750008DF80730E4F7F5FE034613E09DF8073037
:10D760003C4A40338DF8073000231380E27922F0E1
:10D77000230242F02302E271227A22F0070242F0F1
:10D78000070222724FF6025125F00802571A18BFFD
:10D790000127BDE59DF807302E4817338DF8073077
:10D7A000E4F7EBFED8E79DF807302A4820338DF8E0
:10D7B0000730E4F705FFCFE7E4F7DDFECCE79DF89F
:10D7C0000730244801338DF80730E4F715FFC3E72D
:10D7D000E6F7ABFAC0E7D6F7E5FABDE7E4F722FFD4
:10D7E000BAE7E6F78BFAB7E7D6F7E4FAB4E7E4F777
:10D7F0001DFFB1E79DF80730164904338DF8073057
:10D80000E4F71AFFA8E7D6F7DDFAA5E7D6F7E6FAB8
:10D81000A2E7A5F50152243A91B2F52245E542F27C
:10D82000320295423FF474ADA5F50152033A012A44
:10D8300094BF002701276BE59DF807200E21A270F9
:10D8400001226170E270A580A37174E54FF0FF3092
:10D8500074E500BFC414012038B5094C0D46237887
:10D860001BB9BDE83840E5F78AB8A278611C0232DE
:10D870000EF09EFE0020042320702B7038BD00BFE8
:10D88000BD14012070B506460C46184D28460DF013
:10D8900015FA38B3A2B21649AB688B420FD21549BC
:10D8A0008B420CD31B68C3B913497E23134A144817
:10D8B00009F008FA134809F005FA7E210AE07C23F2
:10D8C0000E4A11490E4809F0FDF91049104809F0B7
:10D8D000F9F97C21094809F0ECF931462846BDE800
:10D8E000704018476FF0120070BD00BF74C903008C
:10D8F00090D3030088D30300B149040023480400F7
:10D9000048F20300D149040057480400A949040023
:10D91000B8F303004FF40071014806F067B900BF87
:10D92000C01501201FB500230A2201930293CDF8F0
:10D930000B300091014601A80EF091FE4FF4AF7339
:10D94000074A0849084809F0BDF9084801A9009AA2
:10D9500009F0B8F94FF4AF71014809F0AAF900BF16
:10D96000314C04009852040048F203005E4C04005D
:10D97000322337B50125ADF8043000231C21684659
:10D98000134A8DF80630ADF800508DF80230E4F7F8
:10D990004DFB0446C0B940F27260E3F713F8294624
:10D9A0000C48EBF729FD044670B901462A4685204C
:10D9B000F3F7CEF82A462146E520F3F7C9F82A46C0
:10D9C00021468A20F3F7C4F8204603B030BD00BFDB
:10D9D00025D902009C0A012008B54FF0FF304FF016
:10D9E000FF31FFF74BF948B107490848E623084AD9
:10D9F00009F068F9E621064809F05BF9EBF730FE1B
:10DA0000BDE80840FFF742B9794C040048F2030032
:10DA1000314C040008B50A490A480DF009FA0028FB
:10DA20000CDA09492F23094A094809F04BF909483A
:10DA300009F048F92F21054809F03BF908BD00BF5E
:10DA4000000B012030FF002098520400314A0400EE
:10DA500048F203005A4A040037B500240D4D6FF018
:10DA6000090328464FF480620B49009403F02EFB13
:10DA7000D5F8880009490DF0F1F90949094803F082
:10DA8000E7F8224604211C20F3F762F8204603B091
:10DA900030BD00BF30FF0020D0410120864C040083
:10DAA000D9D90200000B01200122064B1A63A3F50D
:10DAB0004023D3F81815044A11600222C3F8182530
:10DAC000704700BF00E01050FC0A01200122044B07
:10DAD0005A63044B1A68044BC3F81825704700BFFB
:10DAE00000E01050FC0A012000E004500128034629
:10DAF00011D0022805D048B10221094A094809F08D
:10DB00005FBF094B1B682BB104201847064B1B68ED
:10DB1000002BFAD17047054B1B68002BFAD0184731
:10DB2000CD4C0400A4D50300140B0120100B0120E0
:10DB3000024B1B680BB1022018477047180B0120DD
:10DB400010B500200949E2F757FE041E0DDAA223A2
:10DB5000074A0849084809F0B5F82146074809F07E
:10DB6000B1F8A221024809F0A4F810BDEDDA0200D4
:10DB7000E94C04009852040048F20300264D0400CA
:10DB800010B50020E2F758FE041E0DDAAB23074A59
:10DB90000749084809F096F82146074809F092F825
:10DBA000AB21024809F085F810BD00BFE94C040024
:10DBB0009852040048F203005A4D040010B50120A9
:10DBC0000949E2F719FE041E0DDAB623074A08498F
:10DBD000084809F077F82146074809F073F8B6219C
:10DBE000024809F066F810BDEDDA0200E94C0400C5
:10DBF0009852040048F203008E4D040010B5012035
:10DC0000E2F71AFE041E0DDABF23074A0749084847
:10DC100009F058F82146074809F054F8BF21024896
:10DC200009F047F810BD00BFE94C04009852040009
:10DC300048F20300C84D0400014B186000207047F3
:10DC4000180B0120014B186000207047140B0120B5
:10DC5000014B186000207047100B012038B53B4C79
:10DC60000D46237C834209D039496E23394A3A480C
:10DC700009F028F86E21374809F01BF804F13C033D
:10DC8000D3E8AF3F002B36D1092953D8DFE801F0A4
:10DC900005525252523535305233E369D3E90020F0
:10DCA0009047012808D02D4B984203D00223A0634F
:10DCB00084F830302A481FE0D4E9053240F20111DF
:10DCC00003F1640562B11344643384F82000A18435
:10DCD000E562A362032384F83030224B6363E9E7F3
:10DCE00042F2107384F82020A562A184E362F1E778
:10DCF000164802F0E9FB002038BD002384F82030EC
:10DD00006369207C6433A3620123A384164B154905
:10DD1000E362EBF7B1FB04460028ECD066230D4A22
:10DD200012490D4808F0CEFF2146114808F0CAFFFD
:10DD30006621A0E7BE23074A0E49074808F0C2FF44
:10DD400029460D4808F0BEFFBE2194E71C0B0120B8
:10DD50004C4E0400124E040048F203001F64660299
:10DD60004C0B01203C0B0120FF3F420F6E4E040084
:10DD7000774E0400985204009A4E040001220021BC
:10DD800001480CF0F2BF00BF1C0B0120014B586191
:10DD9000704700BF1C0B0120F8B54FF0FF3106465D
:10DDA0004FF0FF30FEF76AFF054648B14D49EF23BB
:10DDB0004D4A4E4808F086FFEF214B4808F079FFA6
:10DDC0004B494C48E4F7A0F80446FEF75FFF002CEF
:10DDD00008DA494823460121484A09F0F1FD6FF06D
:10DDE0000B00F8BD40F20113454CA3846369E66162
:10DDF0006433A36242F21073E3626FF0730384F83A
:10DE00002050A363A56104F13C06D6E8EF3FC6E8C5
:10DE1000E25F002AF9D1A36837464BB139494FF484
:10DE20008573314A314808F04DFF4FF48571C4E7DE
:10DE30004FF0FF304FF0FF31FEF720FF48B1294986
:10DE400040F20D13284A294808F03CFF40F20D111A
:10DE5000B3E7207C04F12001EBF70EFB054668B127
:10DE600040F20F13204A2849204808F02BFF29468A
:10DE7000264808F027FF40F20F119EE7FEF706FF45
:10DE800000232046224A02F081FB00280BDA012100
:10DE9000204A194809F08BFD0123D7E8EF2FC7E886
:10DEA000E13F0029F9D14FF0FF304FF0FF31FEF78D
:10DEB000E5FE48B10B494FF48D730B4A0B4808F04F
:10DEC00001FF4FF48D7178E7207CEBF7B7FAFEF78E
:10DED000DDFED6E8AF3F13B1094802F0D1FBA06BDD
:10DEE0007FE700BF794C0400124E040048F20300A3
:10DEF0002C0B01205DDC020054D50300B24E04005F
:10DF00001C0B0120D84E04006E4E0400774E040016
:10DF10000E720B00044F04001022054911F8013D58
:10DF2000013A01330B701B0A01D0002AF6D1704769
:10DF300008000120234B90B004931123224A234967
:10DF4000CDE9062308AB059340F61102204BCDE93D
:10DF50000A12089320330C9321230CAA09921D4A1C
:10DF60000090CDE90E230123CDE901320D9320234A
:10DF7000194A0393D2F8003443F00103C2F8003485
:10DF8000164B04AA1A600322C3F810D05A63BFF3D9
:10DF90005F8F9A639A6A12F0240F10D1D86B10F039
:10DFA0002300F7D110225A6300225A630A4AD2F89A
:10DFB000003423F00103C2F8003410B070474FF072
:10DFC000FF30EFE700E703000400002020000020FE
:10DFD000D8FF0020100000200090055000000150E4
:10DFE0002DE9F04104464FF000088CB06F4608EB75
:10DFF0000700FFF791FFFFF79DFF6D46064608BB40
:10E0000008F11008B8F1300FF0D11CB104F1300262
:10E01000944210D10FCD0D4C0FC495E80F0084E849
:10E020000F0010340CAB13E90F0084E80F003046EA
:10E030000CB0BDE8F081396854F8043B4B4047F818
:10E04000043BE5E74FF0FF36F1E700BFD8FF0020C3
:10E050002DE9F04119B1002855D0402956D84FF08C
:10E06000000E4FF4807501264FF40077294ADFF83F
:10E07000A8C0D2F8003443F00203C2F80034274AA3
:10E08000274B82F839E01D605E645F63C3F800C00F
:10E090001C6B14F00E0FC4F34208F9D0B8F1050F51
:10E0A000EFD092F839408CB95C68032CF0D9D3F8E2
:10E0B00080401C61D3F880405C61D3F880409C6153
:10E0C000D3F88040DC61012482F839405C68B1EB10
:10E0D000840FDDD8124A61B1D2F88030041D00F8F7
:10E0E000013B84424FEA132301F1FF31F3D00029B1
:10E0F000F5D10020074AD2F8003423F00203C2F819
:10E100000034BDE8F0816FF01500FAE76FF006000B
:10E11000F7E700BF0090055001000400D8FF002081
:10E120000010015030B58DB030216846FFF790FFE8
:10E1300018B14FF0FF300DB030BD6846FFF750FF0B
:10E140000028F6D101240025014BC3E90C45F2E774
:10E15000D8FF002010B50B4C94F83830012B0BD0B1
:10E160004022002120460EF049FAFFF7DBFF30B9CC
:10E17000012384F8383010BD6FF07700FBE76FF0B3
:10E180008B00F8E7D8FF0020F0B5264E054696F83C
:10E1900038300C4685B05BB92349244840F205234A
:10E1A000234A08F08FFD40F20521214808F081FD47
:10E1B00019B1A0B3B1F5803F31D8736BB3F5803F8F
:10E1C00018D3FFF7AFFFA8B16FF08B0005B0F0BD1B
:10E1D000102C6846274628BF1027FFF79DFEFFF743
:10E1E000A9FE0028F0D128463A4669460EF0E0F92B
:10E1F000E41B3D44002CEBD12046FFF7F1FE002844
:10E20000E2D1D6E90C32013342F100022146284620
:10E21000C6E90C32FFF71CFF0028D7D0D4E76FF017
:10E220001500D3E7D8FF00205A4F040048F203003E
:10E230001C4F04007F2898BF074B4FEA50129FBF26
:10E2400033F9123000F01F0023FA00F000F0010053
:10E2500088BF0020704700BFF4E90300034A430968
:10E26000D35C00F01F001844C0B270470F64040074
:10E2700010B504460846FFF7F1FF04EB4000838A1F
:10E28000DA051CD5C3F3432123F4F853838204F148
:10E29000120204F1960032F8023F13F4807F03D09B
:10E2A000C3F3432399420AD09042F4D1002204EBF5
:10E2B000C1035A6004F19C000CF06AFB00B910BD68
:10E2C000054906484FF4DB73054A08F0FBFC4FF4A0
:10E2D000DB71034808F0EDFC6C01040048F2030018
:10E2E0008B4F040010B5016804460846FFF7A2FFF3
:10E2F00058B910494FF482630F4A104808F0E2FC05
:10E300004FF482610C4808F0D4FC01F01F037F2910
:10E3100023604FEA511209D9094940F21943064ACC
:10E32000064808F0CFFC40F21941EBE7054B53F8E3
:10E33000220010BD804104004D41040048F203005A
:10E340009852040004E70300072808B50BD90849D0
:10E35000084840F2A733084A08F0B4FC40F2A7315D
:10E36000054808F0A6FC800000F5807008BD00BFDD
:10E37000FE4F040048F20300C94F0400F0B5844684
:10E38000002587B0DFF848E0124F019102AE1EF879
:10E39000013B06AA02EBD30212F8144C03F0070368
:10E3A000DC4014F0010406D10135042DEFD1002426
:10E3B000204607B0F0BD97E80F0086E80F0056F83A
:10E3C0002520136A4CF825301362002BECD0EFE7C0
:10E3D0001F64040080DE0300F7B504460846FFF71B
:10E3E0003DFF04EB4006B38A0D46DB072AD52046E5
:10E3F0000CF0C7FB294620460CF0E3FA50B120464A
:10E400000CF00EFB0023276807EB8000C0F81035E6
:10E41000C0F81035204600242946FFF729FFB482B2
:10E4200001A80195FFF75EFF019B00EB8300D0F888
:10E430008020064B134043F00203C0F88030204692
:10E4400003B0F0BD6FF01500FAE700BFF0F0FCFF7D
:10E450002DE9F0430E461746044685B058B95A498F
:10E460005A4840F25E435A4A08F02CFC40F25E41A2
:10E47000574808F01EFC0846FFF7F0FED7F800806A
:10E480000546B8F1000F19D020460CF0BEFA18BBB3
:10E490004346CDE900008DF80E008DF80F000DF118
:10E4A0000F0230460DF10E010CF0E3FA04EB4502C9
:10E4B000938A23F0020343F0010393827B689BB3AA
:10E4C0003146204693F80080D3F804900CF092FA7D
:10E4D00028B1B9F1000F1FD06FF0150027E004EB51
:10E4E0004500838A23F4604323F020038382B9F13B
:10E4F000000F11D0B8F1030FEED87B6821685B687C
:10E5000093F800C04FEA8C031944B8F1000F11D101
:10E51000C1F81085C1F8108504EB4502938A23F0F9
:10E520001C0343EA88039382BB684BBB002005B001
:10E53000BDE8F083D1F8102522F00302C1F81025C0
:10E5400022681344D3F8102522F4473222F47C7257
:10E55000C3F8102541F6F072D3F8101502EA06123E
:10E5600042EA08420A43C3F8102504EB4C03A3F81F
:10E57000A060838A43EA4C3343F020038382CBE7D5
:10E580003146D3E900782046FFF772FE002FCDD048
:10E5900063689F4206D004F19C000CF0DFF900286C
:10E5A00004DAC4E7A3689845F5D1002004EBC00362
:10E5B000C3E9017804EB4505AB8AC0B243EA4023C6
:10E5C00043F48073AB82B1E70850040048F20300C3
:10E5D0008B4F04002DE9FF410D4616461F460446A9
:10E5E00058B93B493B484FF48D633B4A08F06AFBFE
:10E5F0004FF48D61384808F05CFB0846FFF72EFEAB
:10E60000804616B320460CF0F5F918B920460CF0F8
:10E61000D8F908BB294620460CF0DEF910B1737812
:10E62000012B19D001238DF80F300023721CCDE986
:10E6300000632846B31C0DF10F010CF01AFA04EB2D
:10E640004802938A43F003039382002F3ED0294669
:10E6500020460CF0CFF920B96FF0150004B0BDE8EA
:10E66000F08100223E78236804EB480003EB860328
:10E67000C3F81025C3F81025838A4FEA860C23F4CB
:10E68000604323F0200383827978F9B12268134B29
:10E690006244D2F81045BF782340C2F8103541F6E5
:10E6A000F073090401F4403103EA05130B43390503
:10E6B000D2F8104501F480110B432343C2F8103502
:10E6C000838A43EA463343F0200383820020C5E770
:10E6D0000850040048F203008B4F04000FE0ECFFE9
:10E6E00008B558B90749084840F27143074A08F08D
:10E6F000E9FA40F27141054808F0DBFAC0E903127B
:10E7000008BD00BF0850040048F203008B4F04000E
:10E7100070B51546044658B9134940F27A43134A76
:10E72000134808F0CFFA40F27A41104808F0C1FAD5
:10E730004AB9104940F223330C4A0D4808F0C2FA96
:10E7400040F22331F1E70CF03CF948B10846FFF7FD
:10E7500085FD04EB40040020A38A5B0B2B7070BD89
:10E760006FF01500FBE700BF085004008B4F04005A
:10E7700048F2030013500400F8B5044658B91C4988
:10E780001C484FF491631C4A08F09CFA4FF49161C5
:10E79000194808F08EFA90F8B05090F8B1701DBB8F
:10E7A0008422294614300DF029FF144B266853F8B3
:10E7B0003770AF4213D1002540F20D10C6F8445116
:10E7C000D6F844310E4B9E4208BFDB20F2F79EF98B
:10E7D0000123284684F8B030C4F89C30F8BDE8B274
:10E7E000FFF7B2FD0135E4E76FF07700F6E700BF11
:10E7F0000850040048F203008B4F040014E70300A4
:10E8000000A00D5008B558B90849094840F28F4397
:10E81000084A08F057FA40F28F41064808F049FAD2
:10E8200090F8B000003818BF012008BD085004005F
:10E8300048F203008B4F040008B558B9074908484F
:10E8400040F29D43074A08F03DFA40F29D410548D9
:10E8500008F02FFABDE80840FFF7BEBD08500400DD
:10E8600048F203008B4F040008B558B90A490B4819
:10E8700040F2A4430A4A08F025FA40F2A4410848AD
:10E8800008F017FA074B90F8B10003EB8000BDE8E1
:10E8900008400CF07DB800BF0850040048F20300A7
:10E8A0008B4F0400B40B002010B50C4658B90C492E
:10E8B0000C4840F2AB430C4A08F004FA40F2AB417A
:10E8C000094808F0F6F9094B90F8B10003EB800015
:10E8D0000CF044F80028A4BF2070002010BD00BF39
:10E8E0000850040048F203008B4F0400B40B0020D2
:10E8F0002DE9F3410D461646044658B938494FF400
:10E90000A563384A384808F0DDF94FF4A561354869
:10E9100008F0CFF90CF060F848B9344940F23543BB
:10E92000304A314808F0CEF940F23541EFE7204651
:10E930000CF047F82768F8B120460CF05BF88046E9
:10E94000D0B920460CF06CF80546FFF7FDFC47F8FF
:10E9500000803B58236803EB8503D3F8102542F071
:10E960000102C3F8102526B101232268AB40C2F88A
:10E97000143302B0BDE8F081D7F814339B035CBFB9
:10E980004FF40033C7F814334EB9194940F24F43DE
:10E99000144A154808F096F940F24F41B7E7284667
:10E9A000FFF75CFC04EB4004A38AC3F38203042B4F
:10E9B00011D0052B11D001A80195FFF793FC019B05
:10E9C000C168D94001F001010231284602B0BDE81A
:10E9D000F0410CF09BB80321F7E70221F5E700BFF7
:10E9E000085004008B4F040048F203001D5004003F
:10E9F0003E50040008B558B90749084840F22F5363
:10EA0000074A08F05FF940F22F51054808F051F924
:10EA1000BDE808400CF0B5B80850040048F2030007
:10EA20008B4F04002DE9F04F07468FB058B9744959
:10EA3000744840F25C63744A08F044F940F25C6147
:10EA4000714808F036F9804658F804BB90F8B14098
:10EA5000DBF814136D4BC9B253F83420584641F417
:10EA600000310CF062F8820305463AD510220021ED
:10EA70000AA80DF0C3FD654BE60003EBC404636810
:10EA80000AA819460193FFF779FC331D04934FF050
:10EA9000000A5F4B0DF128090393039A5B4912F8B2
:10EAA000013B0392049A02EBD3028A5C03F0070352
:10EAB00022FA03F3DB071AD40AF1010ABAF1040FB0
:10EAC00009F10409E9D14FF40031002258460CF055
:10EAD0002CF801990AA8FFF751FC0028D7D125F49A
:10EAE00000350124002D74D10FB0BDE8F08F494BE3
:10EAF00053440593D9F800100029DDD091FAA1F113
:10EB0000B1FA81F1059B1C7841EA44142046FFF7D5
:10EB1000A5FB07EB4000828AC808C2F38203CDE957
:10EB200006230293012319F8006001F0070103FA9C
:10EB300001F126EA010109F8001009A80994FFF77C
:10EB4000D1FB0999069A203150F8216012F0100F7C
:10EB5000079BC6F3014623D021464046029A0BF09C
:10EB600069FF09A80994FFF7BDFB099BF6B22033A2
:10EB700050F82330C3F301439E4207D100212046C1
:10EB80000BF0C4FF314620460BF0C0FF09A80994E2
:10EB9000FFF7A8FB0122099B02FA03F30362A9E72E
:10EBA000022E14BF02210321204606930BF0AEFF74
:10EBB000069B032B03D0022E07D1012BE6D1214661
:10EBC0004046029A0BF036FFE0E7032EDED1022B1F
:10EBD000F4E795FAA5F3B3FA83F304FA03F225EA0E
:10EBE000020503F5A2725BF8222007EB43034046BF
:10EBF000B3F8A010C2F301420BF01CFF72E700BF94
:10EC00000850040048F203008B4F040014E703008F
:10EC10001F6404001F6404000123034A03FA00F088
:10EC20009368034393607047F807002073B5044668
:10EC30000191EFF31186402383F31288BFF36F8FA6
:10EC40000B4D019B6A6801A8134001930BF086FEEF
:10EC5000002807DB01226B68824023EA02036B6015
:10EC60002070002086F31188BFF36F8F02B070BD53
:10EC7000F807002008B50649064840F2BA63064A7C
:10EC800008F020F840F2BA61034808F012F800BF1B
:10EC90007C50040048F203004950040008B5154BAD
:10ECA000027AD3F8101521F001010A43C3F81025A8
:10ECB0000268B2F5803F0BD30F4940F2B9730F4A97
:10ECC0000F4807F0FFFF40F2B9710C4807F0F1FF61
:10ECD000C3F8A4264268FF2A09D90A4940F2C4733E
:10ECE000064A074807F0EEFF40F2C471EDE7C3F8AB
:10ECF000AC2608BD00200E50A4500400495004006A
:10ED000048F20300CC5004000B2808B50BD80029AA
:10ED100009DB000100F1A04041EAC27100F5622068
:10ED2000C0F8281508BD0649064840F21653064AA1
:10ED300007F0C8FF40F21651034807F0BAFF00BFC2
:10ED40000651040048F20300495004000B2808B59E
:10ED50000BD911494FF4A063104A114807F0B2FFD4
:10ED60004FF4A0610D4807F0A4FFB3F5801F09D34D
:10ED70000C4940F20253094A094807F0A3FF40F248
:10ED80000251EFE7000100F1A04000F56220C0F859
:10ED90002025C0F8243508BDF25004004950040075
:10EDA00048F2030042510400012303FA00F010F07E
:10EDB000670F0AD0064B5B68DB4303F0670303422F
:10EDC0000CBF6FF01500002070474FF0FF30704708
:10EDD000F807002038B50F4B1B78012B0ED14FF0F0
:10EDE000FF306FF040410C4CD4E90023904271EBAE
:10EDF0000305F9D31046C3F3130138BD074908488A
:10EE000040F21913074A07F05DFF40F21911054857
:10EE100007F04FFFF807002040270E509B510400D9
:10EE200048F203005F51040030B50C25074B1C1855
:10EE300094F8544005FB0433C3E903121875012309
:10EE4000034A8340C2F8243330BD00BFF8070020D6
:10EE500000200E50F0B53D4D85B02C78002C6FD1C0
:10EE60003B4A01AB07CA83E807003A491846D1F884
:10EE7000102522F00202C1F81025FFF70FFF07232B
:10EE8000672202F001012144013BCCB24FEA520259
:10EE9000F7D1052C57D119464FF0010C2B4E002409
:10EEA0006720CFB204E00CFA02F220EA020001343B
:10EEB00090FAA0F25FFA84FE7745B2FA82F2F2D8B5
:10EEC0000131327505292A4482F8547006F10C0686
:10EED000E5D10121002420489A0801FA02F212F03B
:10EEE000670F18BF1C500433302BF5D1E420F1F725
:10EEF0000DFE184B1949D3F8102503F5C07322F005
:10EF00000202C3F8902340F6FF72C3F8A821002242
:10EF10001A60A3F5807004338B420260F8D101249B
:10EF20000C4B0F4A1C660F4B5D201B68B3FBF2F3C2
:10EF300058430D4B2343984700202C7005B0F0BD7B
:10EF40006FF07700FAE76FF08B00F7E7F807002023
:10EF500090DE030000200E5000210E50B0210E5014
:10EF600040420F004409002010DF030038B52C4B4D
:10EF70000D461B78012B0BD02A492B4840F2062363
:10EF80002A4A07F09FFE40F20621284807F091FE2A
:10EF9000274BD3F8102594073CD4D3F8102542F022
:10EFA0000202C3F81025C0B1D3F8482712F00102BD
:10EFB00002BFD3F8481741F00101C3F848171C4BB2
:10EFC000D3F84017D3F844174800F9D42AB9D3F836
:10EFD000482722F00102C3F84827164B164A1B683F
:10EFE000B3FBF2F3124A03EB4313B3B1D2F8401769
:10EFF000D2F8441749000BD44FF0FF312846FFF7F1
:10F0000015FE044610B92878FFF706FE204638BDE5
:10F01000013BEAE76FF07704F8E76FF07304F5E778
:10F02000F80700209B51040048F203005F510400E0
:10F0300000200E504409002040420F002DE9F0410D
:10F04000044616461D469DF81870FFF7ADFE58B1F0
:10F050001749184840F2BB23174A07F033FE40F225
:10F06000BB21154807F025FE14490B1993F85430BD
:10F070000C3301EBC30041F8332045602B4620469A
:10F080007FB1FFF763FE0E4BA2009B586BB1FFF7F9
:10F09000A1FEB042A94108D22046BDE8F0410BF0E4
:10F0A00092BDBDE8F041FFF751BEBDE8F08100BF61
:10F0B000C451040048F203005F510400F807002027
:10F0C00000210E50F8B50546FFF76EFE58B1114904
:10F0D000114840F21933114A07F0F4FD40F219319A
:10F0E0000E4807F0E6FD0E48431993F854300C33F0
:10F0F00050F8334000EBC30CDCF80460641846F1B0
:10F10000000640F83340CCF804602846BDE8F840DB
:10F11000FFF7FABDC451040048F203005F51040038
:10F12000F80700202DE9F3410127334B334DD3F885
:10F130002C6316B902B0BDE8F08196FAA6F0B0FAD9
:10F1400080F007FA00F30B286FEA030C26EA0306A7
:10F150004EDC2B1893F854400C2303FB04531A7D08
:10F1600082420BD02649274840F2B733264A07F09F
:10F17000A9FD40F2B731244807F09BFD2349DB6825
:10F18000820011447BB3224AD2E8EF3F03EA0C0E1F
:10F19000C2E8E8EFB8F1000FF6D1C340DB0719D59C
:10F1A000020102F1A04202F56222D2F82435D2F81F
:10F1B0002025D1F800C0BCF1000FBAD04FF0000CF0
:10F1C000C1F800C00C2101FB045421690091E168E1
:10F1D0008847AEE704F10C0305EBC30C55F8332068
:10F1E000DCF80430E5E70A68002AA2D00B60A0E74B
:10F1F0001A289ED1FFF73EFD00200E50F807002090
:10F20000E351040048F203005F51040000210E5056
:10F210008008002008B5124BA822002118460DF0E6
:10F22000EDF903220F49026142610F4A8161C26117
:10F230004FF480620262002282624262C262016610
:10F240000A49034641661021816609490267C26680
:10F25000426711F8010D98540132102AF9D108BD06
:10F2600010040020075204001000002000000020BD
:10F27000336404002DE9F74F1826DFF888808146B3
:10F2800006FB008700FB06667D6AD7F828C0464467
:10F290007368AC458B46144603EB050025D83B6AE2
:10F2A000A3EB050A0AF1FF3E724507D82C440DF086
:10F2B0007FF97C62012003B0BDE8F08FE64472451F
:10F2C0001ED8524601930DF073F9019B2C44E41AA9
:10F2D00005D0224670680BEB0A010DF069F918237E
:10F2E00003FB0988C8F82440E4E70CF1FF3CACEBD1
:10F2F000050C944504D325440DF05AF97D62D9E7F5
:10F300000020D8E7100400201822034B02FB003332
:10F310009A6A586A801A704710040020002310B4BB
:10F32000074A0849C85C12F8014D844204D10133F0
:10F33000102BF7D110BC704710BCFFF76BBF00BF9C
:10F340003364040010040020002310B586B0059338
:10F3500005AB029320230C46CDE900230A46412346
:10F36000014613480CF0A1F860B110F1870F1CD0D2
:10F3700010499A23104A114807F0A4FC9A210E481C
:10F3800007F097FC059B202B07D00A499E230A4AC9
:10F390000A4807F097FC9E21F1E7412220460849E0
:10F3A0000DF03BF9B0FA80F0400906B010BD00BF87
:10F3B00000000209985204001052040048F20300B1
:10F3C0003464040010B5002486B0059405AC0294A2
:10F3D0001024CDE9003413460A460D490CF058F8C4
:10F3E00048B10C49B0230C4A0C4807F06BFCB02123
:10F3F000094807F05EFC059B102B07D00549B12397
:10F40000054A064807F05EFCB121F1E706B010BDE1
:10F410000002C003985204001052040048F2030096
:10F4200008B50248D2F70CF9002008BDBC0B00203B
:10F43000002307B54122019301AB0BF067FF48B1F0
:10F440000B498A230B4A0C4807F03CFC8A210948E7
:10F4500007F02FFC019B412B07D005498B23054A60
:10F46000054807F02FFC8B21F1E703B05DF804FBA2
:10F47000985204001052040048F2030030B589B0DD
:10F4800004460D461822002102A80DF0B7F84FF4EB
:10F490001053ADF8043080234FF44062ADF80630CD
:10F4A0000C4B2146CDE9032301A82B46102204F082
:10F4B00017FF48B108490948C023094A07F002FC70
:10F4C000C021074807F0F5FB01A80CF03AF809B095
:10F4D00030BD00BF0002C0039852040048F2030090
:10F4E0001052040008B504F0B5FE48B105490648BD
:10F4F000C923064A07F0E6FBC921044807F0D9FBF7
:10F5000008BD00BF9852040048F2030010520400E6
:10F5100003460A4610B51948194C8168A1420FD21A
:10F52000184CA1420CD30C68C4B917497E23174A62
:10F53000174807F0C7FB174807F0C4FB7E210AE015
:10F540007C23124A1449124807F0BCFB13491448A3
:10F5500007F0B8FB7C210D4807F0ABFB1946A0472C
:10F5600058B110495923104A094807F0ABFB0F481E
:10F5700007F0A8FB59210C48EEE710BD74C9030041
:10F5800090D3030088D30300B1490400234804004A
:10F5900048F20300D149040057480400A949040077
:10F5A000B8F303006C01040010520400F749040092
:10F5B00010B588B004461822002102A80DF01EF8EC
:10F5C0004FF480420F4B2146CDE9032347F212133B
:10F5D000ADF804304FF4807301A8ADF8063004F0A4
:10F5E0004BFF48B1084909487D23094A07F06AFBE7
:10F5F0007D21074807F05DFB01A80BF0A2FF08B0D2
:10F6000010BD00BF000002099852040048F2030038
:10F610001052040038B5436905463BB90024EA6836
:10F620006042537843F00103537038BD9847044655
:10F630000028F3D000F1FF03FE2B0ED92123094A45
:10F6400009490A4807F03EFB29680948224607F0A5
:10F6500039FB2121034807F02CFBEB6844421C7066
:10F66000DDE700BF5F5204008252040048F203004D
:10F670009A52040010B50446EEF7D4FE0348012167
:10F68000034A08F094F920460BF023FBB4D503009D
:10F69000BF5204002DE9F84304460D4600AFEFF3D6
:10F6A0001188402383F31288BFF36F8F0428324AF6
:10F6B00098BF324BE9468AB09668117C98BF53F8E0
:10F6C00020306A4688BF2E4BCDE9073140F2013326
:10F6D0002C48ADF824302C4BCDE9050442F8103FFE
:10F6E00000234FF431512948EEF7F8FFCD4645B1DC
:10F6F000EB69C3F3080323B10121254A234808F02D
:10F7000056F92EB130460BF0ACFB08B1037803B9C3
:10F710002048E9468AB06A461F4B0790CDE9053676
:10F7200040F20133ADF820301C4B42F8103F00236B
:10F730004FF411511548EEF7D1FF2946CD4620462A
:10F74000FFF798FF042C0CD115499B23154A164846
:10F7500007F0B8FA154807F0B5FA9B21114807F0F1
:10F76000A8FA88F31188BFF36F8F3046F1F79AFA41
:10F77000BD46BDE8F88300BF5C0B012024E7030011
:10F78000CF520400DD52040005000001B4D503008F
:10F79000055304008CF60300265304000400000106
:10F7A000605304003E53040048F203007D530400FC
:10F7B00038B50A4B53F82040013053F82050A54289
:10F7C00000D838BD606830B1037EDB0701D4FFF795
:10F7D00021FF0834F3E723689847FAE738E7030086
:10F7E000012270B5404B414C414D86B01A70AC427D
:10F7F00012D9404940F22B133F4A404807F062FAC1
:10F800003F4807F05FFA40F22B113B4807F051FAEE
:10F8100054F8043B9847EAE7FAD30320FFF7C8FF00
:10F820000420FFF7C5FF374C374DAC42264626D99A
:10F8300036494323304A314807F044FA304807F04C
:10F8400041FA4321E1E754F80C3C059354F8103C8D
:10F85000049354F8143C039354F8183C029354F85E
:10F860001C3C019354F8203C009354E90A2354E9CA
:10F870000C0101F02BFF54F8303C5E65D5E7AE4239
:10F8800004F13004DFD302F08BFF1E4CAC421FD9D1
:10F890001E496723184A194807F014FA184807F058
:10F8A00011FA6721B1E7D4E90A23B3F1FF3F08BF9A
:10F8B000B2F1FF3F05D052EA0301206803D101F005
:10F8C0007FFF3034E2E71249183003F0BFFAF8E75F
:10F8D000E9D302F0D3FFEBF77BFC0E4A938923F0C8
:10F8E0000103938106B070BDC017012024D303002B
:10F8F00028D303001D540400FC53040048F2030005
:10F90000B307040028D3030088D30300495404003C
:10F91000ED210300A0000120882370B5134E0122C1
:10F9200003FB0066002386B0CDE904230F22019378
:10F93000CDE9023214234FF4A0720D4D0D4903FBA3
:10F940000055044602FB00110B4B3046009501F0B8
:10F95000BDFE337C2C7423F004033374074B013455
:10F9600003EBC423EE606B6006B070BD180001208D
:10F970005C0B0120D04D0120C5FD0200D0450120C7
:10F980007FB50020FFF714FF3F4B03F5006282F3C1
:10F99000088883F30A88E0233C4C84F82230202333
:10F9A000E377002323766376A37684F82030626AB7
:10F9B00042F4E022626284F82330F1F713F8F1F7A1
:10F9C0005BF94FF0FF33A362E362F1F785FBF1F7D8
:10F9D000D5F9EEF751FC2E4801F0E2FE2D4B2E4AF0
:10F9E00093420ED92D49C7232D4A2E4807F06AF9B4
:10F9F0002D4807F067F9C721294807F05AF91C3349
:10FA0000EEE7FCD3294C2A4DAC4210D9294940F2EB
:10FA10003723234A234807F055F9234807F052F9C2
:10FA200040F23721E8E754F8043B9847ECE7FAD373
:10FA30000120FFF7BDFE02201F4CFFF7B9FE02F0C8
:10FA4000A7FE1E4B00255C611D4B4FF460620593C1
:10FA500001231C49CDE9035320461B4BCDE9015539
:10FA6000009501F033FE0646237C204623F0040374
:10FA7000237402F043F92846FFF74EFF3146204633
:10FA8000114AF1F7D9F800BFD045012000ED00E0A0
:10FA9000D0010120B0C8030000CA0300765404005E
:10FAA000FC53040048F20300B307040020D3030012
:10FAB00024D303008E540400A00001205C0B01201D
:10FAC000B9540400104F0120E1F7020038B50D4C85
:10FAD0000D4DAC4213D90D4925230D4A0D4807F0B1
:10FAE000F1F80D4807F0EEF82521094807F0E1F894
:10FAF0002046D4E901120BF0F4F81834E9E7F7D303
:10FB0000002038BDC00D0020D80D00202B5504006A
:10FB1000C154040048F20300B307040038B50C4C8C
:10FB20000C4DAC4212D90C49A0230C4A0C4807F0EA
:10FB3000C9F80C4807F0C6F8A021084807F0B9F842
:10FB400020460BF0D8F810B92034EAE7F8D338BDD6
:10FB5000600D0020C00D00206955040044550400CC
:10FB600048F20300B30704002DE9F74305460F46AA
:10FB700091461C4600F10806EFF31188402383F3F9
:10FB80001288BFF36F8F304603F028F860B98F23D7
:10FB9000314A3249324807F095F83146314807F08A
:10FBA00091F88F212C4826E0304603F077F82B6936
:10FBB0001BB33B601C68EB692C610133EB6114B92A
:10FBC0006A6993421FD0EB68E41A09D4D5E905238A
:10FBD0005A43A24204D9B4FBF3F203FB124494B19A
:10FBE0002149E823214A1E4807F06CF8204807F015
:10FBF00069F8E8211D4807F05CF859EA040214D1BD
:10FC00006FF00B043B60304602F0F6FFF0B940F2B3
:10FC10003D13114A1749124807F054F83146164867
:10FC200007F050F840F23D11BCE7CDE900942A46B8
:10FC30004146304602F026FB044618B90F4B9B683C
:10FC40005B693B60204603B0BDE8F08388F3118810
:10FC5000BFF36F8FF6E700BF75010400A201040037
:10FC600048F20300B701040086550400445504001F
:10FC700002560400CD010400E40104005C0B0120E5
:10FC80002DE9F843C3680546CB1A0E4623D4D0E9C4
:10FC90000512514399421ED9B3FBF2F102FB113315
:10FCA000CBB900F10807EFF31189402383F31288E1
:10FCB000BFF36F8F384602F091FFD8B98F23364AD1
:10FCC0003649374806F0FEFF3946364806F0FAFF57
:10FCD0008F2131480CE034494FF48873334A30485F
:10FCE00006F0F0FF324806F0EDFF4FF488712F4820
:10FCF00006F0DFFF384602F0D1FFD5F81080B8F1EA
:10FD0000000F2AD12C68A54227D034B3A36843B989
:10FD100028492348E323284A06F0D4FFE321264854
:10FD2000E6E7D4E9003213605A60237CC4E9008816
:10FD300023F002032374C4F8088004F1180003F0D0
:10FD400065F92046C4F8808066610BF0BAF8494630
:10FD50003846BDE8F8430BF0CCB8C6F80080EB6934
:10FD60003846013B2E61EB6102F046FF68B940F274
:10FD70003D13094A11490A4806F0A4FF39461048C4
:10FD800006F0A0FF40F23D11A3E789F31188BFF30D
:10FD90006F8FBDE8F88300BF75010400A201040065
:10FDA00048F20300B70104009852040044550400CF
:10FDB0001D5604006A5604003F560400CD0104009D
:10FDC000E401040010B50D4B9B6893F90E30002B35
:10FDD00009DB4024EFF3118384F31288BFF36F8FA4
:10FDE00008F0D1F9F6E7064906481C23064A06F052
:10FDF00069FF1C21044806F05CFF00BF5C0B01207A
:10FE0000A256040048F20300815604002DE9F34194
:10FE1000044617461E46EFF3058565B15449742321
:10FE2000544A554806F04EFF544806F04BFF7421E3
:10FE3000504806F03EFFEFF31188402383F3128809
:10FE4000BFF36F8F4E4802F0C9FE60B98F234D4A51
:10FE50004D49494806F036FF49494C4806F032FF03
:10FE60008F214848E5E7464802F018FF484BE26812
:10FE70009B6892B1A068984227D057EA06022CD11D
:10FE80003F4802F0B9FE90B188F31188BFF36F8F3D
:10FE90006FF00F0002B0BDE8F08193F90E1001324F
:10FEA000C4E902323648216102F0A6FE78B940F278
:10FEB0003D13344A3749304806F004FF304936488C
:10FEC00006F000FF40F23D11CBE72169E7E788F338
:10FED0001188BFF36F8F0020DCE793F90E1090F9C3
:10FEE0000E30994205DA9942A8BF19460AF025FF5B
:10FEF000054622464146CDE90076214802F0C2F986
:10FF00000028E8D0EFF31186402383F31288BFF373
:10FF10006F8F1B4802F062FE002897D0184802F04D
:10FF2000BDFEA068C0B1236821699C420AD04BB1D4
:10FF300093F90E309942A8BF19466FF07F0399429A
:10FF4000B8BF19460AF0F9FE30B131460C480AF044
:10FF5000D0FF6FF00A009DE7002DF6D1084802F0AF
:10FF60004BFE0028A3D086F31188BFF36F8FF0E714
:10FF7000EC560400CA56040048F20300FE56040082
:10FF80007C0B012075010400A2010400B7010400EC
:10FF90005C0B0120CD010400E4010400F8B5054626
:10FFA000EFF3058666B14949EB23494A494806F013
:10FFB00089FE494806F086FEEB21454806F079FEA9
:10FFC0008368002B7CD0454A926893427BD1C368FA
:10FFD0004BB9434940F203133D4A3E4806F072FED6
:10FFE00040F20311E9E7012B03D0013BC36000207D
:10FFF000F8BDEFF31187402383F31288BFF36F8FAF
:020000023000CC
:10000000384802F0EBFD60B98F23374A3749314851
:1000100006F058FE3349364806F054FE8F21324828
:10002000CCE7304802F03AFE2969A8680AF085FE5C
:100030002C68A54215D100232A48C5E9023302F0F5
:10004000DBFD002837D140F23D13274A29492148DA
:1000500006F038FE2349284806F034FE40F23D11F0
:10006000DDE7002CE7D0A36843B924491948E3230E
:10007000234A06F027FEE32121489FE7D4E9003216
:1000800013605A60237CC4E9006623F002032374E2
:10009000A66004F1180002F0B9FFAC6094F90E30CC
:1000A00020462B61C4F880600AF00BFF39460D48EA
:1000B0000AF01FFF9BE787F31188BFF36F8F96E766
:1000C0006FF0150094E74FF0FF3091E7EC56040015
:1000D000CA56040048F20300FE5604005C0B0120DF
:1000E000235704007C0B012075010400A2010400C9
:1000F000B7010400CD010400E40104006A560400C5
:100100003F56040008B583684BB90B490B48E323FD
:100110000B4A06F0D7FDE321094806F0CAFDD0E9F5
:10012000003213605A600023027CC0E9003322F0E1
:1001300002020274836008BD6A56040048F203009C
:100140003F5604002DE9F84391469DF820200446CF
:100150000D46DDF8248002B14568224652F80C6F46
:1001600004F10807964216D0AEB100243046FFF7DE
:10017000C9FF06F1180002F049FF3046C6F880407A
:10018000C6F814900AF09DFE414638460AF0B1FECA
:100190002046BDE8F883A3B1082003F0CDFB00287A
:1001A00041D00122C0F804900260016801F003010F
:1001B0005DB922680A430260626820606AB96060C3
:1001C0000BE04846C9F80030EFE72A68032A1FD839
:1001D00001606168B1B9C4E900000024384602F04A
:1001E0000BFD18BB40F23D13134A1449144806F0A6
:1001F00069FD3946134806F065FD40F23D110E4891
:1002000006F057FD0A6802F0030202430A60D6E7CF
:1002100022F003020A4302602A6802F0030240EA65
:1002200002032B60D9E76FF00B04D7E788F311883E
:10023000BFF36F8FACE700BF75010400CD01040070
:1002400048F20300E4010400F7B504460D4600F14E
:100250000806EFF31187402383F31288BFF36F8FF3
:10026000304602F0BBFC68B98F230D4A0D490E4899
:1002700006F028FD31460D4806F024FD8F21084880
:1002800006F017FD304602F009FD0123009300231C
:100290002A46194620460197FFF754FF03B0F0BDE8
:1002A00075010400A201040048F20300B701040034
:1002B000F7B504460D4600F10806EFF31187402319
:1002C00083F31288BFF36F8F304602F087FC68B962
:1002D0008F230D4A0D490E4806F0F4FC31460D48B7
:1002E00006F0F0FC8F21084806F0E3FC304602F0EF
:1002F000D5FC00232A461946204601970093FFF7B4
:1003000021FF03B0F0BD00BF75010400A20104008D
:1003100048F20300B70104002DE9F7430646904672
:100320001F4600F10805EFF31189402383F312887B
:10033000BFF36F8F284602F051FC68B98F23264A1D
:100340002649274806F0BEFC2946264806F0BAFC96
:100350008F21214806F0ADFC284602F09FFC34684E
:100360000CB32368726823F00303944208BF7360E0
:10037000336023689B0704D06668204603F068FA60
:100380003446284602F038FCE8B940F23D13124AE0
:100390001549134806F096FC2946144806F092FCCD
:1003A00040F23D11D5E758EA0703EAD0494628460E
:1003B000CDE9008706F10C0201F064FF38B90C4B5F
:1003C0009B685C6903E089F31188BFF36F8F204657
:1003D00003B0BDE8F08300BF75010400A201040072
:1003E00048F20300B7010400CD010400E401040059
:1003F0005C0B012070B5044600F10805EFF311868F
:10040000402383F31288BFF36F8F284602F0E6FB88
:1004100068B98F23164A1749174806F053FC294636
:10042000164806F04FFC8F21114806F042FC284682
:1004300002F034FC24681CB123689B0718BF646871
:10044000284602F0D9FB68B940F23D13084A0C492E
:10045000094806F037FC29460A4806F033FC40F20A
:100460003D11E1E786F31188BFF36F8F204670BD21
:1004700075010400A201040048F20300B701040062
:10048000CD010400E401040008B583684BB90B49B1
:100490000B48E3230B4A06F015FCE321094806F05C
:1004A00008FCD0E9003213605A600023027CC0E9E6
:1004B000003322F002020274836008BD6A56040011
:1004C00048F203003F56040070B50446EFF311866E
:1004D000402383F31288BFF36F8F254802F07EFB21
:1004E00068B98F23234A2449244806F0EBFB2049AE
:1004F000234806F0E7FB8F211E4806F0DAFB1C4874
:1005000002F0CCFB2568AC4214D09DB12846FFF721
:10051000BBFF05F1180002F079FD00232846C5F85D
:1005200080306B610AF0CDFC3146BDE87040104868
:100530000AF0DFBCD4E902329A4218BF01330C48FA
:10054000A36002F059FB68B940F23D13094A0D4916
:100550000A4806F0B7FB06490B4806F0B3FB40F229
:100560003D11C9E786F31188BFF36F8F70BD00BFDF
:10057000800B012075010400A201040048F2030071
:10058000B7010400CD010400E4010400F7B50446FE
:1005900016461D46EFF305837BB152EA05030CD0E6
:1005A0002D4983232D4A2E4806F08CFB2D4806F05A
:1005B00089FB8321294806F07CFBEFF31187402358
:1005C00083F31288BFF36F8F274802F007FB60B9EF
:1005D0008F23264A2649224806F074FB22492548E3
:1005E00006F070FB8F212148E5E71F4802F056FB1B
:1005F000A368D3B1013B1C48A36002F0FDFA68B9BF
:1006000040F23D13194A1C49154806F05BFB164998
:100610001A4806F057FB40F23D11E4E787F31188D2
:10062000BFF36F8F002003B0F0BD56EA05030BD176
:100630000D4802F0E1FA0028E2D087F31188BFF3F9
:100640006F8F6FF00F00EEE722463946CDE9006567
:10065000054801F017FEE6E75A5704003A57040030
:1006600048F2030028550400800B012075010400A6
:10067000A2010400B7010400CD010400E40104005C
:10068000F8B50546EFF31187402383F31288BFF3D3
:100690006F8F264802F0A2FA064668B98F23244AD3
:1006A0002449254806F00EFB2049244806F00AFBA1
:1006B0008F211F4806F0FDFA1C4802F0EFFA0023D4
:1006C0002C68A54212D08CB12046FFF7DDFE04F164
:1006D000180002F09BFC6FF00A03C4F8803000237E
:1006E000204663610AF0EDFB3346E9E70022AA6089
:1006F0002BB13946BDE8F8400C480AF0FABB0B486C
:1007000002F07AFA68B940F23D13094A0C490A48E6
:1007100006F0D8FA05490B4806F0D4FA40F23D112C
:10072000C7E787F31188BFF36F8FF8BD800B0120F7
:1007300075010400A201040048F20300B70104009F
:10074000CD010400E401040007B5064B4FF400623C
:10075000009305494FF0FF33044800F0B7FC03B0A5
:100760005DF804FB50E70300105D01202801012023
:1007700008B583684BB90B490B48E3230B4A06F0D5
:10078000A1FAE321094806F094FAD0E90032136097
:100790005A600023027CC0E9003322F00202027496
:1007A000836008BD6A56040048F203003F56040007
:1007B0002DE9F04104460E460C3003210AF0E1FA1F
:1007C000054630B140271034204602F01FFC0B30A4
:1007D00002D02846BDE8F0811A48D6F8008002F021
:1007E0000BFA78B940F23D13174A1849184806F039
:1007F00069FA1449174806F065FA40F23D111248AB
:1008000006F057FA88F31188BFF36F8FEFF3118862
:1008100087F31288BFF36F8F0A4802F0DFF958B9E7
:100820008F23094A0C490A4806F04CFA05490B483F
:1008300006F048FA8F21E2E7024802F02FFAC6F8E4
:100840000080C1E78C0B012075010400CD0104007C
:1008500048F20300E4010400A2010400B70104000F
:100860002DE9FF4704464FF040084FF0FF364FF0A8
:10087000FF37EFF3118988F31288BFF36F8F7E483B
:1008800002F0ACF968B98F237C4A7D497D4806F0B7
:1008900019FA79497C4806F015FA8F21774806F055
:1008A00008FA754802F0FAF9D4F88C50F5B902212B
:1008B00004F1A4000AF065FA002840D004F19C0A73
:1008C000D4F89C5055454CD0002D4AD02846FFF70F
:1008D0004FFF05F1180002F099FB0123C5F88030A5
:1008E000002328466B610AF0ECFAE9E7D4F890207F
:1008F0002B68954208BFC4F89030C4F88C30D4F807
:10090000A4305D4843F00203C4F8A430EB68D5F886
:1009100004A023F0040343F00103EB6002F06CF940
:1009200050BB40F23D13554A5849564806F0CAF9A3
:100930005149574806F0C6F940F23D11AEE7D4F8E8
:10094000A430DD060DD5C4F8A4004B4802F054F9DC
:100950000028E6D089F31188BFF36F8F04B0BDE89B
:10096000F08700234946CDE90067029304F1940221
:10097000414802F04BF87CE789F31188BFF36F8F91
:10098000BAF1000F0AD143493E484FF43D73424A41
:1009900006F098F94FF43D713F4880E72846D0476C
:1009A000EFF3118988F31288BFF36F8F324802F09A
:1009B00015F900283FF467AF2F4802F06FF9EB6894
:1009C000D90623F001023DD4EA60EB689A071CD5F2
:1009D000DFF8C8C023F00203DCF80000EB60A0B130
:1009E0000021036888B1426895423BD1036889BB06
:1009F000DCF80420CCF80030904201D1CCF804306F
:100A0000002340F8083BFFF75FFDD4F8A43023F043
:100A10000203C4F8A430DB052CD4D4F88C50003D7C
:100A200018BF0125144802F0E7F800283FF479AF19
:100A300089F31188BFF36F8F002D3FF41AAF00F0D8
:100A4000C1FF16E723F01103EB6005F11000FFF77B
:100A50003BFDBAE70B60DCF80430984208BFCCF8E5
:100A60000410CDE701461BB11A6818461346B9E7D2
:100A70001A46FAE70025D5E78C0B01207501040022
:100A8000A201040048F20300B7010400CD010400F4
:100A9000E4010400F2570400B0570400840B012065
:100AA00070B5C3680546C3F340069B070C460DD5D9
:100AB0000122002104F108000AF057F90023236005
:100AC000054B65605A681AB9C3E90044304670BDE9
:100AD00014605C60FAE700BF840B0120F8B5C368BE
:100AE00004469A070E46C3F340054FD45F074FD420
:100AF0000B680BB983680B60E368D80736D5A36829
:100B00005BB92549254840F25713254A06F0DAF823
:100B100040F25711224806F0CCF8022533603768BE
:100B200067B3204B9A68D7F888309A4220D10AF0F0
:100B30008FF980F00100C0B2D7F8A430D907C3F311
:100B400080021ED502B308B300232360D7F890308B
:100B500083B9C7E9234438460AF01FF9E36843F034
:100B60000403E3603368A3602846F8BD0125D6E797
:100B70000020E1E71C60C7F89040ECE76FF0150536
:100B800006E06FF0120503E01B07DDD56FF00F05DF
:100B900000233360E8E700BFD157040048F20300A8
:100BA000B05704005C0B012073B50446EFF31185C8
:100BB000402383F31288BFF36F8F1E4802F00EF8B4
:100BC00068B98F231C4A1D491D4806F07BF8194956
:100BD0001C4806F077F88F21174806F06AF8154888
:100BE00002F05CF800230321201F0193A4F11006FA
:100BF0000AF0C7F828B1A369304601A90193FFF7AD
:100C00006DFF0C4801F0F8FF68B940F23D130A4A45
:100C10000D490B4806F056F806490C4806F052F804
:100C200040F23D11D8E785F31188BFF36F8F02B012
:100C300070BD00BF8C0B012075010400A2010400EF
:100C400048F20300B7010400CD010400E4010400F0
:100C500038B50D46044648B90C499C230C4A0D484A
:100C600006F030F89C210A4806F023F839B90A4901
:100C70009D23074A074806F025F89D21F3E7102237
:100C800000210BF0BBFC656038BD00BF8D5804002F
:100C9000B057040048F20300F2570400F8B5C368E7
:100CA000064603F00503002B0C4614BF012700275E
:100CB00029D085685DB91D491D4840F2C1131D4A00
:100CC00006F000F840F2C1111A4805F0F2FF0122C7
:100CD000002104F110000AF048F820461649FFF7F9
:100CE000B7FFE36843F01003E360F3685B0712D5D6
:100CF000336823606BB9D5F8903033B9C5E9234424
:100D000028460AF04AF83846F8BD1C60C5F89040FD
:100D1000F6E73460F4E7D5F88C302360D5F89030EE
:100D2000C5F88C40002BEBD1F0E700BFD75704008B
:100D300048F20300B057040099AD030038B50446EB
:100D4000EFF31185402383F31288BFF36F8F1848A8
:100D500001F044FF68B98F23164A1749174805F078
:100D6000B1FF1349164805F0ADFF8F21114805F07A
:100D7000A0FF0F4801F092FFE4680D4804F01F0443
:100D800001F03AFF68B940F23D130A4A0D490B4899
:100D900005F098FF06490C4805F094FF40F23D111C
:100DA000E4E785F31188BFF36F8F204638BD00BF9D
:100DB0008C0B012075010400A201040048F203001D
:100DC000B7010400CD010400E401040037B50C466E
:100DD000019059B9284940F27D13284A284805F066
:100DE00071FF40F27D11254805F063FF4B684BB958
:100DF00024494FF4BF73214A214805F063FF4FF4A3
:100E0000BF71F0E7EFF31185402383F31288BFF33E
:100E10006F8F1D4801F0E2FE60B98F231B4A1C4909
:100E2000174805F04FFF18491A4805F04BFF8F216E
:100E30001648D9E7144801F031FF204601A9FFF711
:100E40004DFE0446104801F0D7FE68B940F23D134C
:100E50000E4A11490A4805F035FF0B490F4805F0C5
:100E600031FF40F23D11E3E785F31188BFF36F8F47
:100E7000204603B030BD00BF8D580400B0570400B9
:100E800048F20300EC5704008C0B012075010400AC
:100E9000A2010400B7010400CD010400E401040034
:100EA0000146014809F0C4BF2801012070B50C4675
:100EB000054658B9384940F2CD13384A384805F04C
:100EC00001FF40F2CD11354805F0F3FEC368DB05A4
:100ED00009D534494FF4E773304A314805F0F2FE42
:100EE0004FF4E771EFE709F0B3FF48B12E4940F244
:100EF000CF132A4A2A4805F0E5FE40F2CF11E2E777
:100F00004CB92A494FF4E873244A254805F0DAFE23
:100F10004FF4E871D7E7EFF31186402383F312888B
:100F2000BFF36F8F224801F059FE60B98F23214A29
:100F300021491B4805F0C6FE1D49204805F0C2FEA8
:100F40008F211C48C0E71A4801F0A8FE2846214618
:100F5000FFF7A4FE0546164801F04EFE68B940F2C0
:100F60003D13144A16490E4805F0ACFE10491548C9
:100F700005F0A8FE40F23D11E3E786F31188BFF3C8
:100F80006F8F3DB14FF0FF324FF0FF3304F110008F
:100F9000FFF7FCFA284670BD8D580400B0570400D6
:100FA00048F20300095804005A3C04003858040071
:100FB0008C0B012075010400A2010400B70104009C
:100FC000CD010400E401040038B5044658B92849AD
:100FD00040F22B23274A284805F074FE40F22B21CB
:100FE000244805F066FEC368DB0509D523494FF4A4
:100FF0000B73204A204805F065FE4FF40B71EFE7B4
:10100000EFF31185402383F31288BFF36F8F1C48E1
:1010100001F0E4FD60B98F231A4A1B49164805F018
:1010200051FE1749194805F04DFE8F211548D8E7A4
:10103000134801F033FE204609F0C7FE044610486D
:1010400001F0DAFD68B940F23D130E4A10490A4832
:1010500005F038FE0A490F4805F034FE40F23D1114
:10106000E4E785F31188BFF36F8F204638BD00BFDA
:101070008D580400B057040048F2030009580400DA
:101080008C0B012075010400A2010400B7010400CB
:10109000CD010400E401040008B558B90849094825
:1010A00040F22733084A05F00DFE40F2273106488A
:1010B00005F0FFFDA82200210BF0A0FA08BD00BF3B
:1010C000D757040048F20300B0570400F0B589B0C8
:1010D00004460E9D58B92F494FF455732E4A2F4898
:1010E00005F0F0FD4FF455712B4805F0E2FD49B9CC
:1010F0002B4940F25533284A284805F0E3FD40F2D9
:101100005531F1E7D0F8A40010F0010009D02549CD
:1011100040F25633204A214805F0D4FD40F25631C2
:10112000E2E7C4E9230004F19400C4E9250004F1D6
:101130009C00C4E9270055B32879002840F201102B
:1011400008BF0120C4F8A40000204FF0FF364FF084
:10115000FF37CDE90330CDE90100CDE90667204630
:10116000114B009400F084FB55B1296811B1204661
:1011700009F074FE6B791BB1A38943F00103A381CD
:10118000204600F01DFBC4F8884009B0F0BD0120E6
:10119000D8E700BF80580400B057040048F20300AD
:1011A000865804004C5804006108030038B50D4609
:1011B000044658B90F4940F209430F4A0F4805F059
:1011C00081FD40F209410C4805F073FD49B90C4915
:1011D00040F20A43084A094805F074FD40F20A410A
:1011E000F1E7302200210BF009FA4FF480736560BB
:1011F000E36038BD8C580400B057040048F2030087
:10120000F257040038B5044658B92149214840F244
:101210001A43214A05F056FD40F21A411E4805F0D6
:1012200048FDEFF31185402383F31288BFF36F8FDE
:101230001A4801F0D3FC60B98F23194A194915489F
:1012400005F040FD1549184805F03CFD8F21144874
:10125000E5E7124801F022FDE468104804F01F049D
:1012600001F0CAFC68B940F23D130D4A0F49094824
:1012700005F028FD09490E4805F024FD40F23D1116
:10128000E5E785F31188BFF36F8F204638BD00BFB7
:101290008C58040048F20300B05704008C0B012066
:1012A00075010400A2010400B7010400CD0104008F
:1012B000E4010400F7B50C4616461D46019058B9E6
:1012C000334940F28D43334A334805F0FBFC40F28A
:1012D0008D41304805F0EDFC49B9304940F28E436C
:1012E0002C4A2D4805F0EEFC40F28E41F1E7EFF379
:1012F0001187402383F31288BFF36F8F284801F0D2
:101300006DFC60B98F23274A2749234805F0DAFC92
:101310002349264805F0D6FC8F212248DAE72048E9
:1013200001F0BCFCE36813F01E0F27D155EA06025A
:1013300016D1204601A9FFF7D1FB0446184801F059
:101340005BFCE8B940F23D13164A1949124805F012
:10135000B9FC1349174805F0B5FC40F23D11DCE734
:1013600043F00803E360019B04F11000A3623246DE
:101370002B46114901F06AFD0124DFE70024DDE777
:1013800087F31188BFF36F8F204603B0F0BD00BF15
:10139000D7570400B057040048F203008C580400EB
:1013A0008C0B012075010400A2010400B7010400A8
:1013B000CD010400E4010400A90B0300014601482B
:1013C000FFF778BF28010120F0B585B00C4616461E
:1013D0001D46019058B934494FF49663334A344856
:1013E00005F070FC4FF49661304805F062FC49B995
:1013F000304940F2B1432D4A2D4805F063FC40F2DC
:10140000B141F1E7EFF31187402383F31288BFF373
:101410006F8F294801F0E2FB60B98F23274A2849E2
:10142000234805F04FFC2449264805F04BFC8F214A
:101430002248DAE7204801F031FC204603A903974F
:10144000FFF7B6F955EA0603039F16D1204601A916
:10145000FFF744FB0446184801F0CEFBE0B940F228
:101460003D13164A1849124805F02CFC124917483A
:1014700005F028FC40F23D11DAE7E36804F11000C2
:1014800043F00803E360019B3246A36210492B46F8
:1014900001F0DCFC0124DEE787F31188BFF36F8FD6
:1014A000204605B0F0BD00BFD7570400B057040078
:1014B00048F203008C5804008C0B012075010400D5
:1014C000A2010400B7010400CD010400E4010400FE
:1014D000A90B030001460148FFF776BF2801012050
:1014E00037B5044658B92549254840F2D243254A24
:1014F00005F0E8FB40F2D241224805F0DAFBEFF3B9
:101500001185402383F31288BFF36F8F1E4801F0CB
:1015100065FB60B98F231D4A1D49194805F0D2FBB0
:1015200019491C4805F0CEFB8F211848E5E71648FD
:1015300001F0B4FB204601A90195FFF739F92046D7
:10154000019D09F042FC04460F4801F055FB68B9C3
:1015500040F23D130D4A1049094805F0B3FB0A4912
:101560000E4805F0AFFB40F23D11DEE785F3118830
:10157000BFF36F8F204603B030BD00BF8C5804000E
:1015800048F20300B05704008C0B012075010400E1
:10159000A2010400B7010400CD010400E40104002D
:1015A0002DE9F3410E46054658B93D4940F2E34363
:1015B0003C4A3D4805F086FB40F2E341394805F0DE
:1015C00078FB49B9394940F2E443364A364805F0D8
:1015D00079FB40F2E441F1E709F03AFC044648B1F6
:1015E000334940F2E5432F4A2F4805F06BFB40F2A8
:1015F000E541E3E7EFF31187402383F31288BFF35C
:101600006F8F2C4801F0EAFA60B98F232A4A2B49E0
:10161000254805F057FB2749294805F053FB8F2142
:101620002548CCE7234801F039FBEB6803F01F03A2
:10163000002B14BF4FF001084FF000080DD001A996
:1016400028460197FFF7B4F82846019F09F0BDFB33
:1016500031462846FFF724FA0446164801F0CCFA32
:1016600068B940F23D13144A16490F4805F02AFBA9
:101670001049154805F026FB40F23D11D0E787F3ED
:101680001188BFF36F8F3CB14FF0FF324FF0FF3343
:1016900006F10800FEF77AFF404602B0BDE8F0818F
:1016A0008C580400B057040048F203003858040076
:1016B0005A3C04008C0B012075010400A2010400B7
:1016C000B7010400CD010400E40104002DE9F0435A
:1016D00085B00F9D04460F2D0F46984615D12A4B15
:1016E000984516D040F27933284A2949294805F00F
:1016F000E9FA294628486FF00F030E2205F0E2FAB6
:1017000040F27931214805F0D4FA05F110031E2B7F
:10171000E8D804F15803C4E91633109B00260020D2
:101720000021A3810423A573D51D25F0070507EB30
:101730000509C4E90801237449462046C4E9066640
:10174000A660E673EEF7CCFE0E9B073020F0070094
:101750002067C4E91A7502930D9BA9EB0009019358
:101760000C9B4A460093394643462046EFF748FA19
:101770000A4B66659B6823B94846636705B0BDE8B8
:10178000F0835B6FF8E700BFC5FD0200A1580400BD
:10179000C458040048F20300445904005C0B0120C3
:1017A000012310B50374838100230446C0E91A3372
:1017B00002F0BCF8014B9C6010BD00BF5C0B012027
:1017C00038B50446EFF31185402383F31288BFF345
:1017D0006F8F204801F002FA68B98F231E4A1F4913
:1017E0001F4805F06FFA1B491E4805F06BFA8F2160
:1017F000194805F05EFA174801F050FA237C5B07A0
:1018000010D504F1180001F001FC237C204623F0E0
:101810000403237409F055FB2946BDE838400D4800
:1018200009F067BB0B4801F0E7F968B940F23D13D6
:10183000094A0D490A4805F045FA06490B4805F0E2
:1018400041FA40F23D11D3E785F31188BFF36F8F62
:1018500038BD00BF900B012075010400A2010400F7
:1018600048F20300B7010400CD010400E4010400C4
:10187000F0B587B00446DDE91276EFF3058575B162
:10188000194940F2EA33194A194805F01BFA194878
:1018900005F018FA40F2EA31144805F00AFA059505
:1018A000109D04950F9D03950E9D02950D9D01952C
:1018B0000C9D0095FFF70AFFB6F1FF3F08BFB7F197
:1018C000FF3F05D056EA070305D12046FFF778FF12
:1018D000204607B0F0BD3A46334604F118000649E9
:1018E00001F0B4FAF4E700BFEC560400A15804007C
:1018F00048F2030075590400ED21030070B5044659
:101900008689EFF31185402383F31288BFF36F8F2D
:10191000224801F063F968B98F23214A21492248FE
:1019200005F0D0F91D49214805F0CCF98F211C485C
:1019300005F0BFF9194801F0B1F9237C1A0716D553
:10194000164801F059F968B940F23D13144A184994
:10195000154805F0B7F91149164805F0B3F940F2FA
:101960003D11E4E785F31188BFF36F8F70BD01224D
:101970002946204600F008FAF307F7D540F2BF6386
:101980000D4A0E49084805F09DF921460C4805F01E
:1019900099F940F2BF610848CAE700BF900B0120E7
:1019A00075010400A201040048F20300B70104001D
:1019B000CD010400E4010400A15804009A59040078
:1019C000A559040008B5EFF3058373B1094940F246
:1019D0003573094A094805F075F9094805F072F9A7
:1019E00040F23571044805F064F9BDE8084000F0A4
:1019F0003FBB00BFEC560400A158040048F20300AE
:101A00002855040038B590F910200146002A037CBF
:101A10001BDA224A03F07F039042037409D1204964
:101A20003D23204A204805F04DF93D211D4805F091
:101A300040F9DC0707D51D493E231A4A1A4805F02C
:101A400041F93E21F2E709F00EFA194D2A4652F803
:101A5000184FAB68944200D004B9EC688B4214D0A4
:101A60005BB91449EA23144A0F4805F02BF91348CF
:101A700005F028F9EA211048D9E71A7CD20604D1EA
:101A8000DA897F2A01D9A2692AB1A34202D020466D
:101A900009F03EFA23466B6138BD00BF18000120F3
:101AA000ED590400C359040048F203000E5A040023
:101AB0005C0B0120535A0400275A040028550400E7
:101AC00010B50021044601F011F96FF00A01094A2E
:101AD0009368C3F880100849DC674B6843F0805373
:101AE0004B60002383F31188BFF36F8F9368D3F8A3
:101AF000800010BD5C0B012000ED00E070B50446D5
:101B00000D46F9B9EFF30586E6B91A4B5A699B6899
:101B10009A4217D001F070F878B94FF4BF73164AA3
:101B20001649174805F0CEF82146164805F0CAF8C0
:101B30004FF4BF71104805F0BCF83046BDE8704066
:101B4000FFF7BEBF204601F057F868B940F23D13D9
:101B5000094A0A490A4805F0B5F82146094805F03E
:101B6000B1F840F23D11E5E785F31188BFF36F8FBF
:101B700070BD00BF5C0B012075010400CD010400A5
:101B800048F20300E401040070B590F91020037CD2
:101B9000002A49DBD90647D163F07F030374264B43
:101BA000984209D1254926483523264A05F08AF866
:101BB0003521244805F07DF8234C224652F8183F81
:101BC000E169934207D1C0E900210860E0610FE0BC
:101BD0009942F8D01B68002BF5D093F90E6090F96C
:101BE0000E50AE42F4DD5968C0E90031086058601B
:101BF000A569954200D005B9E568A3685BB91349AA
:101C0000EA23134A0E4805F05DF8124805F05AF829
:101C1000EA210F48CEE71A7CD20606D1DA897F2A5C
:101C200003D9AA690AB9636170BDAB4202D02846E4
:101C300009F06EF96561F7E718000120ED5904001D
:101C400048F20300C35904005C0B0120535A0400FE
:101C5000275A04002855040008B583684BB9094980
:101C60000948E323094A05F02DF8E321074805F068
:101C700020F809F0F8F8037C23F002030374002332
:101C8000836008BD6A56040048F203003F56040012
:101C900038B5184CA168E0690B68814214BF1A4638
:101CA000002249680B605960A368E1692AB9124AA9
:101CB000C3E900210B60E3610AE092F90E5093F949
:101CC0000E00854212DD5168C3E900210B605360AC
:101CD000A569094B9D4200D005B9E568A3689D42FE
:101CE00002D0284609F014F9656138BD8A42DED079
:101CF0001268DBE75C0B0120740B012038B5044649
:101D0000EFF31185402383F31288BFF36F8F1748D9
:101D100000F064FF68B98F23154A1649164804F08D
:101D2000D1FF1249154804F0CDFF8F21104804F06F
:101D3000C0FF0E4800F0B2FF2046FFF725FF0B481A
:101D400000F05AFF68B940F23D13094A0C490A48AD
:101D500004F0B8FF05490B4804F0B4FF40F23D1110
:101D6000E4E785F31188BFF36F8F38BD900B012036
:101D700075010400A201040048F20300B701040049
:101D8000CD010400E40104002DE9F047B2F10008A0
:101D90000CBF4FF010094FF00809027C044619EA05
:101DA000020F0D4640F0A88049EA0203D2090DD186
:101DB0000374B9F1080F40F0DD80A36813B1204629
:101DC000FFF74AFF402704F118064CE07A4A03F077
:101DD0007F039042037409D178493D23784A7948BA
:101DE00004F070FF3D21764804F063FFDA0707D561
:101DF00075493E23724A734804F064FF3E21F2E7BE
:101E000009F031F8D5E7714800F0F6FE70B940F2FC
:101E10003D136F4A6F496B4804F054FF6B496E489D
:101E200004F050FF40F23D116948DDE785F3118869
:101E3000BFF36F8FEFF3118587F31288BFF36F8FB6
:101E4000624800F0CBFE58B98F23614A63495D4870
:101E500004F038FF5D49624804F034FF8F21E3E766
:101E60005A4800F01BFF304601F0D0F80B30CAD0C2
:101E7000A66D04F15807B74211D04FF0000A76B1B1
:101E80003046FFF7E9FEC6F880A006F1180001F021
:101E9000BDF83046FFF778FEA66DB742EFD1514B43
:101EA0009B689C4266D1EFF30587003F18BF01276E
:101EB000DFF830A1534653F8186F9E4200D00EB998
:101EC000DAF80C60DAF80830B34202D0304609F094
:101ED0001FF8B9F1100FCAF814600DD0204606F0B3
:101EE00048F94FB16269404B9A4202D1012000F09B
:101EF000EDFE3E48FFF754FC3A4B9B68A3424FD19E
:101F0000EFF30586002E4BD1A389DB0720D52F48A0
:101F100000F072FE00283FF47AAF85F31188BFF31A
:101F20006F8F86F31188BFF36F8F0423184602DF8B
:101F3000EFF31185402383F31288BFF36F8F23489B
:101F400000F04CFE00283FF47FAF204800F0A6FED2
:101F50001E4800F051FE78B94FF4BF731C4A1D496A
:101F6000184804F0AFFE19491B4804F0ABFE4FF4CB
:101F7000BF7159E700279BE72846FFF7A1FDB8F19D
:101F8000000F17D01A494FF4AE731A4A0D4804F0E7
:101F900099FE194804F096FE4FF4AE71154823E7F8
:101FA0000A4800F029FE00283FF431AF85F311887C
:101FB000BFF36F8FBDE8F08718000120ED590400D2
:101FC000C359040048F203000E5A0400900B01208C
:101FD00075010400CD010400E4010400A201040025
:101FE000B70104005C0B012075640400D0010120DE
:101FF0009C5A04007A5A0400A75A040070B5164D82
:1020000006462B4653F8184F9C4200D004B9EC68A2
:10201000AB6863B91149EA23114A124804F052FE31
:10202000114804F04FFEEA210D4804F042FE1A7CEC
:10203000D20604D1DA897F2A01D9A2692AB1A34242
:1020400002D0204608F064FF23466B613146BDE8AC
:1020500070400648FFF752BD5C0B0120535A040044
:10206000275A040048F2030028550400900B012071
:1020700070B5EFF31186402383F31288BFF36F8F9F
:102080002D4800F0ABFD68B98F232C4A2C492D4810
:1020900004F018FE28492C4804F014FE8F2127482C
:1020A00004F007FE294C244800F0F8FDA168E0691F
:1020B0000B68814214BF1A46002249680B605960C0
:1020C000A368E1692AB9224AC3E900210B60E361F0
:1020D0000AE092F90E5093F90E00854223DD516813
:1020E000C3E900210B605360A569194B9D4200D0E4
:1020F00005B9E568A3689D4202D0284608F008FFAC
:102100000D48656100F078FD88B94FF4BF730B4A44
:1021100010490C4804F0D6FD07490F4804F0D2FDE1
:102120004FF4BF71BBE78A42CDD01268CAE7304690
:10213000BDE87040FFF7C4BC900B0120750104009E
:10214000A201040048F20300B70104005C0B012067
:10215000740B0120CD010400E401040038B50446ED
:10216000EFF31185402383F31288BFF36F8F184874
:1021700000F034FD68B98F23164A1749174804F058
:10218000A1FD1349164804F09DFD8F21114804F06C
:1021900090FD0F4800F082FDA36813B12046FFF7C1
:1021A0005BFD0B4800F028FD68B940F23D13094A79
:1021B0000C490A4804F086FD05490B4804F082FDED
:1021C00040F23D11E2E785F31188BFF36F8F38BD10
:1021D000900B012075010400A201040048F20300E5
:1021E000B7010400CD010400E401040038B5044641
:1021F000EFF31185402383F31288BFF36F8F1A48E2
:1022000000F0ECFC68B98F23184A1949194804F00A
:1022100059FD1549184804F055FD8F21134804F065
:1022200048FD114800F03AFD204600F067FF18B95C
:10223000A4F1180008F049FE0B4800F0DDFC68B975
:1022400040F23D13094A0D490A4804F03BFD064996
:102250000B4804F037FD40F23D11DFE785F31188AC
:10226000BFF36F8F38BD00BF900B012075010400D4
:10227000A201040048F20300B7010400CD010400EC
:10228000E40104002DE9F047DFF8D4A0354D1746EE
:10229000DDE90898DAF80820334BA84204460E46D8
:1022A0001A600BD13149324840F2FD13314A04F033
:1022B00009FD40F2FD112F4804F0FBFCEFF3118300
:1022C000402383F31288BFF36F8F284600F086FC0B
:1022D00060B98F23284A2949254804F0F3FC294690
:1022E000274804F0EFFC8F212348E5E7284600F05B
:1022F000D5FCDAF808503946284608F0BCFDB8F19C
:10230000FF3F08BFB9F1FF3F06D04A4643461D498B
:1023100005F1180000F09AFD204600F06DFC68B948
:1023200019494FF4BF73144A114804F0CBFC2146FD
:10233000164804F0C7FC4FF4BF71D5E7094800F018
:102340005BFC40B910494FF4BF730B4A084804F0D6
:10235000B9FC0449ECE73046BDE8F047FFF7B0BBF5
:102360005C0B0120900B0120940B0120C95A040042
:1023700048F203007A5A040075010400A201040027
:10238000B7010400ED210300CD010400E4010400C5
:1023900070B50546EFF31186402383F31288BFF32F
:1023A0006F8F1B4800F01AFC68B98F23194A1A492D
:1023B0001A4804F087FC1649194804F083FC8F2161
:1023C000144804F076FC124800F068FC2C68A54222
:1023D00015D014B12046FFF73FFC0D4800F00CFC6F
:1023E00078B940F23D130B4A0E490C4804F06AFCE0
:1023F00007490D4804F066FC40F23D11E0E7002477
:10240000EBE786F31188BFF36F8F204670BD00BFE6
:10241000900B012075010400A201040048F20300A2
:10242000B7010400CD010400E40104002DE9F041EE
:1024300004460D46EFF31187402383F31288BFF360
:102440006F8F584800F0CAFB60B98F23564A57492E
:10245000574804F037FC5349564804F033FC8F21A9
:10246000514814E04F4800F019FC237C13F01F067C
:1024700062D103F07F0323744F4B9C4209D14F4933
:102480003D234F4A4A4804F01DFC3D214C4804F0CE
:1024900010FC204608F0E7FC237C6DB243F080037B
:1024A000DA07A573237407D546493623444A4048C2
:1024B00004F008FC3621E9E7DFF80C81424652F8C7
:1024C000183FD8F81C10934208D1C4E900210C60D1
:1024D000C8F81C400DE08B42F7D01B68002BF4D0ED
:1024E00093F90E00A842F6DD5968C4E900310C608A
:1024F0005C60D8F81840944200D00CB9D8F80C4071
:10250000D8F808309C4202D0204608F001FDC8F8F7
:102510001440244800F070FB00283AD140F23D13EB
:10252000214A2A49224804F0CDFB1E49284804F0DC
:10253000C9FB40F23D1193E79B0728D5A16841B93B
:1025400024491B48E323244A04F0BCFBE32122482E
:102550009DE720466DB208F086FCA5730B68994292
:1025600009D14B68C4E900131C604C60D1E74A688C
:102570009342F6D01B68002BF3D093F90E20AA42A9
:10258000F5DD5A68C4E9003214605C60C1E7A573E8
:10259000BFE787F31188BFF36F8FB6FA86F0400963
:1025A000BDE8F081900B012075010400A201040038
:1025B00048F20300B701040018000120ED5904009F
:1025C000C35904000E5A04005C0B0120CD01040025
:1025D000E40104006A5604003F560400034648B96B
:1025E000EFF3058232B9064A51699268914201D0EF
:1025F000FFF766BA83F31188BFF36F8F704700BF90
:102600005C0B01202DE9F04107460E46EFF30584EF
:1026100064B137493423374A374804F053FB37480D
:1026200004F050FB3421334804F043FB50EA01032B
:1026300004D1FFF7C7F92046BDE8F081EFF3118818
:10264000402383F31288BFF36F8F2D4800F0C6FA42
:1026500060B98F232B4A2C49274804F033FB2849C3
:102660002A4804F02FFB8F212648DDE7284D244817
:1026700000F014FBA868274B186008F024FCA86839
:1026800033463A462449183000F0E0FBAA68064673
:10269000137C1B4843F00403137400F0ADFA68B9CF
:1026A0004FF4BF73174A1D49134804F00BFB14493C
:1026B0001B4804F007FB4FF4BF71D5E721464046A5
:1026C00000F014FB6FF00A02AB68C3F88020154AD3
:1026D000C3F87C80536843F08053536084F31188BF
:1026E000BFF36F8F08F01BFC301A20EAE070A3E7FD
:1026F000EC560400025B040048F203002855040075
:10270000900B012075010400A2010400B701040030
:102710005C0B0120940B0120ED210300CD0104008E
:10272000E401040000ED00E0F8B507460E46EFF3C3
:10273000058464B112495F23124A134804F0C2FAB7
:10274000124804F0BFFA5F210E4804F0B2FAFFF716
:1027500059FFB6F1FF3F08BFB7F1FF3F05460CD068
:10276000214647F611204FF47A7447F612220023CF
:10277000E5FB0401DFF7B4FEF8BD4FF0FF30FBE7E7
:10278000EC560400025B040048F2030028550400E4
:10279000024B03F11802C3E9062270475C0B0120CB
:1027A00010B5EFF31184402383F31288BFF36F8FCA
:1027B000264800F013FA60B98F23254A2549264898
:1027C00004F080FA2149254804F07CFA8F21204842
:1027D00010E01E4800F062FAEFF3058363B1204970
:1027E0001F23204A1C4804F06DFA1F4804F06AFABF
:1027F0001F211C4804F05DFA1C4B9A68D37B012B07
:102800000AD11B492023174A134804F05BFA1648E3
:1028100004F058FA2021ECE7013BD3730B4800F099
:10282000EBF968B940F23D13094A12490A4804F02D
:1028300049FA0649104804F045FA40F23D11C6E74E
:1028400084F31188BFF36F8F10BD00BF900B012080
:1028500075010400A201040048F20300B70104005E
:10286000EC560400245B0400285504005C0B012096
:102870004A5B0400CD010400E401040010B5EFF34D
:102880001184402383F31288BFF36F8F1C4800F03C
:10289000A5F968B98F231B4A1B491C4804F012FA9A
:1028A00017491B4804F00EFA8F21164804F001FA6C
:1028B000134800F0F3F9174B9A68D37B5BB91649BC
:1028C0002E23164A114804F0FDF9154804F0FAF9D0
:1028D0002E211248EAE7EFF3058151B111492F2368
:1028E0000E4A0A4804F0EEF90D4804F0EBF92F21E6
:1028F000EFE70133D3732046BDE81040FFF77EBBFE
:10290000900B012075010400A201040048F20300AD
:10291000B70104005C0B01207B5B0400245B040016
:1029200028550400EC560400014B9868704700BF1E
:102930005C0B01202DE9F0470546884616461F46E8
:10294000EFF31189402383F31288BFF36F8F284878
:1029500000F044F968B98F23264A2749274804F034
:10296000B1F92349264804F0ADF98F21214804F03C
:10297000A0F91F4800F092F92868854208D038B1C4
:102980006B6898420CBF4FF0000AD0F800A0B0B9B5
:10299000002416B139462046B047154800F02CF9FE
:1029A000F8B940F23D13134A1649144804F08AF965
:1029B0000F49154804F086F940F23D11D6E7394633
:1029C000C04704460028E4D1BAF1000F07D06B6875
:1029D0009A4501D0DAF800405046A246D7E754465F
:1029E000FAE789F31188BFF36F8F2046BDE8F087BF
:1029F000900B012075010400A201040048F20300BD
:102A0000B7010400CD010400E4010400D3B5DDE901
:102A10000667089CCDE90067FFF734FC1CB1034B47
:102A20009B685B69236002B0D0BD00BF5C0B0120D6
:102A3000027C034612F01F0210D10A4988420DD0D1
:102A40000949086868B1D9897F2909D893F90E2006
:102A5000064B1B689A42B8BF0020704700207047A1
:102A60001046704718000120D80B0020980B012059
:102A7000F8B50B4B04461E7C18230A4D0A4F03FB86
:102A80000655284600F0C2FA34B1BB5D2846E21A6A
:102A90000649D31700F0DAF90023BB55F8BD00BF93
:102AA0005C0B012058020120C1170120B12A03004C
:102AB00008B5A8B10F4B984212D303F11802904207
:102AC0000ED21822C01AB0FBF2F302FB13033BB97B
:102AD0000122A3F15533C0105843074B1A5408BDC7
:102AE000064907484023074A04F0ECF8402105480E
:102AF00004F0DFF858020120C1170120D45B040064
:102B000048F20300AC5B0400F8B5EFF311874023F3
:102B100083F31288BFF36F8F264800F05FF868B91F
:102B20008F23254A2549264804F0CCF82149254819
:102B300004F0C8F88F21204804F0BBF81D4800F0CD
:102B4000ADF8214E214BB5681868A84213D108F0A2
:102B5000DFF9184800F050F830BB40F23D13164A38
:102B60001B49174804F0AEF812491A4804F0AAF8B5
:102B700040F23D11DFE700221A60337C164AD35C35
:102B8000002BE6D02846FFF753FF04460028E0D08C
:102B90002B7CDB06DDD1FFF77BF87369AB42D8D124
:102BA0002046FFF765FFD4E787F31188BFF36F8FE7
:102BB000F8BD00BF900B012075010400A2010400C4
:102BC00048F20300B70104005C0B0120940B0120C4
:102BD000CD010400E4010400C1170120006838B1F0
:102BE000044B00F003001B7CC01A18BF0120704783
:102BF000012070475C0B012070B50024204A214958
:102C0000137C056851F823600460864208BF41F8D0
:102C10002340EFF305819268B9B1117CC90714D53F
:102C2000194951F82320013A002A41F8232022DAD9
:102C300016493623164A174804F044F8164804F09B
:102C400041F83621124804F034F81A43AA4214D14C
:102C50000D4951F82320013A002A41F823200ADACD
:102C60000A493E230A4A0B4804F02CF80A4804F0AB
:102C700029F83E21E6E7012070BD0020FCE700BFF7
:102C80005C0B0120A00B01209C0B0120AD5D04001A
:102C90007F5D040048F20300D05D0400084A137C05
:102CA00092681A430260074A52F8231009B942F8A1
:102CB0002300054951F82320013241F823207047B1
:102CC0005C0B0120A00B01209C0B01200021044B78
:102CD000044A1B7C42F82310034A42F82300704741
:102CE0005C0B0120A00B01209C0B01202DE9F04181
:102CF0002D4E2E4A337C074652F823802C4A0C4630
:102D000052F8235001B1013DB3681A7C12071AD55D
:102D10005A69284B9A4216D1201E18BF0120FFF78E
:102D2000D5FF002F3ED0B3681B7C13F0090F39D1BB
:102D30002149A923214A224803F0C4FF214803F076
:102D4000C1FFA9210CE0002D0DDA95231B4A1E4975
:102D50001B4803F0B7FF21461C4803F0B3FF952141
:102D6000164803F0A6FFB8F1000F0DD044450BD074
:102D70009823124A1649124803F0A4FF4146154809
:102D800003F0A0FF9821EBE7002DCAD09E230B4A49
:102D900011490B4803F096FF2946104803F092FFB3
:102DA0009E21DDE7BDE8F0815C0B0120A00B012036
:102DB0009C0B012075640400D85E04007F5D040054
:102DC00048F20300415F0400F85D0400035E040064
:102DD0003D5E0400665E0400955E0400A05E040093
:102DE000024B1868984208BF00207047DC0B002097
:102DF00008B50246FFF7F4FF6FF00041C8B18A4200
:102E000015D2D0E90230B0F1FF3F08BFB3F1FF3F68
:102E100003D16FF00040801A08BD8B4270F10000B2
:102E200001DB0548F7E79A4201D2981AF4E700203F
:102E3000F2E78A42EDD3EFE7FEFFFF7F024B18680F
:102E400008B1F9F7FBBC7047E40B0020B3F1FF3F7A
:102E500008BFB2F1FF3F2DE9F84F04469B461546E7
:102E60001F4600F0B580D0F80090B9F1000F0CD0EB
:102E70005949B823594A5A4803F024FF594803F0E6
:102E800021FFB821554803F014FF0161EFF3118AC7
:102E9000402383F31288BFF36F8F5348FFF79EFEE2
:102EA000804660B98F23514A51494D4803F00AFFCB
:102EB0004D49504803F006FF8F214C48E3E74A484C
:102EC000FFF7ECFEBBF1000F4B4923DBFFF7B6FF2A
:102ED0004A4B06461A684849003A18BF012245196C
:102EE0004BF10003521943F10003D1E90057551982
:102EF00043EB0707C4E90223FFF772FFDFF800E1A5
:102F0000DEF80490D8B9C4E900E9C9F80040CEF869
:102F1000044026E06FF00102D1E900034FF0FF31D9
:102F2000121A61EB0303521B63EB0B03012A73F1CB
:102F30000001BCBF01224B464FF00008DAE7D0E9A0
:102F4000022CD4E90231934271EB0C0B2FDAD21A26
:102F500043686CEB0101C0E90221C4E900031C6075
:102F60004460FFF73DFF84420FD1244B1B680133BF
:102F70000BD1B8F1000F02D1FFF760FF06463046D3
:102F8000FFF736FF0021F9F76DFC1748FFF734FE15
:102F9000B0B940F23D13154A1A49114803F092FEA8
:102FA0001149194803F08EFE40F23D1185E79B1A46
:102FB00061EB0C014845C4E90231A4D00068A1E7E7
:102FC0008AF31188BFF36F8F28463946BDE8F88F22
:102FD00000252F46F8E700BF8D5F0400695F0400FD
:102FE00048F2030028550400AC0B012075010400D1
:102FF000A2010400B701040070020120E40B0020CC
:10300000DC0B0020CD010400E4010400F8B5044607
:10301000EFF31186402383F31288BFF36F8F2E489E
:10302000FFF7DCFD68B98F232C4A2D492D4803F0AA
:1030300049FE29492C4803F045FE8F21274803F01B
:1030400038FE2548FFF72AFE2268002A3BD0FFF70A
:10305000C7FE264B5B689C4208D0D2E90231D4E916
:103060000275DB1941EB0501C2E90231D4E90032F6
:103070000025844213605A60C4E900551BD0002526
:103080001B4A1548136823F001018C4204BF43F02A
:1030900001031360FFF7B0FDC0B940F23D130F4AC2
:1030A0001449104803F00EFE0B49134803F00AFEC2
:1030B00040F23D11C2E7FFF7C1FEFFF799FE294636
:1030C000F9F7D0FBDBE76FF01505D9E786F3118838
:1030D000BFF36F8F2846F8BDAC0B012075010400CB
:1030E000A201040048F20300B7010400DC0B002039
:1030F000A40B0120CD010400E401040038B504460E
:10310000EFF31185402383F31288BFF36F8F1A48C2
:10311000FFF764FD68B98F23184A1949194803F06D
:10312000D1FD1549184803F0CDFD8F21134803F058
:10313000C0FD1148FFF7B2FD144B44F001041B68B9
:103140000D481B1B5C425C41FFF756FD68B940F21D
:103150003D130A4A0E490B4803F0B4FD06490D48D9
:1031600003F0B0FD40F23D11E0E785F31188BFF3B5
:103170006F8F204638BD00BFAC0B012075010400E5
:10318000A201040048F20300B7010400A40B0120CF
:10319000CD010400E40104002DE9F84F00230E46A0
:1031A000DFF828814A4D4B4FDFF82C91C8F800001A
:1031B0002B60D8F800A0BAF1000F15D14FF0FF3303
:1031C00050462B60FFF714FE5146F9F74BFB43487E
:1031D000FFF712FD002846D086F31188BFF36F8FEA
:1031E000BDE8F84FFFF790BCFFF7FAFD6FF0004322
:1031F00030B1D0E90212994272F10002B8BF0B4619
:1032000053459C4684BF5346D4464FEAE37E30B1D3
:10321000D0E90224D21A64EB0E04C0E90224D7E9F3
:103220000021D218AAEB0C034FF0000A41EB0E016B
:10323000C7E90021C8F80030FFF7D2FD0446002896
:10324000B7D0D0E902321343B3D1D0E900321360D2
:103250005A60D0F810B0C0E900AAC9F800001F48B1
:10326000FFF7CAFC78B940F23D131D4A1D491E48BC
:1032700003F028FD19491D4803F024FD40F23D11DB
:10328000174803F016FD86F31188BFF36F8F2046B1
:10329000D847EFF31186402383F31288BFF36F8F73
:1032A0000E48FFF79BFC58B98F230D4A10490E4872
:1032B00003F008FD09490F4803F004FD8F21DFE703
:1032C0000648FFF7EBFCC9F800A0B5E7A80B012002
:1032D000E40B002070020120A40B0120AC0B0120A4
:1032E00075010400CD01040048F20300E40104006C
:1032F000A2010400B701040010B5EFF311844023CC
:1033000083F31288BFF36F8F0B48FFF767FC68B930
:103310008F230A4A0A490B4803F0D4FC06490A489D
:1033200003F0D0FC8F21054803F0C3FC0248FFF7EF
:10333000B5FC204610BD00BFAC0B01207501040098
:10334000A201040048F20300B701040070B5EFF3D6
:103350001186402383F31288BFF36F8F1A48FFF75B
:103360003DFC68B98F23194A19491A4803F0AAFC91
:103370001549194803F0A6FC8F21144803F099FC65
:103380001148FFF78BFCFFF759FD144AD2E90045BD
:1033900004190D4845F10005FFF72EFC68B940F20D
:1033A0003D130A4A0E490B4803F08CFC06490D48B0
:1033B00003F088FC40F23D11DFE786F31188BFF38C
:1033C0006F8F2046294670BDAC0B012075010400AB
:1033D000A201040048F20300B701040070020120BA
:1033E000CD010400E40104002DE9F0410446EFF3AF
:1033F0001187402383F31288BFF36F8F5848FFF77C
:10340000EDFB68B98F23574A5749584803F05AFCD7
:103410005349574803F056FC8F21524803F049FCAA
:103420004F48FFF73BFC236893B14D48FFF7E4FB9F
:10343000002854D140F23D134A4A4E494B4803F00C
:1034400041FC47494C4803F03DFC40F23D11E4E7A4
:103450002046FFF753FE06460028E6D1D4E90A5875
:103460006A1C48F10003022A73F1000324D307F019
:103470005AFD281848EB0101012871F1000134DBE5
:1034800007F051FD6FF00203281848EB0101834259
:103490006FF000438B412DDB07F045FD6FF001021B
:1034A0002D1848EB01034FF0FF31521B61EB030372
:1034B00020463249FFF7CAFC236B256A0133236398
:1034C000E5B93D4654F8186FA64200D096BB244893
:1034D000FFF792FB0028ADD085F3118801E087F358
:1034E0001188BFF36F8FBDE8F0816FF001024FF0DC
:1034F000FF33DDE732464FF00043D9E71848FFF7C6
:103500007BFB002896D087F31188BFF36F8F20468E
:10351000A847EFF31185402383F31288BFF36F8F21
:103520000F48FFF75BFB00283FF46CAF0C48FFF738
:10353000B5FBC7E73046FEF711FE00230848C6F882
:103540008030FFF759FB00283FF474AF85F31188F2
:10355000BFF36F8F3046BDE8F041FEF7CFBB00BF31
:10356000B00B012075010400A201040048F2030021
:10357000B7010400CD010400E4010400E9330300B5
:10358000B3F1FF3F08BFB2F1FF3FF8B5044616465E
:103590001D4640D0EFF31187402383F31288BFF319
:1035A0006F8F1D48FFF71AFB68B98F231B4A1C4910
:1035B0001C4803F087FB18491B4803F083FB8F214D
:1035C000164803F076FB1448FFF768FB2046FFF728
:1035D0001DFDDDE90623C4E90A23002332462363E7
:1035E00020462B461149FFF731FC0B48FFF704FB3F
:1035F00068B940F23D13094A0D490A4803F062FBDD
:1036000005490C4803F05EFB40F23D11D8E787F313
:103610001188BFF36F8FF8BDB00B01207501040056
:10362000A201040048F20300B7010400E9330300DB
:10363000CD010400E401040070B50546EFF31184E8
:10364000402686F31288BFF36F8F2D48FFF7C6FA26
:1036500068B98F232B4A2C492C4803F033FB2849A7
:103660002B4803F02FFB8F21264803F022FB244830
:10367000FFF714FB2846FFF7C9FC90B12048FFF77D
:10368000BBFA002837D140F23D131E4A21491F489A
:1036900003F018FB1A49204803F014FB40F23D11D7
:1036A000E2E76B6ACBB11648FFF7A6FA0028EAD02A
:1036B00084F31188BFF36F8F28466B6A9847EFF346
:1036C000118486F31288BFF36F8F0D48FFF786FAD7
:1036D0000028BED00A48FFF7E1FA05F11800FEF70E
:1036E00057FE0028CAD0FEF709FB2146BDE870400E
:1036F000034807F0FEBB84F31188BFF36F8F70BDE2
:10370000B00B012075010400A201040048F203007F
:10371000B7010400CD010400E40104002DE9F84FD5
:103720004F1E0F4206460D469A460BD02F491823CE
:103730002F4A304803F0C6FA2F4803F0C3FA182185
:103740002B481CE0141D4DD241F0040B00F114086D
:10375000EFF31189402383F31288BFF36F8F404644
:10376000FFF73CFA68B98F23244A2549214803F022
:10377000A9FA4146234803F0A5FA8F211F4803F018
:1037800098FA4046FFF78AFA224659463046D04713
:1037900004464046FFF730FA68B940F23D13174A35
:1037A0001949144803F08EFA4146184803F08AFA82
:1037B00040F23D11E2E789F31188BFF36F8F8CB1BE
:1037C00044F8046B7DB13C420DD03523084A1049C2
:1037D000084803F077FA21462A460E4803F072FAA9
:1037E0003521ADE700242046BDE8F88FD9FE03005F
:1037F000A75F040048F20300F4FE03007501040013
:10380000A2010400B7010400CD010400E40104009A
:10381000CB5F0400FD5F04002DE9F04105460E4634
:10382000174607F015FB28B9074B9B685C6F14B966
:10383000BDE8F081054C3B46324629462046BDE8AE
:10384000F041FFF76BBF00BF5C0B0120C00D0020F3
:10385000F8B500284CD050F8045C071F05F114049B
:10386000EFF31186402383F31288BFF36F8F204656
:10387000FFF7B4F960B98F231E4A1F491F4803F0B0
:1038800021FA21461E4803F01DFA8F21194813E042
:103890002046FFF703FA2B4653F80C2F9A420DD01F
:1038A00062B118494E23184A144803F00BFA17481E
:1038B00003F008FA4E21144803F0FBF92846394674
:1038C000E8F7B8FB2046FFF797F968B940F23D13D7
:1038D000084A0F49094803F0F5F921460D4803F05D
:1038E000F1F940F23D11D1E786F31188BFF36F8FF4
:1038F000F8BD00BF75010400A201040048F20300F6
:10390000B701040025600400A75F040050600400B4
:10391000CD010400E401040002460021014B0248ED
:10392000FFF7FCBEEB6B0300C00D0020014B4367AB
:10393000704700BFC00D00200146024A0020FFF77B
:103940006BBF00BFEB6B030001680E4A0346914258
:1039500015D1C169A2F11022A2F1EF1291420ED14C
:103960008268012A0BD8C26812B101698A4206D066
:10397000586928B19B691B1A584258417047012069
:10398000704700BF55AA00FF70B50E4B9E68B6B1D8
:103990003046FFF7D9FF044618B9F3687BB935699B
:1039A0000DB9204670BD2846FFF7CEFF28B9EB6859
:1039B000B34204D12E462D69F2E70446F1E7012413
:1039C000EFE700BFB40B01202DE9F041404D064662
:1039D0006869884607F014FB18B100242046BDE84A
:1039E000F0812C68DCB1AC68CCB1002E6AD0B8F1A3
:1039F000000F69D008FB06F7B7FBF6F6B04565D1B6
:103A0000391D63D8BA0710D027F003020432EC68DE
:103A100003E0616891420AD2A469002CF9D1686977
:103A200007F0F4FA0028D9D0D7E73A46EFE7D4F800
:103A300008C0BCF1000F02D0012008F0E7FD891A90
:103A4000232904F120061CD80123A360D4E905230F
:103A5000AAB19361A3690BB162695A610023C4E9F9
:103A600005332B69DB0703D5FFF78EFF0028E3D171
:103A70003A4600213046344608F0C0FDCFE7EB60FF
:103A8000E8E702F1200023182039C3E9011CDC60BB
:103A90002169DFF840C0196144F800C00E48D861C0
:103AA00001B1CB6061695961A069986141B18B61D5
:103AB000996901B14B6101212361C4E90121CDE77D
:103AC000EB60F5E73446AAE74446A8E70446A6E7D4
:103AD000B40B012055AA00FF669911EE70B5424E55
:103AE0000546706907F08CFA00287BD1002D5FD065
:103AF0003368002B5CD0B268002A59D09D4203D3B2
:103B0000726813449D4202D3012008F07FFDA5F1A5
:103B100020042046FFF718FF0028F5D155F8183C7F
:103B2000012BF1D155F8143C45F8180CC3B19A6833
:103B3000002A42D155F81C2C02F120015A680A448F
:103B40005A6055E905321A6155F8145C2B6903B1C6
:103B5000DD6020462022002108F050FD23462C463F
:103B60002069002836D08268002A33D16368426811
:103B700020331344636003692361D4E90523F2B958
:103B800023BB436963618269A2610BB39C61A36932
:103B900003B15C61236903B1DC602022002108F0DD
:103BA0002DFD33699B0703D5FFF7EEFE0028ABD14F
:103BB0007069BDE8704007F029BA0023D0E793612F
:103BC000A369002BDDD062695A61DAE7F360F7E799
:103BD000F460DCE7002BE4D1F368A36103B15C611E
:103BE000F460DEE770BD00BFB40B012070B50C4679
:103BF000164E142200210546304608F0FFFC1448FA
:103C0000706107F0FBF91349134800F035F8232CD5
:103C10001BD915F003031FBF043CE418C3F10403D0
:103C2000ED1822460021284608F0E8FCC6E90054B9
:103C3000203CB5606C60B368084A1A60B368A2F1B2
:103C40001022A2F1EF12DA61F36070BDB40B012013
:103C5000E80B0020DD3A0300C939030055AA00FF34
:103C6000014B1B68184700BF4C0C0020014B1B6820
:103C7000184700BF480C0020024B1860024B002080
:103C8000196070474C0C0020480C002010B50A4603
:103C9000044619B1024B00211B68984710BD00BFB4
:103CA0005CE703000E4B0340B3F1607F06D1B1F532
:103CB000885F0CBF00206FF086007047B3F1707F03
:103CC0000BD101F4E043B3F5005F06D111F4E06FCE
:103CD00014BF00206FF0860070476FF086007047B9
:103CE0000000C07F8A42F8B506460D4600F00A8102
:103CF00001F0FE41B1F1C06F61D1884C22F4FF7137
:103D000021F00101A14222F0FF0014D004F58854F3
:103D1000A04210D022F47F7626F00306A4F570644A
:103D2000A64208D004F5A064A04204D004F574545F
:103D3000A14240F0EB80D1B2784E19B922F48061F3
:103D4000B14224D125F4FF7424F00104B44225F0DB
:103D5000FF0112D0724EB1420FD025F47F7727F0C9
:103D60000307A6F57066B74207D006F5A066B14214
:103D700003D006F57456B44209D115F0FF0406D0FD
:103D8000684E44F00074B44204BF02460D468BB145
:103D900022F4FF7323F00103B3F1062F06D0624B28
:103DA00022F4FF6121F00701994203D122F48072CD
:103DB00025F48075954214BF00200120F8BDB1F1B3
:103DC000A06F16D102F0FE43B3F1A06F40F08880DF
:103DD00082EA050333F47E1340F0828028047FD505
:103DE000C5F30540C2F3054290428CBF002001207C
:103DF000E4E74E4B9D4209D1A3F500439A4200F0FF
:103E000081804B4B22F47E109842D4E7B1F1407F81
:103E100060D102F0FE43B3F1407F5BD182EA05003E
:103E200030F47E1456D131462846FFF73BFF002878
:103E30006AD1404912F47C1701EA020113D0B1F1B2
:103E4000607FC2F3054333D1D1B241F0007101F17B
:103E50007E410339122901D83748445C15F47C1F90
:103E60002DD19C42A7E7B1F1607F0AD1D3B243F0D4
:103E7000007303F17E43033B122B4BD82F49CB5CDD
:103E8000E2E7B1F1707F17D106F4E043B3F5005FCC
:103E900042D10123C6F302218B4006F4E041B1F583
:103EA000005FDBD10120C6F3022600FA06F4D5E755
:103EB000B1F1707FD2D1F0E700242346CEE71FB9DD
:103EC000C5F30541A1421DD0290403D5C5F3054022
:103ED00098428AE71A4B9D4202D1B2F1082F6AE755
:103EE00025F0004323F47F03B3F1106F0CD102F0EF
:103EF000FE43B3F1106F07D11248104040F010603C
:103F0000A84258E7012059E7002057E7002B7FF42B
:103F100046AF4FE7002397E70023BEE70002000605
:103F200000130006FF000002004000060093C004DA
:103F3000000140050000C07F766404007664040040
:103F40000002C0030000FFF670B505460F480E469C
:103F500007F056F8044618B16FF08F04204670BD84
:103F60006B6933602B7F012B0ABF022330602B77F4
:103F7000064818BF6FF0960407F048F80028EDD007
:103F8000002CE9D06FF09604E8E700BF300C002069
:103F900038B50C4C0C4807F033F865780A4807F040
:103FA00035F80A4807F02CF8022D08D12478E31FD1
:103FB0005C425C41054807F029F8204638BD0024E2
:103FC000F8E700BFCC0B0120000C0020180C0020EB
:103FD0002DE9F047894615461C4600F0C1FC06460F
:103FE000002851D1D9F80070B7F800A00AF4E043D6
:103FF000B3F5804FBB6808BF25F0010535EA030320
:104000003AD1002C40D0B5F5006F40D0A5F5005254
:1040100055425541284A24F4FF7323F0010393428B
:1040200013D0264924F0FF028A420ED024F47F7078
:1040300020F00300A1F57061884206D001F5A0616F
:104040008A4202D01E4A934223D114F0FF0304D0C7
:104050001C4A43F00073934222D02B46224650461E
:10406000F968FFF73FFE804670B92B46224650465E
:104070003969FFF737FEE0B96FF084060023384650
:10408000C9F8003000F036FD3046BDE8F087012564
:10409000C0E704F0FE43B3F1407F04D12304DCD534
:1040A0006FF08606EAE7B3F1A06FF7D0054B9C42AC
:1040B000D2E74646E8E700BF00020006001300060C
:1040C00000460006FF00000238B500F0FE43B3F1E1
:1040D000407F04460D4602D06FF0860038BDFFF7E2
:1040E000E1FD0028F8D114F47C1F18D0C4F3054377
:1040F000032B137022D9224A2240B2F1607F31D1C2
:10410000E4B244F0007404F17E44033C122CE3D882
:104110001C4A125D9342DFD8142BDFD90EE0184BF6
:104120002340B3F1607F0FD1E3B243F0007303F19A
:104130007E43033B122B04D9002313706FF08500DC
:10414000CCE71149CB5CD3E7B3F1707FF4D101F434
:10415000E043B3F5005FEFD10123C1F302218B40AF
:10416000DBB2C5E7B2F1707FB6D105F4E042B2F53B
:10417000005FB1D10122C5F30225AA40CAE700BF02
:104180000000C07F76640400766404002DE9F341EA
:104190004768D0F81480044638460E4607F0F7F911
:1041A0000546E8B9FFB22FB9B8F1000F05D06FF09E
:1041B000860515E0B8F1000FF9D0A36823F00313CA
:1041C00023F47F43002BF2D14FF6F87362889A42B2
:1041D00028D81648277906F013FF28B16FF08F050D
:1041E000284602B0BDE8F08107B901A8314600F0C9
:1041F0006DFB05460D4806F009FF10B1002DEFD10B
:10420000ECE7002DECD10FCCD6F800C066460FC607
:1042100094E8070086E80700002FE1D1019BCCF865
:104220001430DDE76FF08505DAE700BF300C0020C1
:1042300010B5044650B1064806F0E2FE204607F0ED
:1042400016F8BDE81040024806F0E0BE10BD00BF01
:10425000300C002013B5044610B301A900F080FB18
:104260000446E8B91D4806F0CBFE58B10024019879
:1042700007F078F9002818BF0446184806F0C6FE73
:1042800070B10AE00198037F032B11D107F06AF99E
:104290000446124806F0BAFE28B10CB96FF08F043C
:1042A000204602B010BD002C08BF6FF08704F7E76E
:1042B000022B0DD1032303774368DAB2FF2A0AD019
:1042C0001B0AD3D0D0E9091207F0EFF90446CEE774
:1042D0006FF09604CBE76FF08404C8E7300C002041
:1042E0002DE9F04190461E46002288B0038805461D
:1042F0000F460592CDF81C803260B8F1000F65D0F2
:10430000B8F1005F80F0A18023F0FF03B3F5E24F26
:1043100002D0B3F5824F25D1284606F086FE04462A
:10432000002840F08680EB6883B16A8872B12B88E0
:1043300003F44F41B1F5824F02D0B1F5884F05D15A
:10434000DBB2222B36D02CD8122B38D03A460023A1
:1043500008EB070112F8010B8A4243EA0003F9D186
:10436000002B33D0284605A9FFF710FF0446A0B95B
:10437000059B9B6A6BB3059B39465A882846069273
:1043800006AA029203F1280201929A6A00925B6ADD
:10439000424607F024F9044680B30598FFF748FF2A
:1043A00047E0273BDBB21B2BD0D8294921FA03F386
:1043B000DB07CBD50732B8EBD20FC7D206E040F20D
:1043C00009239A42F6D1B8F1400FBFD86FF08604A6
:1043D0002FE06B681B0A07D10799059806F007FFC5
:1043E00004460028C7D0D8E742463946284607ABDE
:1043F00000F096FB04460028EED0CEE70599069B18
:104400004A88D2B94B804FF6F873069A9A4219D867
:104410002B88059813B102889A4210D16B8813B18A
:1044200042889A420BD13146FFF78EFD04460028A0
:10443000B3D1204608B0BDE8F0819A42E3D06FF0D6
:104440008604AAE76FF08504A7E76FF08504F0E71C
:104450000102000C38B504460D46FFF799FD30B156
:104460002A462146BDE83840024807F018B96FF0E7
:10447000880038BDD00B0120002273B503880A6084
:104480000092428804460D46002A00F0018102880D
:1044900002F4E042B2F5804F00F0FA8023F0FF030F
:1044A000B3F5E24F02D0B3F5824F04D1204606F0B7
:1044B000BCFD0646D0B969462046FFF767FE0646B2
:1044C00060BB009B9B6AA3B10099204601F12803C1
:1044D000D1E9091207F065F806460098002E40F071
:1044E000D4802946FFF730FD0646B8B9304602B001
:1044F00070BD63681B0A40F0BF802288618802F4A7
:10450000E043B3F5805F0DD0B3F5005F0AD002F44D
:104510004F40B0F5824F1ED06FF085060098FFF730
:1045200087FEE3E7104606F033FE06460028F5D185
:1045300047F201039A4220D14B080133DB0803EB19
:10454000C3033B330193DDE9000106F050FE06464C
:104550000028B9D0E2E7B3F5E04FDDD147F201031F
:104560009A42E9D022F0FF03B3F5884F15D1CB1D55
:10457000DB0803EB43030133E4E744F201039A420F
:1045800002D1CB081033DDE722F0FF03B3F5E84F8B
:10459000EAD1CB1DDB085B00D4E7B3F5EE4F67D063
:1045A000B3F58E4F02D1CB1DDB08CBE702F44F40B1
:1045B000B0F5824F02D0B0F5884F06D1D0B2422874
:1045C00001D1CB08D7E74128EDD0B3F5E24FEAD0CF
:1045D000B3F5824F03D1CB1DDB085B00CBE744F280
:1045E0000D039A4224D844F201039A42DBD9A2F582
:1045F0008042023A0B2AD6D801A353F822F000BF1A
:1046000045460300A745030051460300A7450300A4
:10461000A74503005946030061460300A745030070
:10462000A745030069460300A74503006946030048
:1046300047F202039A421DD047F204039A42B2D1D4
:1046400040237FE74FF4A0724B095343203379E7AF
:104650004FF4C0720B0AF8E7CB1DDB08183371E783
:10466000CB1DDB081C336DE7CB1DDB08023392E763
:10467000142367E7202365E7204601A900F060FACC
:10468000064600283FF45FAF48E706F0E5FD45E742
:104690006FF086062AE700BF10B51B4C1B4806F0DA
:1046A000AFFC2378590744BF03F0FB0323709A073C
:1046B00005D500F0F1F8237823F0020323701348A6
:1046C00006F0A4FC124806F09BFC637813B1114875
:1046D00006F0E8FF002304210E486370FFF7D6FAC6
:1046E0000B4806F093FC094806F08AFC2378DB07A8
:1046F00005D506F055FF237823F001032370034806
:10470000BDE8104006F082BCCC0B0120180C002044
:10471000000C0020D00B012070B5FFF739FC10B160
:104720000024204670BD344806F06AFC044620B1DF
:104730006FF08F04FFF7B0FFF3E7304D2B789E0743
:1047400006D400F0A1F804462B7843F002032B7046
:10475000294806F05BFC10B1002CE9D0EAE7002CF8
:10476000E8D1254806F04CFC04460028E0D12B781F
:10477000D80706D406F012FF04462B7843F0010355
:104780002B701D4806F042FC0028E5D1002CD1D149
:10479000194806F035FC0028CAD117482E7806F0D3
:1047A00035FC0028C4D1164806F02AFC044600282F
:1047B000BED16B783BB9F10705D5124806F06CFF06
:1047C000022304466B700E4806F020FC0028C3D17B
:1047D000002CAFD1084806F013FC0028A8D12B7894
:1047E00005485A075CBF43F004032B7006F00EFC2B
:1047F000002895D09CE700BF180C0020CC0B0120AE
:10480000000C0020D00B012038B500F140430F2BE5
:104810000CD82C221A4C02FB0344237F022B02D11A
:104820006369834224D06FF08B001AE06FF040423E
:10483000441E94420ED2124B00221C461D7F022DB4
:1048400002D15D69854210D00132102A03F12C0398
:10485000F4D1E8E70B4AA3F580539342EBD96FF00C
:10486000870038BD6FF09600FBE72C2303FB024462
:10487000204606F06AFE0028F4D10C60F1E700BF84
:10488000D40B0120FFDFFF3F0122024B002083F801
:10489000C0227047D40B01202DE9F0410A4C0025BD
:1048A00026464FF0010803272046C4F820802777CA
:1048B000013506F0DCFC102D04F12C04F4D10023AA
:1048C00086F8C032BDE8F081D40B0120F8B5214D47
:1048D000064621480F4606F093FB95F8C0421E4855
:1048E00006F094FB7CB300242B462246197FD1B1FD
:1048F0003CB9022905D1196A19B91979002918BFDB
:104900001C460132102A03F12C03EFD114B96FF0C9
:104910008C0006E0204606F018FE204606F0A7FCB4
:1049200010B100240DE01C46237F7BB901232377BF
:1049300036B10A4B651BAD105D4305F1804535600E
:1049400000203C60F8BD6FF08800EAE76FF0960049
:10495000E7E700BFD40B0120180C0020A38B2EBA70
:104960000023F0B5054691B05E480B600E4606F098
:1049700047FB5D4B5B4893F8C04206F047FB002CB9
:1049800000F0AC80594806F03BFB074620B16FF0C1
:104990008F04204611B0F0BD31462846FFF734FFA2
:1049A00010F18C0F044607D0504806F02FFB00286A
:1049B000EFD0002CEDD1EAE73846FFF787FF074636
:1049C00020B14A4806F022FB3C46E2E70122336868
:1049D00001465D61336809A85A601C22356807F0FA
:1049E0000DFE002200236869CDE90623404A00F14C
:1049F0004043A3F580539342CDE9047703971DD834
:104A000006AA03A906F054FE0446B8B9039B6A69D6
:104A10000A93DBB2002B08BF00220346CDE9000059
:104A2000DDE906010E9209AA00F0C8F810F18A0F1C
:104A300004460ED0002808BF6FF09604306806F0D8
:104A400016FC14F18C0F08BF6FF08704002333604D
:104A5000AAE704A909A800F073F804460028EDD1DC
:104A60002846049906F0C3FB04460028E6D1DDE998
:104A7000060105AB0193AB6A09AA00936B6A00F0CB
:104A80009DF8044618B1284606F0E6FBD6E72C460A
:104A9000059BAB6209AD0FCD0FC495E8070084E814
:104AA000070032689368D80414D4990444BF43F4CF
:104AB0000063936033681A7F012A04BF02221A77C9
:104AC000306806F042FD044600283FF46DAF6FF0F9
:104AD0009604BBE743F480639360E6E76FF08804D5
:104AE00057E700BF180C0020D40B0120300C002029
:104AF000FFDFFF3F10B50446084806F081FA40B9D1
:104B0000204606F02FFD0446044806F07FFA10B157
:104B10000CB96FF08F04204610BD00BF300C002090
:104B20001946002342680B60044BB3EB122F01D1EE
:104B300000F04EB96FF08600704700BF004E800055
:104B400010B400244268064B0C60B3EB122F02D164
:104B500010BC00F03DB96FF0860010BC704700BF7C
:104B6000004E80002DE9F7431F46DDE90A894368BE
:104B700004461B0A0D46164602D00F4A934215D131
:104B80003B46324629462046CDE9008900F080FBAD
:104B900010F1860F0CD13B46324629462046CDE91E
:104BA0000A8903B0BDE8F04306F07EBB6FF08600D3
:104BB00003B0BDE8F08300BF004E800030B45568FC
:104BC000054CB4EB152F02D130BC00F033BC6FF0B4
:104BD0008B0030BC704700BF004E800070B40A4E9E
:104BE000DCB2456844F00074B4424FEA152503D0A6
:104BF00035B970BC06F02DBE6FF0850070BC7047F3
:104C00006FF08600FAE700BF05000002F7B5089EC6
:104C10000D4FF5B2044645F000754868BD424FEAB5
:104C200010200AD060B9009604F1080006F006FED4
:104C300008B90523236003B0F0BD6FF08500FAE7E3
:104C40006FF08600F7E700BF05000002F7B5089E89
:104C50000D4FF5B2044645F000754868BD424FEA75
:104C600010200AD060B9009604F1080006F0E8FDB3
:104C700008B90523236003B0F0BD6FF08500FAE7A3
:104C80006FF08600F7E700BF0500000210B50D4C7D
:104C9000206801F0A7FA0C4A1368591C11605BB92F
:104CA0000A4A5920D2F8003443F00703C2F800340E
:104CB000EBF72CFF00F096FD2068BDE8104001F0F6
:104CC000ABBA00BF540C0020980E01200090055094
:104CD00038B5164D286801F085FA154B1C68013C63
:104CE0001C60ECB95920EBF71FFF0722114BC3F8EA
:104CF0000823D3F8002422F00702C3F80024C3F8E5
:104D00000041D3F80021C3F80441D3F804214FF047
:104D10000072C3F80841D3F80831074BC3F8882163
:104D20002868BDE8384001F077BA00BF540C002075
:104D3000980E01200090055000E100E070B50D4D87
:104D40000D4E2B68B34209D0FFF7A0FF00F0CCFE58
:104D500000F062FF20B9FFF7BBFF2E60002406E0E1
:104D600006F0A8FC0446FFF7B3FF002CF5D0204660
:104D700070BD00BF500C002011736500F8B50646E9
:104D80000F4618461C2115461C4607F0DAFB7268D0
:104D90000D4BB3EB122F03D00020C4E90075F8BD12
:104DA00072690A4B1344022B0BD90023224642F8A6
:104DB000183F6261C4E90333002DEDD16FF0960016
:104DC000EDE76FF08500EAE7004E8000FF3F0080CE
:104DD00010B5114C4368B4EB132F4FEA132219D1CD
:104DE00042690E4B9A420CD003F5FF437D331344C6
:104DF000012B03D80388B3F5105F07D06FF086004E
:104E000007E047F2121302889A42F6E702230020D5
:104E10000B6010BD024BF7E7004E800001C0FF7F22
:104E20004B4E800000212DE9F04307468FB0084625
:104E300000F0CAFD044620B10FB0BDE8F04306F013
:104E400039BC4FF01009DFF88080012210211F4883
:104E500006F09CFC02AD1D4A2B1900932021102363
:104E6000CDF80490A2F1200000F052FB064650B1AC
:104E7000002000F097FD304606F01CFC0646304648
:104E80000FB0BDE8F083D8E90C321034013342F1A1
:104E90000002302CC8E90C32D7D100F083FD27B1D5
:104EA00022463946284606F064FC0FCD064C0FC456
:104EB00095E80F0084E80F0010340EAB13E90F00E3
:104EC00084E80F00DBE700BF780201209802012090
:104ED000F0B5194D194FAB6B8DB0BB4229D0184EB0
:104EE000306801F07FF9402300221946284607F078
:104EF0001DFB3021684606F06FFC044678B9684611
:104F0000FFF790FF044690B93023024619466846E1
:104F100007F00CFB01220023C5E90C23AF633068C6
:104F200001F07AF9204606F0C5FB0DB0F0BD0E2465
:104F3000F5E70020F9E700BF78020120B4A5B4A589
:104F4000580C00202DE9F04F02F10F070446894666
:104F500015468FB03F0932B1002900F08E80B2F5BE
:104F6000005F00F28A80DFF81881464ED8F8000012
:104F700001F038F9D6E90C32134309D12046FFF786
:104F8000A7FF044620B1D8F8000001F045F960E021
:104F9000D6E90C23BF1843F10003B7F5803F73F146
:104FA000000314D3302102A806F016FCF8B902A8B9
:104FB000FFF738FF04460028E5D1302302461946A2
:104FC00002A807F0B3FA00220023C6E90C2300214F
:104FD000084600F0F9FC044660B91027A5B9284638
:104FE00000F0E0FC2846FFF71DFF0446CBE76FF01A
:104FF0009204C8E7D8F8000001F00EF920460FB07F
:10500000BDE8F04F06F056BB102D4FF001024FF0F7
:1050100010011D48AA4628BF4FF0100A06F0B6FB43
:10502000194A0DF1080B102320210197CDF800B08B
:10503000A2F1200000F06CFA044670B1002000F0EC
:10504000B1FCD8F8000001F0E7F8204606F032FB8A
:10505000044620460FB0BDE8F08F524648465946F8
:1050600007F0A6FAD6E90C32013342F10002C6E994
:105070000C32A5EB0A05D144B0E76FF08604E8E7EF
:10508000580C0020780201209802012010B5074C2E
:10509000206801F0A7F8402300221946044807F0D1
:1050A00045FA206801F0B8F8002010BD580C002027
:1050B000780201202DE9F041069C04F0FE45B5F18F
:1050C000407F09D0204921481A23214A01F0FAFDE6
:1050D0001A211F4801F0EDFD05686DBB14F47C1624
:1050E00004600BD0C4F305461A4D24F47E14AC4280
:1050F000466025D1BDE8F04100F07CB8164D254052
:10510000B5F1607F0AD1E5B245F0007505F17E4545
:10511000033D122DE8D8114E765DE5E7B5F1707FBD
:10512000E2D10D8805F4E047B7F5005F02BF012624
:10513000C5F30225AE40D7E76FF08800BDE8F081E7
:105140006FF08500FAE700BFC760040048F2030073
:10515000716004000002C0030000C07F8964040085
:1051600010B4046844B15AB1084B24F47E149C4234
:1051700008D110BC06F0A4BB6FF0880010BC7047CB
:105180001046FBE76FF08500F8E700BF0002C003A0
:10519000F8B51E46036805460F4603B311B34168D0
:1051A000914222D8124A23F47E13934211D106F081
:1051B00004FC044678B905F10C0138466A6807F02A
:1051C000F7F96B684FF4AA712846336007F0B9F914
:1051D00003E06FF09604002333602046F8BD6FF0C3
:1051E0008804FAE76FF08604F7E76FF08904F4E7C4
:1051F0000002C0032DE9F0410E461C4633880546E7
:10520000B3F5105F11463CD10F2C0BD873681E48C4
:105210001A0AB0EB132F07D01C4B9A4204D06FF040
:1052200086042BE0202CFAD805F59A7722463846DA
:1052300005F58C7807F0BCF92246434639463046DE
:10524000FFF79CFD0446C8B905F13406012130463C
:1052500000F0BAFB18B1BDE8F04106F02BBA4146A8
:1052600005F1200000F0A4F90446304600F09AFB56
:105270000CB12046EFE710232C77AB602046BDE849
:10528000F0816FF08504F9E74B4E8000004E8000FE
:105290002DE9F0410E46DDE906EC17461C464BB9F8
:1052A0001C4921231C4A1D4801F00CFD21211A48EC
:1052B00001F0FFFCBCF1000F07D119492223164A67
:1052C000164801F0FFFC2221F1E74FF000080588A5
:1052D000CCF80080BEF1000F15D025F0FF05B5F524
:1052E000E24F03D1BDE8F04100F038BEB5F5824F82
:1052F0000DD17346224639463046CDF818C0BDE878
:10530000F04106F0B0BF6FF08600BDE8F0816FF0AD
:105310008500FAE7313904001461040048F2030003
:10532000756104002DE9F041DDF820C0DDE906E6F5
:105330004BB920498223204A204801F0C3FC822136
:105340001D4801F0B6FC3EB91D4983231A4A1B488B
:1053500001F0B8FC8321F3E7BCF1000F07D1194934
:105360008423154A154801F0ADFC8421E8E70027A5
:105370000488CCF800703760BEF1000F12D0456889
:105380002D0A13D124F0FF04B4F5E24F03D1BDE898
:10539000F04106F0D1BEB4F5824F07D1BDE8F0412F
:1053A00006F016BF6FF08600BDE8F0816FF0850053
:1053B000FAE700BF816104001461040048F20300B1
:1053C0008C6104009E61040070B559B915494FF411
:1053D0008273154A154801F075FC4FF4827112482A
:1053E00001F067FC4BB9124940F205130E4A0F4811
:1053F00001F068FC40F20511F1E744680588240AD1
:105400000CD142B125F0FF04B4F5E24F06D1BDE85E
:10541000704006F025BE6FF0860070BD6FF085000D
:10542000FBE700BF816104001461040048F203003F
:105430008C610400064BC01861F10001032871F172
:10544000000134BF6FF085006FF08B00704700BF24
:10545000FF3F00802DE9F0470688174606F44F42CB
:1054600086B0B2F5824F9946DDE911A3884602D095
:10547000B2F5884F1DD1F6B20024224D41881D405F
:1054800023F0004323F47F03B3F1106FCAF8004008
:105490001D4B45F010650ED19D420ED1038823F0BF
:1054A000FF03B3F5E24F0ED06FF0860006B0BDE803
:1054B000F0870026E0E79D4202D0144B9D42F3D1D5
:1054C0006FF08500F2E7304605AA00F037FCB8B966
:1054D000059B5B68BB42E7D1304600F06FFC0028BB
:1054E000EED0109B3A4602930F9B414601930E9BD0
:1054F00005980093CDF80CA04B4600F08BFDD5E746
:105500002046D3E70000FFF6000002090000010971
:1055100037B54FF480740194214C41F00051A161E2
:1055200040F6110143F00053A3622123E16104F12D
:105530002001616101212262E362069A194B01ADEB
:105540001A60079A256042F000521125C3E9011242
:105550002022DFF854C02061C4E902C504F110051F
:1055600065606162DA60BFF35F8F104A1460BFF359
:105570005F8FBFF35F8F1361BFF35F8FBFF35F8FE9
:1055800003235363BFF35F8FBFF35F8F9363BFF357
:105590005F8F00F0E9F8431CFBD003B030BD00BFC3
:1055A000AC0E01209C0E01200400002000000150E0
:1055B00038B504460D4619B10A688B681AB953B953
:1055C0006FF0210029E033B94B6823F00802102A5C
:1055D00001D0202B36D12561EB68D3B91B4B04F1E8
:1055E0007801236001236360AB6804F114009A061C
:1055F0009B01DBB202F0E0421A4342F480321123F5
:1056000000F026F8AB684BB100201023C4E9020378
:1056100003E0686998470028E0D038BD2A68A3698C
:105620001A606B68A26943F0005393602268A36913
:1056300092699268DA60A3691033A36163680133E9
:105640006360E1E76FF04100E7E700BF60E7030058
:10565000026100F11402826000F110024160C26038
:105660000A604268034991604268D360436810331E
:1056700043607047040000204368A3F11001914289
:1056800041D8012243F80C2C53F8042C42F020029C
:1056900043F8042C53F8082C42F0005243F8082C2D
:1056A000836800F11402A3F1100191422FD8012266
:1056B00043F80C2C53F8042C42F0200243F8042C3D
:1056C00053F8082C42F0005243F8082CC36803F149
:1056D0005402BFF35F8F104B1A60BFF35F8FC26835
:1056E0000432BFF35F8F1A61BFF35F8FBFF35F8F29
:1056F00003225A63BFF35F8FBFF35F8F9A63BFF3D9
:105700005F8F00207047103242F80C2CB7E7103240
:1057100042F80C2CC9E700BF0000015038B5BFF3B8
:105720005F8F104CE569BFF35F8FBFF35F8F10236E
:105730006363BFF35F8F012006F0CFFEBFF35F8F7F
:1057400000236363BFF35F8FBFF35F8FE36BBFF330
:105750005F8F5B06F8D425B1BFF35F8FE561BFF3C0
:105760005F8F38BD0000015008B500F0D1F9104A34
:1057700020B9BFF35F8F906ABFF35F8FBFF35F8F76
:10578000D36BBFF35F8F10F0240F03F0230304D01B
:10579000FFF7C4FF6FF01F0008BD4FF0FF30002B74
:1057A000FAD1BFF35F8F1063BFF35F8F1846F3E743
:1057B00000000150BFF35F8F094A1368BFF35F8F8A
:1057C00043F48071BFF35F8F1160BFF35F8F23F4E9
:1057D0008073BFF35F8F1360BFF35F8F704700BFAD
:1057E00000100150BFF35F8F1522064B5A62BFF3C2
:1057F0005F8FBFF35F8F40F237129A62BFF35F8F04
:10580000704700BF0010015008B5FFF7D3FFBFF38A
:105810005F8F064A1368BFF35F8F43F00103BFF346
:105820005F8F1360BFF35F8F08BD00BF0010015092
:1058300070B50026C0E9006605460C46FFF726FA5B
:1058400001232B70FFF7B6FFBFF35F8F204BDB68A0
:10585000BFF35F8F9B08013BACB3226842B19A4211
:1058600005D9FFF735FA6FF03F002E7070BD134673
:10587000D4E90115E068002908BF4FF40071002841
:1058800008BFF1202469BFF35F8F114A9360BFF313
:105890005F8FBFF35F8F1564BFF35F8FBFF35F8FC1
:1058A0005064BFF35F8FBFF35F8F5163BFF35F8FB0
:1058B00044F4802444F00104BFF35F8F1460BFF30D
:1058C0005F8F0020D2E74FF40071F1202546DAE720
:1058D0000010015070B503780D461446002B52D0CD
:1058E000BFF35F8F2C4A136BBFF35F8F03F00E0182
:1058F0000A294BD013F00C0F02D14FF0FF3070BDCE
:105900004368D3B9BFF35F8F5368BFF35F8F032B37
:10591000F3D9224B2249BFF35F8FD2F88060BFF3E7
:105920005F8FBFF35F8F43F8046BBFF35F8F8B42D2
:10593000F1D1FFF769FF01234360BFF35F8F164B7F
:105940009A68BFF35F8F0132B4EB021F21D8BFF317
:105950005F8F5A68BFF35F8FB4EB820FCDD884B1ED
:10596000BFF35F8FD3F88020BFF35F8F291D05F849
:10597000012BA9424FEA122204F1FF34EFD0002C90
:10598000F5D10020BBE76FF02000B8E76FF05100C1
:10599000B5E76FF03F00B2E7001001501010015062
:1059A0002010015010B5044608B1037843B1FFF749
:1059B0008FF9044B186800F02FFC0CB10023237002
:1059C00010BD00BF5C0C002073B50D460646FFF706
:1059D0005DF915F0010509D001A800F08BF9044626
:1059E00020B1FFF775F9204602B070BD184B18685A
:1059F00000F0F8FB0EB101233370BFF35F8F00227C
:105A0000144BDA61BFF35F8FBFF35F8F4FF0FF324C
:105A10001A63BFF35F8FBFF35F8F3422DA61BFF386
:105A20005F8F012203F59223C3F8042375B1019817
:105A300006F02AFC042104460DEB010006F081FD6E
:105A4000002CD0D03046FFF7ADFFCCE72C46CAE79C
:105A50005C0C00200000015038B51B4CD4F80051FC
:105A6000BDB1BFF35F8F194B996ABFF35F8FBFF36F
:105A70005F8F4FF0FF321A63BFF35F8F0023C4F8CC
:105A80000031D4F80031124B1868BDE8384006F0F8
:105A900022BDD4F8083153B100F08AF806F05FF95E
:105AA000C4F80851D4F8083101210A4BECE70A493F
:105AB00050230A4A0A4801F005F90A4801F002F9A0
:105AC0005021064801F0F5F8009005500000015003
:105AD000640C0020600C002098520400A7610400B0
:105AE00048F203000D62040008B5074B186806F081
:105AF000E1FC064B186806F0DDFCBDE8084000221A
:105B000059201146EBF724B8640C0020600C0020EB
:105B100038B5094B1C7864B1084B4FF0FF311D6854
:105B2000284606F0C9FC4FF0FF310446284606F02F
:105B3000D0FC204638BD00BFC0170120640C0020F7
:105B400010B5064CE36C3BB9214651F84C3B9869C3
:105B500006F052FA0123E364014810BDDC0E012077
:105B6000280F012010B504460E4B186800F03AFBD0
:105B70000D4B1A68236122605A6862609A68A260BD
:105B80000A4A12689A660023A364FFF77FF820464A
:105B900006F0D6F80028FAD1204606F0D6F80028FC
:105BA000F5D110BD680C0020DC0E01209CE703003D
:105BB00000487047DC0E012010B50446074A03690F
:105BC000126801219A66002206F095F9204606F037
:105BD00006FA2046BDE8104006F0C9B8B4E7030055
:105BE00010B50446FFF7E8FF0422084BC3F808236A
:105BF000FFF76EF8064A236912689A660023636409
:105C0000044BBDE81040186800F006BB009005503A
:105C10009CE70300680C002010B50E4B0E4C23606F
:105C200003F5C04363602461FFF78AFF236D2046BC
:105C3000B3F5007FCCBF4FF480634FF40073A360D3
:105C4000FFF790FF2046FFF7B7FF2046FFF7C8FF9A
:105C5000002010BD00200150DC0E0120244B034029
:105C6000B3F5806F30D016DC402B2FD008DC102B22
:105C70002ED0202B2ED0181E18BF012040007047B8
:105C8000B3F5807F28D0B3F5007F27D0802B14BFD9
:105C900002200B207047B3F5804F21D00BDCB3F509
:105CA000805F1FD0B3F5005F1ED0B3F5006F14BF47
:105CB000022006207047B3F5004F17D0B3F5803FA0
:105CC00014BF022003207047112070470A2070473C
:105CD0000C20704709207047082070470720704744
:105CE0001420704705207047042070470F2070472C
:105CF000F0FF010070B50E4D0E4E0446286800F00E
:105D000071FA306828B980220B49FFF71BF960B996
:105D10002020094A013852F82020306022600024F7
:105D2000286800F079FA204670BD0224F8E700BF29
:105D30006C0C0020480F01204C0F012012281BD0B2
:105D4000A0F11203302B2DD826280DD81738C3B256
:105D50000B2B27D81648184100F00100C0F1FF2096
:105D600000F57F007A3070472738C3B21148D84019
:105D700000F0010087387047B1F5807F0ED006D85B
:105D8000E02914BF6FF086006FF085007047B1F511
:105D9000C07F0AD040F209239942F2E7064B002067
:105DA000136070476FF0860070476FF08500704792
:105DB000EEF7FFFF1102000C8CE70300A0F11203C5
:105DC000DBB21E2B9DBF0348D84000F0010000202D
:105DD000704700BF2102214270B504469CB046685E
:105DE00009A80D46FFF7BEFE174B09A8196805F074
:105DF000D6FF2146002201AB09A806F08DF8044623
:105E000080B909A806F01BF8DDE90112034628460F
:105E100006F09CFA09A806F0E2F809A805F0A7FF29
:105E2000044648B109A8FFF7DBFE204605F042FC16
:105E3000044620461CB070BD09A8FFF7D1FE3146CC
:105E400001A806F07EFBF4E748E9030070B5D51D14
:105E50001C78ED080646042C084611464FEA450218
:105E600086B002F101021DD10A9C94421AD1104C55
:105E7000104A344044F0106494424FF0000414D1AE
:105E80005A1CCDE902526A1C134401AACDE90453FD
:105E90000194FFF753FF18B9019802A9FFF79CFF7F
:105EA00006B070BD6FF08600FAE72046F8E700BF45
:105EB0000000FFF6000002092DE9F041038803F419
:105EC0004F44B4F5824F02D0B4F5884F22D1DEB2F0
:105ED000C56803F4E0401F4B00241F4693F800C040
:105EE000B4451BD1D2F80080B0F5804F0CBFD3F879
:105EF0000CC0D3F808C0D3F804E0B8F1000F0BD100
:105F00008C4509D1C2F800E08C450DD06FF08600B9
:105F1000BDE8F0810026DBE7F045F5D00134132C15
:105F200003F11403DAD1F1E7142303FB04773B7C7C
:105F300013B96FF08500EBE7422E09D1064B9D4265
:105F400006D003F20B139D4202D00A339D42DDD1ED
:105F50000020DDE7CCE70300000800062DE9F3414F
:105F600005881F4605F44F43B3F5824F0E46804621
:105F7000418802D0B3F5884F1BD1EDB2422D3DD8F8
:105F8000402D13D8A5F11203DBB21E2B36D81E4AC2
:105F900042FA03F3DA0731D4CC1DE408640001347B
:105FA000089BA34207D26FF0890024E0CC1DE408CF
:105FB000F6E700242546284601AAFFF7BFFED0B920
:105FC000D8F80420114BB3EB122F19D0123DEDB2CB
:105FD0001E2D15D80E4BEB40DB0711D53946042397
:105FE000019A01F8013B304600F0A4F805F062FB8D
:105FF00008B9099B1C6002B0BDE8F0810024DAE713
:106000006FF08500F7E700BFDEFFFFBF004E8000A6
:106010002100004070B51446B2B01D460FABCDE96B
:106020000121CDE90432039217AB1022064600216C
:1060300007A8069306F0E2FA369A630001339A4203
:106040006FD12B78042B6CD1389B9C426CD86B1C85
:10605000CDE90743631C1D44304607A9CDE9094536
:10606000FFF7BAFE0446002839D11FA8FFF77AFDD2
:106070002F4B1FA8196805F092FE0A250022314611
:106080000BAB1FA805F048FF0446C8B91FA805F0D0
:10609000D6FE044602460B9901A806F02EF9DDE96A
:1060A0000C12234607A806F051F91FA805F097FF28
:1060B0001FA805F05CFE0628044613D1013DDDD182
:1060C000DDE9031006F03DFADDE9051006F039FAC6
:1060D000204605F0EFFA04461FA8FFF781FD204691
:1060E00032B070BD0028EBD11FA805F0E5FE0546D3
:1060F0001FA805F0A4FE03AB0246D5E9000106F097
:1061000015F9049B039A0C93059B37990D93069BF5
:106110000BA80B920E9306F0F0F8399B0B9A1A60BD
:10612000CEE76FF08604DAE76FF08904D7E700BFA7
:1061300060E903002DE9F04796B0814603A80E46BA
:1061400015465768FFF70EFD254B03A8D3F800A0AE
:106150004FF00008514605F022FE6B46002229460A
:1061600003A805F0D9FE044618B103A8FFF738FDCF
:1061700021E03A464946009806F019F9DDE9012385
:10618000294603A805F086FE03A805F028FF03A80A
:1061900005F0EDFD0628044611D108F10108B8F11B
:1061A0000A0F04D0514603A805F0F9FDD5E703A86E
:1061B000FFF716FD6A24204616B0BDE8F0870028D8
:1061C000D3D103A805F078FE05463A46016830466B
:1061D00006F0F8F83A466968F01906F0F3F8C4E7F3
:1061E00060E9030008B54FF0FF324FF0FF33F9F7D5
:1061F0000DFE48B1054906481723064A00F062FD26
:106200001721044800F055FD08BD00BF6E4E040084
:1062100048F203002562040008B5F9F7BFFE48B153
:10622000054906481F23064A00F04CFD1F2104487B
:1062300000F03FFD08BD00BF6E4E040048F20300B1
:10624000256204002DE9F74305460C46914600F10E
:106250000C06EFF31188402383F31288BFF36F8F8E
:106260003046FCF7BBFC68B98F23164A164917481D
:1062700000F028FD3146164800F024FD8F2111481A
:1062800000F017FD3046FCF709FDAB6828465C407E
:1062900004EA090203EA09075340002200930D496A
:1062A0006B460192FCF746FBDDE9003223EA02036C
:1062B00030464146AB6004F01CFE384603B0BDE8F2
:1062C000F08300BF75010400A201040048F203003E
:1062D000B70104005BC503002DE9F04F85B0884687
:1062E000DDE90E1B05461746EFF305838BB151EA36
:1062F0000B030ED0404940F22113404A404800F0C1
:10630000E1FC404800F0DEFC40F221113B4800F087
:10631000D0FC0291B8F1000F56D007F001030393AF
:10632000FCF702FB05F10C048146EFF3118A4023D0
:1063300083F31288BFF36F8F2046FCF74FFC02995E
:1063400060B98F23304A31492D4800F0BBFC21460B
:106350002F4800F0B7FC8F212B48D8E72046029148
:10636000FCF79CFC17F0020F1CBF0023AB60AB686E
:1063700007F00102029903EA0806BAB1B04517D145
:106380007A0744BFB343AB602046FCF735FCE8B95D
:1063900040F23D131C4A1F49194800F093FC214666
:1063A0001D4800F08FFC40F23D11D5E7002EE7D1EB
:1063B00051EA0B0312D12046FCF71EFC0028E7D05F
:1063C0008AF31188BFF36F8F002603E08AF31188E8
:1063D000BFF36F8F304605B0BDE8F08FC9E918876D
:1063E0002A46CDE9001B20465146FBF74BFF00280B
:1063F000EAD1D9F86060EDE75A5704006A620400F8
:1064000048F203002855040075010400A2010400AD
:10641000B7010400CD010400E401040008B5EFF366
:1064200005834BB1074908483B23084A00F04AFC62
:106430003B21064800F03DFCC0E90233C0E9000002
:1064400008BD00BFEC56040048F203006A62040075
:10645000F8B50E4B06461D68AB789B0712D56F68E2
:1064600016F8014B29462CB90A20B847002805DB4D
:10647000204609E02046B8470028F1DAAB7843F01F
:106480000403AB704FF0FF30F8BD00BF6CE10300B8
:106490000CB430B58BB004460D462022002102A872
:1064A00006F0ACF80223002D06948DF80A300C4B50
:1064B000039312DB01D06B1E1C440FAA0E9902A895
:1064C0000794019200F074F815B1069B00221A702F
:1064D0000BB0BDE8304002B070470024EDE700BFCC
:1064E0009FC70300242AF0B5044601D8012A40D1F1
:1064F0002E4B1622EAF73CFC1A5001B10C6000202A
:10650000F0BD2F463D4615F8010B2028F9D0A0F12B
:1065100009060346042EF4D92B282CD02D282CD183
:1065200001262B78BD1C302B2DD1287840F020007F
:10653000782824D132F0100021D16B782C4610221B
:1065400002350020392B82BF03F1FF3343F02003D3
:10655000263B303B9A421AD9A0FB02040CB9C01862
:1065600001D346F002062F462C4617F8013B3D4664
:10657000E8E70746C6E70026D3E70026D3E7002A68
:1065800008BF0822DDE7002A08BF0A22D9E701B1C7
:106590000C60F20748BF4042B307B1D5034B22223B
:1065A000EAF7E6FB1A504FF0FF30A9E70C000000B5
:1065B0002DE9F04F43688BB0804692460093837874
:1065C0009C0740F1F98000250878002800F0F6804B
:1065D00025280AD04B1C019301354146009B984762
:1065E0000028C0F2E3800199EEE74E788B1C252E3F
:1065F0000193F1D000270A22B9463C461F2C22D82D
:10660000A6F12003102B20D8DFE803F0141F1F1A77
:106610001F1F1F0B1F1F1F121F171F1F090044F0F2
:106620000104019B13F8016B0193002EE6D13AE0BF
:1066300044F0020444F00404F3E744F00804F0E7F3
:1066400044F01004EDE77F2C24D8A6F13003092B89
:1066500008D860064EBF02FB073744F0200402FB57
:106660000939DEE72A2E0DD161065AF8043B53D4CE
:10667000002BA7BF44F020049946C3F1000944F061
:106680002804CEE72E2E05D1630600F1978044F052
:106690004004C6E76C2E2ED028D8682E32D06A2E41
:1066A00037D04C2E35D0002F46F02003B8BF24F051
:1066B0004004A3F16502BCBF0027A4B2022A01D99D
:1066C000612B2BD10AF1070A07279D4E2AF0070AF2
:1066D0000AF1080A210760D506EB070B34465C4532
:1066E0005DD1AE1BA9EB0709A21959E1742E98D010
:1066F0007A2E96D0D7E7260648BF44F4007444F0BB
:1067000080048EE7E00548BF44F4007444F48074CC
:1067100087E744F4207484E71F4682E7A6F163020A
:10672000122A00F2D880DFE812F013004D00D600E4
:10673000D600D600D6004D00D600D600D600D60032
:10674000D600E800D100D600D6001A00D600A0007E
:106750005AF8043B012704AE8DF81030BAE75AF816
:10676000046B784B002E08BF1E4614F0400F3046D5
:1067700014BF39464FF0FF3105F084FF0746A9E703
:1067800041462020009B984700280FDB013CA74290
:10679000F6D34D44A1462D1B9EE74C46F7E74146F4
:1067A00014F8010B009B9847002898DA98F80230FB
:1067B00043F0040388F802304FF0FF3528460BB051
:1067C000BDE8F08F220630D5A3052AD50AF1070AC5
:1067D0002AF007039A4659685AF8080B24F0100B60
:1067E00000291FFA8BFB2FDA40424BF4806B61EBE0
:1067F000410104AC0A23224605F07BFF1BF0400F49
:10680000A0EB040200F08E802BF001049742A4B2AA
:1068100040F38F80002E40F08E802BF01104A4B244
:106820001DE05AF8040BC117D8E7E0055AF8041B1D
:1068300001D40846F7E7A20547BF48B241F3C011AB
:1068400008B241F3C031C9E750EA0103D1D1630670
:10685000CFD5002FCDD124F011043A46A4B23B4647
:1068600040F206410C4262D124E024F010040A23D5
:10687000A4B214F0800243D014F4007117BF0AF1DF
:10688000070A5AF8040B2AF0070292461CBF516807
:106890005AF8080B50EA01023ED124F0160B6206AA
:1068A0001FFA8BFB3CD5002F3AD124F017043A464F
:1068B0003B46A4B221075AD4E10705D5994572DDBC
:1068C000A9EB03039F184B469B464AE044F0100493
:1068D00010237826CDE7782B04D1C6F1780343F056
:1068E0001003C6E741462520009B98470028FFF685
:1068F0005DAF02354146304670E608230026B8E712
:1069000014F480715AF8040BC4D014F400711ABF47
:10691000C0B2114680B2BDE724F006041FFA84FB22
:1069200004AC68E713465C46E10699D52EB90133FD
:10693000C0E71346F8E73B46F6E70233BAE700BF85
:10694000F162040054000400CDE9023241462020E7
:10695000009B98470028FFF629AF0BF1010BDDE9FA
:106960000232D945F0DCEB1A03EB0B055B46E1067E
:1069700027D541463020CDE90232009B98470028B8
:10698000FFF614AFDDE902327EB901352F44791BE1
:106990008A4229DB144604AE94BB2A44A9EB0309BE
:1069A0001546914440E017468EE702354146304691
:1069B000CDE90232009B98470028DDE90232E5DA92
:1069C000F4E640F206410C42E0D014F0020F05F16B
:1069D0000105414614BF2B20202014F4806FCDE91F
:1069E000023218BF2D20E5E7CDE902324146009B77
:1069F0003020013598470028DDE90232C7DAD5E6B4
:106A0000013C4146CDE90232305D009B98470028A9
:106A1000DDE90232C0DAC9E641462020009B01359B
:106A200098470028FFF6C2AEA9EB0503002BF3DC64
:106A3000D9E500BF38B5044C044DAC4200D138BD97
:106A400054F8043D9847F8E70000000000000000FB
:106A5000704700F0B5BF00F0AABFE3F7B3BA38B58E
:106A600004F061FA4FF47A74A0FB040547F6122291
:106A7000002304FB0151DBF733FD38BD0023E7F7AA
:106A80002DBE00EBC10040884008704708B5FFF7F5
:106A9000F8FF084408BD08B50346FFF7F2FFB0FA57
:106AA00080F21846BDE80840C2F11F02E5F788BA37
:106AB0002DE9F843B1FA81F3C3F11F0800EB88090F
:106AC000D9F8106005460A46A6B94FF0FF34C3F165
:106AD00020039C40EB681C401CD094FAA4F6B6FA44
:106AE00086F6331D55F8234028462146E5F73EFA41
:106AF00032460BE03446032721462846FFF7C1FF04
:106B000082420AD82846E5F731FA4246214628460D
:106B1000E5F756FA2046BDE8F88305EBC404E4889F
:106B2000013FC9F81040D0D0B442E5D1CDE738B527
:106B30000446FFF7A6FF0D46034611462046FFF721
:106B4000A0FF1A1892B2530004EBC50520466B80D3
:106B5000FFF79CFF24F8302038BD70B50B46054682
:106B6000FFF78FFF511A89B205EBC3049B1A034448
:106B70004E0066809CB2600005EBC203588025F889
:106B8000321028461146FFF781FF25F8304070BDCE
:106B900070B509B9002070BD056801F007030B331B
:106BA000CC0804EBD304AB6828469C4228BF1C46A3
:106BB0002146FFF77DFF06460028EBD00146284618
:106BC000FFF75FFFA04207D928463219FFF7C5FF3C
:106BD00011462846E5F782F905EBC60210465388B0
:106BE000043043F001035380D5E71146FFF7D0BFCF
:106BF000002070472DE9F04706460D461746984697
:106C00002BB34FF0000A98F8004093F80190DB781E
:106C1000A40004EB430498F802301C444444CA45E1
:106C200009D339463046AC46D8F8042008F10803A9
:106C3000BDE8F047604714F8013B0AF1010A20461D
:106C400048F82340E2F7FFFD01300444E7E76FF026
:106C50001500BDE8F08730B502460024002012F888
:106C6000013B43B178B18C4207D1702B04D0A3F122
:106C700040053A2D07D8002030BDA3F140053A2D3C
:106C800001D80134EAE7252B08BF80F00100E6E7D0
:106C90000020704700F008BE0FB407B504A951F8F2
:106CA000040B019100F000FE03B05DF804EB04B0AA
:106CB0007047002383F31188BFF36F8F04231846B6
:106CC00002DF70470FB407B504A951F8040B019116
:106CD000FFF7E0FF03B05DF804EB04B0704710B5B8
:106CE0000369024613F0080009D11368D4689C4276
:106CF0009BBF0120526AE31AD31A0B6010BD002318
:106D00001846FAE713B501A90446FFF7E8FF20B1DA
:106D1000019BE268013B13440193606A019BC01A26
:106D2000013802B010BD10B5044650182269636ADC
:106D3000D20702D5013B184010BD984228BFC01AA7
:106D4000FAE710B504460A46C168FFF7ECFF23696D
:106D5000E06023F00803236110BD38B50D46026AD8
:106D60008B00016843F00203044642F821300168B9
:106D70002A46FFF7D8FFE3686168984208BF236995
:106D8000206008BF43F008032A46204608BF23615D
:106D9000FFF7C9FF606038BD2DE9F74F0F460021AE
:106DA000D0F80CB0066A009216F82B209A4602F032
:106DB0000302022A14BF894656F82B2006EB8B03E8
:106DC0000193009B08BFC2F39D0919600446CAF8ED
:106DD0000010B9F1000F07D04946FFF7B2FFE36892
:106DE000A3604FF0010804E001698A0705D44FF061
:106DF0000008404603B0BDE8F08FC16906EB8B0088
:106E0000884716F82B10054611F00108EFD08B07C4
:106E10001DD51FB139462046FFF79FFF61682A46FE
:106E20002046FFF780FFD4E902138B42606007D150
:106E30002A462046FFF777FF4FF000080146A06082
:106E40002369216043F00803E1602361D1E7014633
:106E50002046FFF776FFE168A1601FB12068216A34
:106E600041F82090EA19CAF8002021682046FFF76F
:106E70005AFF2269206042F00802226116F82B2096
:106E800022F0010206F82B20DDE900321A60A8E7A3
:106E900070B504461546FFF746FF2368834205D1C7
:106EA0002369216023F00803236170BD226AAB00CF
:106EB00043F0020342F8213061682A462046FFF77A
:106EC00032FF6060F1E738B5036904465B0706D519
:106ED000856AFFF717FF85422CBFA562A06238BD07
:106EE000F0B564230446042500204FF00A0C11B1CC
:106EF000013D01D12570F0BDB2FBF3F79A42FEB21D
:106F000002D2012B00D030B130360139013004F803
:106F1000016BC9B2C0B203FB1722B3FBFCF3D2B2C0
:106F2000E5E7A0F13003DBB2092B02D80B7000209B
:106F30007047A0F16103052B02D857380870F6E7B7
:106F4000A0F14103052B01D83738F7E76FF01500A2
:106F50007047F7B5054601F0010000EB51069E426F
:106F60004FEA510703D90026304603B0F0BD58B1AF
:106F700028780DF10701FFF7D4FF0028F3D19DF821
:106F80000730013502F8013B01351744BA42EBD016
:106F900015F8010C0DF10701FFF7C3FF0028E2D13E
:106FA0009DF807402401E4B2147015F8020BFFF7B6
:106FB000B8FF0028D7D19DF807301C4402F8014BD8
:106FC000E4E7002203680BB9184670478B4210D1E2
:106FD0000B6842B942680360914200D143600023CC
:106FE00001200B60704713604368994208BF4260FC
:106FF000F5E71A461B68E6E7838B13F0070306D113
:107000000368002B18BF032008BF00207047022B25
:1070100005D1C08BB0FA80F0400980007047012B89
:1070200004D10368002B18BF0520EDE7002070474E
:1070300010B50C4600B111B96FF0150010BD081D58
:1070400000F02FF80028F9D1A368032BF6D9F3E755
:107050002DE9F0410D4607461946281D90461E466B
:10706000E6F7EEFA044638B133464246294638463A
:10707000A446BDE8F0416047BDE8F08138B50C4654
:10708000054658B151B10B6843B14B6833B120226A
:10709000002105F0B3FA00202C6138BD6FF0150017
:1070A000FBE7034658B1426802F00302012A03D00D
:1070B000032A04D1026812B10020986070476FF073
:1070C00015007047704700224B6801334B60C06960
:1070D000924208BF834208BF4A60704707B510213B
:1070E000019104990091E6F7CBFA03B05DF804FB37
:1070F000F7B5426C85695200AD1A63F10006099B31
:107100002A46009333460446089FFFF7E7FF50B92D
:107110002046626C0897521946F1000303B0BDE89F
:10712000F040FFF7DBBF03B0F0BD00F040BC10B58E
:10713000411C04460F22FF20F4F7D2F8207010BD46
:10714000F8F764BE10B5437804468B4209D1411C60
:107150000F22FF20F4F7C4F823781B1A5842584135
:1071600010BD0020FCE710B541780446FFF7EAFFA8
:1071700040B14FF6FF7362889A4206D16068431CA3
:107180005842584100F0010010BD0020FAE710B548
:107190008269416C86B0521A02AC63F1000300941C
:1071A000FFF79CFF002808DB2046FFF7DCFF30B12B
:1071B00000209DF80920089B1A7006B010BD6FF0E2
:1071C0000100FAE730B58269416C87B0521A02AD0E
:1071D00063F1000300950A9CFFF780FF00280ADB9B
:1071E0002846FFF7C0FF50B1049B33B99DF8092032
:1071F0001AB12260002007B030BD2360FAE76FF0BB
:107200000100F8E770B5064608460D461446FFF73C
:10721000AAFF08B9002070BD20466178FFF792FFF1
:107220000028F7D06388002BF4D163680133F1D1D3
:10723000A268B3699B1A726CB3FBF2F102FB1133C3
:10724000002BE7D168786378C31A58425841E2E7C7
:1072500073B5DDE90656CDE900560446FFF748FF51
:1072600020B9324629462046FFF7CCFF02B070BD58
:1072700030B50C46D1E900130546426C8BB052186C
:1072800043F10003C4E90023406CA969A1EB40016C
:107290008A4213D1ABB9E9699A184B1E06A9C4E911
:1072A0000023019102A928460091FFF7D1FF002891
:1072B00005DB08D1D5E90223C4E9002300200BB087
:1072C00030BD013BEAE7089B2360F7E72DE9F04F6B
:1072D00015461C468DB0CDE90623D0E90223DDE931
:1072E0001698A34208BFAA420646199F029110D1E0
:1072F00006A9FFF7BDFF034638B9DDE9065444454A
:1073000008BF4D4505D1C7E9009818460DB0BDE846
:10731000F08F4FF0FF3B0DF1200A23462A463046FE
:10732000CDF800A0FFF7DAFE03460028EDD1304685
:1073300006A9FFF79DFF00283BD1099B029A9342C3
:107340001CD14FEAEB73984208BF5C4503900DD007
:107350000DF117032A46009330462346FFF717FF27
:10736000821C0346039921D18DF8171050469DF8D1
:107370001710FFF7E7FE034638B9A346DDE90623F9
:10738000434508BF4A450ED10023189E524603CA02
:1073900071600CA98A423060924606F10806F5D168
:1073A000C7E90054B1E715461C46B6E70028DDD012
:1073B000ABE70346A9E70368012B81BFC91801F1B8
:1073C000FF315B42194008467047F8F7E7BD2DE9E9
:1073D000F04188B00746DDE90E851DB9002008B0F0
:1073E000BDE8F0818169066803FB0166036C164401
:1073F0001C6864422C400BD0C06B23464246314689
:10740000E6F784F90028EAD12D1BE7D02644A044F2
:107410002A464146684605F0CBF83C6C0DEB05006A
:1074200022686179521B05F0E9F8F86B23686A4617
:107430003146E6F76BF9D2E737B51025CDE90015EF
:10744000D0E902230446FFF7C2FF024650B929469D
:10745000206CFFF7B0FFD4E902311B1A61F1000183
:10746000C4E90231104603B030BD2DE9F0414FF0C0
:10747000FF3200268CB004960592ADF8122044F23B
:10748000012207920DF10F02009232461D4604467A
:107490000696FFF77CFE831CB0463AD18DF80F604C
:1074A000A269616C12EB08024FEA410145F1000349
:1074B000521A08A963F1000320460091FFF70EFE5F
:1074C000002828DB9DF80F209DF82110531CDBB20B
:1074D000994204BF0232D3B2129A04A80132069232
:1074E0008DF81130FFF723FED4E90267A369626CBF
:1074F00013EB080345F100059B1A65F100052046D2
:10750000C4E9023504A9FFF797FF20B9C4E902676F
:1075100001E00028C4D00CB0BDE8F081F0B5002433
:107520000546264685B003AFEB69A34202D800208A
:1075300005B0F0BD00222346284600970396FFF7CA
:1075400041FE08B1831CF3D1039B0022009328461F
:107550002346FFF78AFF0028EAD10134E4E71FB58C
:1075600004461022FF21684605F048F80023ADF8D4
:10757000023023696846029394F824308DF8013074
:10758000FFF7D5FD69462046FFF756FF04B010BD52
:1075900030B58BB004461022FF2102A805F02EF86A
:1075A0000023A268ADF80A30636C06A89B18049308
:1075B00094F8243010228DF80930236C597905F0A5
:1075C0001DF8D4E9021341BB626CA16950008842E6
:1075D00088BF013BA1EB4202C4E9022302A8FFF7E6
:1075E000A6FD02A92046FFF727FF204604F1080167
:1075F000FFF769FD04F124030093D4E90223204638
:10760000FFF7C5FD831C4FF0000514D184F824500A
:10761000E3680020C4E904530BE0D4E9040281428A
:1076200073EB0202D0D3204606A9FFF705FF00281E
:10763000C7D00BB030BD0028EAD0FAE737B5CDE9A6
:1076400000121546D0E904230446FFF7C0FE0028C7
:107650000CDB2946206CFFF7AEFED4E904321B1880
:107660004FF0000042F10002C4E9043203B030BD23
:107670002DE9F04F0026ABB000F124050095D0E9CC
:10768000022304460B96FFF782FD821C0CD1009664
:107690002046D4E90223FFF7E8FE60BB00952046B0
:1076A000D4E90223FFF773FD28BB002294F82430AD
:1076B00020460693E3680CA9CDE90C23FFF703FDF0
:1076C0000C9BA56904930D9B20460593049BED1824
:1076D000059B43F10006636CED1A12AB66F10006E0
:1076E00001931EAB00932A463346CDE90E56FFF7B1
:1076F000AFFD002802DA2BB0BDE8F08F2CD09DF84A
:1077000079300DF1580984F82430636C5B00EB1A72
:10771000089366F100030993149BCDE90E36DDE969
:107720000EA7204652463B46CDF80090FFF7D6FC08
:107730000028E0D120460EA9FFF79AFD0028DAD1F3
:10774000484694F82410FFF7FDFCF8B9DDE908235A
:107750009F4208BF9245E2D1069B204684F8243020
:10776000FFF7FDFE0028C6D10BAB00932046DDE9F4
:107770000423FFF727FD08B1831CBCD10B9B2046D7
:107780000093DDE90423FFF770FEB4E7BDF85A303B
:10779000002BDBD0D4E9022310A903911AA902918E
:1077A0002046CDE900231799CDE910A7FFF78EFDFC
:1077B0000028A0DBDDE91023BB4208BF5245C5D13C
:1077C000BDF85A60082E28D9B8462269DDF860B0A5
:1077D0001892226C1268524202F020030793079D10
:1077E00022ABB54228BF354600935A464346204651
:1077F0000195E5F745FF00287FF47DAF2A46204636
:1078000022A9FFF71BFF00287FF475AF15EB0B02D1
:1078100048F10008761B9346E1D1069B48468DF857
:107820005930FFF784FC49462046FFF705FE002843
:107830008CD060E70021E6F7A3B900231A46E6F7EB
:107840006FBA37B5002500951C46E6F715FB0028F2
:1078500002DBA04228BF204603B030BD002307B59D
:107860001A460093E6F708FB03B05DF804FB0378C3
:107870005B075FBF03684288C3F34A2303EB121020
:107880005DBF173020F007008008002070470020FF
:10789000704702F07CBF0346D3E8EF0F421CC3E8F9
:1078A000E12F0029F8D170471FB50023CDE902016F
:1078B0001A4619461846CDE90033E6F7A3FF05B08E
:1078C0005DF804FB0120E6F76BBC002070474368BD
:1078D000DA7101224368196043685A71E6F752BCB5
:1078E00070B515460C4669B1D2E901369B1B994229
:1078F0000AD813680A460146981904F059FEAB6885
:107900002344AB60204670BD6FF01B00FBE770B5F1
:107910000E4615461946044618B9BDE87040E6F70C
:107920003FBC33B1C2F34A231030120D184404F0A7
:107930003FFEC4E900562046BDE87040E6F7AEBE03
:107940002DE9F3415F1C4FEA8708064608F117004E
:1079500020F0070080080C461546E6F7CFFC002310
:107960008DF80470ADF805308DF8073068B1034626
:10797000019AA8F1040143F8102F2A46294452F82D
:10798000045B8A4243F8045FF9D100233146A20127
:1079900002F4E07242EA482222F07F4222F47002AE
:1079A00022F03F0202B0BDE8F041FFF7B0BF07B5DB
:1079B0000123019201AAFFF7C3FF03B05DF804FBA6
:1079C00007B5CDE9002302236A46FFF7B9FF03B0EC
:1079D0005DF804FB1FB5CDE90123069B01AA0393C3
:1079E0000323FFF7ADFF05B05DF804FBF8B50646CD
:1079F0000D4614461F4604B9F8BD214628463A46AE
:107A0000B047241A0544F6E710B542680446D2E9A7
:107A1000002381680068FFF7E9FF002263681A60AD
:107A200010BD0A2838B504460D4602D10D20E6F7F0
:107A300087FF29462046E6F783FF002038BD2DE961
:107A4000F043054689B008460E8891F800900C4630
:107A5000D1F808801746E6F747FF011EC6F38216E5
:107A6000C9F3C2091FDB4846E6F72AFE0346214652
:107A700051F8102B6088C2F34A22002A01EB02045D
:107A800008BF00210022C0F30B10CDE90507CDE9A6
:107A9000031428464146CDE900220296E6F77CFF12
:107AA00009B0BDE8F0830023E1E730B54C68036816
:107AB000A34201D2012030BD8A682244934201D3FF
:107AC0000020F8E7D1E90452954203D36FF00B038D
:107AD0008B61F5E7CA681B1B42F8353043680869BB
:107AE00002EBC00253600B6901330B61E2E737B56B
:107AF0000C46C0B201A91546E7F796F9002807DB46
:107B0000019828B12A462146E7F7B4F903B030BD01
:107B10006FF01500FAE7F0B587B01F4604460D4632
:107B2000164602F01CF8022302930DF1160301938E
:107B3000BDF83030ADF81600009332463B4629467A
:107B4000204601F06FFD07B0F0BD2DE9FF411F4653
:107B50000D4616460446F1F705F88046E1F773FE38
:107B6000BDF8283080B2CDE90180009332463B4613
:107B70002946204601F056FD04B0BDE8F081002002
:107B8000E7F7DAB900221146E7F7A4B9034610B5C2
:107B900008460AB10021116053B1D0B1411E11F85D
:107BA000010F80B113F8014BA04201D13D28F6D15D
:107BB00000200EE0013313600AE03D2808D0B0FA3F
:107BC00080F0400905E018782F28F6D1002AF1D17D
:107BD000012010BD10B509B100230B6058B1034658
:107BE0001A781C4601332AB13D2A03D02F2AF7D137
:107BF00001B10B60201A10BD0830704713460A46C9
:107C0000D0E90001FFF71DBEF0B5002704464FF094
:107C1000004585B000F1080680F85C7008236A46CC
:107C200029463046FFF70DFE831C21D1B5F1004FE8
:107C30004FF000070FD10823294630460DEB030211
:107C4000CDE90277E6F76CF8002802DB3846C4E994
:107C5000155705B0F0BDA36D3046CDE902370823B6
:107C6000616D0DEB0302E6F75BF800EAE070F0E708
:107C70000028EEDB0099B9420ED194F85C20C5F3E0
:107C80004303934217D8009B01982F466565A3656F
:107C90000028DED00546C1E73046FFF7CEFD0028BC
:107CA000D7DB08236A46294630460097E6F738F8BE
:107CB0000028E2DACDE784F85C30E4E77FB500F134
:107CC0000805044628460E46FFF7B7FD002818DBD6
:107CD000284606F18041FFF7B0FD002811DB46F091
:107CE000010608236A4631462846FFF7AAFD002808
:107CF00007DB009939B931462846FFF79EFD002879
:107D000018DA04B070BD082328460DEB0302FFF714
:107D100098FD0028F5DB019B0BB9029AA26503933D
:107D20000823284600990DEB0302E5F7F9FF002828
:107D3000E1DAE6E70199C1B1082328460DEB030219
:107D4000FFF77FFD0028DCDB009B28460293082319
:107D500001990DEB0302E5F7E3FF0028D1DB039B5C
:107D60000BB9009BA3650020CBE7009B6365FAE796
:107D70002DE9F0410D4607464A2194B0284604F00B
:107D800081FC01462846E4F73BF8002620F04044F9
:107D900024F01F0407F1080897F85C30B34201DAB9
:107DA000002417E066F344044923404601AA44F046
:107DB0000041FFF746FD031E01DC0136ECE700221F
:107DC00050336B44284601A903F84C2CE1F729FDF8
:107DD0000028F2D1204614B0BDE8F08110B5044669
:107DE00061B1FFF7C5FF58B140F0004101F180419A
:107DF00004F10800BDE81040FFF730BD6FF015003A
:107E000010BDF8B5044616461D46B1B1AAB1FFF73C
:107E1000AFFFA0B140F0004000F1804708342B468E
:107E2000324639462046FFF70CFDA84207D13946B5
:107E30002046BDE8F840FFF711BD6FF01500F8BD12
:107E400030B50446D0F83401A8B1431E0020984252
:107E500001DD00200FE0C21802EBD272521004EBD9
:107E6000C2052D8C8D4201D2501CF0E704D804EBE2
:107E7000C20404F11C0030BD531EE8E7FFF797BDB4
:107E8000002310B50446C0F83431D4F8500110B9BD
:107E9000C4F8580110BDD4F8542103689042C4F8C6
:107EA000503108BFC4F85431FBF7D2FCEDE703466C
:107EB00010B5D3E8EF0F00EA0102C3E8E42F002C6D
:107EC000F7D110BD70B504460D46FFF7D9FF6FF02E
:107ED000010104F59C70FFF7EAFFD4F85C319B6860
:107EE0002BB1294662682068BDE87040184770BD14
:107EF00010B50446FFF7C4FF6FF0010104F59C7054
:107F0000FFF7D5FFD4F85C315B6823B1D4E90001F9
:107F1000BDE81040184710BD37B54FF4205300247A
:107F20000546016868468DF80040ADF8023000F063
:107F3000DEF918B92868083803B030BD42F60103ED
:107F4000296801A88DF80440ADF8063000F0CFF99B
:107F50000028EFD02046EFE737B542F603030024B0
:107F60000546016801A88DF80440ADF8063000F020
:107F7000BEF918B92868083803B030BD2046FBE7C1
:107F8000006870471C307047F7B500F11C030C46C1
:107F9000B9B91C46002642F60307D0F8343100EB8D
:107FA000C30000F11C050834A5420CD9216801A8C2
:107FB0008DF80460ADF8067000F099F90028F2D150
:107FC00002E09942E6D20024204603B0F0BD034609
:107FD00000F11C0259B91146D3F8342101F108000F
:107FE00003EBC2031C33984228BF00207047914224
:107FF000F2D20020704713B5FFF7E9FF044618B925
:108000000024204602B010BD00238DF8043042F653
:108010000303016801A8ADF8063000F068F90028F4
:10802000EFD1EDE770B5054616460C4621462846C9
:10803000FFF7E1FF044628B13046216800F057F908
:108040000028F3D1204670BD38B500F59C75044674
:108050006FF002012846FFF72AFF83070DD504F5CC
:10806000B270F8F7B1FF2046FFF70AFF6FF0010189
:108070002846FFF71CFF002038BD6FF07700FBE7B4
:10808000EBF79EB9F8B505460E464FF0FF304FF0BE
:10809000FF311746F0F7EAFB044658B13A4631463D
:1080A0000C3000F0CBF821462846BDE8F84000220D
:1080B000F0F7D2BD6FF00B00F8BD014601224FF67C
:1080C0000350FFF7DFBF10B50C461146A4F11000B6
:1080D0001A4679B92181A4F10C03D3E8EF1F21F0EE
:1080E0000201C3E8E21F002AF7D1236B03B19847CE
:1080F000002010BDA36A13B1BDE81040184701204D
:10810000F7E7024630B598B191B10430D0E8EF3FBF
:1081100043F00104C0E8E54F002DF7D113F0010052
:1081200009D10B6893634B68D3638B68136430BDCC
:108130006FF01500FBE76FF07700F8E704F05EBA28
:1081400004F036BA01460068E8F76AB908B5E8F7FE
:10815000C3F9BDE80840E8F795BD0A460121FFF7DD
:1081600026BC00210120E8F75BB9836E83F30B88FE
:1081700070476FF08500704761B662B680F3118872
:10818000BFF36F8F704772B6002383F31188BFF37C
:108190006F8FBFF34F8F30BF62B6BFF36F8F7047E3
:1081A00072B6002383F31188BFF36F8FBFF34F8F35
:1081B00020BF80F31188BFF36F8F62B6704740E82D
:1081C00000F313F4803FD8B208BF6FF0150070477A
:1081D00030B50C684B6885B00A894D890094013B25
:1081E00024F01F04234402F01F0242EA451223F048
:1081F0001F0369468DF808200393E8F7F5FD05B0E5
:1082000030BD08B5D1E904319847002008BD08B554
:10821000E9F78AF8002008BD7047416A8968E9F7E4
:1082200007B992B281600160C280828070470368A2
:108230000B6043684B6083688B60704738B50D46B0
:1082400014461146E9F7F0FB22462946BDE83840BE
:1082500004F0AEB910B50C460121E9F7E5FB047056
:1082600010BD10B50C460221E9F7DEFB0470240AAC
:10827000447010BD10B50C460121E9F7F5FB047000
:1082800010BD10B5036801211C78E9F70DFC2046EC
:1082900010BD10B5036802211C88E9F705FC2046D3
:1082A00010BD70B50D4600210446FFF793FC0D2864
:1082B00018D1237B302B13D1002305F8063B04F1A2
:1082C0000C062A462046012302210234FEF741FE15
:1082D000B44205F1FF35F4D1002070BD0123ECE775
:1082E000312BFBD06FF01500F7E70020704710B579
:1082F0000C460178227888B08A420ED06946E9F7A8
:10830000B1FE204604A9E9F7ADFE102268460DEB48
:10831000020104F082F908B010BD012A06D0022A39
:1083200007D072B940886388C01AF4E74068636870
:10833000FAE71022611C013008B0BDE8104004F0DB
:108340006CB96FF01500E6E7042A0AD0102A0DD0A8
:10835000022A4FF0000315D103700B8843800120DF
:108360007047012303700B684360F8E7022300F8AD
:10837000013B01F1100351F8042B994240F8042B02
:10838000F9D1ECE718467047012310B506210446E1
:1083900000F8013BF5F776FA18B9A37963F03F03CB
:1083A000A37110BD0B6803608B8883808B79837108
:1083B000037823F00203037070470078C0F3400095
:1083C000704738B50446807AE8F7F0FF61690546E2
:1083D00049B1637ADB0704D4436A20461B689B6873
:1083E00098470023636121462846BDE83840F7F7E7
:1083F0005FBF438A23B9C068B0FA80F04009704774
:1084000000207047072208B504F007F9B0FA80F0A1
:10841000400908BDFFF7CBBAD0E8AF0F704700287E
:108420000CBF08460020704718B111B10846E9F7A3
:10843000C1BF6FF01500704707B580B906216846C7
:10844000F5F720FA40B99DF80530684603F03F0380
:108450008DF80530E9F7AEFF03B05DF804FB6FF06F
:108460001500F9E713B5044680B106216846F5F713
:1084700009FA48B99DF80530694603F03F032046E4
:108480008DF80530FFF7D0FF02B010BD6FF015007A
:10849000FAE708B5EAF78CFA10B11030FFF7BCFF25
:1084A000012008BD00207047D0E8AF0F704770B5BD
:1084B00006460D464FF0FF304FF0FF3186B0F0F723
:1084C000D5F90446B0B10C3095B10121FFF7C2FED9
:1084D000204606F1100203A908230095F0F7B4F92D
:1084E0000022214642F20A00F0F7B6FB06B070BD4A
:1084F0002946EBE76FF06800F8E71830F8F7F0BFAF
:10850000D0E8AF0F7047032808B501D0EAF7B6FCF2
:10851000BDE80840EAF7C6BC704710B50446FAF754
:108520003FF9234653F8442BD2F8BC1061B961647B
:10853000D2F8C01061B9C2E92F33FAF79FF9206869
:10854000BDE81040F1F7C4BD8B42F6D00968EDE7F5
:108550000B60C2F8C030F0E770472DE9F843446B78
:108560002CB154F8085905B1083D00270CB9BDE8F5
:10857000F883D4E900682EB3FAF712F90022D6F88E
:10858000BC3004F1440163B1994233D1636C4ABBFE
:10859000D6F8C020C6F8BC30914201D1C6F8C03030
:1085A0006764FAF76BF904F13009002200234846AA
:1085B000F7F7B2FE064600BBD8F804300BB12046F0
:1085C00098472760E3680BB120469847D8F82030D9
:1085D0000BB120469847DDB1AB6803B1083B2C4690
:1085E0001D46C3E71360D6F8C030994208BFC6F8ED
:1085F000C020D5E71A461B68C5E7B36923B16FF001
:108600006D02F169206898473046E9F7B3F8CCE786
:108610002B46E4E7F8B50F46002105461646002331
:108620004FF224420846EAF759FF044620B928468B
:10863000EAF716FF2046F8BD04210C30E9F7F4F9FB
:10864000057047704680F5E7406B28B1838B08388A
:108650008B4201D08068F8E7704710B54AB989B2FB
:10866000FFF7F2FF28B143689B6913B1BDE81040E2
:10867000184710BD38B50D460521FFF7E5FF00236B
:1086800029461A46EAF762FF044610B12846E9F780
:1086900071F8204638BD406B28B1838908388B4279
:1086A00001D08068F8E7704770470346006828B13A
:1086B0005968026888421A6008BF5A6070470346CA
:1086C000002003B970471A8A5B681044F9E710B5B7
:1086D000D4680231237813B92170012010BD8B4278
:1086E000FBD0038A023B038200201061F6E7FFF70C
:1086F0005EB908B503680A8A1868C968EFF748FACE
:10870000002008BD38B5054601F10C000C46FFF706
:10871000C0FD2D680146238A2868E26801F034F91B
:10872000002038BD70B40668B26A5AB3144654F8D3
:10873000A03903B1A03B002211467CB9438D408B88
:108740008B4201D890421FD9824238BF02469942DB
:10875000306838BF194670BCEFF780BA844207D042
:10876000658D648BA94238BF2946A24238BF224694
:1087700033B1D3F8A05005B1A03D1C462B46DCE731
:108780001D46FAE71146D9E770BC704773B5144629
:10879000014605464FF49572206800F0DAFF207517
:1087A00030B92946206801F03BF920B90823237528
:1087B000002002B070BD237AB3B1A3F11802534276
:1087C00053419B000193638A29460093AE68238A34
:1087D000E2682068B047002808DB238A98420CD161
:1087E000002301202375E4E70223EBE710F1FF0FDC
:1087F00003D34042C0B22075DAE70E20FBE7F8B59C
:10880000936805460F461446166863B950680121FF
:108810000C30E9F709F9A0602B681B78002B14BF16
:10882000022301230370A3681B78012B03D0022BC2
:108830001FD000201CE02B681B78002BF9D160684A
:1088400004210C30E9F7F0F8E06007802A68E3685B
:1088500052885A806168728D738B088A9A4294BFDD
:10886000C0EB0200C0EB0300042894BF00200120ED
:10887000F8BD2B681B78022BDBD1606812210C300D
:10888000E9F7D2F8E06007802B68E268591C0232F1
:10889000113351F8040B994242F8040BF9D1616885
:1088A000728D738B088A9A4294BFC0EB0200C0EBB2
:1088B00003001228D9E7D0680431037813B9017096
:1088C000012070478B42FBD0002091680B8A043B4B
:1088D0000B821061704738B504460D46EBF7AAF9D4
:1088E00030B1294604F15800BDE83840F7F7ACBC78
:1088F00038BD1FB5CDE9012300231A460093EDF7DB
:108900009FFB05B05DF804FB2DE9F0410446886843
:10891000FFF7D5FE638D628B0D46934228BF134649
:10892000834222D30027616501F10803D3E8EF8F6A
:10893000C3E8E27F002AF9D1F9F732FF4146204629
:10894000EBF778F9064638B1C5F808806765F9F79E
:1089500095FF3046BDE8F081618D638B28469942D2
:1089600028BF1946EFF71AFAF1E76FF07906F0E73A
:108970000022036803B970478B420FD10B683AB9E4
:1089800042680360914200D1436000230B6070474E
:1089900013604368994208BF4260F6E71A461B68B5
:1089A000E8E7D0E8EF3F43F00802C0E8E12F0029F4
:1089B000F7D1C3F3C00070472DE9F0410646904659
:1089C0001F460D46B9B104220121EBF7CDF904464B
:1089D00018B9BDE8F041EBF7A1B904210C30E9F773
:1089E00023F80570A0F80180C77021463046BDE825
:1089F000F041FFF770BFBDE8F08130B50C4685B09F
:108A0000054601F10C00FFF744FC228A034602925E
:108A1000E26828460192002211460092EBF716FA0E
:108A200005B030BD30B50C4685B0054601F10C00EF
:108A3000FFF72FFC228A03460292E268122101927C
:108A40000022284600921322EBF700FA05B030BD51
:108A500070B504460E46002200230846F7F75CFC7A
:108A6000054658B101462046EBF7E4F8044618B134
:108A700029463046F7F71CFC204670BD6FF0010414
:108A8000FAE707B5CA680C211388528800920D22B4
:108A9000EBF7CCFC03B05DF804FB07B50022CB6814
:108AA0000A211B8800920B22EBF7C0FC03B05DF893
:108AB00004FB70B5CB6804461E88B3B2162B25D9CB
:108AC0000321EBF7D3FA054610B302210C30E8F787
:108AD000ABFF6FF005030370012329464370204666
:108AE000FFF7F9FE4FF4FD736383236866851B6807
:108AF0000433D3E8EF1F41F48031C3E8E21F002ABA
:108B0000F7D12046FFF70EFE002070BD0420FCE7E1
:108B10000E20FAE72DE9F04F064685B01046904644
:108B20009946FFF7CCFD738B728D8B46934228BF1D
:108B30001346834275D9736840460393E8F79CFE59
:108B40004FF0000A04464046FFF7B9FDE168228A6B
:108B5000658A6369AD1ACB1AED1A778B738D9F42C4
:108B600094BFC0EB0700C0EB0300854228BF054659
:108B700025BB98F80A00E8F719FC00220023FFF74C
:108B80004CFB044608B9574627E001464046E8F743
:108B9000B9FE4046FFF793FDE168228A658A636962
:108BA000AD1ACB1AED1A778D738B9F4294BFC0EB31
:108BB0000700C0EB0300854228BF0546CDF80090B2
:108BC000DBF804700A4403985946ABB2B847071E55
:108BD00007DABAF1000F18BF5746384605B0BDE8AE
:108BE000F08F0E9BABB9394604F10C00E8F71CFF7F
:108BF0004046FFF764FD738D728BB944934228BFE2
:108C000013468342BA441FFA89F9BCD9AF429AD0BD
:108C1000B9E7394620460F9A0E9B98470028E2D1C3
:108C2000B1E70027D9E700232DE9F341176814467F
:108C3000D7F804800146137306469522404600F09B
:108C400088FD0546207330B93146404600F0E6FE07
:108C500028B908232373002002B0BDE8F081A06882
:108C6000798D7A8B038A914294BFC3EB0103C3EBE6
:108C70000203012BEFDD02210C30E8F7D5FECDE930
:108C800000558046A38831463846A268FFF742FF68
:108C9000031E06DA13F1FF0F2ABF5B420E23DBB27D
:108CA000D8E70120A8F80030D6E700232DE9F341EA
:108CB00017681446D7F804800146137306469522B8
:108CC000404600F046FD0546207330B93146404627
:108CD00000F0A4FE28B908232373002002B0BDE8E9
:108CE000F081CDE9005531463846A388A268FFF7E8
:108CF00011FF002807DA10F1FF0F32BF0E204042AB
:108D0000C0B22073E9E70120E8E7F8B5054650F85E
:108D1000044C071F00F14C03D3E8EF1F21F00401BE
:108D2000C3E8E21F002AF7D1FCB12B6D83B9636859
:108D300073B1201DFFF7B9FC064601463846FFF720
:108D4000E3FD90B163683360A368666003B9A66011
:108D5000384605F15401FFF77BFE30B1384604F187
:108D60000C01BDE8F840FFF773BEF8BD2DE9F041F6
:108D7000846A074644B154F8A06906B1A03E0022B7
:108D8000154607F104080CB9BDE8F081636D9BB985
:108D900005B98AB94046FFF788FC054658B1014637
:108DA0002046FFF7B1FD0028EED07B682B60BB6842
:108DB0007D6003B9BD60224636B1D6F8A03003B15C
:108DC000A03B34461E46DEE73346FAE738B5054693
:108DD000D1E8AF3FDB0716D550F8040C98B12B6DE6
:108DE0008BB90430FFF761FC044660B10146281FCF
:108DF000FFF78AFD38B155F8043C5A6822609A683A
:108E00005C6002B99C6038BDEDF75EB808B5EBF761
:108E1000DBFE40B1806A30B1024652F8A03903B19E
:108E2000A03B002002B908BD518B528D8A4228BF59
:108E30000A46904238BF104633B1D3F8A01001B1B2
:108E4000A0391A460B46EDE71946FAE770B5CE6829
:108E5000044633880D469AB2162A06D80022042307
:108E60001146ECF755F8002070BD4FF4FD724385B4
:108E70004283FFF757FC0023314620462A8AF0E759
:108E800008B500230A8AC968ECF742F8002008BD3B
:108E9000FFF7F6BFFFF7F4BFFFF7F2BFFFF7F0BF32
:108EA000FFF7EEBFFFF7ECBFFFF7EABFFFF7E8BF42
:108EB000FFF7E6BFFFF7E4BFFFF7E2BF10B50C46D0
:108EC000EBF782FE90B1836A43B153F84C2CA03B80
:108ED000D168A14209D0D3F8A030F5E7406828B1A5
:108EE000C368A34202D00068F9E7104610BD012014
:108EF000704708B5EBF768FE78B1836A6BB1A03BA9
:108F000003F15002D2E8EF0F20F00800C2E8E10FB1
:108F10000029F7D1D3F8A030F0E708BD08B5042147
:108F2000FFF7B9FB20B14C30D0E8AF0FC0F3C00061
:108F300008BD70B51C460E461546EAF755FE0123DE
:108F4000C0E90365C380047570BD106000207047E0
:108F500010B5029CA36833B1B1F5807F28BF0E2104
:108F6000CAB221469847A37DE268013BDBB2A375F4
:108F700022B11BB92046BDE81040104710BD10605B
:108F8000918000207047B1F5807F28BF0E21009AA4
:108F9000C9B21368184700207047D0E8AF0F704778
:108FA000FEF70EBDF0B5076806463D78144689B059
:108FB000E5B97B88B3F5245F04D011D8A3F520531D
:108FC000032B13D8ADF80A10022220460DF10A0136
:108FD000ECF752F970B16FF01503C4F8603106E098
:108FE00003F55643FF339BB2042B20D901252846B5
:108FF00009B0F0BD7B88022220460DF10A01ADF8D0
:109000000A30ECF739F90028E5D1009003AA1323C0
:1090100031467768B847021E02DAC4F86021E6E7F5
:1090200003A92046ECF728F90028DFD0D3E7ADF8F4
:109030000A10022220460DF10A01ECF71DF9002862
:10904000C9D17B880222ADF80A300DF10A01E8E7A8
:10905000072208B503F0E1FAB0FA80F0400908BD34
:1090600070B50378044693420E46154603D101308D
:10907000FFF7EEFF70B9A37AAB420DD1314604F190
:109080000B00FFF7E5FF20B101235B4203F00A0369
:10909000E01870BD0023F8E70020FAE7034610B59A
:1090A000D3E8EF0F40EA0102C3E8E42F002CF7D128
:1090B00010BD034610B5D3E8EF0F00EA0102C3E884
:1090C000E42F002CF7D110BD0B6803608B888380E0
:1090D0008B7983717047FEF76ABC70B50D46064602
:1090E00011F8010BF1F7BEFD044610B12C89F0F721
:1090F00085FFA87A05F10B01F1F7B4FD28B16B8A61
:109100009C4238BF1C46F0F779FFAB8AA34207D0D8
:10911000AB69AC8223B121463046BDE870401847A8
:1091200070BD08B502210C30E8F77EFC6FF0050336
:10913000037001234370002008BD10B514460221BE
:109140000C30E8F771FC63890380002010BD10B576
:10915000144604210C30E8F767FC23890380E38977
:109160004380002010BD10B5144602210C30E8F7F2
:109170005BFC23890380002010BD10B51446042138
:109180000C30E8F751FC2389038063894380002079
:1091900010BD38B5154600F10C0404212046E8F74F
:1091A00043FC2B890380EB8943802B7C33B94FF43C
:1091B00020512046FFF755F8002038BD42F6010146
:1091C000F7E738B5154600F10C0404212046E8F70E
:1091D0002BFC2B890380EB8943802B7C022B04D052
:1091E000032B09D02B68598801E042F60201204682
:1091F000FFF737F8002038BD42F60301F7E770B5F6
:109200001446002500F10C066268EBB29A4205F1A3
:10921000010501D8002070BDA268304632F8131055
:10922000FFF71FF8F0E7FFF7EABFF7B5089D06461E
:109230000C462F6851B973B900232A460893E1B24E
:109240003046BC4603B0BDE8F0406047B1F5807FD2
:1092500028BF0E24F0E7009313462A46B847089427
:1092600023462A4621462F68EAE738B50C461946B8
:109270006BB103F114055B6982B9E268A3609542A2
:1092800000D1E36000230D681A464B61A847A3682C
:1092900053B92046BDE83840ECF738BA1360E368AC
:1092A0009D4208BFE260EDE738BD2DE9F0410D4673
:1092B000069C06466FF0040104F11000FFF7F9FE6A
:1092C00045B33046ECF718F9074680B16368B5F549
:1092D000807F28BF0E251BB122463046E9B2984751
:1092E000BB6823B10022196804F114050BB9BDE86D
:1092F000F081AB4206D1234639463046BDE8F04105
:10930000FFF7B3BF21B108681A460B460146EDE7E7
:109310000846F9E763681BB122462946304698475C
:10932000A389002BE3D1256821463046AC46BDE831
:10933000F0411A466047F0B50D4687B01146064623
:109340001A460C9C5DB983B9276800232246304633
:10935000BC46E9B20C9307B0BDE8F0406047B5F5F4
:10936000807F28BF0E252768EFE703A8FEF759FF87
:10937000BDF81030012B08D800230093224619466F
:1093800030462568A84707B0F0BD022103A8E8F7DA
:10939000A9FB0346BDF8102033F8027B0021974259
:1093A00028BF17460097224630462568A847394609
:1093B00003A8E8F797FBDBE738B5BDF81040154682
:1093C000A2420CD84CB16BB1A41A8C42A8BF0C4677
:1093D000A4B22246591903F0EBF8204638BD6FF0CD
:1093E0000604FAE76FF00D04F7E730B585B0C968F9
:1093F00014461D46ECF75CF800B100890223ADF875
:109400000E00009329462046BDF820200DF10E03E2
:10941000FFF7D2FF05B030BD1FB50C461946E36813
:1094200010461C78BDF818203CB110240133069476
:1094300004B0BDE81040FFF7BFBF5B88ADF80E3049
:10944000022300930DF10E03FFF7B6FF04B010BD29
:1094500030B51D46002385B014468DF80C30EBF76F
:10946000F5FF10B1037A8DF80C30012329460093E3
:109470002046BDF8202003ABFFF79EFF05B030BDAE
:1094800038B5144600F10C0506212846E8F7CCFA59
:1094900023890380E3894380237C002B42F6010368
:1094A00008BF4FF42053838021680B781BB1022B37
:1094B00006D0002038BD28464988FEF7D2FEF8E7DE
:1094C000102228460131FEF7B9FEF2E738B51546FD
:1094D00000F10C0404212046E8F7A6FA2B8903804A
:1094E0006B894380E9680B782BB920464988FEF7E1
:1094F000B8FE002038BD102220460131FEF79EFE46
:10950000F7E7002203680BB9184670478B4210D169
:109510000B6842B942680360914200D14360002366
:1095200001200B60704713604368994208BF426096
:10953000F5E71A461B68E6E770B500F170060546C8
:109540003146007A00F00DFB04463146287A1CB102
:10955000BDE87040ECF77AB9EBF7FAFE10B10460A1
:109560004460846070BD022A10B508D1002300F168
:1095700070011A46007AECF78BF8022010BDFFF755
:10958000DBFFFAE738B5144600F10C050221284646
:10959000E8F74AFA63890380A1892846FEF761FE4D
:1095A000042104F11000FFF779FD002038BD08B553
:1095B0000C3029B10121FFF771FDC043084008BDFF
:1095C0006FF00101FFF775FD00F00100F7E710B53E
:1095D0000446FFF7ECFF38B12146BDE810400122F8
:1095E00011F8010BEBF7BABF10BD38B504461546AC
:1095F000FFF77DFC48B12046EBF728FF28B1037A3E
:10960000DB0702D50121FFF7E2FF55B9207A04F10B
:109610007001EBF79DFE20B18560BDE83840EBF7A7
:10962000F5BF38BD38B5BDF81010BDF8184010466C
:10963000A142059D0CD84CB16DB1641A9C42A8BFE3
:109640001C46A4B22246294402F0B2FF204638BD8F
:109650006FF00604FAE76FF00D04F7E713B5044660
:1096600010B9002002B010BD00238DF8043042F67E
:109670000303006801A9ADF80630FEF738FE0028A4
:10968000EFD1E36898880028ECD12046ECF78EFCF7
:10969000013080B2E6E770B5CC681E46A37988B089
:1096A00008468DF80C301546FFF7D8FFADF80D00D1
:1096B000246823786BB96388ADF80F3005230093D5
:1096C00031462846BDF8302003ABFFF775FE08B0E1
:1096D00070BD631C0DF10F02113453F8041BA3423B
:1096E00042F8041BF9D11323E9E71FB5CDE90123A3
:1096F00000231A460093ECF7A3FC05B05DF804FBC9
:10970000ECF7C6BD10B50446A0F1170110F8180C0F
:10971000ECF78EFE14F80C0CA4F10B01BDE8104020
:10972000ECF786BE002313B58DF8043042F6030330
:10973000044601A90068ADF80630FEF7D8FD18B957
:109740002046ECF7CFFE0446204602B010BDFFF7DE
:109750005DBB4B8A12F0010FC3F30E0304D013F06C
:10976000950F10D0486870B112F0020F04D013F4B6
:10977000957F0AD0896841B1134013F4DE7F14BF8E
:109780000520002070470220704703207047F8B57D
:109790000F46516806464B8A144603F0940313BBE8
:1097A0000122ECF7B1FE08B3A2891B213046023238
:1097B000EBF73CFB0546E0B1A1890C300231E8F73C
:1097C00033F920F8027BA289A16802F0F1FED4E906
:1097D000041228460123FFF7ACFB29463046BDE8BA
:1097E000F840EBF793BC4FF0FF30F8BD6FF0150079
:1097F000FBE76FF00B00F8E770B50B460546144623
:1098000029B921462846EDF7C7FA28B970BD4FF6A9
:10981000FF72914207D121812246284663680021C8
:10982000BDE870401847E28901339BB29A42238118
:10983000E7D2F1E72DE9F04F89B006461446129FB2
:1098400011B913F0030807D03A46002130467B686F
:1098500009B0BDE8F04F1847C14642F6010A03F4CB
:109860007F73D518AC4207D13A464146304609B01D
:10987000BDE8F04FFFF7C0BF3A7C6388002A14BFF1
:1098800052464FF42052ADF802201022ADF80830B5
:109890001FFA83F83B68B4F800B000210DEB02001A
:1098A00001938DF8009002F0A9FE01AB06933A46B1
:1098B00030467B68CDF80CD0ADF81CB003A99847B2
:1098C00004340028CED109B0BDE8F08FF0B553893B
:1098D0008FB0ADF80C3093890546ADF80E300223F9
:1098E00004A8144616898DF8103002900DF111036A
:1098F00001F1100251F8047B914243F8047BF9D145
:109900002168C1B9002142F6020310220AA88DF88D
:109910000410ADF8063002F071FE01AB099302AB02
:109920000C93224628466368ADF8346009A998472D
:1099300028B90FB0F0BDFEF7DAFC0028E2D02246CD
:1099400028462189FFF758FFF3E773B504460D4613
:10995000F8F726FF29462046FFF7B0FA014620B95E
:1099600002B0BDE87040F8F789BF46682046EBF7C3
:109970005BFCF8F783FF2EB100230E211A46204628
:109980000095B04702B070BDF7B50D4604461646C7
:109990001F46EBF7B1FD014628B133462A46204663
:1099A0000097EEF7C3F803B0F0BD2DE9F04105468E
:1099B0008846EBF74BFD0446E0B1037ADB0719D587
:1099C00000F10C073846FFF7E8FA10F0010611D154
:1099D000B8F1000F0FD06FF002013846FFF769FBB6
:1099E00010F0020F284609D0FFF783FA0121204624
:1099F000FFF7EDFD01263046BDE8F081FFF777FA6D
:109A00000028F8D02846FFF789FA0028F3D06FF035
:109A100002013846FFF74DFB2846E5E70120704775
:109A20000120704713B5C068144668B100238DF853
:109A300004304FF4C05301A9ADF80630FEF757FCCF
:109A400010B9236801332360012002B010BD00214A
:109A5000F8B54FF0FF324FF0FF3305460846E9F7FF
:109A60003DFD00F10C07044601213846E7F7DCFF15
:109A70000526012106703846E7F7D6FF0023067059
:109A80001A4621462846E9F761FD10B12046E7F75E
:109A900071FE0020F8BD6FF0850070470020704710
:109AA0000F2806D80D280BD8052814BF0220032044
:109AB0007047132804D01A2814BF022001207047D1
:109AC000012070470B6803608B8883808B798371DA
:109AD0007047FDF76CBF034610B5D3E8EF0F40EABF
:109AE0000102C3E8E42F002CF7D110BDFDF768BFD9
:109AF0000023E4F7F3BDD0E8EF3F0B40C0E8E23FBE
:109B0000002AF8D1704710B5E8F752FF04466FF409
:109B100080711030FFF7EFFF2046BDE81040FEF7E0
:109B2000ECBCC368DB78012B01D1FFF7ECBF7047B9
:109B3000C368DB78012B01D1FFF7E5BF704738B56B
:109B400004460D46EEF78CFB5F3005D129462046D2
:109B5000BDE83840EEF736BB38BD01207047002025
:109B6000704700207047EFF721B970B506460D46E3
:109B70004FF0FF304FF0FF31EEF778FE044668B14A
:109B800003210C30E7F750FF068085702146BDE8C1
:109B90007040002240F20640EFF75EB86FF06800B8
:109BA00070BDC368187808B1EFF75CB91846EFF7D5
:109BB00009BA38B54FF0FF3105464FF0FF30EEF7E8
:109BC00055FE044668B102210C30E7F72DFF2B88C3
:109BD000214603800022BDE8384042F21600EFF72C
:109BE0003BB86FF0680038BD2DE9F84381468846E0
:109BF0004FF0FF304FF0FF3117461E46EEF736FEAE
:109C0000054690B107210C30E7F70EFFB9F8003098
:109C1000A0F802800380878086712946BDE8F8435A
:109C200000224FF6F430EFF717B86FF06800BDE888
:109C3000F8832DE9F047814688464FF0FF304FF01A
:109C4000FF3117461E469DF820A0EEF70FFE054691
:109C5000A0B107210C30E7F7E7FEB9F8003080F833
:109C600002800380C7700671A0F805A02946BDE8F0
:109C7000F047002242F23200EEF7EEBF6FF06800CC
:109C8000BDE8F08770B506460D464FF0FF304FF047
:109C9000FF31EEF7EBFD044618B9BDE87040EEF772
:109CA00087BA03210C30E7F7BFFE06808570214696
:109CB000BDE8704042F22100EEF77CBF034600F0A1
:109CC0000100990748BF40F002005A0748BF40F022
:109CD00004009B0648BF40F010007047D0F8BC005D
:109CE000003818BF01207047D0E8AF0F7047243804
:109CF000F0F71CB8002203680BB9184670478B4276
:109D000010D10B6842B942680360914200D14360B0
:109D1000002301200B60704713604368994208BF1D
:109D20004260F5E71A461B68E6E703695BB100226B
:109D300000F11003D3E8EF0FC3E8E12F0029F9D1B8
:109D400008B1E7F717BD704773B506460C46FEF736
:109D500034FB6D463146A8B16846FEF723FB294621
:109D60000020F0F755FF58B12388A0F88C306388A5
:109D7000A0F88E30A388A0F89030E388A0F8923045
:109D800002B070BDFEF74BFB0346006800909A8856
:109D90009B79ADF804208DF80630E0E738B5037AFA
:109DA00004468B42154615D100F170010722284662
:109DB00002F033FC80B1E378072243B904F17E015D
:109DC000284602F02AFCB0FA80F0400938BD04F1C0
:109DD0007701F5E70020F9E70120F7E78378012B09
:109DE0000CBF70300020704710B482780B46012AF7
:109DF0000DD10988B0F8A6405A888C4203D1B0F83A
:109E0000A840944207D01B7910BCFFF7EDBE6FF05D
:109E1000150010BC70476FF07700FAE72DE9F341A9
:109E200083780646012B27D10B8891F8038003F035
:109E30000202D807887848BFB2FA82F2B0FA80F5F9
:109E400048BF520903F0FC0343EA02046D09B8F16C
:109E5000000F01D145F00205FFF730FF07464046ED
:109E6000FFF72CFF3A460346294630460094FFF799
:109E7000E0FE02B0BDE8F0816FF01500F9E7F8B53B
:109E800007460D464FF0FF304FF0FF31EEF7EEFC86
:109E90000646D0B10E210C30E7F7C6FD04460E226F
:109EA000002102F0ABFB3B88314623802B88002247
:109EB00063806B8842F21300A380AB88E380EB8859
:109EC0002381BDE8F840EEF7C7BE6FF06800F8BD2B
:109ED00038B584780346012C0A4625D1C4781CB9CC
:109EE000BDE83840F1F7E8B8051D2846FFF7FCFE4D
:109EF000C0F3C024000501D51846F1E70988A3F88E
:109F00008C105188A3F88E109188A3F89410D288F1
:109F1000A3F89620D5E8EF3F43F40053C5E8E23FAD
:109F2000002AF7D1204638BD6FF01500FBE7006925
:109F30000021043010470369D86A00F00700704719
:109F4000006911460430E3F70DBA00690430E3F705
:109F5000A1BA10B50469114604342046E3F706FBA4
:109F600010F1780F04D12046BDE81040E3F792BA13
:109F700010BD1046F6F7A8BAEFF31182402383F321
:109F80001288BFF36F8F036803F0C00343F002032E
:109F9000036082F31188BFF36F8F7047F8B50469CF
:109FA0004668EFF31187402080F31288BFF36F8F6C
:109FB000E06A00F00705012D0CD10025E36287F36C
:109FC0001188BFF36F8F1DB9C4E909123368984730
:109FD0002846F8BD00F0C00083420CBF6FF0770543
:109FE0004FF0FF35EBE711461A468023FFF7D6BF47
:109FF00010B503460069EFF31184402282F3128802
:10A00000BFF36F8FC26A12F0C00201D091420CD12F
:10A010000122C262002084F31188BFF36F8F18B948
:10A020005B685B689847002010BD4FF0FF30F2E797
:10A030008021FFF7DDBF70B504460D4650F8040CD3
:10A040004021FFF7D5FF2B4601462046BDE8704072
:10A050001847002170B5036904465D6A59620069BA
:10A060002C30FFF789FF35B1236920469A6A2B46C9
:10A07000BDE87040184770BD00F058BCF3F758BDFC
:10A080000A2810B5044602D10D20F1F769FBE0B2B1
:10A09000F1F766FB204610BD38B508461446EFF3CD
:10A0A0001185402383F31288BFF36F8F1146F4F7B5
:10A0B0006BF885F31188BFF36F8F002808BF204627
:10A0C00038BD08B50023FFF7E7FF00EAE07008BDE0
:10A0D000F4F740B82DE9F0470024836886B088463D
:10A0E00091469B6902AA01A99847A2462546029B70
:10A0F000AB4202D806B0BDE8F0870026019F07EB0F
:10A10000C5077B6804933A680AEB0603B24202D89B
:10A110009A460135EBE749460394059303A8C047E7
:10A120000028E7D0049B01361C44ECE738B50C4608
:10A13000194620461546F1F767FB28B92046F1F786
:10A14000A5FB6FF0150038BD0A462846214602F0EF
:10A150002FFA0020F7E770B50E46144619467BB17A
:10A16000134313F00F050DD11046F1F74DFB48B125
:10A170000B46324629462046BDE87040F1F798BBB1
:10A18000184670BD6FF01500FBE770B50C46114620
:10A1900082B144EA0205C5F30B056DB92046F1F71B
:10A1A00033FB48B10B4620462946BDE87040FF22EC
:10A1B000F1F77EBB104670BD6FF01500FBE74368FA
:10A1C00000205B68DB680B607047436802EA0100AF
:10A1D0005B6821EA0201586000209960704743687B
:10A1E00000205B6859607047436800205B68996095
:10A1F000704743685B681A6821EA020011405860A2
:10A20000002099607047F4F70DBC30B543681360C7
:10A21000057A446804EBC504A34202D36FF0010041
:10A2200030BD5C7908338C42F1D10020F8E74368F7
:10A230001B68D3F88004C3F88004704703691A6868
:10A2400013680BB152681847704730B587B00446A1
:10A250000D461422002101A802F0D0F90423204663
:10A260000DEB03018DF804300295FFF7E7FF07B00F
:10A2700030BD70B586B0066904460D461422002133
:10A2800001A802F0BBF902238DF8043033682046A0
:10A290001B6C01A9029333689B6CCDE90335FFF772
:10A2A000CDFF06B070BD30B5036940681B6800681B
:10A2B000EFF31184402585F31288BFF36F8F93F875
:10A2C0006450BDB11D6CADB1DD6CB5B9C3E91312FD
:10A2D000042AC0F80417C0F8082782BFD0F800325B
:10A2E00043F02003C0F80032002084F31188BFF34C
:10A2F0006F8F30BD6FF00C00F7E76FF00F00F4E7E1
:10A300000369186820B101601B6800205A6070471B
:10A310006FF08500704710B54268006913680068E7
:10A3200060B9D3F84C4164B1126B12780A70C3F86B
:10A330004C01D3F84C2101229A6210BD6FF08500C8
:10A34000FBE74FF0FF30F8E738B54268036915685E
:10A350001A68D2F8A01051B1002482F8B8401868E9
:10A360006830F9F769F9012320466B6538BD6FF055
:10A370000D00FBE7406BFFF7E7BF10B503691968F5
:10A38000D1F8A420D1F8B040121B13D0082A28BF5E
:10A3900008224068C1F8AC201968406AC1F8A800DA
:10A3A0001B68D3F8A010D3F8B030194402F000F9BC
:10A3B000012010BD1046FCE710B5044612EA030068
:10A3C00005D0605818B1002301206350635810BDB8
:10A3D00013B501AA0446FFF718FF002805DB019B0F
:10A3E000226819791868F1F751FD02B010BD10B458
:10A3F00002694468936823EA0101916011F0030146
:10A4000008D143681B68C3F80015E068012110BC3F
:10A41000FFF7DEBF10BC704710B5044600220121D3
:10A420004FF48270E6F794FB4FF48270E6F76EFB10
:10A430002046F1F719FE002010BD10B50446002299
:10A440000121C620E6F784FBC620E6F75FFB204625
:10A45000F1F70AFE002010BD10B502699368194398
:10A46000916013F0030107D14368D8681C68FFF7B7
:10A47000AFFF0823C4F8003510BD10B543681C6851
:10A48000C4F83C17C4F840270022C4F830215B68A8
:10A49000D4F830219B0702D50121FFF7DDFF01230E
:10A4A000236510BD10B5436804461B68D3F83021FE
:10A4B0000B684AB9012283F8B8204FF480526368D0
:10A4C0001B68C3F8042310BD002283F8B8204FF0A6
:10A4D000FF320B68C3F8B4200B68D3E92A12FFF7E8
:10A4E000CCFFEAE7F8B5036906461C6843680F46E7
:10A4F0001D6804F10800F9F79FF8EFF3118240237B
:10A5000083F31288BFF36F8F002384F86330E36C0A
:10A510005BB1D5F8003223F02003C5F80032D5F83E
:10A520004C31FBB1012384F86330002384F864309C
:10A5300017B1012384F86530D5F8003223F00053B9
:10A54000C5F8003294F863303BB9336919680123C8
:10A5500081F8623071680968CB6282F31188BFF3B9
:10A560006F8FF8BDC5F85031D5F85031DDE708B52B
:10A5700003691B681B6C23B10121FFF7B3FF0020A7
:10A5800008BD6FF00D00FBE7F7B5446B2369196850
:10A5900091F86420EAB1626808331568D5F8102193
:10A5A000D3E8EF6F26F01007C3E8EC7FBCF1000F93
:10A5B000F6D1F3060FD562B1D1E9162300260027A4
:10A5C000CDE90067F8F7DCFF0023C5F81031D5F8B6
:10A5D000103103B0F0BD002AFBD1F9F72DF8236943
:10A5E0001A68D36CB3FA83F35B0982F862300122F4
:10A5F00063681B68DA62ECE72DE9F347174600222F
:10A600004368D0F810901E68D9F80040884694F846
:10A610006130D6F80C1784F86120A26C05469B1AAD
:10A620001944002901DDFFF724FE2846216CFFF7BD
:10A630000CFEE36C2364236D63640023C4E91333CD
:10A64000A36494F8643003F0FF029BB3EFF3118A24
:10A65000402383F31288BFF36F8F236C6BB3D6F85C
:10A66000003223F02003C6F80032B8F1000F34D1D5
:10A670009FBB0123B362C6F82471D6F8243184F855
:10A680006270D9F8083043F01003C9F808308AF333
:10A690001188BFF36F8F6AB1D4E91632134309D022
:10A6A000D4E9162300200021CDE9000104F10800BF
:10A6B000F8F766FF02B0BDE8F087D4E9163213431D
:10A6C00003D004F10800F8F7B7FF2B691A680123DB
:10A6D00082F862306A681268D3620022D7E72DE9F7
:10A6E000F341064617461C460569EFF311884023DF
:10A6F00083F31288BFF36F8F2B68D3F8A42042B185
:10A7000088F31188BFF36F8F6FF00F0002B0BDE8C0
:10A71000F081C3F8A4702B6801F0604CC3F8A0105E
:10A72000BCF1005F2B6814D1C3F8A8102B68C3F8E4
:10A73000AC7029463046FFF7B5FE88F31188BFF3A9
:10A740006F8F73681B7E012B01D1631C06D1002023
:10A75000DCE7C3F8B020FFF710FEEAE724EAE47272
:10A760002868D3171F3243F10003520942EAC3623B
:10A7700068305B0900240025CDE90045F8F700FFAB
:10A78000E5E708B50220F0F77DFE002008BD08B51A
:10A79000F4F720FB08BD0A460121FDF708B910B502
:10A7A0004FF0FF304FF0FF31F2F768FA044628B956
:10A7B000C6F75EFA044618B1F2F768FA204610BDF3
:10A7C000F2F764FA2046E7F7FBFCF7E738B50B8AA7
:10A7D0000D463BB101F10C00FDF753FD012818D0E7
:10A7E000022803D06FF01504204638BD4FF0FF302B
:10A7F0004FF0FF31F2F742FA04460028F4D1E8683E
:10A80000D8F7B2F80446F2F741FAACB1F2F7BCFA65
:10A81000EAE74FF0FF304FF0FF31F2F72FFA04462E
:10A820000028E1D1E868F2F7D7FC0446F2F72EFAE7
:10A83000002CD9D1F2F7A8FA2846E6F79BFF0024AE
:10A84000D2E7F2F737BC10B532220021044601F0FE
:10A85000D5FE202323708023A3706FF03F03637124
:10A860000423A3722823A3730223E3730423A37591
:10A870006FF0480363763F23A3766FF01303E3760C
:10A880000F232377302384F82030402384F82130AD
:10A89000012384F82230782384F82330802384F83D
:10A8A00026300C2384F82F3010BD08B5F3F732F8AA
:10A8B000002008BD08B5F9F72FFF48B1002383F346
:10A8C0001188BFF36F8F0423184602DF6FF0040076
:10A8D00008BD684620F007018D4601B5D6F7A4FEF5
:10A8E000BDE8014085467047684620F007018D4667
:10A8F00001B5D6F78BFEBDE8014085467047684636
:10A9000020F007018D4601B5D7F7ECF9BDE801400D
:10A910008546704708B5DEF711FB002008BD08B575
:10A92000DEF7ABFA002008BDD5F7A6BD704770472B
:10A930007047704708B5D7F7DDFB30B1EFF30580FE
:10A940000338032894BF0020012008BD7047012070
:10A95000704703460020184700F0ACB9024610B516
:10A96000116891B1B1FA81F3C3F11F000123834053
:10A9700021EA0303D2E8EF4F8C4204D1C2E8EC3F56
:10A98000BCF1000FF6D1EBD110BD6FF00B00FBE76F
:10A9900010B50368CB40DB0710D401238B4002685D
:10A9A00043EA0201D0E8EF4F944204D1C0E8EC1F23
:10A9B000BCF1000FF6D1F2D1002010BD6FF01500F0
:10A9C000FBE710B504460846F3F748FC04EB4004E7
:10A9D000207DC0F3401010BD10B504460846F3F7C3
:10A9E0003DFC04EB4004A08A00F01C00003818BFB6
:10A9F000012010BD10B504460846F3F72FFC04EB08
:10AA00004004207DC0F3400010BD10B50446FFF7A0
:10AA1000F1FF20B12046BDE81040FFF7D2BF10BDC6
:10AA200010B504460846F3F719FC04EB4004A08A6D
:10AA3000400B10BD70B5044608461646F3F70EFCF1
:10AA4000083034F810300D46DA0509D5C3F3432336
:10AA500004EBC3023146284654F833305268984715
:10AA6000A3682BB131462846E268BDE8704018471C
:10AA700070BD2DE9F3411746DDE90858019001A8A2
:10AA80000C461E46F3F72EFC019B391E18BF012110
:10AA900000EB8300231E18BF0123002E43EA41036D
:10AAA0000CBF00210C21002D43EA01030CBF002143
:10AAB0004FF47061B8F1000F43EA01030CBF0021AD
:10AAC0004FF44031D0F880200B4322EA030304B155
:10AAD00024780FB13F787F001C430EB13678B60062
:10AAE0003C438DB1297809023443B8F1000F03D0FB
:10AAF00098F800804FEA0848214341EA0801C0F86D
:10AB0000801002B0BDE8F0812946EDE71FB50DF1D8
:10AB10000F03019300238DF80F101A461946009376
:10AB2000FFF7A7FF05B05DF804FB2DE9F04700250E
:10AB30000446884617462E464FF00109AA46BE42F3
:10AB40000CD1D4F8443133B10023C4F84431D4F8E3
:10AB5000443145F400352846BDE8F087F0B2F3F7FC
:10AB6000F3FBA0F580739B0809FA03F318EA030FBF
:10AB700005D022581AB144F800A022581D430136CE
:10AB8000DDE738B504460D46FFF71BFFA8B12046A8
:10AB9000FFF730FF88B92046FFF742FF0123226804
:10ABA0008340C2F81833236803EB8000D0F81035D7
:10ABB00023F00303C0F8103538BD2846BDE83840FF
:10ABC0000021FFF7A3BF8000682808B500F5807357
:10ABD00001D1F4F74FF8002203F1A04303F56223FB
:10ABE0001A6008BD08B5F4F799FB002008BDEFF323
:10ABF0001180402383F31288BFF36F8F704780F377
:10AC00001188BFF36F8F704708B5C6F78FF8002023
:10AC100008BD30B430F8034B0631A4F57B44E53C65
:10AC2000122C38D8DFE804F0213737373737373779
:10AC3000373737373717262F1C0A120000241C70AD
:10AC400013780233137030BCD9F702B900221A709E
:10AC500030BCC9F71FB900221A7030BCD9F77FB8D1
:10AC600000221A7030BCC9F735B901221A7030BC05
:10AC7000D8F7EABE00201870137808460133137025
:10AC800030BCC9F733B900241C7013780233137039
:10AC900030BCD8F792BC012030BC70474FF6E6328A
:10ACA0000188914204D1012203301A70D8F716BEF0
:10ACB0000120704708B1E6F773BF704740B1C36821
:10ACC000587810F001001EBF1878B0FA80F04009E3
:10ACD0007047EFF31183402383F31288BFF36F8F24
:10ACE000FEE710B400F10C04C0E903440024446101
:10ACF00010BCE1F74BBA10B582696AB1C36842EA89
:10AD00000301890708D14169A2FB011424B95B182A
:10AD10002CBF0121002102D36FF0150005E0016175
:10AD20009B1A42698A4201D8002010BD0269013194
:10AD30001A60826903619B1AF3E790F90E308B4227
:10AD400001D0F7F773BB0020704703460020C3E92A
:10AD50000033C3E9020070470023C0E90033836079
:10AD600000F10C03C0E9033370473AB18A4205D3BE
:10AD7000C0E90212C0E90000002070476FF0150022
:10AD80007047012302688B4022EA0303036022FA22
:10AD900001F000F001007047704710B5A0B150F805
:10ADA000944F844210D07CB12046F5F7E1FC04F1C9
:10ADB0001800F8F72BF90023C4F8803063612046AF
:10ADC000BDE8104000F07DB810BD70B5C368044602
:10ADD000C3F340069B0716D4856802210C30FFF7A9
:10ADE000D0FF80B1D5F88C206AB194421DD1226881
:10ADF0009EB9D5F89030C5F88C209C4201D1C5F899
:10AE0000902000232360E36813F01F001EBF43F06F
:10AE10000203E36040F0020070BD3260D5F890207C
:10AE2000944208BFC5F89060EBE716461268DBE76E
:10AE300010B5F5F7CBFF041E08DDEFF311804023BA
:10AE400083F31288BFF36F8FF7F7C8FB204610BD5E
:10AE5000EFF30580003818BF012070476FF05700EE
:10AE6000704700207047D0E9003213605A60002319
:10AE7000C0E90033704738B504460D46F6F7C2FD09
:10AE8000237C43F002032374D5B1A5602B689D4257
:10AE900009D16B68C4E900531C606C6010E06A68FB
:10AEA0009A42F6D01B68002BF3D093F90E1094F958
:10AEB0000E209142F3DD5A68C4E9003214605C60F0
:10AEC00038BDF6F761BEF6F79DBD10B5037C0446AC
:10AED00013F0280F0CD183680BB1F6F7BDFE237C6D
:10AEE000204623F004032374BDE81040F6F74CBE5F
:10AEF00010BDF6F703BE08B5C3171F3043F10003BA
:10AF0000400940EAC360C117F7F77CFB400108BD68
:10AF100008B5F7F78DFDBDE80840F7F7A9BD08B5FE
:10AF2000F8F714FA08BDF8F711BAB3F1FF3F08BFFC
:10AF3000B2F1FF3F70B506461D46144614D01A43C1
:10AF400016D0002B08DBF8F701FA041941EB0501D4
:10AF5000C6E90041304670BD6FF001031C1B4FF085
:10AF6000FF3363EB0501F3E74FF0FF342146EFE7D2
:10AF70000024FBE7B3F1FF3F08BFB2F1FF3FF8B594
:10AF8000074616461C4610D054EA020311D0F8F7C3
:10AF9000DDF9B0420A46A14103460AD2F31A64EB36
:10AFA0000204C7E900343846F8BD4FF0FF331C46B1
:10AFB000F7E70023FBE730B5002300240025C0E9B4
:10AFC000081200F11802C0E90622C0E90033C0E906
:10AFD00002450363436330BD70B5A0FB015434B92F
:10AFE0002846F8F799FC064618B9304670BD002689
:10AFF000FBE72A46214601F001FBF6E7FFF7A5BE75
:10B000004FF0FF324FF0FF33F4F700BFF4F7C6BF45
:10B0100000207047704710B5044608B1F8F736FEB7
:10B020002046BDE81040F8F721BE0346C068F8B1DD
:10B030005888E8B11B8803F44F42B2F5824F02D022
:10B04000B2F5884F09D1DBB2272B2AD008D8172BAD
:10B050000FD0222B34D0122B16D06FF08500704702
:10B06000302B2FD0413B012BF7D8FF2839D10020BE
:10B070007047C028FBD0E128F9D0B0F5807F14BF1D
:10B080006FF086000020704720F02003C02BEED028
:10B0900020F08003B3F5807FE9D040F20923984285
:10B0A000EDE7E928E3D0EF28E1D040F21B13984206
:10B0B000DDD040F299139842D9D040F23B23EEE71D
:10B0C000E928F1E720F02003C02BD0D020F0400386
:10B0D000B3F5807FCBD0B0F5C07FC8D0B0F5007F8E
:10B0E000CDE7B0F5E07FCAE73AB1002918BF0023E9
:10B0F0002121D21A184401F081BA70472DE9F04F8E
:10B100009B46002389B08DF81B30159B9146DDE9E5
:10B1100012A7002B0D460B460CBF4FF400624FF4F4
:10B12000806207A9DDF85080F8F752FF0446D0B9D5
:10B13000079E284631880DF11B02F8F7C5FF04462B
:10B1400088B99DF81B30BB421FD8CDE90338CDE943
:10B1500001BACDF800902B46D6E909123046F9F72E
:10B160003DFD044608B1C8F800703A4621465046F5
:10B17000D8F80030FFF7B8FF0798F9F7BBFC002CB0
:10B1800018BF204609B0BDE8F08F6FF08904EAE7E8
:10B1900041F2062398421AD8B0F5905F09D241F2E5
:10B1A000010398420CD0B0F5885F09D06FF085009C
:10B1B00070476923A0F5905080B2C340DB07F5D5F6
:10B1C00011F0070F14BF6FF0860000207047B0F534
:10B1D000105FEBD121F04003802B06D0B1F5807FCA
:10B1E00014BF6FF08600002070470020704770B5D4
:10B1F000446A05460E463CB90120F8F731FD686205
:10B2000028B12046AE6270BD6FF08A00FBE76FF098
:10B210008C00F8E7F8B51E460F4615460388C2B104
:10B2200003F4E043B3F5805F02D0B3F5005F10D1C3
:10B23000089BE90019600088FFF7AAFF044630B9AF
:10B240002A463946304601F0B3F9079B1D60204677
:10B25000F8BD6FF08504FAE710B50446406A10B1F6
:10B26000A16AFFF7D8FE0020C4E9090010BD38B577
:10B270000446FFF7F1FF237F012B0FD0023B012B88
:10B280000FD8236A012B14BF6FF0960500252C22DE
:10B290000021204601F0B2F9284638BD236A002B70
:10B2A000F1E76FF09605F2E770B50488154604F4EF
:10B2B000E042B2F5804F049E22D144F2010224F410
:10B2C000405090420DD004F44F44B4F5824F08D062
:10B2D000B4F5844F05D0B4F5884F02D0B4F58E4F45
:10B2E0000ED1B5420FD818462A4601F061F9002167
:10B2F000721B284401F082F90020059B1D6070BD7F
:10B300006FF08500FBE76FF08900F8E7F0B50F46B6
:10B310001E46154685B0FAB1002303A91A463360CC
:10B32000F8F756FE044688B9039803885B0410D5E5
:10B33000CDE900563B46D0E90912F9F713FC044663
:10B340000398F9F7D7FB002C08BF0446204605B048
:10B35000F0BD6FF08604F3E76FF08904F6E710B5EF
:10B360000368044643B100F078F900232360A38802
:10B370006FF30803A38010BD1846FCE72DE9FF41D9
:10B38000984600230C46016805461646039300299B
:10B3900039D14FF4AA72083001F030F9B8F1000F3A
:10B3A000204633460CBF4FF400624FF4806203A97D
:10B3B000F8F70EFE0446B8B9039F304639882A1DB7
:10B3C000F8F782FE044678B96B79394668F30003D2
:10B3D0006B71D7E9092328460096B8F1000F0FD00A
:10B3E000F9F714FC044610B12846FFF7B8FF03989C
:10B3F000F9F780FB002C18BF204604B0BDE8F081AF
:10B40000F9F724FCEEE76FF08804EDE70123FFF77E
:10B41000B5BF38B50368054614464BB132B100F0EC
:10B4200007F9044610B12846FFF799FF204638BDBA
:10B430006FF08804FAE72DE9F041164602680546E8
:10B440000F469846F2B14279D2071BD50279CAB1AC
:10B45000B2421AD800F0F5F8044618B10023C8F833
:10B4600000602B7137B1324621463846D8F800309B
:10B47000FFF73AFE2846FFF772FF002C18BF204660
:10B48000BDE8F0816FF08804E8E76FF08904E5E734
:10B490001FB501240394089C0294079C0194069C08
:10B4A0000094FFF72BFE04B010BD2DE9F0470546D0
:10B4B0009A46002388B0079325F0004323F47F03C6
:10B4C000B3F1106F0846DDE910961746DDF84880A5
:10B4D00023D12B464FF4804207A9F8F779FD0446A3
:10B4E00060B9CDE90368CDE901A9079800972B461B
:10B4F000D0E9091200F0B9F8044628B131464846AF
:10B50000F8F7A8FFC8F800600798F9F7F3FA002CDD
:10B5100018BF204608B0BDE8F0876FF08604EDE75D
:10B5200003461B88084603F4E043B3F5805F1146E9
:10B5300002D0B3F5005F01D1F8F78CBF6FF0850042
:10B5400070471C22002101F059B8037F022B06D15D
:10B55000036A5A1C03D001330362002070476FF066
:10B5600096007047034668B1017F8A1E012A0BD8F6
:10B570000329026A03D1012A01D1FFF778BE1AB16B
:10B58000013A1A62002070476FF096007047C0B20F
:10B59000FF280CBF6FF0860000207047F9F7CEBB84
:10B5A00070472DE9F041476804463F0A0D461646AC
:10B5B000984611D107887F0407D44346324629466E
:10B5C0002046BDE8F041FFF7ABBFF9F7FDFE10F1F3
:10B5D000860FF2D0BDE8F0816FF08600FAE72DE922
:10B5E000F04F476885B03F0A0446DDE90E9A0D46E4
:10B5F00016469846DDF840B015D1CDE901ABCDF83F
:10B600000090F9F78FFE10F1860F0ED143463246B7
:10B6100029462046CDE90FABCDF8389005B0BDE8FE
:10B62000F04FFFF7F7BD6FF0860005B0BDE8F08F73
:10B630000368052B02D10830F9F792BD6FF0860040
:10B64000704710B40468052C03D110BC0830F9F71A
:10B650009FBD6FF0860010BC70470368052B02D1B8
:10B66000083000F0EFB800207047F0B545681C4680
:10B67000DDE9077CDDE905362D0ADDF824E008D197
:10B68000CDE908E4CDE9067C0596BDE8F040F9F780
:10B69000E1BE6FF08600F0BD0020F9F719BC002074
:10B6A000F9F750BC0020F9F7F1BC6FF08500704746
:10B6B000DEF736BB0A2842DCC31C1FDA10F1400F4C
:10B6C00045D010F13F0F2BDA10F1410F42D010F1AD
:10B6D000550F42D010F1490F14BF6FF086006FF084
:10B6E0008400704709282DD8DFE800F0052C2C2FA6
:10B6F000172C372C2C3A6FF09800704703300D2828
:10B7000020D8DFE800F00A331F221F1F1F1F1F1F52
:10B71000071F1F076FF0940070476FF08500704798
:10B7200010F1210F1FD00DDB10F1200F1ED010F1F2
:10B73000100F14BF6FF086006FF0940070476438EC
:10B740000928CFD96FF086007047002070476FF04E
:10B75000840070476FF0890070476FF09300704766
:10B760006FF08C0070476FF0880070476FF09200A8
:10B77000704710B501380A44914200D110BD10F84D
:10B78000013F11F8014B63400370F5E7014481422A
:10B7900000D1704711F8013D1A440A70120AF6E709
:10B7A00030B5002503F58073013A002A0ADAD8B2D1
:10B7B000284303D0FF2B94BF00200120FF2B98BF0C
:10B7C000013830BD845C1C448B5C013AE41A230AC6
:10B7D000E4B2FF332543E8E7F7B506460D4659B313
:10B7E0006FF05103202D2F4628BF2027523316D04B
:10B7F0003A4631466846FAF76DF810F1520F0446A2
:10B800000AD0431CF4D0ED1B3E4410D1684600F032
:10B810008DFA204603B0F0BD684600F087FA00219B
:10B820006846FAF705F804460028E1D0F1E74FF042
:10B83000FF33002CD6D0E9E70C46EAE7F9F73ABC2B
:10B84000F9F738BC08B54FF4AA7100F07AFE002071
:10B8500008BDF0B504461F460D461646D9B04FF454
:10B86000AA72002103A800F0C9FE214633462A46E9
:10B87000009703A8F9F71EFC044670B9DDE95E12D3
:10B8800003A8F9F76DFC044638B9DDE96123609936
:10B8900003A8F9F77DFC044610B103A8FFF7D2FF17
:10B8A000204659B0F0BD037F13B1203000F076B9C7
:10B8B000D0F8243113B1D0F82C011847184670473E
:10B8C0002DE9F0470446806889469042174609D31F
:10B8D000201A1C3000F06CFEA368DB1BA360002064
:10B8E000BDE8F08704F1340A01215046FAF76CF8FC
:10B8F000064618B1BDE8F047FFF7DCBE2046FFF76B
:10B90000D2FF0546002848D1A26832F0100309D0C2
:10B91000A01A49461C3000F04BFE2A46A368A560D9
:10B920009944FF1A07F1FF3828F00F08A7EB080623
:10B930005AB9102204F10C0104F1200000F09EF825
:10B9400068BB1023A36001232377B8F1000F1BD03D
:10B950004246494604F1200000F090F80546B0B98F
:10B960000123237704F12007384600F075F90546D6
:10B9700068B9384600F0CDF9054640B9102104F108
:10B980000C0000F0DEFD02E0237F002BEAD15046E0
:10B99000FAF708F82DB12846ACE7B046F7E70546B8
:10B9A000F5E7002E9BD0324609EB080104F10C00AC
:10B9B00000F0FEFDA3689B1B90E7F8B543680546C1
:10B9C000102B2FD800F1340601213046F9F7FCFF87
:10B9D00018B1BDE8F840FFF76DBE2846FFF763FFDA
:10B9E0000446D0B9AA6805F12007102A05F10C0514
:10B9F0000AD12946384600F072F8044668B938463C
:10BA000000F087F9044608E029463846C2F11002E2
:10BA100000F034F804460028EBD03046F9F7C2FFB6
:10BA20002046D6E76FF08600F8BD026913690BB1B6
:10BA3000506918471846704738B58368054663B99A
:10BA400003681A69436A1A4207D0FFF7EEFF041E23
:10BA500008BF6FF05304204638BD702105F178020D
:10BA600005F11400F9F708FE04460028F3D0284633
:10BA7000FFF7DBFF002818BF0446ECE710B5047D94
:10BA800003464CB3B2F1807F06D3FFF7CEFF002808
:10BA900008BF6FF03F0010BD4468062C06D9FFF7C1
:10BAA000C4FF002808BF6FF04400F4E70AB9002083
:10BAB000F1E78069016099698A601868996980690D
:10BAC000C068C8609969103199615968013159603D
:10BAD000996811449960EAE76FF02000DBE710B441
:10BAE000037D002B56D08368C3B9836900F124021B
:10BAF0001A60036882691B68013343F00053936046
:10BB0000046882692368A4690133E4681B0203F4B2
:10BB1000F8532343D36083691033836103688268D9
:10BB20001C68131923EA040384699B1A54F8042C33
:10BB300042EA032244F8042C826952F8084C234458
:10BB400043F0005342F8083C03681A68C368134482
:10BB500023EA0203C2691160C269C1689160C269C7
:10BB600002F11001C161C1688B420AD0002111614C
:10BB7000C168C2695B1A43F080439360C3691033A4
:10BB8000C3610368DA68436A23EA0203436210BCB4
:10BB9000FFF752BF6FF0200010BC704738B5037D2F
:10BBA0000446002B52D003685B69002B51D0026918
:10BBB000D3685BB150699847054638B12046FFF716
:10BBC00034FF002818BF0546284638BD214651F8E5
:10BBD000783B626A9B6904F114001B68F9F738FD31
:10BBE0000123636023699A689AB9A2691B6813608C
:10BBF0002369A2695B6843F0005393602268A369DC
:10BC000092699268DA60A3691033A36163680133B3
:10BC100063600025236AA269C43313602368A269A4
:10BC20005B6943F0005393602268A369926952688C
:10BC3000DA60A36922681033A3616368013363602B
:10BC40001269636AA56013436362BDE76FF0200564
:10BC5000BAE76FF04705B7E738B5027D0346002A1B
:10BC600040D00268816894688C4206D9FFF7DDFEF7
:10BC7000002808BF6FF0530038BD5468B1FBF4F5DD
:10BC800004FB151434B1FFF7D0FE002808BF6FF095
:10BC90004500F1E7416AD06801435962D3E90701E1
:10BCA000C431526901601868D96940690F328860EF
:10BCB000D96922F00F0201F11000D86118684069BB
:10BCC00090420AD00C611868D9694069121A42F092
:10BCD00080428A60DA691032DA611846BDE838407D
:10BCE000FFF7AABE6FF02000C6E738B5037D054612
:10BCF00063B1F9F739FD431C044605D02846FFF728
:10BD000094FE002818BF0446204638BD6FF020047A
:10BD1000FAE710B5037D04462BB12046FFF7E5FF97
:10BD2000431CFAD010BD6FF02000FBE710B503787C
:10BD300004461BB1F8F7CCFF00232370002010BD90
:10BD40000368D868C0F300407047036803F5805368
:10BD5000586A00F4A020003818BF01207047022262
:10BD600003689A6070470368D868F9F777BF02469E
:10BD700008B5136803F580535B68C62B09D01046DD
:10BD8000FFF7DEFF0028F4D11046BDE80840FFF7BA
:10BD9000EABF6FF0010008BD03685A50704703699D
:10BDA000996670470369986E704773B50546D0E988
:10BDB0000146CDE90023FFF7F5FF0068ED68C000FC
:10BDC0009DF800209DF8073004EB0614A5F108014A
:10BDD00014D502F03F0242F0200243F00103601B41
:10BDE0008DF800208DF8073000F0D5FA083C0822C5
:10BDF0006946204600F0DBFA02B070BDA41B03F0D8
:10BE00003F0342F0010243F0200304F108008DF8E3
:10BE100000208DF8073000F0BEFAE8E710B50446C0
:10BE2000FFF7C0FFC2684AB142F420222046BDE8B5
:10BE30001040002142F40062FFF7AEBF10BDC068A1
:10BE400070472DE9F8430A680C4612F4700F15D1BB
:10BE5000D0E90159D1F80880FFF7A4FF0368204614
:10BE6000DB0048BF63684FF0000744BFA9EB030342
:10BE7000ED1800F0E7F80646B74201DBBDE8F883AD
:10BE800041462846626800F092FA63684D4498443F
:10BE90000137F1E770B50C461E461046D1E9012581
:10BEA00005EB4205294600F082FA62683046A9187F
:10BEB000BDE8704000F07BBA38B50446FFF772FF6A
:10BEC000D4E9013501684268C90042BFE168691AD6
:10BED0005B18002112B904F1140038BDD00707D552
:10BEE0000B2901D9E5F7EAF904EB8100436101313F
:10BEF0002B445210EEE770B506460D461446FFF788
:10BF000051FF013D026844EA0524304622430421E2
:10BF1000BDE87040FFF740BF2DE9F04F044685B003
:10BF20000E4691460193FFF73DFFD4F848A0054621
:10BF3000BAF1000F07D02046F9F752FE1025284627
:10BF400005B0BDE8F08F8768D4E9018BF9F7F8FDFB
:10BF5000326811064CBFC26842687168914204D9C8
:10BF60002046F9F73DFE0D25E9E7E16032682046FD
:10BF700049EA02092A6949EA0202FFF7BCFF2A6876
:10BF8000D20003D5E268ABEB020290443FB93146E0
:10BF90002046FFF756FF2B696BB90025CFE7FB075B
:10BFA00048BF019B4FEA670744BF43F82A800AF164
:10BFB000010AD844EAE702A800F0D7F9054618B10B
:10BFC0002046F9F70DFEBAE72046DDE90223FFF728
:10BFD000ECFE08210DEB010000F0B3FADDE710B52F
:10BFE0000446FFF71BFFBFF35F8F03222046BDE827
:10BFF00010400821FFF7D0BEC0F30B03482B4B6065
:10C0000028BF482310F4003F8B6008BF0023CB609B
:10C0100010F4803308BFC1E9013300F47003B3F5B5
:10C02000700F14BF00238B6800284FF0010C4FF0F5
:10C0300008028B60B8BF0023C1E905C2B8BFC1E9DF
:10C04000053370470368024613F4700F06D1806809
:10C0500028B1D3685068B3FBF0F0704700207047F8
:10C060002DE9F0479946058843888AB003F107080F
:10C07000009305F44F43B3F5824F04468A461746B2
:10C080004FEAD80602D0B3F5884F3FD1EDB2202257
:10C09000002102A800F0B2FA0023BE42C9F8003025
:10C0A00041D8B8F5847F41D220466A463946F9F72F
:10C0B00003FF044630BB2846009901AAF9F73EFE6B
:10C0C0000446F8B9A5F14103012B21D8324602A953
:10C0D000F8F738FF28BB314602A800F000FA40BB51
:10C0E000412D04D1202E02D102A800F076F932466B
:10C0F000504602A900F05CFA202102A800F021FAC3
:10C10000C9F8006020460AB0BDE8F0870025BEE708
:10C110003A465146019800F06BF90028ECD0FFF741
:10C12000C9FA0446EEE76FF08904EBE76FF0850487
:10C13000E8E76FF09304E5E72DE9F74398460688B2
:10C1400043880F46009306F44F43B3F5824F1546DC
:10C15000DDF8289002D0B3F5884F24D1F6B24D45D2
:10C1600030D86A462946F9F7A7FE0446B8B93046E2
:10C17000F9F724FEC8B13046009901AAF9F7DEFDAF
:10C18000034658B9019AD2E901102A4601443846BB
:10C19000FFF706FB002808DB6FF086031C462046ED
:10C1A00003B0BDE8F0830026D9E72B463A4649465E
:10C1B000404600F0A9F940B10C9B009A1A600B9B15
:10C1C0001D60ECE76FF08904E9E76FF08604E6E7AD
:10C1D0002DE9F0431F460688438895B0029306F484
:10C1E0004F43B3F5824F0546144602D0B3F5884F4E
:10C1F0002FD1F6B20A462346412103A8D5F80C9068
:10C2000000F082F938B31C9B9C4227D8284621466F
:10C2100002AAF9F751FE0546B8B9122EDDF80880DA
:10C2200001D0302E07D1424631464846009403AB38
:10C23000F9F70CFEA8B92246384603A900F0B8F970
:10C240001E9BC3F800801D9B1C60284615B0BDE8EE
:10C25000F0830026CEE76FF08605F6E76FF08905DC
:10C26000F3E70546F1E78B4238B505460C46104624
:10C2700007D30A46294600F09BF90020049B1C6066
:10C2800038BD6FF08900FBE710B59EB0024646F658
:10C2900011031AA901A8F9F7DBF90023039A102169
:10C2A0001360039A01A89360039B1AAA10330393A7
:10C2B000F9F7E2F9044620B9F9F756FA431C0446A7
:10C2C000FAD001A8742100F03CF920461EB010BD40
:10C2D000F8B50668054696420C46A2EB060701DD56
:10C2E000E4F7ECFF3946204600F055F8324669681D
:10C2F000E019BDE8F84000F05AB8FFF7E9BFF8B51B
:10C3000007461646D2E900208A420C460BDB551A36
:10C31000294600F040F82246394670682844BDE8B6
:10C32000F84000F04FB8891A3944F8E770B5144660
:10C330000E461D4621461A46FFF7E1FF21463046CC
:10C3400005F10802BDE87040FFF7D9BF70B505469A
:10C3500016461C461A46FFF7BBFF2246314605F13A
:10C360000800BDE87040FFF7B3BF10B50446F9F709
:10C37000E7FB436963B12046F9F7BCFC50B9D4E947
:10C3800000321343F7D0201DBDE81040F9F7B2BCCE
:10C390006FF0020010BD0A4600230AB1810702D1E6
:10C3A000002100F02BB900F8013B013AF5E70AB192
:10C3B000830701D100F0FCB811F8013B013A00F805
:10C3C000013BF4E70AB18B0701D100F0F1B811F895
:10C3D000013B013A00F8013BF4E7037823F007033F
:10C3E0000370C37F03F07F0343F04003C3777047BC
:10C3F0000B46D0E901108A42084402D31A4600F0E5
:10C4000003B86FF0400070472DE9F84F044610461E
:10C41000002945D00023E55C002D3ED099423FD055
:10C420004A1E9A4201D1022D3AD9A25CD2073DD5CB
:10C43000E55CE618FF2415EA040234D1E443A1EBDD
:10C440000308C7184FF0810900F070F8E5B208EB57
:10C45000070B424639460020F8F774FD044638BB06
:10C460003B7882462B403B703B4613F8012B5B45E3
:10C470004AEA020AF9D10023424631463846FFF71C
:10C480008FF9BAF1000F01D0002803DBB9F10109DF
:10C49000DFD16A242046BDE8F88F01339942BAD132
:10C4A0006FF05304F6E76400E4B2C4E76624F1E7F2
:10C4B0000224EFE7F9F7B2BF07B54FF0FF334FF0B3
:10C4C000FF32CDE90023002200F06FF803B05DF8E1
:10C4D00004FB00F066B800F060B8FEF70CBD002366
:10C4E00013B58DF807308B4206D19DF80700B0FADE
:10C4F00080F0400902B010BDC45C9DF807200133F4
:10C5000022438DF80720EEE78B4230B50CD800248B
:10C5100021469C4203D1081E18BF012030BD155D85
:10C52000055529430134F4E70020F7E710B58B42A5
:10C5300094BFC4184418A04200D110BD00F8012BCC
:10C54000F9E700231A4682B001908B4201D102B074
:10C5500070470198C2540133F7E710B50B680446E1
:10C56000D0E9180212F0010F03EA000301D098424B
:10C5700011D183B12366520748BF4A6804F11800FD
:10C5800044BF1A434A60F6F741FD00232046C4F831
:10C590008030FEF79AFC002010BD4FF0FF32F9F713
:10C5A00051BE0A460021F9F74DBE5200F9F794BE7C
:10C5B0000A44431E914200D1704710B511F8014B57
:10C5C000914203F8014FF9D110BD884210B501EB3B
:10C5D000020402D98442234607D8431EA14207D051
:10C5E00011F8012B03F8012FF8E70244824200D131
:10C5F00010BD13F8011D02F8011DF7E702440346C0
:10C60000934200D1704703F8011BF9E7044608B5CF
:10C61000FAF710FA2046E4F77FFE0139024410B51C
:10C62000904201D1002005E0037811F8014FA342A8
:10C6300001D0181B10BD0130F2E710B56AB1013905
:10C64000841810F8012B11F8013F9A4203D1A0423F
:10C6500001D0002AF5D1D01A10BD1046FCE70139EF
:10C66000034610B532B111F8014F013A03F8014BFE
:10C67000002CF7D11A440021934200D110BD03F8D9
:10C68000011BF9E70246014410B58A42134603D064
:10C690001C780132002CF8D1181A10BDF0B50446F0
:10C6A00008B9146844B120460F4614F8015B17F826
:10C6B000016B1EB965B91560002005E0B542F6D1E1
:10C6C000002BF0D114600370F0BD1C460CE01DB9C6
:10C6D00027460E4614F8013B16F8015BAB42F6D133
:10C6E000002BF2D000233B701460EDE70123FFF72D
:10C6F000D5BFF0B5C3F13707044603F01F0310465A
:10C70000FFB2082BE6B232D0102B3DD06508A4084A
:10C7100045EAC17544EA81748A082D1942EB510239
:10C72000290941EA02716D1842EB1212290A41EA05
:10C7300002616D1842EB1222290C41EA02416D1888
:10C7400042EB1242AD1842F10002EC0844EA427496
:10C75000D10804EB8402A6EB4205EDB2092D0CD9F9
:10C760000134A5F10A0541F10001EDB212E0E4083F
:10C7700006F0070544EA4174C908303554EA01025D
:10C7800000F8015BBDD1F0BD240906F00F0544EAB5
:10C7900001740909092D84BFED19EDB2EDE7D1E966
:10C7A000043293421EBF5A1C0A6118707047000081
:08C7B000A6D0FD7F010000008E
:10C7B800211B020000000000B5C7020000000000B5
:10C7C80000000000B0C8030000000000CCC803004F
:10C7D80000000000E8C80300E5AB0300000000000B
:10C7E800CDFA02000000000015A9030000000000B7
:10C7F8000000000020C903000000000004C9030075
:10C80800000000003CC903000000000058C90300F4
:10C8180071D90200000000001FA9030000000000F9
:10C828000000000074C9030000000000ACC9030048
:10C838000000000090C90300B9B702000000000022
:10C8480083A703000000000015E0010000000000BD
:10C85800511302000000000000000000C8C90300D6
:10C8680059DA02000000000000000000E4C90300DB
:10C878004DF5010000000000A11C020000000000AE
:10C88800ABA8030000000000B5A8030000000000EA
:10C89800997E020000000000F16B03000000000018
:08C8A80031F501000000000061
:10C8B000BF3F040058E50300DCD30300980C0020C0
:10C8C0009C0901201DB40200000000001340040078
:10C8D00060E50300DCD303009A0C0020CC090120A2
:10C8E000DDB50200000000008A40040068E5030096
:10C8F000DCD303009C0C0020000A0120A9B6020032
:10C9000000000000DB410400A0E50300ACD30300FD
:10C91000A20C0020500A0120F1BD0200000000001E
:10C92000E7410400B4E50300ACD30300A40C0020ED
:10C930005C0A0120F1BD020000000000F241040089
:10C94000C8E50300ACD30300A60C0020680A012050
:10C95000F1BD020000000000FD410400DCE5030021
:10C96000ACD30300A80C0020740A0120F1BD020022
:10C9700000000000904004000000000088D3030085
:10C980009E0C002000000000D1A003000000000069
:10C990008942040000E603000CD40300AA0C002026
:10C9A000900B002019A40300000000009542040031
:10C9B00070E603000CD40300AC0C00209C0B00209C
:10C9C0003BA4030000000000CB4B0400000000006B
:10C9D000D0D30300AE0C0020840A012045CF020012
:10C9E00000000000B14004000000000090D30300EC
:10C9F000A00C0020000000002DB802000000000084
:10CA00000000000063810300000000006381030058
:10CA10000000000063810300000000006381030048
:10CA20000000000063810300000000006381030038
:10CA30000000000063810300000000006381030028
:10CA40000000000063810300000000006381030018
:10CA50000000000063810300000000006381030008
:10CA600000000000638103000000000063810300F8
:10CA700000000000638103000000000063810300E8
:10CA800000000000638103000000000063810300D8
:10CA900000000000638103000000000063810300C8
:10CAA00000000000638103000000000063810300B8
:10CAB00000000000638103000000000063810300A8
:10CAC0000000000063810300000000006381030098
:10CAD0000000000063810300000000006381030088
:10CAE0000000000015DA020000000000638103006E
:10CAF0000000000063810300000000006381030068
:10CB00000000000063810300000000006381030057
:10CB10000000000063810300000000006381030047
:10CB20000000000063810300000000006381030037
:10CB30000000000063810300000000006381030027
:10CB40000000000063810300000000006381030017
:10CB50000000000063810300000000006381030007
:10CB600000000000638103000000000063810300F7
:10CB700000000000638103000000000063810300E7
:10CB800000000000638103000000000063810300D7
:10CB900000000000638103000000000063810300C7
:10CBA00000000000638103000000000063810300B7
:10CBB00000000000638103000000000063810300A7
:10CBC0000000000063810300000000006381030097
:10CBD0000000000063810300000000006381030087
:10CBE0000000000063810300000000006381030077
:10CBF0000000000063810300000000006381030067
:10CC00000000000063810300000000006381030056
:10CC10000000000063810300000000006381030046
:10CC20000000000063810300000000006381030036
:10CC30000000000063810300000000006381030026
:10CC40000000000063810300000000006381030016
:10CC50000000000063810300000000006381030006
:10CC600000000000638103000000000063810300F6
:10CC700000000000638103000000000063810300E6
:10CC800000000000638103000000000063810300D6
:10CC900000000000638103000000000063810300C6
:10CCA00000000000638103000000000063810300B6
:10CCB00000000000638103000000000063810300A6
:10CCC000000000006381030000000000595A0300C7
:10CCD0000000000063810300000000006381030086
:10CCE0000000000063810300000000006381030076
:10CCF0000000000063810300000000006381030066
:10CD00000000000063810300000000006381030055
:10CD10000000000063810300000000006381030045
:10CD20000000000063810300000000006381030035
:10CD30000000000063810300000000006381030025
:10CD40000000000063810300000000006381030015
:10CD50000000000063810300000000006381030005
:10CD600000000000638103000000000063810300F5
:10CD700000000000638103000000000063810300E5
:10CD800000000000638103000000000063810300D5
:10CD900000000000638103000000000063810300C5
:10CDA00000000000638103000000000063810300B5
:10CDB00000000000638103000000000063810300A5
:10CDC0000000000063810300000000006381030095
:10CDD0000000000063810300000000006381030085
:10CDE0000000000063810300000000006381030075
:10CDF0000000000063810300000000006381030065
:10CE00000000000063810300000000006381030054
:10CE10000000000063810300000000006381030044
:10CE20000000000063810300000000006381030034
:10CE30000000000063810300000000006381030024
:10CE40000000000063810300000000006381030014
:10CE50000000000063810300000000006381030004
:10CE600000000000638103000000000063810300F4
:10CE700000000000638103000000000063810300E4
:10CE800000000000638103000000000063810300D4
:10CE900000000000638103000000000063810300C4
:10CEA00000000000638103000000000063810300B4
:10CEB00000000000638103000000000063810300A4
:10CEC0000000000063810300000000006381030094
:10CED0000000000063810300000000006381030084
:10CEE0000000000063810300000000006381030074
:10CEF0000000000063810300000000006381030064
:10CF00000000000063810300000000006381030053
:10CF10000000000063810300000000006381030043
:10CF20000000000063810300000000006381030033
:10CF30000000000063810300000000006381030023
:10CF40000000000063810300000000006381030013
:10CF50000000000063810300000000006381030003
:10CF600000000000638103000000000063810300F3
:10CF700000000000638103000000000063810300E3
:10CF800000000000638103000000000063810300D3
:10CF900000000000638103000000000063810300C3
:10CFA00000000000638103000000000063810300B3
:10CFB00000000000638103000000000063810300A3
:10CFC0000000000063810300000000006381030093
:10CFD0000000000063810300000000006381030083
:10CFE0000000000063810300000000006381030073
:10CFF0000000000063810300000000006381030063
:10D000000000000063810300000000006381030052
:10D010000000000063810300000000006381030042
:10D020000000000063810300000000006381030032
:10D03000ACC90300A9C30200000000006381030023
:10D040000000000063810300000000006381030012
:10D050000000000063810300000000006381030002
:10D0600000000000638103000000000063810300F2
:10D0700000000000638103000000000063810300E2
:10D0800000000000638103000000000063810300D2
:10D0900000000000638103000000000063810300C2
:10D0A00000000000638103000000000063810300B2
:10D0B00000000000638103000000000063810300A2
:10D0C0000000000063810300000000006381030092
:10D0D00000000000638103000C0A002007A2030087
:10D0E0000000000063810300000000006381030072
:10D0F0000000000063810300000000006381030062
:10D100000000000063810300000000006381030051
:10D110000000000063810300000000006381030041
:10D1200025F1020053A90300000000006381030001
:10D130000000000063810300000000006381030021
:10D140000000000063810300000000006381030011
:10D150000000000063810300000000006381030001
:10D1600000000000638103000000000063810300F1
:10D1700000000000638103000000000063810300E1
:10D1800000000000638103000000000063810300D1
:10D1900000000000638103000000000063810300C1
:10D1A00000000000638103000000000063810300B1
:10D1B00000000000638103000000000063810300A1
:10D1C0000000000063810300000000006381030091
:10D1D0000000000063810300000000006381030081
:10D1E0000000000063810300000000006381030071
:10D1F0000000000063810300000000006381030061
:10D200000000000063810300000000006381030050
:10D210000000000063810300000000006381030040
:10D2200090C90300A9C3020000000000638103004D
:10D230000000000063810300000000006381030020
:10D240000000000063810300000000006381030010
:10D250000000000063810300000000006381030000
:10D2600000000000638103005809002007A20300AA
:10D270001DB3020053A903000000000063810300F6
:10D2800000000000638103000000000063810300D0
:10D2900000000000638103000000000063810300C0
:10D2A00000000000638103000000000063810300B0
:10D2B00000000000638103000000000063810300A0
:10D2C0000000000063810300000000006381030090
:10D2D0000000000063810300000000006381030080
:10D2E0000000000063810300000000006381030070
:10D2F0000000000063810300000000006381030060
:10D30000000000006381030000000000638103004F
:10D31000000000006381030000000000638103003F
:04D320001DFB0200EF
:04D3240049070300B2
:10D32800B8840020C81B012000040000B5BA010021
:10D3380000000000000000000000000007000000DE
:10D3480000000000B5FD0300000000000000000020
:10D3580030840020C8170120000400001DB001001F
:10D3680000000000000000000000000004000000B1
:10D3780000000000A3FD0300000000000000000002
:10D38800C3A0030099A003002DA103003DB902002A
:10D398008BA1030057A10300F1B70200E1B7020017
:10D3A800F9B70200F5BB0200BFA10300CBA103003F
:10D3B800DFA10300E9A10300F3A10300E5BA02001D
:10D3C800EDB902000000000025CE02009FA703006F
:10D3D800CDA703008DB3020031A00300E79F03002F
:10D3E80000000000379F030000000000000000005C
:10D3F800419F03004B9F0300539F03000000000060
:10D408000000000001A30300DFA6030049A30300F6
:10D41800F9C10200A7A203006FA5030017A3030028
:08D4280021C102002FA2030044
:10D4300005000000A534020006000000497E02003D
:08D4400004000000AD4A0200E7
:10D4480071AA010045A901000000000069A60100B9
:10D458001DA50100F9AE0100CDA5010000000000E6
:04D4680000000000C0
:10D46C00F8E203000800000018E0030007000000C9
:08D47C00C0E0030006000000FF
:10D48400B01E0400030000005C250400030000003B
:10D494001D1D040003000000CF3E04000300000033
:10D4A400471D0400030000002A2D040003000000AF
:10D4B400780F040003000000E237040003000000BA
:10D4C400571E04000300000017220400030000009C
:10D4D4008F0F040003000000870F04000300000006
:10D4E400234C040003000000D64B0400030000009A
:10D4F400001B040003000000572D0400030000007B
:10D50400D73E0400030000003501040003000000BE
:10D51400B13F040003000000553F04000300000075
:10D524007C400400030000000540040003000000E8
:10D534006A60040003000000AA470400030000001E
:10D54400231A040003000000CA4004000300000082
:10D554000C4F040003000000D70604000300000081
:10D56400CBFD0300030000004E080400030000008C
:10D574005208040003000000904C04000300000063
:10D5840098160400030000002D1904000300000095
:10D59400C819040003000000830F04000300000006
:10D5A400024E0400030000007A100400030000008F
:10D5B400BE54040003000000CCFF0300030000007D
:10D5C400031B040003000000D7190400030000003B
:10D5D400F901040003000000A0420400030000005D
:10D5E400A8DF03005C030120EB0904000100000034
:10D5F400FD1A04000000000000000000E51C020009
:10D60400991F0200000000005A29040001000000D4
:10D6140000000000978F03000000000000000000DD
:10D624001E2D04000100000000000000E15C020067
:10D634000000000000000000162D0400010000009E
:10D64400000000009D520200096302000000000077
:10D65400242D04000100000000000000F558020021
:08D66400F9570200000000006C
:10D6700001020808044010080440100000002800BF
:10D680000000200102FFFFFFFFFF030F141E2832DE
:10D690003C50647801020303050100010000010110
:10D6A000000001000100000100010000000102086B
:10D6B0000F141E28323C506478000000060B000056
:10D6C000000000000000000000000000000000005A
:10D6D000000000000000000000000000000000004A
:10D6E000000000000000000000000000000000003A
:10D6F000000000000000000000000000000000002A
:10D700000000000000000000000000000000000019
:10D710000000000000000000000000000000000009
:10D7200000000000000000000000000000000000F9
:10D7300000000000000000000000000000000000E9
:10D7400000000000000000000000000000000000D9
:10D7500000000000000000000000000000000000C9
:10D7600000000000000000000000000000000000B9
:10D7700000000000000000000000000000000000A9
:10D780000000000000000000000000000000000099
:10D790000000000000000000000000000000000089
:10D7A00000000000FFFFFFFFFFFFFFFF01000B0075
:10D7B00002000A00050009000A0008001400070022
:10D7C0001E000600320005004B0004006400030048
:10D7D00096000200FA000100F401000001020303B8
:10D7E000050102040410020300010400F401FA0020
:10D7F000960064004B0032001E0014000A00050071
:10D80000020001000C0802170D01010209090101C3
:10D81000060209181803010189898383850302011F
:10D82000230202240910040405050B0B040B2B1B17
:10D830001B159A9A1C021D16130501490D150508A2
:10D8400006821B0F53530000000000000000000080
:10D8500000000000060601010000FEFEFEFEFEFEC6
:10D86000FEFEFEFEFEFEFEFEFEFEFEFEFEFEFE16C0
:10D87000FEFEFEFEFEFEFEFEFEFEFEFE1F1FFE265E
:10D88000FEFEFEFEFE30FEFEFE32FEFE32FEFE35E7
:10D89000FEFE3E3EFEFEFEFE3B3B840010081E03E5
:10D8A00060009006BE022C01D012CE0528049042E2
:10D8B000BE1164005006AE027205DA43081300017F
:10D8C0000202A201B003BE05EE024806A209C40589
:10D8D000F40B241226FEFEFEFE2E3630FEFEFE3235
:10D8E000FEFEFEFEFE35FEFEFEFEFEFEFEFEFEFE21
:10D8F0002E01020303050102030305252627010269
:10D900000303050028049042BE11B400500BEE033F
:10D91000010204004C01E80B860412FEFEFEFEFE2E
:10D92000FEFEFEFEFE0303030303030303030303E0
:10D9300003030303030314FEFE16FEFEFEFEFEFEBB
:10D94000FEFE23FEFEFEFEFEFEFEFEFEFE2E363038
:10D9500039FEFE32FEFEFEFEFE35FEFEFEFEFEFE41
:10D96000FEFEFEFE2E010203030500000000000083
:10D97000010000009200000004060000000000000A
:10D98000E09304000000000028049042BE117205DC
:10D99000DA4308132C00D002CE01080440102804FA
:10D9A0009042BE112C00D002CE01B400500BEE0309
:10D9B00064005006AE02B400500BEE0301020303F4
:10D9C000050028049042BE1128049042BE110102B5
:10D9D000030305010203030500010202020408100B
:10D9E000000100019A049A0400019A0400019A04BB
:10D9F000000100019A049A046976017472616666F6
:10DA0000696320757064016B657901000000000096
:10DA100000000000000000000000006465726976EC
:10DA20006564206873010000B47700200200000BD9
:10DA300000010203010000040000000001000000DA
:10DA400007000000000000000000000000000000CF
:10DA50000406080A0C0E10121416181C1E2022248C
:10DA600026282A2C2E30323436383A3C3E40424466
:10DA700046484A4C4E021A500000000028000000A0
:10DA80001800000050010000500100002D000000AF
:10DA900000000000802500007C1500007C7900005B
:10DAA000A46A0000E02E0000E40C1405283C283C89
:10DAB000000000000C0800000C0800000C0800002A
:10DAC0000C0800000C08000015000D0015401500A2
:10DAD00002100210023302101E14E714AF1577165D
:10DAE00071176B180706050007060000C503B7038A
:10DAF000A8039A03930385037D036F036803590307
:10DB0000520344033D0335032E032003190312037C
:10DB10000A030303FC02F502EE02E602DF02D8026A
:10DB2000D102CA04C302BB02B404AD02A6049F0220
:10DB300097049002890482047B0473046C046506D4
:10DB40005E0457065006480641083A08330A2C0A74
:10DB5000240E1D0E16140F1C0832FD03E603BC0331
:10DB6000A2038E037D036F03640359034F0346032F
:10DB70003D0334032B0322031A0312030A03030396
:10DB8000FB02F402ED02E702E002DA02D402CE0266
:10DB9000C802C202BD02B702B202AD02A802A302CD
:10DBA0009F029A02960291028D02890285028202E8
:10DBB0007E027A027702730270026D026A026702C5
:10DBC000640261025E025C02590257025402520270
:10DBD0004F024D024B0249024702450243024102F5
:10DBE0003F023D023B023A0238023602350233025E
:10DBF000320231022F022E022D022B022A022902AA
:10DC000028022702250224022302220221022002E6
:10DC10001F041E021D021C021B021A041902180214
:10DC2000170416041502140413041204110410043A
:10DC30000F040E040D060C060B060A060908080858
:10DC4000070A060C050C041003160220013CFD0314
:10DC5000D403AF0394037E036D035E0350034403B8
:10DC600038032E0325031C0314030C030403FD02D5
:10DC7000F502EE02E802E102DB02D402CE02C902A2
:10DC8000C302BD02B802B302AE02A902A4029F02FF
:10DC90009B02960292028E028A02860282027E0213
:10DCA0007B027702740271026D026A0267026402EB
:10DCB00062025F025C025902570254025202500291
:10DCC0004D024B02490247024502430241023F0214
:10DCD0003D023C023A023802370235023402320277
:10DCE00031022F022E022D022B022A0229022802C3
:10DCF00027022602240223022202210220041F02FC
:10DD00001E021D021C021B041A021902180417022B
:10DD100016041502140413041204110410040F0451
:10DD20000E060D040C060B060A0809060808070A69
:10DD3000060C050C041203140220013A0000F8F846
:10DD4000ECFAB8D9BEF138FF000000000000000076
:10DD50000000000000000000802500007C1500008D
:10DD60003CF000003CF00000985300000000000070
:10DD7000ACA30000EC9F000074A40000D8A4000035
:10DD8000E0AB000000000000000000000000000008
:10DD900000000000000000000000A406E4026C0780
:10DDA000D007D80E000000000000000000000000B6
:10DDB000E3A3C300180600200200000B3278002005
:10DDC0000200000C967800200200000B96780020DC
:10DDD0000100000C987800200100000C96780020CB
:10DDE0000200000C00010203010000040000010217
:10DDF00008FF7F00200018000A800720029801AA6F
:10DE00008000000001020304020304040102030471
:10DE1000010101020101010102030402E4E1D8D27F
:10DE2000C6C9B4B19C93878D6C6378724E4B272D15
:10DE30001B1E363900206020406080680102030507
:10DE400005040302020001020005040008080000A6
:10DE50000000000000022500010000000A00000090
:10DE60007F0300000001600030000000000000009F
:10DE700000000000600060000000000000000000E2
:10DE800000A0105000820D500004055000860D5077
:10DE9000050000000400000001000000000100086F
:10DEA000120000000000000000100200FA00000054
:10DEB000029ECADC240EE5A9E093F3A3B50100405D
:10DEC0006E029ECADC240EE5A9E093F3A3B501001F
:10DED000406E029ECADC240EE5A9E093F3A3B503CD
:10DEE00000406E029ECADC240EE5A9E093F3A3B5C0
:10DEF0000200406E00000000000000000000000072
:10DF00000338FDD87047000000000000000000004A
:10DF10000338FDD87047000090FD0300CFFC0300DC
:10DF2000B1FC030093FC030075FC030097FD0300A4
:10DF30009DFD030029AA010000000000FD9D0100D5
:10DF4000399F0100071000007C0C00200101000037
:10DF50008C0C0020090F000098EB0300288600209D
:10DF600000010000C57803006F7803000200000084
:10DF70003F7A0300000000000000000000000000E5
:10DF800000000000CF090400D709040000000000D1
:10DF90000000000000000000452B0400DF09040021
:10DFA000E3090400E70904000DED010001ED0100A3
:10DFB00031ED0100E9EC010000000000F5EC01008A
:10DFC000000000008DED0100640301200412012017
:10DFD000100000000400000000000000000000002D
:10DFE00000000100E4C9030001000000000001007E
:10DFF00000600E00E4C903000200000000600F0092
:10E0000000600E00E4C903000300000000C01D0012
:10E0100000900000E4C90300A0E903001994030084
:10E02000000000009CE903000000010098E90300E3
:10E030009796030000000000FC080020000001008B
:10E0400090E903004B7B030000000000000000008B
:10E05000000001008CE90300979603000000000017
:10E06000F40800200000010084E90300177B03008E
:10E0700000000000000000000000010080E9030033
:10E080009796030000000000EC080020000001004B
:10E0900078E90300A9EE0100000000000000000084
:10E0A0000000010061F20100037E0300DD7D03003A
:10E0B0000000000001F3010000000000F97B0300F4
:10E0C000B0E903001994030000000000716304002C
:10E0D00000000100ACE90300979603000000000077
:10E0E0003C090020000001004F6304000000000014
:10E0F000000000000000000000000100A8E903008B
:10E10000EB930300B15A020018090020000003003D
:10E11000A4E9030097960300000000001009002006
:10E12000000001002D630400000000003500020023
:10E130000000000000000300C004002000000000F8
:10E1400006000100020000004CE103000000000096
:10E150004818040002000000E0CF1F00000000206B
:10E160005018040021000000E07B03204809002033
:10E17000DD130200000000001982030070E10300BB
:10E180008CE103000302000000000000546D012038
:10E1900070E10300A0E103002E0000000000000079
:10E1A000088B012070E10300B4E1030002010000CC
:10E1B00000000000DC8B0120198503005985030055
:10E1C00000000000000000000000000061390200B3
:10E1D000000000000000000000000000000000003F
:10E1E00002020100B38A0300040401009146020008
:10E1F00006060100D145020008040100BD440200EA
:10E200000A0201009B8A03000C040100838A0300B8
:10E210000E0401009943020020040100054302009E
:10E22000100401001542020012020100258A0300B9
:10E2300016040100FD46020018010100C140020061
:10E240001E000400B98E030052020000FB89030087
:10E2500001040200E1500200030202004D8E03009F
:10E2600005010200818E030007040200918E030065
:10E2700009010200958E03000B000200998E030035
:10E280000D0002009D8E03000F000200A18E03000E
:10E2900021020200A58E030011010200A98E0300D5
:10E2A00013000200AD8E030017040200B18E0300BC
:10E2B00019000200B58E03001B020300058703004E
:10E2C0001D020500053E020023040300F38603003F
:10E2D00070E10300E0E2030005020000000000001E
:10E2E000F88C012070E10300F4E20300FA01000061
:10E2F00000000000BCA30120E0E903001994030022
:10E3000000000000DCE9030000000100D8E9030080
:10E310009796030000000000240B0020000001007D
:10E32000D0E9030000000000000000000000000031
:10E3300000000000CCE90300EB930300B15A020097
:10E340002C0B002000000300C8E90300979603008F
:10E35000000000001C0B002000000100C0E90300C9
:10E3600051940300F95B020000000000000003006C
:10E37000BCE903009796030000000000140B002086
:10E3800000000100B4E903001D620200000000006B
:10E39000000000000000010000000000000000007C
:10E3A0000000000000000000000000004F9A030081
:10E3B000000000000000000000000000000000005D
:10E3C000C9360400CE360400D2360400D636040026
:10E3D000DA360400DE360400E2360400E6360400D5
:10E3E000EA360400EE360400F2360400F636040085
:10E3F000FA360400FE360400023704000637040033
:10E400000A3704000E3704001237040030370400C6
:10E410004B3704005B370400683704007137040091
:10E42000783704007F370400863704008E370400F5
:10E430006837040096370400A8370400BD3704008D
:10E44000D03704000E030000AD9902000F04000055
:10E45000799902001A010000817E02000504000083
:10E46000C97E020013010000F58602003E01000093
:10E47000D983020001120000239B03000A1E000042
:10E48000319B0300FF0100004D8502003E010000AA
:10E490002D850200050400001D7F02001001000010
:10E4A000957F020002010000D1300200011200003D
:10E4B000E19102000A1E0000A39B03000309000073
:10E4C000E9800200040B00000D820200060A000031
:10E4D000B5980200070A0000518002000C050000F8
:10E4E000D18802002BFD0000F57F020070E10300DF
:10E4F000FCE403000201000000000000E8A7012086
:10E50000F5210400693E0400893E04007D3E0400BC
:10E51000943E0400AB3E0400BB3E0400F7FB030046
:10E520000922040070E1030034E50300000000004C
:10E530000000000004A9012070E1030048E5030089
:10E54000030200000000000054A90120BDB3020036
:10E5500037A00300000000007DA0030079A00300A5
:10E5600049B60200ADB50200D5B6020035B70200CB
:10E570001000000001FF0000FD010000001000007D
:10E5800000A0105000820D500004055000860D5070
:10E5900004C903003CC9030058C9030020C9030093
:10E5A000FF03000000A010505809002000000000E8
:10E5B00000000000FF1F000000860D500C0A002024
:10E5C0000000000003000000FFEFFFEF00820D508D
:10E5D0000C0A00200000000001000000FF070000FE
:10E5E00000040550000000000000000002000000D0
:10E5F00000A0105000820D500004055000860D5000
:10E6000000401050020000000000000034E603004B
:10E6100000C201000000D601000000000000004020
:10E6200000100000A21201209D1201209C12012066
:10E630009B1201200040105040E603000200000041
:10E6400060E603000400000050E60300040100003F
:10E650000680000007800001088000020980000396
:10E66000060000000800000207060001090600037A
:10E6700000600C500200000000000000A4E603004F
:10E6800000C201000000D6010000000000000040B0
:10E6900000100000B1120120AC120120AB120120C9
:10E6A000AA12012000600C50B0E603000200000036
:10E6B000D0E6030004000000C0E6030004010000EF
:10E6C000308000003180000132800002338000037E
:10E6D0003000000032000002310600013306000362
:10E6E00004C903000400000004C903000500000081
:10E6F00020C903000B00000020C903000C0000002B
:10E700000001000000A0105000820D5000040550D0
:10E7100000860D50080000000A0000000400000000
:10E7200001000000B2530400C0530400D45304009D
:10E73000E3530400EF530400B8C70300C8C7030045
:10E7400048C8030050C80300A0C80300B0C80300B5
:10E75000A75704000001000088130000FDC5030056
:10E760000F0000001000000010000000200000005A
:10E7700010000000100000007CE703001100000002
:10E780001128000011080000010000000000100026
:10E79000200000009C640400C0000000A0E703000B
:10E7A0000000000000000000000000000000000069
:10E7B00000000000B8E703000F00000000000000A8
:10E7C0000000000006000000000000003000000013
:10E7D000C000000018000000310000000000000030
:10E7E00030000000E00000001C00000039000000C4
:10E7F00000000000300000000001000020000000C8
:10E800004100000000000000300000004001000056
:10E81000280000005100000000000000300000004F
:10E8200080010000300000006100000000000000D6
:10E8300030000000000200004000000081000000E5
:10E840000000000017000000C000000018000000D9
:10E85000310000000000000017000000E10000008F
:10E860001D0000003B000000000000001700000039
:10E870000001000020000000410000000000000036
:10E8800012000000C000000018000000310000006D
:10E890000100000012000000E00000001C00000069
:10E8A000390000000100000012000000000100001B
:10E8B00020000000410000000100000012000000E4
:10E8C000400100002800000051000000010000008D
:10E8D0001200000080010000300000006100000014
:10E8E00001000000120000000902000042000000C8
:10E8F000850000000100000041000000FF00000052
:10E900002000000020000000000000004100000086
:10E91000C0010000380000003800000000000000C6
:10E9200042000000FF000000200000002000000066
:10E930000000000042000000C0010000390000009B
:10E9400039000000000000004CE903002600001020
:10E9500000000000003000000C000000000000007B
:10E9600064E9030022000010000C000000310000E8
:10E970000C000000000000030000042A0000042A2C
:10E98000000003280000012A0000012A00000328DB
:10E990000000002A0000002A0000032800000018E0
:10E9A00000000028000003280000022900000328BE
:10E9B0000000002800002A2B00002A2B000003285A
:10E9C0000000292B0000292B000003280000022949
:10E9D0000000052A0000052A000003280000011895
:10E9E00000000028FF03FFFFFF07FF1FFF03FFFFDB
:10E9F000FF07FF1FFF03FFFFFF07FF1F4572726F37
:10EA000072207768696C6520646973636F766572DC
:10EA1000696E672047415454206461746162617378
:10EA2000653A20282564290053657276696365205C
:10EA30006E6F7420666F756E6400436F6E6E6563F3
:10EA400074696E67206661696C656400556E7375E4
:10EA500070706F727465642050485920656E756DD2
:10EA60002025640062745F636F6E6E5F6C655F701B
:10EA700068795F75706461746528292072657475A2
:10EA8000726E656420256420286F707420307825AC
:10EA900078290048445420646174615F6C656E5F3E
:10EAA000757064617465206661696C6564202865B1
:10EAB0007272202564290050757368206461746146
:10EAC0002074696D657220657870697265642C20A8
:10EAD0007375626D697474696E6720707573685FB1
:10EAE000646174615F776F726B0041647665727404
:10EAF0006973696E6720616C726561647920616316
:10EB000074697665004164766572746973696E67CD
:10EB1000206661696C656420746F2073746172741F
:10EB2000202865727220256429004164766572741C
:10EB30006973696E67207375636365737366756C5B
:10EB40006C792073746172746564005363616E2024
:10EB5000737461727420736B6970706564202870BF
:10EB60006175736564206279205541525420636F4A
:10EB70006D6D616E6429004661696C656420746F17
:10EB80002073746F70207363616E6E696E672028E6
:10EB900065727220256429004E6F726469635F4854
:10EBA00044545F44656D6F004E616D652066696C0D
:10EBB0007465722063616E6E6F742062652061649B
:10EBC0006465642028657272202564290046696C9A
:10EBD000746572732063616E6E6F74206265207459
:10EBE00075726E6564206F6E2028657272202564D0
:10EBF00029005363616E6E696E67206661696C659A
:10EC00006420746F2073746172742028657272209E
:10EC1000256429005363616E2073746172746564A6
:10EC200000636F756C64206E6F742073746172740E
:10EC30002074686520646973636F766572792070EB
:10EC4000726F6365647572652C206572726F7220D5
:10EC5000636F64653A202564004175746F207365A5
:10EC60006375726974792064697361626C65642C80
:10EC7000207374617274696E67204D5455206578F5
:10EC80006368616E6765206469726563746C79009E
:10EC90004D54552065786368616E676520666169CB
:10ECA0006C6564202865727220256429004D5455D6
:10ECB0002065786368616E676520696E6974696153
:10ECC0007465642028657272202564290046616994
:10ECD0006C656420746F2067657420636F6E6E6569
:10ECE0006374696F6E20696E666F2028657272208A
:10ECF00025642900415454206572726F7220636F3D
:10ED000064653A20307825303258004461746120BF
:10ED100041434B6564004E6F742061626C652074E2
:10ED20006F20616C6C6F6361746520554152542093
:10ED30007265636569766520627566666572005303
:10ED40006B697020636F6E6E20696E746572766198
:10ED50006C207570646174653A2077616974696EBE
:10ED60006720666F7220666972737420696E7465BD
:10ED70007276616C2063616C6C6261636B00536BD3
:10ED8000697020636F6E6E20696E74657276616C57
:10ED9000207570646174653A20756E6368616E6792
:10EDA00065642028307825303478290072657175C3
:10EDB000657374696E6720636F6E6E20696E74652B
:10EDC0007276616C207570646174653A20256420E8
:10EDD000756E69747320282564206D73292C206C4E
:10EDE0006174656E63793A2025642C2074696D65C1
:10EDF0006F75743A20256420756E69747320282518
:10EE000064206D73290062745F636F6E6E5F6C6562
:10EE10005F706172616D5F757064617465206661B9
:10EE2000696C65642028657272202564290052652A
:10EE30007175657374656420636F6E6E20696E749E
:10EE4000657276616C2075706461746520746F20E2
:10EE50003078253034780063656E7472616C2028D8
:10EE600073656E6465722900706572697068657299
:10EE7000616C202872656365697665722900556E3C
:10EE80006B6E6F776E00484454004746534B004CFE
:10EE9000494E4B205B25735D3A206E6F7420636F83
:10EEA0006E6E6563746564004C494E4B205B257340
:10EEB0005D3A20726F6C65202573207C2070687924
:10EEC0002025732573207C20636F6E6E5F696E74DE
:10EED0002025752075732028307825303478292036
:10EEE0006C61742025752074696D656F75742025BB
:10EEF00075206D73004C494E4B205B25735D3A20A5
:10EF0000415454204D54552025752C206375727240
:10EF1000656E745F6D74752025642C207265717543
:10EF200065737465645F6D74752025752C20257379
:10EF3000206361702025752042203D3E207061795C
:10EF40006C6F616420257520422C204C4C2050446D
:10EF50005520257520422C202575204C4C206672AA
:10EF60006167287329004C494E4B205B25735D3A3D
:10EF700020444C4520747820257520422F2575208B
:10EF800075732C20727820257520422F25752075E9
:10EF9000732C207E2575206D61782D73697A65202C
:10EFA000545820504455732070657220636F6E6E04
:10EFB00020696E74657276616C00636F6E6E656356
:10EFC00074696F6E20706172616D65746572732013
:10EFD000757064617465643A20696E7420307825B8
:10EFE000303478206C617420307825303478207487
:10EFF000696D656F75742030782530347800636FE3
:10F000006E6E20706172616D207570646174650050
:10F01000415454204D545520757064617465643AB0
:10F02000207478202575207278202575202D3E20AB
:10F0300063757272656E745F6D747520256400610E
:10F040007474206D7475207570646174650044611A
:10F050007461206C656E6774682075706461746596
:10F06000642E204C656E6774682025642F2564200B
:10F0700062797465732C2074696D652025642F2571
:10F08000642075730064617461206C656E20757016
:10F09000646174650043555252454E542073746147
:10F0A00074653A20696E74657276616C20256420FF
:10F0B0006D732C206C6174656E63792025642C203F
:10F0C00074696D656F7574202564206D73005245F9
:10F0D000515545535445443A20696E745F6D696ECD
:10F0E00020256420756E69747320282564206D7353
:10F0F000292C20696E745F6D617820256420756EFF
:10F1000069747320282564206D73292C206C617428
:10F110002025642C2074696D656F7574202564202A
:10F12000756E69747320282564206D732900496EFB
:10F1300074657276616C206F7574206F66207261E1
:10F140006E67653A206D696E202564202873775FAD
:10F150006C696D6974202564292C206D61782025E7
:10F1600064202873775F6C696D69742025642900B9
:10F170004C6174656E6379202564206E6F74207312
:10F180007570706F727465640054696D656F757425
:10F19000206F7574206F662072616E67653A202556
:10F1A000642A343D256420767320696E7465727616
:10F1B000616C5F6D61783D25642C206F72207469ED
:10F1C0006D656F7574202564203E20333230300029
:10F1D000436F6E6E656374696F6E20706172616DEE
:10F1E000657465722072657175657374204143435F
:10F1F000455054454400574553545F544F5044497B
:10F20000522F7A65706879722F696E636C756465C8
:10F210002F7A65706879722F647269766572732FC0
:10F22000756172742F756172745F696E7465726E48
:10F23000616C2E680064657620213D202828766F59
:10F240006964202A29302900415353455254494FBB
:10F250004E204641494C205B25735D20402025739C
:10F260003A25640A0009646576696365206973203C
:10F270004E554C4C0A00287B2065787465726E20D0
:10F2800073747275637420756172745F64726976E9
:10F2900065725F617069205F756172745F64726925
:10F2A0007665725F6170695F6C6973745F737461B6
:10F2B00072745B5D3B2065787465726E20636F6E5F
:10F2C00073742075696E74385F74205F7561727431
:10F2D0005F6472697665725F6170695F6578745F9B
:10F2E000656E645B5D3B202828636F6E73742075C8
:10F2F000696E74385F74202A292828636F6E7374CE
:10F300002073747275637420756172745F647269BE
:10F310007665725F617069202A296465762D3E6189
:10F32000706929203C205F756172745F6472697630
:10F3300065725F6170695F6578745F656E642026D1
:10F34000262028636F6E73742075696E74385F743D
:10F35000202A292828636F6E737420737472756372
:10F360007420756172745F6472697665725F617032
:10F3700069202A296465762D3E61706929203E3D09
:10F380002028636F6E73742075696E74385F742003
:10F390002A295F756172745F6472697665725F6154
:10F3A00070695F6C6973745F7374617274293B2058
:10F3B0007D29007561727400096465766963652052
:10F3C000415049206973206E6F742025730A0070C4
:10F3D00075626C69630072616E646F6D0070756256
:10F3E0006C69632D69640072616E646F6D2D696470
:10F3F00000253032583A253032583A253032583AC2
:10F40000253032583A253032583A253032582028A3
:10F4100025732900446973636F6E6E656374656458
:10F420003A2025732C20726561736F6E2030782529
:10F430003032782025730046696C74657273206DD4
:10F440006174636865642E20416464726573733A05
:10F4500020257320636F6E6E65637461626C653A1C
:10F460002025640063656E7472616C00706572695A
:10F4700070686572616C004661696C656420746FC8
:10F4800020636F6E6E65637420746F2025732C206B
:10F4900030782530327820257300436F6E6E6563B7
:10F4A0007465643A2025732028726F6C652025737B
:10F4B0002900496E626F756E6420706572697068AC
:10F4C0006572616C2D726F6C6520636F6E6E656323
:10F4D00074696F6E2065737461626C6973686564CA
:10F4E000004170706C696564206465666572726560
:10F4F0006420636F6E6E20696E74657276616C2035
:10F500007570646174653A20307825303478004431
:10F510006566657272656420636F6E6E20696E74D5
:10F52000657276616C2075706461746520737469AE
:10F530006C6C2070656E64696E672028657272203D
:10F540002564290053746F70204C45207363616EED
:10F55000206661696C6564202865727220256429C3
:10F56000004661696C656420746F2073656E642069
:10F5700064617461206F7665722055415254005366
:10F5800065727669636520646973636F7665727905
:10F5900020636F6D706C65746564004D5455206513
:10F5A000786368616E676520646F6E65004D5455C1
:10F5B0002073697A653A202564006D74752065783A
:10F5C0006368616E6765004D5455206578636861B6
:10F5D0006E6765206661696C6564202865727220BB
:10F5E0002568687529004746534B20646174615F44
:10F5F0006C656E5F757064617465206661696C65C9
:10F6000064202865727220256429005048592075AD
:10F610007064617465643A20314D42505300504823
:10F620005920757064617465643A20324D425053BC
:10F630000050485920757064617465643A202573E0
:10F640000050485920757064617465643A204844DC
:10F65000542028706565722D696E697469617465DE
:10F6600064293B207261746520756E6B6E6F776ED6
:10F67000206F6E207468697320626F61726400503D
:10F68000485920757064617465643A20756E6B6EBC
:10F690006F776E00706879207570646174650048DA
:10F6A000445420287261746520756E6B6E6F776E9E
:10F6B000290073656E64696E672064617461206FF0
:10F6C00076657220424C4520636F6E6E6563746987
:10F6D0006F6E007772697465206661696C6564207D
:10F6E000616674657220257520706B7473202865BF
:10F6F0007272202564290054582025733A202575FC
:10F7000020706B74732F732028257520696E202557
:10F7100075206D73292C202575206B6270732C2049
:10F72000257520422F706B742C20636F6E6E5F699D
:10F730006E742025752075732C207E257520706BC6
:10F7400074732F636F6E6E2D696E74657276616C63
:10F750002C206D6178206275727374206265666F0B
:10F7600072652077616C6C2025750043616E6E6F49
:10F770007420696E6974204C454473202865727248
:10F780003A2025642900426C7565746F6F74682097
:10F79000696E6974206661696C656420286572729F
:10F7A0002025642900426C7565746F6F7468206948
:10F7B0006E697469616C697A6564005541525420C0
:10F7C000646576696365206E6F7420726561647923
:10F7D00000756172745F696E6974206661696C6539
:10F7E00064202865727220256429004E55532043F9
:10F7F0006C69656E7420696E697469616C697A619F
:10F8000074696F6E206661696C6564202865727228
:10F8100020256429006E75735F636C69656E745F83
:10F82000696E6974206661696C656420286572720E
:10F8300020256429004E555320436C69656E742061
:10F840006D6F64756C6520696E697469616C697A45
:10F8500065640062745F6E75735F696E69742066BB
:10F8600061696C65642028657272202564290053E3
:10F8700063616E206D6F64756C6520696E69746973
:10F88000616C697A6564006863695F76735F73644D
:10F89000635F636F6E6E5F6576656E745F657874C7
:10F8A000656E64206661696C6564202865727220EB
:10F8B000256429005374617274696E6720426C7507
:10F8C00065746F6F74682043656E7472616C205547
:10F8D0004152542073616D706C650A004661696C19
:10F8E000656420746F20616C6C6F63617465207354
:10F8F0007461727475702055415254206275666649
:10F900006572004661696C656420746F2073656E72
:10F91000642073746172747570206D6573736167B0
:10F9200065206F76657220554152543A2025640057
:10F9300053746172747570206D65737361676520AF
:10F9400073656E74206F7665722055415254007253
:10F95000656365697665642064617461206F7665AE
:10F960007220424C4520636F6E6E656374696F6EE2
:10F97000202863656E7472616C293A2025642062C8
:10F980007974657300446174613A203078253032AF
:10F99000783A253032783A253032783A2530327844
:10F9A00000446174613A203078253032783A25304D
:10F9B00032783A2530327800446174613A203078E8
:10F9C000253032783A2530327800446174613A202B
:10F9D000307825303278006E6577207061636B6512
:10F9E000742073697A653A2025642062797465739E
:10F9F000007061636B65742073697A65207570644B
:10FA00006174650052656D6F74652072657175650E
:10FA10007374656420504859207570646174652062
:10FA2000746F2025732028656E756D20256429006C
:10FA300052656365697665642064617461207769E5
:10FA4000746820756E6B6E6F776E20666F726D6175
:10FA500074004661696C656420746F20746F676719
:10FA60006C652072656D6F7465204C454420286577
:10FA700072722025642900546F67676C6564207278
:10FA8000656D6F7465204C4544004661696C656422
:10FA900020746F20757064617465207061636B659C
:10FAA000742073697A6520286572722025642900A4
:10FAB000526571756573746564207061636B6574FC
:10FAC0002073697A652075706461746520746F2095
:10FAD0002575206279746573004661696C656420E0
:10FAE000746F2073656E642050485920726571757B
:10FAF0006573742028657272202564290053656E31
:10FB0000742072656D6F746520504859207265715C
:10FB1000756573743A2025732028656E756D2025F0
:10FB20006429007561727420646174613A206C65A7
:10FB30006E2025642C20646174613A0A25730046A6
:10FB400061696C656420746F2073746F70207363D7
:10FB5000616E202865727220256429006C6564300E
:10FB6000006C6564310050485920667265657A659D
:10FB70000050485920756E667265657A65002424C8
:10FB8000002C00556E6B6E6F776E205541525420DD
:10FB9000636F6D6D616E64006366672064656C61A0
:10FBA000793D256420706879733D3078253032784E
:10FBB0002066696C653D25754D4220693D3078258C
:10FBC000303478206D3D2575004465666572726538
:10FBD0006420636F6E6E20696E74657276616C204E
:10FBE00075706461746520746F20307825303478C6
:10FBF00020756E74696C20636F6E6E6563746564E6
:10FC000000756172745F7478206661696C65643A2E
:10FC10002025640028736B69707065642900526543
:10FC20007175657374696E672050485920757064EA
:10FC300061746520746F20314D42505300526571DC
:10FC400075657374696E67205048592075706461DA
:10FC5000746520746F20324D4250530052657175A7
:10FC6000657374696E6720504859207570646174BB
:10FC70006520746F20484454320052657175657375
:10FC800074696E67205048592075706461746520EE
:10FC9000746F2048445433005265717565737469FC
:10FCA0006E67205048592075706461746520746FC8
:10FCB00020484454340052657175657374696E67E9
:10FCC000205048592075706461746520746F204815
:10FCD0004454360052657175657374696E672050BF
:10FCE00048592075706461746520746F20484454CD
:10FCF00037350052657175657374696E67205048B9
:10FD0000592075706461746520746F20756E6B6E18
:10FD10006F776E20504859007570646174696E6722
:10FD20002066726F6D2050485920257320746F2013
:10FD3000504859202573007068792C2054503A207F
:10FD400025642C202564206B627073202825752083
:10FD50004220696E202575206D732920257300537C
:10FD60006B697070696E67207468726F7567687010
:10FD70007574207265706F727420666F72205048BF
:10FD800059206368616E67652025642C2025640016
:10FD9000484454372E35004C4520324D004C452008
:10FDA000314D006D795F707573685F74687265615D
:10FDB000645F69640068616E646C655F756172742C
:10FDC0005F7468726561645F6964006864745F642D
:10FDD000656D6F006865617020636F727275707415
:10FDE000696F6E202866726565206C697374206C7B
:10FDF000696E6B61676529006865617020636F7269
:10FE000072757074696F6E2028667265652063680C
:10FE1000756E6B206C696E6B616765290068656142
:10FE20007020636F7272757074696F6E20286E6FC8
:10FE30007420696E207573653F29206174202570D8
:10FE4000006865617020636F7272757074696F6E9F
:10FE50002028627566666572206F766572666C6FC3
:10FE6000773F2920617420257000686561702063E8
:10FE70006F7272757074696F6E20286C656674207D
:10FE80006E65696768626F723F2920617420257012
:10FE9000006865617020636F7272757074696F6E4F
:10FEA0002028646F75626C6520667265653F292045
:10FEB000617420257000574553545F544F50444996
:10FEC000522F7A65706879722F6C69622F6865614C
:10FED000702F686561702E630028616C69676E2001
:10FEE000262028616C69676E202D20312929203D4C
:10FEF0003D20300009616C69676E206D7573742058
:10FF00006265206120706F776572206F6620320A0B
:10FF1000006279746573202F203855203C3D2030D5
:10FF20007837666666550009686561702073697A7E
:10FF30006520697320746F6F206269670A006279B7
:10FF4000746573203E20686561705F666F6F7465CD
:10FF5000725F627974657328627974657329000928
:10FF6000686561702073697A6520697320746F6FAA
:10FF700020736D616C6C0A00686561705F737A2034
:10FF80003E206368756E6B737A2873697A656F6655
:10FF900028737472756374207A5F686561702929AB
:10FFA000006368756E6B305F73697A65202B206D16
:10FFB000696E5F6368756E6B5F73697A652868291F
:10FFC000203C3D20686561705F737A006F735F68E5
:10FFD00065617000574553545F544F504449522F48
:10FFE0007A65706879722F6C69622F6F732F636204
:10FFF0007072696E74665F7061636B616765642EB1
:020000024000BC
:10000000630009537472696E67207769746820749D
:100010006F6F206D616E7920617267756D656E74AA
:10002000730A00097374725F7074725F706F735B30
:100030005D20746F6F20736D616C6C0A0009746FC2
:100040006F206D616E7920666F726D6174206172D0
:1000500067730A00286E756C6C2900696E5F7061A9
:10006000636B6167656420213D202828766F696491
:10007000202A29302900726F735F6E6272202B2054
:1000800032202A207277735F6E6272203C3D2033EB
:10009000320028756E7369676E6564292063686134
:1000A00072202A207573656420666F722025257082
:1000B00020617267756D656E742E204974277320F8
:1000C0007265636F6D6D656E64656420746F206327
:1000D00061737420697420746F20766F6964202ABC
:1000E0002062656361757365206974206D61792094
:1000F0006361757365206D69736265686176696FA8
:100100007220696E206365727461696E20636F6E20
:1001100066696775726174696F6E732E20537472AD
:10012000696E673A2225732220617267756D656E6C
:10013000743A25640063627072696E74665F706100
:10014000636B61676500574553545F544F50444992
:10015000522F7A65706879722F6C69622F6F732FD6
:100160006D7073635F706275662E630065727220D6
:100170003D3D203000574553545F544F5044495241
:100180002F7A65706879722F696E636C7564652F5C
:100190007A65706879722F7370696E6C6F636B2EFD
:1001A00068007A5F7370696E5F6C6F636B5F766116
:1001B0006C6964286C290009496E76616C69642059
:1001C0007370696E6C6F636B2025700A007A5F73C1
:1001D00070696E5F756E6C6F636B5F76616C69647E
:1001E000286C2900094E6F74206D79207370696E38
:1001F0006C6F636B2025700A007379735F67657499
:100200006F707400574553545F544F504449522FF8
:100210007A65706879722F6C69622F7574696C7376
:100220002F6F6E6F66662E63007374617465203D78
:100230003D20305500217379735F736C6973745F6F
:1002400069735F656D70747928266D67722D3E63E2
:100250006C69656E747329007472616E73697420C1
:10026000213D202828766F6964202A2930290073CF
:1002700074617465203D3D202831554C203C3C2064
:1002800028312929006D67722D3E72656673203D05
:100290003D2030007374617465203D3D2028315548
:1002A0004C203C3C2028302929006D67722D3E727D
:1002B000656673203E203000287374617465203DAC
:1002C0003D20282831554C203C3C2028322929202B
:1002D0007C202831554C203C3C20283129292929D3
:1002E000207C7C20287374617465203D3D20282883
:1002F00031554C203C3C2028322929207C20305587
:100300002929207C7C20287374617465203D3D2060
:10031000282831554C203C3C2028322929207C209B
:100320002831554C203C3C202830292929290057C8
:100330004553545F544F504449522F7A6570687941
:10034000722F6C69622F7574696C732F6E6F74698C
:1003500066792E6300574553545F544F50444952B9
:100360002F7A65706879722F696E636C7564652F7A
:100370007A65706879722F647269766572732F6618
:100380006C6173682E6800287B2065787465726ED6
:100390002073747275637420666C6173685F647235
:1003A000697665725F617069205F666C6173685F12
:1003B0006472697665725F6170695F6C6973745F9E
:1003C00073746172745B5D3B2065787465726E2036
:1003D000636F6E73742075696E74385F74205F6626
:1003E0006C6173685F6472697665725F6170695F82
:1003F0006578745F656E645B5D3B202828636F6E73
:1004000073742075696E74385F74202A29282863F4
:100410006F6E73742073747275637420666C61738D
:10042000685F6472697665725F617069202A296409
:1004300065762D3E61706929203C205F666C617392
:10044000685F6472697665725F6170695F65787410
:100450005F656E642026262028636F6E7374207596
:10046000696E74385F74202A292828636F6E73744C
:100470002073747275637420666C6173685F647254
:10048000697665725F617069202A296465762D3E00
:1004900061706929203E3D2028636F6E737420755A
:1004A000696E74385F74202A295F666C6173685FB7
:1004B0006472697665725F6170695F6C6973745F9D
:1004C0007374617274293B207D29005A4D53205664
:1004D000657273696F6E206973206E6F7420737517
:1004E00070706F72746564004E6F2076616C696421
:1004F00020656D7074792041544520666F756E6477
:1005000020696E20746865206C6173742073656364
:10051000746F72004E6F20474320446F6E65206DEC
:1005200061726B657220666F756E643A20726573D6
:1005300074617274696E6720676300474320446F7B
:100540006E65206D61726B657220666F756E6400FA
:10055000496E76616C696420667300436F756C64E4
:10056000206E6F74206F627461696E20666C6173B7
:100570006820706172616D657465727300556E7389
:100580007570706F7274656420777269746520622B
:100590006C6F636B2073697A6500496E76616C6974
:1005A0006420736563746F722073697A652C20739D
:1005B000686F756C64206265206174206C6561737E
:1005C0007420257A7500436F6E6669677572617471
:1005D000696F6E206572726F72202D20736563746F
:1005E0006F7220636F756E742062656C6F77206D1B
:1005F000696E696D756D20726571756972656D657D
:100600006E742028322900257520536563746F723B
:1006100073206F6620257520627974657300616CA4
:100620006C6F63207772613A20256C6C752C2025E5
:100630006C6C780064617461207772613A20256C7B
:100640006C752C20256C6C78005A4D5320696E69AE
:1006500074206661696C656420282564292C2077E4
:100660006970696E6720706172746974696F6E0079
:100670007A6D73206E6F7420696E697469616C693C
:100680007A6564004661696C656420746F20636CF0
:100690006F73652074686520736563746F722C20B6
:1006A00072657475726E6564203D20256400476133
:1006B000726261676520636F6C6C656374696F6EED
:1006C000206661696C65642C2072657475726E6554
:1006D00064203D2025640066735F7A6D7300574582
:1006E00053545F544F504449522F7A657068797261
:1006F0002F696E636C7564652F7A65706879722FE7
:100700006C6F6767696E672F6C6F675F6261636BA1
:10071000656E642E68006261636B656E6420213DC6
:10072000202828766F6964202A293029006C6F6799
:1007300067696E6700574553545F544F50444952A0
:100740002F7A65706879722F7375627379732F6C65
:100750006F6767696E672F6C6F675F636F72652E77
:1007600063006C6F675F6261636B656E645F636F8C
:10077000756E745F6765742829203C202828333201
:10078000202F20335529202D202831202B203029BF
:1007900029006261636B656E64203C3D205F6C6F75
:1007A000675F6261636B656E645F6C6973745F65DC
:1007B0006E640009756E6578706563746564206C9D
:1007C00069737420656E64206C6F636174696F6E09
:1007D0000A006C6F675F6261636B656E645F636F75
:1007E000756E745F6765742829203E203000574578
:1007F00053545F544F504449522F7A657068797250
:100800002F696E636C7564652F7A65706879722FD5
:100810006B65726E656C2E6800216B5F69735F702B
:1008200072655F6B65726E656C282900096B5F638A
:10083000757272656E745F6765742063616C6C6558
:1008400064207072652D6B65726E656C0A006C6F4A
:1008500067006C6F675F6D676D74004D65737361E2
:100860006765202822257322292064726F707065C5
:1008700064206265636175736520697420657863BF
:10088000656564732073697A65206C696D6974614C
:1008900074696F6E202825752900574553545F549D
:1008A0004F504449522F7A65706879722F73756280
:1008B0007379732F6C6F6767696E672F6C6F675FF3
:1008C0006D73672E6300706C656E203E3D203000B6
:1008D0004D6573736167652064726F707065642025
:1008E0006265636175736520697420657863656509
:1008F00064732073697A65206C696D6974617469C9
:100900006F6E2028257529000D0A00574553545F46
:10091000544F504449522F7A65706879722F73751D
:10092000627379732F6C6F6767696E672F6C6F677F
:100930005F6F75747075742E63006F75745F637488
:10094000782D3E636F6E74726F6C5F626C6F636B59
:100950002D3E6F6666736574203C3D206F75745F35
:100960006374782D3E73697A65001B5B306D0025DA
:10097000732E0025733A20006C6576656C203C3D33
:10098000203400257320005B253031306C755D20EC
:10099000005B253032753A253032753A2530327594
:1009A0002E253033752C253033755D20003C2573A2
:1009B0003E200025732F00657272203E3D203000DE
:1009C000253032782000202020007C002563001B89
:1009D0005B313B33316D001B5B313B33336D007753
:1009E000726E00696E6600646267006C6F675F62BA
:1009F00061636B656E645F72747400574553545F36
:100A0000544F504449522F7A65706879722F73752C
:100A1000627379732F73657474696E67732F737261
:100A2000632F73657474696E67732E630063682047
:100A30003C3D205F73657474696E67735F68616EB7
:100A4000646C65725F7374617469635F6C697374FD
:100A50005F656E64007365742D76616C75652066E4
:100A600061696C7572652E206B65793A202573205B
:100A70006572726F722825642900574553545F547C
:100A80004F504449522F7A65706879722F7375629E
:100A90007379732F73657474696E67732F737263E0
:100AA0002F73657474696E67735F7A6D732E63005C
:100AB0007263203C2073697A656F662872646E6188
:100AC0006D6529004D6178696D756D206861736889
:100AD00020636F6C6C6973696F6E732072656163FC
:100AE000686564004C696E6B6564206C6973742082
:100AF000666F722068617368657320697320627223
:100B00006F6B656E2C20547279696E6720746F204C
:100B10007265636F766572002A2A2A20426F6F74AD
:100B2000696E67206E524620436F6E6E6563742057
:100B300053444B2076332E342E39392D36316463AD
:100B40006161353362623065202A2A2A0A002A2A26
:100B50002A205573696E67205A6570687972204F34
:100B6000532076342E342E39392D63336366653045
:100B7000353238363966202A2A2A0A00425420475C
:100B800041545420444D20575100556E7375707078
:100B90006F72746564205555494420747970652ED0
:100BA00000574553545F544F504449522F6E72665C
:100BB0002F7375627379732F626C7565746F6F74C0
:100BC000682F676174745F646D2E63006C656E20BE
:100BD0003C3D2028313238202D2073697A656F66BC
:100BE00028737472756374206B5F68656170202A66
:100BF00029202D2073697A656F6628737472756376
:100C00007420646174615F6368756E6B5F6974659D
:100C10006D202A2929004E6F20737061636520665C
:100C20006F72206E65772061747472696275746585
:100C30002E004E6F20737061636520666F722061B5
:100C4000747472696275746520646174612E0055F4
:100C50006E696E697469616C697A6564205555497D
:100C6000442E004E6F20737061636520666F7220A2
:100C70006120555549442E0041747472696275743F
:100C80006573206E6F74206C6F636B656400474101
:100C9000545420646973636F766572206661696C71
:100CA00065642C206572726F723A2025642E00559F
:100CB0006E657870656374656420636F6E6E206F17
:100CC000626A6563742E2041626F7274696E672E6A
:100CD0000062745F757569645F636D702861747418
:100CE000722D3E757569642C202828636F6E7374AD
:100CF000207374727563742062745F757569642003
:100D00002A29202828636F6E7374207374727563A8
:100D1000742062745F757569645F31365B5D29208C
:100D20007B7B202E75756964203D207B2042545FBB
:100D3000555549445F545950455F3136207D2C202C
:100D40002E76616C203D2028307832383030292CC6
:100D5000207D7D292929203D3D2030207C7C20627A
:100D6000745F757569645F636D7028617474722D4A
:100D70003E757569642C202828636F6E7374207328
:100D800074727563742062745F75756964202A29B2
:100D9000202828636F6E73742073747275637420D7
:100DA00062745F757569645F31365B5D29207B7B9A
:100DB000202E75756964203D207B2042545F555577
:100DC00049445F545950455F3136207D2C202E76A2
:100DD000616C203D2028307832383031292C207D3C
:100DE0007D292929203D3D2030004E6F7420656EFD
:100DF0006F756768206D656D6F727920666F722000
:100E00007365727669636520617474726962757462
:100E1000652E006375725F736572766963655F76D0
:100E2000616C20213D202828766F6964202A2930B2
:100E300029004E6F7420656E6F756768206D656D53
:100E40006F727920666F72207365727669636520B0
:100E500061747472696275746520646174612E00D6
:100E60004E6F7420656E6F756768206D656D6F726B
:100E70007920666F72206E6578742061747472696F
:100E8000627574652064657363726970746F722033
:100E900061742068616E646C652025752E00627433
:100EA0005F757569645F636D7028617474722D3E3F
:100EB000757569642C202828636F6E7374207374B1
:100EC000727563742062745F75756964202A2920C5
:100ED0002828636F6E737420737472756374206254
:100EE000745F757569645F31365B5D29207B7B209B
:100EF0002E75756964203D207B2042545F5555490D
:100F0000445F545950455F3136207D2C202E766148
:100F10006C203D2028307832383033292C207D7DDC
:100F2000292929203D3D2030006375725F67617477
:100F3000745F6368726320213D202828766F69649E
:100F4000202A2930290009556E6B6E6F776E20704C
:100F50006172616D20747970652E0A004469736353
:100F60006F766572206661696C65642C20657272AB
:100F70006F723A2025642E0062745F676174745F3B
:100F8000646D006E72665F62745F7363616E0062AF
:100F9000745F6E7573004D697373696E67204E558B
:100FA0005320545820636861726163746572697379
:100FB0007469632E004D697373696E67204E5553D3
:100FC0002054582076616C7565206465736372697E
:100FD00070746F7220696E206368617261637465FA
:100FE0007269737469632E004D697373696E67204B
:100FF0004E55532054582043434320696E20636864
:101000006172616374657269737469632E004D69FE
:101010007373696E67204E55532052582063686180
:1010200072616374657269737469632E004D6973CC
:1010300073696E67204E55532052582076616C7547
:10104000652064657363726970746F7220696E20C5
:1010500063686172616374657269737469632E0099
:10106000537562736372696265206661696C656459
:10107000202865727220256429006E75735F6300F5
:1010800072302F61313A2020307825303878202096
:1010900072312F61323A2020307825303878202084
:1010A00072322F61333A2020307825303878007240
:1010B000332F61343A20203078253038782072314F
:1010C000322F69703A2020307825303878207231FC
:1010D000342F6C723A202030782530387800207810
:1010E0007073723A20203078253038780046617568
:1010F0006C74696E6720696E737472756374696F5E
:101100006E206164647265737320287231352F70AC
:1011100063293A2030782530387800556E68616E42
:10112000646C6564204952516E3A202564002A2A75
:101130002A2A2A205553414745204641554C5420E0
:101140002A2A2A2A2A0020204469766973696F6E48
:10115000206279207A65726F002020556E616C697B
:10116000676E6564206D656D6F727920616363657C
:101170007373002020537461636B206F7665726611
:101180006C6F772028636F6E746578742061726568
:1011900061206E6F742076616C6964290020204E96
:1011A0006F20636F70726F636573736F7220696E07
:1011B000737472756374696F6E73002020496C6C70
:1011C0006567616C206C6F6164206F6620455843D1
:1011D0005F52455455524E20696E746F2050430043
:1011E0002020496C6C6567616C20757365206F66A3
:1011F0002074686520455053520020204174746566
:101200006D707420746F20657865637574652075E2
:101210006E646566696E656420696E737472756369
:1012200074696F6E002A2A2A2A2A204D50552046BA
:1012300041554C54202A2A2A2A2A0020205374611E
:10124000636B696E67206572726F722028636F6EC0
:10125000746578742061726561206D6967687420B7
:101260006265206E6F742076616C696429002020AD
:10127000556E737461636B696E67206572726F720D
:1012800000202044617461204163636573732056BC
:10129000696F6C6174696F6E0020204D4D4641523C
:1012A00020416464726573733A2030782578002099
:1012B00020496E737472756374696F6E2041636345
:1012C0006573732056696F6C6174696F6E002020BE
:1012D000466C6F6174696E672D706F696E74206CF7
:1012E000617A7920737461746520707265736572B8
:1012F000766174696F6E206572726F720057455324
:10130000545F544F504449522F7A65706879722F58
:10131000617263682F61726D2F636F72652F636FE7
:10132000727465785F6D2F6661756C742E63002131
:101330002828285343425F54797065202A292028A1
:101340002830784530303045303030554C29202B0E
:1013500020307830443030554C2920292D3E4346EA
:1013600053522026202831554C203C3C2028305513
:10137000202B2034552929290009537461636B6996
:101380006E67206F722044617461204163636573EE
:10139000732056696F6C6174696F6E206572726F2D
:1013A0007220776974686F757420737461636B2041
:1013B00067756172642C20757365722D6D6F64653D
:1013C000206F72206E756C6C2D706F696E74657213
:1013D00020646574656374696F6E0A0A002A2A2A9C
:1013E0002A2A20425553204641554C54202A2A2A65
:1013F0002A2A002020537461636B696E672065722E
:10140000726F720020205072656369736520646199
:10141000746120627573206572726F7200202042C1
:1014200046415220416464726573733A20307825D6
:1014300078002020496D707265636973652064616E
:10144000746120627573206572726F72002020498A
:101450006E737472756374696F6E20627573206544
:1014600072726F720052657365727665642045789A
:1014700063657074696F6E20280053707572696FB0
:10148000757320696E746572727570742028495284
:10149000512000535053454C20696E20746872658A
:1014A0006164206D6F646520646F6573206E6F7476
:1014B00020696E6469636174652050535000455320
:1014C0004620636F756C64206E6F742062652072B5
:1014D000657472696576656420737563636573739B
:1014E00066756C6C792E205368616C6C206E657625
:1014F0006572206F636375722E002A2A2A2A2A20B9
:1015000048415244204641554C54202A2A2A2A2A2E
:10151000002020427573206661756C74206F6E2008
:10152000766563746F72207461626C6520726561A8
:10153000640020204465627567206576656E7400DE
:1015400020204661756C7420657363616C617469F9
:101550006F6E20287365652062656C6F7729004186
:101560005243485F4558434550542077697468207A
:10157000726561736F6E2025780A00094661756C8B
:101580007420657363616C6174696F6E2077697430
:10159000686F75742046535220696E666F0A0009A1
:1015A000486172644661756C7420776974686F7500
:1015B00074204846535220696E666F205368616CF0
:1015C0006C206E65766572206F636375720A002AFF
:1015D0002A2A2A2A204465627567206D6F6E697415
:1015E0006F7220657863657074696F6E202A2A2A8D
:1015F0002A2A002A2A2A2A2A20257320256429201B
:101600002A2A2A2A2A00574553545F544F504449E6
:10161000522F7A65706879722F617263682F6172D8
:101620006D2F636F72652F636F727465785F6D2FB6
:101630006972715F6D616E6167652E6300707269BA
:101640006F203C3D20282831554C203C3C2028333D
:101650002929202D2031290009696E76616C696481
:10166000207072696F7269747920256420666F72C8
:1016700020256420697271212076616C7565732064
:101680006D757374206265206C6573732074686176
:101690006E20256C750A0A006D7075004661696CD4
:1016A000656420746F20616C6C6F63617465206E7B
:1016B0006577204D505520726567696F6E202575DE
:1016C0000A00506172746974696F6E2025753A2042
:1016D000636F686572656E636520636865636B2020
:1016E0006661696C65642E00496E76616C69642080
:1016F000756E6465726C79696E6720726567696F73
:101700006E20696E64657820257500574553545FD7
:10171000544F504449522F7A65706879722F617224
:1017200063682F61726D2F636F72652F6D70752FF7
:1017300061726D5F6D70752E630009436F6E66692F
:10174000677572696E6720257520737461746963AB
:10175000204D505520726567696F6E732066616910
:101760006C65640A0A00094D61726B696E67202519
:101770007520617265617320666F722064796E6195
:101780006D696320726567696F6E73206661696C4D
:1017900065640A0A00095265717565737420746F77
:1017A00020636F6E6669677572653A2025752072D1
:1017B0006567696F6E732028737570706F727465DA
:1017C000643A202575290A0A002128726567696F25
:1017D0006E5B6964785D2E64745F61747472202638
:1017E000202831554C203C3C20283029292900094B
:1017F00052414D5F4E4F43414348452077697468DD
:101800002044545F4D454D5F434143484541424C60
:1018100045206174747269627574650A0A0009462C
:1018200061696C656420746F20616C6C6F636174B6
:1018300065204D505520726567696F6E7320667222
:101840006F6D2044540A0A00464C4153485F3000F3
:101850005352414D5F3000574553545F544F5044ED
:1018600049522F7A65706879722F6C69622F6C69A2
:1018700062632F7069636F6C6962632F6173736554
:1018800072742E63006578697400574553545F5431
:101890004F504449522F7A65706879722F6C696293
:1018A0002F6E65745F6275662F6275662E630062C7
:1018B00075662D3E6672616773203D3D202828764F
:1018C0006F6964202A293029007265715F73697A13
:1018D00065203C3D2073697A65006F6C645F7265BA
:1018E0006620213D20300009627566202570206445
:1018F0006F75626C6520667265650A006F6C645F67
:1019000072656620213D2030786666000962756642
:101910002025702072656620636F756E74206F7667
:101920006572666C6F770A0066726167006E657437
:101930005F62756600574553545F544F5044495297
:101940002F7A65706879722F6C69622F6E65745F8B
:101950006275662F6275665F73696D706C652E6364
:10196000006275662D3E6C656E203D3D2030550051
:101970006E65745F6275665F73696D706C655F74C8
:1019800061696C726F6F6D2862756629203E3D201B
:101990006C656E006275662D3E6C656E203E3D2066
:1019A0006C656E006E65745F6275665F73696D70FD
:1019B0006C655F68656164726F6F6D28627566291A
:1019C000203E3D206C656E006E65745F6275665FDB
:1019D00073696D706C6500736F63004254204C57DF
:1019E00020575100496E73756666696369656E7448
:1019F000206E756D626572206F6620617267756D0D
:101A0000656E74730049676E6F72696E67206964F2
:101A1000656E7469746965732073746F7265642090
:101A2000696E20666C61736800496E76616C6964EA
:101A3000206C656E67746820494420616464726537
:101A4000737320696E2073746F72616765006274CE
:101A50002F25732F25303278253032782530327893
:101A600025303278253032782530327825752F258B
:101A7000730062742F25732F253032782530327829
:101A8000253032782530327825303278253032785A
:101A900025750073657474696E67735F737562731F
:101AA00079735F696E6974206661696C656420286A
:101AB000657272202564290062742F2573004661C7
:101AC000696C656420746F207361766520494420D9
:101AD000286572722025642900556E61626C65204C
:101AE000746F20736574757020616E206964656E13
:101AF0007469747920616464726573730062740040
:101B000062745F73657474696E67730057455354EC
:101B10005F544F504449522F7A65706879722F692B
:101B20006E636C7564652F7A65706879722F73794E
:101B3000732F627974656F726465722E680028284D
:101B400070737263203C20706473742026262028F2
:101B500070737263202B206C656E67746829203C5B
:101B60003D207064737429207C7C2028707372631C
:101B7000203E2070647374202626202870647374BD
:101B8000202B206C656E67746829203C3D207073A3
:101B9000726329290009536F7572636520616E6451
:101BA0002064657374696E6174696F6E2062756616
:101BB00066657273206D757374206E6F74206F7616
:101BC00065726C61700A00574553545F544F50441E
:101BD00049522F7A65706879722F737562737973C1
:101BE0002F626C7565746F6F74682F686F73742FD4
:101BF000757569642E630009496E76616C696420AD
:101C00005555494420747970653A2025640A005777
:101C10004553545F544F504449522F7A6570687948
:101C2000722F7375627379732F626C7565746F6F41
:101C300074682F686F73742F6275662E63007479F1
:101C40007065203D3D2042545F4255465F455654E5
:101C5000207C7C2074797065203D3D2042545F4299
:101C600055465F41434C5F494E207C7C207479701F
:101C700065203D3D2042545F4255465F49534F5FCA
:101C8000494E0009496E76616C696420627566662A
:101C900065722074797065207265717565737465FD
:101CA000640A00574553545F544F504449522F7AA9
:101CB00065706879722F696E636C7564652F7A65DB
:101CC000706879722F626C7565746F6F74682F62BB
:101CD00075662E68006D6574612D3E706172656E6B
:101CE000740076696577006E65745F6275665F681B
:101CF000656164726F6F6D28706172656E74292002
:101D00003E2030002162745F6275665F6861735FB8
:101D10007669657728706172656E74290062745FF8
:101D2000627566006D616C666F726D6564206164DA
:101D3000766572746973696E6720646174612025C9
:101D400075202F2025750062745F646174610063E3
:101D50006D6420646973616C6C6F776564004F6EAD
:101D60006C792072616E646F6D2073746174696345
:101D7000206964656E746974792061646472657346
:101D80007320737570706F7274656400496E76614C
:101D90006C696420696E70757420706172616D6524
:101DA00074657273004661696C656420746F20729B
:101DB000656164207075626C69632061646472653A
:101DC00073730052656164205374617469632041C8
:101DD000646472657373657320636F6D6D616E64A7
:101DE000206E6F7420617661696C61626C6500467B
:101DF00061696C656420746F20726561642073741E
:101E00006174696320616464726573736573004E05
:101E10006F207374617469632061646472657373A5
:101E200065732073746F72656420696E20636F6ED2
:101E300074726F6C6C65720043616E2774207365F9
:101E40007420626F7468204944454E5449545920A7
:101E500026204E5250410062745F696400546F6FD7
:101E600020626967206164766572746973696E6760
:101E70002064617461004661696C656420746F2040
:101E800073746172742061647665727469736572CB
:101E9000004661696C656420746F2073746F7020F4
:101EA0006164766572746973696E673A20256400AF
:101EB00062745F61647600556E6578706563746501
:101EC0006420656E64206F662062756666657200C8
:101ED0004572726F72207768696C652075706461F5
:101EE00074696E6720746865207363616E6E6572D5
:101EF000202825642900574553545F544F504449C6
:101F0000522F7A65706879722F7375627379732FA7
:101F1000626C7565746F6F74682F686F73742F6C63
:101F2000326361702E630073203D3D20266C655F37
:101F30006368616E2D3E5F7064755F726561647980
:101F400000556E61626C6520746F20616C6C6F630C
:101F50006174652062756666657220666F72206FB7
:101F60007020307825303278004E6F2061766169BC
:101F70006C61626C65204C3243415020636F6E741B
:101F800065787420666F7220636F6E6E2025700016
:101F9000457870656374696E6720757020746F2072
:101FA000256420726566732C20676F742025640099
:101FB000636F6E6E2D3E7374617465203D3D2042EB
:101FC000545F434F4E4E5F434F4E4E45435445443E
:101FD00000616C726561647920686176652076695C
:101FE0006577206F6E202570006669666F5F70648C
:101FF00075203D3D207064750028666368616E2D14
:102000003E636964203E3D203078303030312026F8
:102010002620666368616E2D3E636964203C3D2026
:102020003078303033662900094349442025752033
:102030006973206E6F7420696E207468652066690C
:10204000786564206368616E6E656C2072616E678E
:10205000650A006368616E203D3D202828766F691F
:1020600064202A293029000946697865642063685C
:10207000616E6E656C207769746820434944202541
:102080007520616C72656164792065786973747319
:102090000A00666368616E203C3D205F62745F6C7D
:1020A000326361705F66697865645F6368616E5F03
:1020B0006C6973745F656E64004C32434150206CF0
:1020C000656E677468206D69736D6174636820283C
:1020D000257520213D2025752900496E76616C69A2
:1020E00064206964656E742076616C756520696E24
:1020F000204C324341502050445500496E76616C6B
:102100006964204C4520636F6E6E20706172616D52
:10211000207273702073697A652028257520213D0F
:1021200020257A752900496E76616C6964204C45DA
:1021300020636F6E6E2075706461746520706172CB
:10214000616D207265712073697A6520282575207C
:10215000213D20257A7529004E6F7420636F6E6EC5
:1021600065637465640052656A656374696E6720AF
:10217000756E6B6E6F776E204C3243415020504429
:102180005520636F64652030782530327800546FB5
:102190006F20736D616C6C204C3243415020736929
:1021A000676E616C696E672050445500546F6F20F4
:1021B000736D616C6C204C3243415020504455206B
:1021C00072656365697665640049676E6F72696EF2
:1021D00067206461746120666F7220756E6B6E6F2C
:1021E000776E206368616E6E656C2049442030789C
:1021F0002530347800646973636F6E6E656374654F
:102200006400636F6E66696700646973636F6E6E06
:10221000656374696E670062745F6C32636170003D
:102220004661696C656420746F207375626D6974B2
:10223000206174745F74785F64657374726F795F22
:10224000776F726B3A20256400574553545F544FA3
:10225000504449522F7A65706879722F7375627392
:1022600079732F626C7565746F6F74682F686F7304
:10227000742F6174742E63006E65745F6275665F9F
:10228000706F6F6C5F676574286275662D3E706F46
:102290006F6C5F696429203D3D20266174745F7016
:1022A0006F6F6C00415454206368616E6E656C20E2
:1022B0006E6F7420636F6E6E656374656400627523
:1022C000662D3E6C656E203E3D2073697A656F66B3
:1022D000287374727563742062745F6174745F68CC
:1022E000647229004572726F72207369676E696E3D
:1022F0006720646174610052616E206F7574206F95
:10230000662054582062756666657273206F72206D
:10231000636F6E74657874732E00556E61626C65C0
:1023200020746F206372656174652065727220721B
:1023300073702050445500415454204D545520652D
:10234000786365656465642C206D61782025752C43
:102350002077616E74656420257A7500556E616220
:102360006C6520746F2063726561746520636F6EA5
:102370006669726D2050445500556E61626C65202F
:10238000746F2063726561746520727370205044AD
:102390005500546F6F20736D616C6C204154542054
:1023A00050445520726563656976656400556E68B2
:1023B000616E646C65642041545420636F646520D1
:1023C00030782530327800496E76616C6964206C13
:1023D000656E20257520666F7220636F64652030FE
:1023E000782530327800556E61626C6520746F20FC
:1023F00063726561746520555549443A2073697A62
:102400006520257500556E61626C6520746F2063D0
:10241000726561746520555549443A2073697A653F
:10242000202564004E6F20617661696C61626C6585
:102430002041545420636F6E7465787420666F7207
:1024400020636F6E6E202570004E6F20617661698B
:102450006C61626C6520415454206368616E6E65E6
:102460006C20666F7220636F6E6E20257000556E53
:1024700061626C6520746F2066696E6420415454FB
:10248000206368616E6E656C00476F7420657272C0
:102490002025642C206E6F742063616C6C696E67FC
:1024A000204154542063620009556E6B6E6F776E45
:1024B000206F702074797065203078253032580A8A
:1024C000004661696C656420746F2072652D7375B8
:1024D000626D69742025733A202564004E6F204197
:1024E0005454206368616E6E656C20666F72204D77
:1024F000545520257A75004E6F2070656E64696EA4
:102500006720415454207265717565737400446985
:1025100073636F6E6E656374696E67206661696C64
:102520006564202865727220256429004154542076
:1025300054696D656F757420666F72206465766985
:1025400063652025732E20446973636F6E6E656327
:1025500074696E672E2E2E007265710062745F6161
:10256000747400434D414320757064617465206646
:1025700061696C6564202564004661696C6564204E
:10258000746F206465636F64652076616C75652087
:102590002865727220257A6429004661696C656439
:1025A00020746F2073617665204461746162617389
:1025B00065204861736820286572722025642900AF
:1025C000574553545F544F504449522F7A657068B1
:1025D00079722F7375627379732F626C7565746F7E
:1025E0006F74682F686F73742F676174742E630043
:1025F000656C20213D202828766F6964202A2930C7
:1026000029000943616E2774207361766520434673
:10261000202F2043434320746F20666C6173680A47
:10262000006661696C656420746F2073746F7265F5
:10263000205343202865727220256429006E657737
:102640005F7374617274203C3D206E65775F656EC8
:102650006400094E65772073746172742069732079
:1026600067726561746572207468616E206E65774B
:1026700020656E640A00756E61626C6520746F205F
:10268000736176652053433A206E6F20636667203E
:102690006C65667400676174745F7375625F6973FB
:1026A0005F656D707479287375622900546F6F20AF
:1026B0006D616E7920436C69656E74204368617248
:1026C0006163746572697374696320436F6E6669D0
:1026D0006775726174696F6E2E2053656520434F74
:1026E0004E4649475F42545F53455454494E475301
:1026F0005F4343435F53544F52455F4D41580A0077
:10270000496E76616C6964206B6579006661696CFD
:10271000656420746F2064656C6574652053432084
:10272000286572722025642900556E61626C6520EF
:10273000746F206465636F6465206164647265739F
:102740007320257300496E76616C6964206C6F6339
:10275000616C206964656E7469747920256C7500FC
:10276000556E61626C6520746F20726573746F7250
:10277000652053433A206E6F20636667206C656660
:1027800074004E6F20737061636520746F207374E2
:102790006F72652043434320636667004E6F20736A
:1027A0007061636520746F2073746F726520436C71
:1027B00069656E7420537570706F7274656420461D
:1027C0006561747572657300556E61626C65207425
:1027D0006F20726573746F72652043463A206E6F86
:1027E00020636667206C656674004368616E676588
:1027F0002D617761726520737461747573206E6FDB
:102800007420666F756E6420696E207365747469D8
:102810006E67732C2064656661756C74696E6720E1
:10282000706565722073746174757320746F2063B2
:1028300068616E67652D756E6177617265005265BE
:102840006164206261636B20626164206368616E11
:1028500067652D61776172652076616C75653A20D8
:10286000307825782C2064656661756C74696E67B4
:1028700020706565722073746174757320746F20A5
:102880006368616E67652D756E617761726500467C
:1028900061696C656420746F2073746F7265204386
:1028A0006C69656E74204665617475726573202865
:1028B00065727220256429007374617469635F73A3
:1028C0007663203C3D205F62745F676174745F7360
:1028D0006572766963655F7374617469635F6C695F
:1028E00073745F656E6400556E61626C6520746F11
:1028F00020696D706F727420746865206B65792033
:10290000666F722041455320434D414320256400AA
:10291000434D4143206F7065726174696F6E206929
:102920006E6974206661696C6564202564006B655E
:10293000792064657374726F79206661696C65646F
:1029400020256400434D41432066696E6973682009
:102950006661696C65642025640062742F6363633B
:10296000004661696C656420746F2073746F7265D2
:10297000204343437320286572722025642900098F
:10298000696E76616C696420706172616D657465F1
:10299000720A0A00617474720052656164206D6588
:1029A00074686F64206E6F7420736574004661698B
:1029B0006C656420746F2072656164206174747248
:1029C0006962757465202570202865727220257AE9
:1029D000642900496E76616C6964207265616420C7
:1029E0006C656E6774683A20257A6400094E6F2022
:1029F0006D6F726520617474726962757465730AB3
:102A00000A00706172616D730009696E76616C69AC
:102A10006420706172616D65746572730A0A00707A
:102A20006172616D732D3E61747472207C7C2070C4
:102A30006172616D732D3E75756964002161746FFB
:102A40006D69635F746573745F6269742873632D65
:102A50003E666C6167732C2053435F494E44494383
:102A60004154455F50454E44494E47290009496E3F
:102A700064696361746520616C726561647920705A
:102A8000656E64696E670A00434343202570206EBB
:102A90006F74207772697461626C650053432072B1
:102AA0006573746F726520696E6469636174696FC0
:102AB0006E206661696C656400706172616D73207F
:102AC000262620706172616D732D3E66756E6300FF
:102AD00028706172616D732D3E73746172745F68EA
:102AE000616E646C6520262620706172616D732DA5
:102AF0003E656E645F68616E646C65290028706174
:102B000072616D732D3E73746172745F68616E647F
:102B10006C65203C3D20706172616D732D3E656E69
:102B2000645F68616E646C652900556E6B6E6F77CB
:102B30006E205555494420747970652025750050E4
:102B4000617273652065727200496E76616C6964AA
:102B50002064617461206C656E202575005061727F
:102B600073652065727220646174005061727365D0
:102B70002065727220636570005061727365206514
:102B800072722063636300506172736520657272B4
:102B900020736363005061727365206572722063F5
:102BA000706600496E76616C696420666F726D6153
:102BB000742025750042616420706565723A204179
:102BC000545420726561642D62792D757569642095
:102BD0007273703A20696E76616C69642041545456
:102BE0005220504455206C656E20257500496E7644
:102BF000616C69642068616E646C65004261642088
:102C0000706565723A2041545420726561642D628A
:102C1000792D75756964207273703A2048616E640D
:102C20006C6520307825303478206973206F757496
:102C3000736964652072657175657374656420726B
:102C4000616E6765203078253034782D30782530F6
:102C500034782E2041626F7274696E6720726561EC
:102C6000642E007772697465203D3D206C656E6747
:102C700074680009556E61626C6520746F20616C28
:102C80006C6F63617465206C656E67746820257570
:102C90003A206F6E6C7920257A752077726974748A
:102CA000656E0A00706172616D7320262620706166
:102CB00072616D732D3E6E6F74696679007061721A
:102CC000616D732D3E76616C756500706172616D2A
:102CD000732D3E6363635F68616E646C650046617B
:102CE000696C656420746F20756E737562736372AE
:102CF00069626520286572722025642900496E7614
:102D0000616C69642064617461206C656E20257556
:102D1000203E2025750062742F686173680062741C
:102D20002F63660062742F73630062745F6761745F
:102D300074004E6F20617661696C61626C6520532E
:102D40004D5020636F6E7465787420666F722063D7
:102D50006F6E6E2025700062745F736D7000446149
:102D6000746120627566666572206F766572666C46
:102D70006F7720286C696E6B2074797065203078CD
:102D8000253032782900556E61626C6520746F20A1
:102D90006C6F6F6B20757020636F6E6E2077697437
:102DA000682068616E646C652025750048617264F6
:102DB00077617265206572726F722C20686172642F
:102DC0007761726520636F64653A20256400436F04
:102DD000756C64206E6F74207375626D69742072F7
:102DE000785F776F726B3A20256400556E6B6E6F5B
:102DF000776E20636F6E6E2068616E646C65203044
:102E0000782530345800556E61626C6520746F20EF
:102E10006C6F6F6B757020636F6E6E20666F7220C3
:102E200068616E646C65202575006D61785F7478EB
:102E30005F74696D65206578636565647320746887
:102E4000652076616C69642072616E676520257506
:102E5000006D61785F72785F74696D652065786375
:102E600065656473207468652076616C696420729E
:102E7000616E676520257500556E61626C65207412
:102E80006F20616C6C6F6361746520627566666546
:102E90007200556E68616E646C6564206576656E5F
:102EA0007420307825303278206C656E2025753A94
:102EB00020257300546F6F20736D616C6C20282582
:102EC0007520627974657329206576656E7420308B
:102ED000782530327800496E76616C696420484309
:102EE00049206576656E742073697A65202825759A
:102EF0002900496E76616C6964204C45206D6574CB
:102F000061206576656E742073697A652028257561
:102F10002900574553545F544F504449522F73640E
:102F20006B2D737461726C696768742F737562734B
:102F300079732F626C7565746F6F74682F686F7327
:102F4000742F6863695F636F72652E6300657674C2
:102F50005F666C6167732026202831554C203C3C0D
:102F6000202830292900496E76616C6964206275D9
:102F700066207479706520257500496E76616C69EC
:102F800064204843492041434C207061636B657461
:102F90002073697A6520282575290041434C2064F7
:102FA000617461206C656E677468206D69736D6112
:102FB0007463682028257520213D2025752900553A
:102FC0006E61626C6520746F2066696E6420636F49
:102FD0006E6E20666F722068616E646C6520257568
:102FE0000062745F6863695F6576745F6765745FCC
:102FF000666C616773286864722D3E65767429205B
:1030000026202831554C203C3C20283129290055C8
:103010006E6B6E6F776E20627566207479706520B6
:10302000257500556E68616E646C65642076656E0A
:10303000646F722D73706563696669632065766578
:103040006E7420307825303278206C656E202575BE
:103050003A202573004E6F20636F6D6D616E6420A2
:1030600073656E7420666F7220636D6420636F6D8C
:10307000706C65746520307825303478004F70436B
:103080006F64652030782530347820636F6D706C04
:103090006574656420696E7374656164206F662071
:1030A0006578706563746564203078253034780005
:1030B0002162756600657674206E756D5F68616E5D
:1030C000646C657320283D25752920746F6F206C12
:1030D000617267652028257A75203E2025752900B4
:1030E0004E6F20636F6E6E656374696F6E20666FDE
:1030F000722068616E646C65202575007061636B79
:1031000065747320636F756E74206D69736D61747F
:1031100063680061746F6D69635F67657428266317
:103120006F6E6E2D3E696E5F6C6C2900574553546F
:103130005F544F504449522F7A65706879722F69F5
:103140006E636C7564652F7A65706879722F64722E
:1031500069766572732F626C7565746F6F74682E13
:103160006800287B2065787465726E2073747275B0
:1031700063742062745F6863695F64726976657204
:103180005F617069205F62745F6863695F64726920
:103190007665725F6170695F6C6973745F73746187
:1031A00072745B5D3B2065787465726E20636F6E30
:1031B00073742075696E74385F74205F62745F6821
:1031C00063695F6472697665725F6170695F657873
:1031D000745F656E645B5D3B202828636F6E73745B
:1031E0002075696E74385F74202A292828636F6EF1
:1031F0007374207374727563742062745F6863699A
:103200005F6472697665725F617069202A296465FE
:10321000762D3E61706929203C205F62745F68638F
:10322000695F6472697665725F6170695F65787401
:103230005F656E642026262028636F6E7374207588
:10324000696E74385F74202A292828636F6E73743E
:10325000207374727563742062745F6863695F645D
:1032600072697665725F617069202A296465762DBE
:103270003E61706929203E3D2028636F6E73742083
:1032800075696E74385F74202A295F62745F6863A1
:10329000695F6472697665725F6170695F6C69739A
:1032A000745F7374617274293B207D290062745FBE
:1032B000686369005B305D00484349207472616E49
:1032C00073706F72743A202573005344430049644D
:1032D000656E7469747925733A20257300496465B5
:1032E0006E746974795B25645D3A202573004843E8
:1032F000493A2076657273696F6E202573202830F5
:10330000782530327829207265766973696F6E206E
:103310003078253034782C206D616E756661637469
:103320007572657220307825303478004C4D503AF3
:103330002076657273696F6E20257320283078259A
:1033400030327829207375627665722030782530A6
:103350003478004E6F204944206164647265737351
:103360002E20417070206D7573742063616C6C2029
:1033700073657474696E67735F6C6F61642829008C
:103380000925640A00556E61626C6520746F2073B4
:10339000656E6420746F206472697665722028659A
:1033A0007272202564290009436F6E74726F6C6C11
:1033B000657220756E726573706F6E736976652CB9
:1033C00020636F6D6D616E64206F70636F64652044
:1033D0003078253034782074696D656F7574207786
:1033E000697468206572722025640A006F70636FCB
:1033F0006465203078253034782073746174757377
:1034000020307825303278202573004E6F2070658B
:103410006E64696E67207065726970686572616C50
:1034200020636F6E6E656374696F6E004E6F2070FF
:10343000656E64696E672063656E7472616C20638B
:103440006F6E6E656374696F6E00436F6E6E656359
:1034500074696F6E206372656174696F6E20746940
:103460006D656F7574207472696767657265640055
:103470004661696C656420746F2072657374617253
:103480007420696E69746961746F7200556E657835
:10349000706563746564207374617475732030782B
:1034A00025303278202573006576742D3E73746163
:1034B000747573203D3D2030783030004E6F2070A1
:1034C000656E64696E6720636F6E6E20666F722032
:1034D00070656572202573004E6F6E2D4C4520631C
:1034E000617061626C6520636F6E74726F6C6C6585
:1034F0007220646574656374656421004E756D2087
:103500006F6620436F6E74726F6C6C6572277320E8
:1035100041434C207061636B65747320213D2041F1
:10352000434C2062745F636F6E6E5F747820636FCC
:103530006E74657874732028257520213D202575CB
:10354000290041434C2042522F4544522062756667
:1035500066657273206E6F7420696E697469616C40
:10356000697A65640056656E646F7220484349202D
:10357000657874656E73696F6E73206E6F74206109
:103580007661696C61626C6500485720506C6174AB
:10359000666F726D3A202573202830782530347894
:1035A000290048572056617269616E743A2025736C
:1035B000202830782530347829004669726D77618B
:1035C00072653A20257320283078253032782920FA
:1035D00056657273696F6E2025752E2575204275AC
:1035E000696C64202575004661696C656420746FA0
:1035F000207265616420737570706F7274656420E9
:1036000076656E646F7220636F6D6D616E647300BA
:103610004661696C656420746F2072656164207313
:103620007570706F727465642076656E646F722059
:1036300066656174757265730048434920647269F8
:10364000766572206973206E6F742072656164798B
:103650000042542052582057510048434920647278
:1036600069766572206F70656E206661696C65644D
:10367000202825642900556E65787065637465643B
:1036800020484F53545F4E554D5F434F4D504C456E
:103690005445445F5041434B4554532C207374614F
:1036A0007475732030782530327820257300556E7C
:1036B000636C65617265642070656E64696E672015
:1036C00073656E745F636D6400312E306200312E5D
:1036D0003100312E3200322E3000322E3100332EA6
:1036E0003000342E3000342E3100342E3200352E8E
:1036F0003000352E3100352E3200352E3300352E78
:103700003400362E3000362E3100362E3200362E62
:1037100033005374616E6461726420426C75657429
:103720006F6F746820636F6E74726F6C6C6572007B
:1037300056656E646F722073706563696669632095
:10374000636F6E74726F6C6C6572004669726D7730
:10375000617265206C6F6164657200526573637598
:103760006520696D61676500726573657276656471
:10377000006E5246353178006E5246353278006E12
:103780005246353378006E524635344878006E52D2
:103790004635344C7800496E74656C20436F727006
:1037A0006F726174696F6E004E6F7264696320534B
:1037B000656D69636F6E647563746F72004E585007
:1037C0002053656D69636F6E647563746F72730007
:1037D0004573707265737369662053797374656D90
:1037E000730062745F6863695F636F726500574559
:1037F00053545F544F504449522F73646B2D73746C
:1038000061726C696768742F7375627379732F6264
:103810006C7565746F6F74682F686F73742F636F46
:103820006E6E2E63006362203C3D205F62745F63B6
:103830006F6E6E5F63625F6C6973745F656E640068
:1038400069735F61636C5F636F6E6E28636F6E6E2A
:1038500029004661696C6564207265616420726547
:103860006D6F7465206665617475726573202825B7
:103870006429006B5F63757272656E745F6765744F
:103880002829203D3D206B5F776F726B5F717565F6
:1038900075655F7468726561645F676574287478C4
:1038A0005F6E6F746966795F776F726B717565753E
:1038B000655F6765742829290009636F756C646EFC
:1038C0002774207375626D697420286572722025D3
:1038D00064290A00556E65787065637465642066B6
:1038E00069727374204C32434150206672616D6579
:1038F00000556E6578706563746564204C32434191
:103900005020636F6E74696E756174696F6E004EDE
:103910006F7420656E6F7567682062756666657284
:1039200020737061636520666F72204C3243415092
:10393000206461746100556E6578706563746564B8
:103940002041434C20666C61677320283078253015
:103950003278290041434C206C656E206D69736D8F
:103960006174636820282575203E2025752900098B
:10397000496E76616C696420636F6E6E656374690D
:103980006F6E207265666572656E63650A006F6CA6
:1039900064203E20300009436F6E6E2072656665BC
:1039A00072656E636520636F756E746572206973EE
:1039B00020300A0021636F6E6E5F74785F69735FF9
:1039C00070656E64696E67000974785F636F6D700F
:1039D0006C6574655F776F726B2069732070656EBC
:1039E00064696E67207768656E20636F6E6E20690C
:1039F00073206465616C6C6F63617465640A002890
:103A0000756E6B6E6F776E29006E6F207472616ECB
:103A1000736974696F6E202573004572726F72202E
:103A20007768696C652072656D6F76696E67206373
:103A30006F6E6E20757365722066726F6D20736392
:103A4000616E6E6572202825642900496E76616C6E
:103A500069642028257529206F6C64207374617453
:103A60006500636F6E6E202570206661696C656409
:103A700020746F2065737461626C6973682E2052C4
:103A800046206E6F6973653F006E6F2076616C69CA
:103A9000642028257529207374617465207761730B
:103AA0002073657400696E636F6D70617469626C18
:103AB000652068616E646C65202575002828636F39
:103AC0006E6E2920262620282875696E74707472FF
:103AD0005F74292861636C5F636F6E6E73292920A0
:103AE0003C3D20282875696E747074725F742928B3
:103AF000636F6E6E292920262620282875696E742A
:103B00007074725F742928636F6E6E2929203C20BF
:103B1000282875696E747074725F7429282628616C
:103B2000636C5F636F6E6E73295B282873697A65B7
:103B30005F7429282828696E742973697A656F660D
:103B400028636861725B31202D202832202A2021D1
:103B500028215F5F6275696C74696E5F7479706546
:103B6000735F636F6D70617469626C655F70285F0D
:103B70005F747970656F665F5F2861636C5F636F08
:103B80006E6E73292C205F5F747970656F665F5F5E
:103B900028262861636C5F636F6E6E73295B305DEE
:103BA000292929295D29202D203129202B2028731E
:103BB000697A656F662861636C5F636F6E6E7329E7
:103BC000202F2073697A656F66282861636C5F63B4
:103BD0006F6E6E73295B305D292929295D292920A3
:103BE00026262028282875696E747074725F7429DF
:103BF00028636F6E6E2929202D20282875696E7420
:103C00007074725F74292861636C5F636F6E6E738A
:103C100029292920252073697A656F662828616320
:103C20006C5F636F6E6E73295B305D29203D3D20B4
:103C300030290009496E76616C69642062745F63A3
:103C40006F6E6E20706F696E746572202570206EC5
:103C50006F7420696E2025700A00216B5F69735FA5
:103C6000696E5F69737228290054696D656F757498
:103C7000206469736361726465642E204E6F2062F4
:103C80006C6F636B696E6720696E207379737771EF
:103C90002E0009496E76616C696420636F6E6E2038
:103CA000747970652025750A00746D7020213D209F
:103CB000636F6E6E007072657620213D2026636F03
:103CC0006E6E2D3E5F636F6E6E5F7265616479002C
:103CD000094E6F20636F6E74726F6C6C6572206238
:103CE0007566730A00094E6F20545820636F6E7416
:103CF0006578740A0030207C7C20286275662D3E31
:103D0000726566203D3D203129207C7C202862752B
:103D1000662D3E726566203D3D2032290021627489
:103D20005F6275665F6861735F76696577286F7536
:103D3000747369646529006672616720213D2028DB
:103D400028766F6964202A2930290009496E766136
:103D50006C696420636F6E6E656374696F6E207446
:103D60007970652025750A00466174616C20657262
:103D7000726F7220282564292E20446973636F6E48
:103D80006E656374696E6720257000466F756E649A
:103D90002076616C696420636F6E6E656374696F11
:103DA0006E20282570292077697468206164647208
:103DB00065737320257320696E20257320737461E9
:103DC0007465200009496E76616C696420636F6ECA
:103DD0006E2073746174652025750A002A636F6E06
:103DE0006E2073686F756C6420626520756E7265F5
:103DF000666572656E63656420616E6420696E69D4
:103E00007469616C697A656420746F204E554C4CFE
:103E1000004E6F206275666665727320746F206352
:103E2000616E63656C20636F6E6E656374696F6E3F
:103E30002C207265747279696E6720696E2031304A
:103E4000206D730053656E64204C45207061726173
:103E50006D20757064617465206661696C656420AD
:103E6000286572722025642900646973636F6E6E21
:103E70006563742D636F6D706C6574650073636149
:103E80006E2D6265666F72652D696E697469617405
:103E9000696E6700696E6974696174696E672D6621
:103EA000696C7465722D6C697374006164762D633E
:103EB0006F6E6E65637461626C65006164762D641B
:103EC00069722D636F6E6E65637461626C6500620A
:103ED000745F636F6E6E0063616368655F6E7266C8
:103EE0007800574553545F544F504449522F7A65D8
:103EF000706879722F647269766572732F636C6F64
:103F0000636B5F636F6E74726F6C2F636C6F636B48
:103F10005F636F6E74726F6C5F6E72665F636F6DFE
:103F20006D6F6E2E6300697271203C3D205F636C83
:103F30006F636B5F636F6E74726F6C5F6E72665FE0
:103F40006972715F68616E646C65725F6C697374CD
:103F50005F656E6400636C6F636B5F636F6E74723A
:103F60006F6C5F6E72665F636F6D6D6F6E0057454D
:103F700053545F544F504449522F7A657068797298
:103F80002F647269766572732F636C6F636B5F6306
:103F90006F6E74726F6C2F636C6F636B5F636F6EA9
:103FA00074726F6C5F6E72665F6C66636C6B2E63AF
:103FB00000636C6F636B5F636F6E74726F6C5F6CCA
:103FC00066636C6B00574553545F544F50444952DD
:103FD0002F7A65706879722F647269766572732FB3
:103FE000636C6F636B5F636F6E74726F6C2F636C67
:103FF0006F636B5F636F6E74726F6C5F6E72665F20
:10400000786F2E6300636C6F636B5F636F6E7472A7
:104010006F6C5F786F004661696C656420746F2017
:104020007265717565737420584F20666F722058E1
:104030004F32344D3A20256400574553545F544F56
:10404000504449522F7A65706879722F647269768C
:104050006572732F636C6F636B5F636F6E74726FE7
:104060006C2F636C6F636B5F636F6E74726F6C5FEA
:104070006E72665F786F32346D2E6300636C6F63AF
:104080006B5F636F6E74726F6C5F786F32346D004C
:10409000726E6700696E76616C6964206164647237
:1040A0006573733A2030782530386C783A257A7504
:1040B000007272616D2D636F6E74726F6C6C6572DD
:1040C00040353030346530303000666C6173685F85
:1040D0006E72665F7272616D00574553545F544F44
:1040E000504449522F7A65706879722F696E636CFB
:1040F0007564652F7A65706879722F647269766568
:1041000072732F6770696F2F6770696F5F7574695D
:104110006C732E6800094E6F2063616C6C62616382
:104120006B210A0063616C6C6261636B2D3E686198
:104130006E646C657200094E6F2063616C6C626125
:10414000636B2068616E646C6572210A0057455389
:10415000545F544F504449522F6D6F64756C6573B2
:104160002F68616C2F6E6F726469632F6E72667850
:104170002F68616C2F6E72665F6770696F2E6800C2
:104180006E72665F6770696F5F70696E5F7072658F
:1041900073656E745F636865636B282A705F70690E
:1041A0006E2900574553545F544F504449522F7A5B
:1041B00065706879722F647269766572732F6770A3
:1041C000696F2F6770696F5F6E7266782E63006328
:1041D000622D3E68616E646C6572006770696F4045
:1041E000313061303030006770696F40643836308C
:1041F00030006770696F4064383230300067706932
:104200006F40353034303000574553545F544F5071
:104210004449522F7A65706879722F6472697665A5
:1042200072732F73657269616C2F756172745F6E42
:104230007266785F75617274652E63000954582048
:104240006F6E6C7920554152544520696E737461CC
:104250006E63650A006E72665F75617274655F6594
:1042600076656E745F636865636B287561727465EB
:104270002C204E52465F55415254455F4556454E9F
:10428000545F454E44525829007561727440313074
:104290003430303000756172744063363030300035
:1042A000756172745F6E7266785F756172746500B5
:1042B000574553545F544F504449522F7A657068A4
:1042C00079722F696E636C7564652F7A6570687991
:1042D000722F647269766572732F6770696F2E68CA
:1042E00000706F727420213D202828766F69642049
:1042F0002A29302900287B2065787465726E207326
:104300007472756374206770696F5F647269766533
:10431000725F617069205F6770696F5F6472697650
:1043200065725F6170695F6C6973745F73746172E9
:10433000745B5D3B2065787465726E20636F6E738D
:10434000742075696E74385F74205F6770696F5F81
:104350006472697665725F6170695F6578745F65C4
:104360006E645B5D3B202828636F6E7374207569F3
:104370006E74385F74202A292828636F6E73742046
:10438000737472756374206770696F5F64726976A5
:1043900065725F617069202A29706F72742D3E61A9
:1043A000706929203C205F6770696F5F647269766D
:1043B00065725F6170695F6578745F656E64202601
:1043C000262028636F6E73742075696E74385F746D
:1043D000202A292828636F6E7374207374727563A2
:1043E00074206770696F5F6472697665725F61706F
:1043F00069202A29706F72742D3E61706929203EF0
:104400003D2028636F6E73742075696E74385F7415
:10441000202A295F6770696F5F6472697665725FD1
:104420006170695F6C6973745F7374617274293B46
:10443000207D290028666C6167732026202828319A
:10444000554C203C3C202832312929207C20283121
:10445000554C203C3C202832322929207C20283110
:10446000554C203C3C202832332929207C202831FF
:10447000554C203C3C202832342929207C202831EE
:10448000554C203C3C202832352929207C202831DD
:10449000554C203C3C2028323629292929203D3DF5
:1044A00020300009496E7465727275707420666CF4
:1044B00061677320617265206E6F74207375707010
:1044C0006F727465640A0028666C61677320262029
:1044D000282831203C3C203429207C202831203CD5
:1044E0003C203529292920213D20282831203C3C09
:1044F000203429207C202831203C3C2035292900EB
:104500000950756C6C20557020616E642050756C7C
:104510006C20446F776E2073686F756C64206E6FCB
:104520007420626520656E61626C65642073696DDC
:10453000756C74616E656F75736C790A002128283B
:10454000666C6167732026202831554C203C3C2046
:10455000283136292929202626202128666C6167E2
:10456000732026202831554C203C3C202831372907
:1045700029292026262028666C616773202620289A
:1045800031203C3C20312929290009496E7075747D
:104590002063616E6E6F7420626520656E61626C6F
:1045A000656420666F7220274F70656E20447261CB
:1045B000696E272C20274F70656E20536F757263CC
:1045C0006527206D6F64657320776974686F7574F3
:1045D000204F75747075740A0028666C61677320CB
:1045E00026202831203C3C2031292920213D203023
:1045F000207C7C2028666C6167732026202831206F
:104600003C3C20322929203D3D20300028666C6149
:104610006773202620282831554C203C3C20283127
:10462000382929207C202831554C203C3C20283139
:104630003929292929203D3D2030207C7C202866ED
:104640006C6167732026202831554C203C3C202883
:10465000313729292920213D203000094F757470F8
:104660007574206E6565647320746F2062652065C3
:104670006E61626C656420746F20626520696E698A
:104680007469616C697A6564206C6F77206F722041
:10469000686967680A0028666C61677320262028AD
:1046A0002831554C203C3C202831382929207C20B9
:1046B0002831554C203C3C202831392929292920F2
:1046C000213D20282831554C203C3C2028313829D8
:1046D00029207C202831554C203C3C202831392988
:1046E000292900094F75747075742063616E6E6FAF
:1046F0007420626520696E697469616C697A6564A9
:10470000206C6F7720616E6420686967680A0028F2
:104710006366672D3E706F72745F70696E5F6D6166
:10472000736B202620286770696F5F706F72745FEB
:1047300070696E735F74292831554C203C3C2028E9
:1047400070696E29292920213D2030550009556EB8
:10475000737570706F727465642070696E0A004CB6
:10476000454420696E646578206F7574206F6620FB
:104770007468652072616E67650043616E6E6F7468
:10478000207772697465204C4544206770696F001A
:1047900043616E6E6F7420636F6E666967757265D4
:1047A000204C4544206770696F00646B5F627574CC
:1047B000746F6E735F616E645F6C65647300574500
:1047C00053545F544F504449522F6E72662F737585
:1047D000627379732F626C7565746F6F74682F6381
:1047E0006F6E74726F6C6C65722F6863695F647250
:1047F000697665722E630009536F66744465766945
:10480000636520436F6E74726F6C6C6572204153E8
:10481000534552543A2025732C2030782530347873
:104820000A0A00574553545F544F504449522F7A57
:1048300065706879722F696E636C7564652F7A652F
:10484000706879722F647269766572732F656E7401
:10485000726F70792E6800287B2065787465726E9F
:104860002073747275637420656E74726F70795FF3
:104870006472697665725F617069205F656E7472DB
:104880006F70795F6472697665725F6170695F6C81
:104890006973745F73746172745B5D3B20657874D7
:1048A00065726E20636F6E73742075696E74385F05
:1048B00074205F656E74726F70795F64726976657B
:1048C000725F6170695F6578745F656E645B5D3BA4
:1048D000202828636F6E73742075696E74385F7456
:1048E000202A292828636F6E73742073747275638D
:1048F0007420656E74726F70795F64726976657228
:104900005F617069202A296465762D3E617069298E
:10491000203C205F656E74726F70795F6472697697
:1049200065725F6170695F6578745F656E6420268B
:10493000262028636F6E73742075696E74385F74F7
:10494000202A292828636F6E73742073747275632C
:104950007420656E74726F70795F647269766572C7
:104960005F617069202A296465762D3E617069292E
:10497000203E3D2028636F6E73742075696E743815
:104980005F74202A295F656E74726F70795F64723C
:10499000697665725F6170695F6C6973745F737467
:1049A000617274293B207D2900656E74726F707985
:1049B000006170692D3E6765745F656E74726F701B
:1049C0007920213D202828766F6964202A29302902
:1049D000000943616C6C6261636B20706F696E7477
:1049E00065722073686F756C64206E6F74206265E9
:1049F000204E554C4C0A000954686520656E74724F
:104A00006F707920736F757263652072657475724B
:104A10006E656420616E206572726F7220696E200F
:104A20006120626C6F636B696E672063616C6C0AF6
:104A300000574553545F544F504449522F6E72668D
:104A40002F696E636C7564652F6D70736C2F6D705C
:104A5000736C5F776F726B2E6800096B5F776F7294
:104A60006B5F7375626D69745F746F5F7175657587
:104A7000652829206661696C65642E0A00536F669B
:104A80007444657669636520436F6E74726F6C6CF5
:104A90006572206275696C64207265766973696FEE
:104AA0006E3A2000456E74726F707920736F757264
:104AB000636520646576696365206E6F7420726536
:104AC000616479004661696C656420746F20726569
:104AD0006769737465722072616E6420736F75729A
:104AE000636520282564290068616E646C65722006
:104AF0003C3D205F6863695F696E7465726E616CCE
:104B00005F757365725F657874656E73696F6E5FEC
:104B100068616E646C65725F6C6973745F656E6406
:104B200000416C6C6F6361746564206D656D6F72BC
:104B30007920746F6F206C6F773A20257A75203C4E
:104B4000202575004576656E74206275666665720F
:104B500020746F6F20736D616C6C2E20257A752028
:104B60003E20257500556E65787065637465642018
:104B70006D73675F747970653A2025752E205468CF
:104B800069732069662D656C7365206E6565647355
:104B90002061206E6577206272616E636800556ED9
:104BA0006B6E6F776E206572726F72207768656EBC
:104BB0002070726F63657373696E67206863692024
:104BC0006D6573736167652025640062745F686357
:104BD000695F7364630062745F7364635F686369D1
:104BE0005F64726976657200574553545F544F5045
:104BF0004449522F6E72662F7375627379732F62F8
:104C00006C7565746F6F74682F636F6E74726F6C00
:104C10006C65722F6863695F696E7465726E616C32
:104C20002E630062745F7364635F63727970746F84
:104C300000574553545F544F504449522F6E72668B
:104C40002F7375627379732F6D70736C2F696E6932
:104C5000742F6D70736C5F696E69742E6300094DFB
:104C600050534C204153534552543A2025732C2025
:104C70003078253034780A0A00657272636F646593
:104C8000203D3D2030004D50534C20576F726B003B
:104C90006D70736C5F696E697400436C6F636B2039
:104CA0006374726C2072656C656173650048465868
:104CB0004F206661696C75726500436C6F636B2091
:104CC0006374726C207265717565737400556E73D0
:104CD0007570706F72746564204846434C4B206554
:104CE00076656E743A20256400574553545F544FDF
:104CF000504449522F6E72662F64726976657273E2
:104D00002F6D70736C2F636C6F636B5F636F6E746A
:104D1000726F6C2F6E7266785F636C6F636B5F6D22
:104D200070736C2E6300094661696C656420746F52
:104D30002072657175657374204D50534C5F434C00
:104D40004F434B5F48465F5352435F584F20736F4A
:104D5000757263653A2025640A00094661696C65CD
:104D60006420746F2072656C65617365204D5053CB
:104D70004C5F434C4F434B5F48465F5352435F5831
:104D80004F20736F757263653A2025640A000946E7
:104D900061696C656420746F2072657175657374E8
:104DA000204D50534C5F434C4F434B5F48465F533D
:104DB00052435F4846434C4B32344D20736F7572FB
:104DC00063653A2025640A00094661696C656420C0
:104DD000746F2072656C65617365204D50534C5F34
:104DE000434C4F434B5F48465F5352435F484643F3
:104DF0004C4B32344D20736F757263653A202564D5
:104E00000A006E7266785F636C6F636B5F6D7073C0
:104E10006C00574553545F544F504449522F6E72A3
:104E2000662F647269766572732F6D70736C2F666E
:104E30006C6173685F73796E632F666C6173685F12
:104E400073796E635F6D70736C2E6300736573733B
:104E5000696F6E5F6964203D3D205F636F6E7465AE
:104E600078742E73657373696F6E5F696400726521
:104E700074203D3D203000096D70736C5F74696D66
:104E800065736C6F745F72657175657374206661AC
:104E9000696C65643A2025640A0009756E6578704E
:104EA0006563746564207369676E616C3A2025756B
:104EB0000A006D70736C5F74696D65736C6F745FFD
:104EC00073657373696F6E5F6F70656E206661697D
:104ED0006C65643A202564006B5F73656D5F636F7A
:104EE000756E745F67657428265F636F6E7465788E
:104EF000742E74696D656F75745F73656D29203DDF
:104F00003D20300074696D656F757400666C617367
:104F1000685F73796E635F6D70736C0057455354AF
:104F20005F544F504449522F6D6F64756C65732FF9
:104F300068616C2F6E6F726469632F6E7266782F72
:104F4000647269766572732F7372632F6E726678FE
:104F50005F63726163656E2E63006D5F63622E69CD
:104F60006E697469616C697A656420213D204E52D6
:104F700046585F4452565F53544154455F554E491D
:104F80004E495449414C495A454400574553545F92
:104F9000544F504449522F6D6F64756C65732F6880
:104FA000616C2F6E6F726469632F6E7266782F6406
:104FB0007269766572732F7372632F6E7266785F93
:104FC0006770696F74652E6300574553545F544F83
:104FD000504449522F6D6F64756C65732F68616C16
:104FE0002F6E6F726469632F6E7266782F68616CC2
:104FF0002F6E72665F6770696F74652E6800696EE8
:10500000646578203C203800705F696E7374616E4F
:10501000636500705F6368616E6E656C0070696ED9
:105020005F6861735F7472696767657228705F6932
:105030006E7374616E63652C2070696E2900696EF1
:10504000745F656E61626C6500574553545F544FE1
:10505000504449522F6D6F64756C65732F68616C95
:105060002F6E6F726469632F6E7266782F68616C41
:105070002F6E72665F677274632E68006576656E68
:105080007420213D204E52465F475254435F45569F
:10509000454E545F535953434F554E544552564114
:1050A0004C49440076616C7565203C3D20282830D1
:1050B0007846464646554C203C3C202830554C29E5
:1050C00029203E3E202830554C29290076616C75F8
:1050D00065203C3D20282830784646554C203C3CF5
:1050E000202830554C2929203E3E202830554C2977
:1050F000290063635F6368616E6E656C203C2028E5
:105100003132554C29002863635F6368616E6E65B8
:105110006C203C20283132554C2929202626202875
:1051200076616C7565203C3D2028307837464646D0
:1051300046464646554C203C3C202830554C2929B3
:10514000290063635F68203C3D202830784646464E
:105150004646554C203C3C202830554C29290057C8
:105160004553545F544F504449522F6D6F64756CD2
:1051700065732F68616C2F6E6F726469632F6E7236
:1051800066782F647269766572732F7372632F6EFF
:105190007266785F677274632E63006D5F63622E60
:1051A0007374617465203D3D204E5246585F4452F1
:1051B000565F53544154455F494E495449414C4907
:1051C0005A454400737973636F756E7465725F63DB
:1051D0006865636B286368616E6E656C29203D3D70
:1051E0002030006D5F63622E6368616E6E656C5F78
:1051F000646174615B695D2E6368616E6E656C20CD
:105200003D3D20696478005465726D696E616C0083
:10521000574553545F544F504449522F73646B2D7C
:10522000737461726C696768742F737562737973D4
:105230002F6863695F6472697665725F657874650B
:105240006E73696F6E2F7372632F7364635F647222
:10525000697665725F6578745F656B732E6300575E
:105260004553545F544F504449522F7A65706879C2
:10527000722F6B65726E656C2F6465766963652E3F
:1052800063007263203E3D202D2830786666292019
:105290002626207263203C2030000964657669630D
:1052A0006520257320696E69743A20696E76616C99
:1052B0006964206572726F7220282564290A00488B
:1052C000616C74696E672073797374656D0A00553B
:1052D0006E6B6E6F776E206572726F72003E3E3E2F
:1052E000205A455048595220464154414C2045527D
:1052F000524F522025643A202573206F6E20435070
:1053000055202564004661756C7420647572696E61
:105310006720696E746572727570742068616E645E
:105320006C696E670A0043757272656E74207468EA
:10533000726561643A20257020282573290057453D
:1053400053545F544F504449522F7A6570687972B4
:105350002F6B65726E656C2F666174616C2E6300D5
:10536000726561736F6E20213D204B5F4552525F25
:105370004B45524E454C5F50414E494300094174E4
:1053800074656D7074656420746F207265636F76E8
:1053900065722066726F6D2061206B65726E656C40
:1053A0002070616E696320636F6E646974696F6EEB
:1053B0000A0043505520657863657074696F6E000C
:1053C000556E68616E646C656420696E7465727296
:1053D00075707400537461636B206F766572666CD0
:1053E0006F77004B65726E656C206F6F7073004B4A
:1053F00065726E656C2070616E6963005745535429
:105400005F544F504449522F7A65706879722F6B00
:1054100065726E656C2F696E69742E6300656E74BB
:105420007279203C3D205F6B5F6B65726E656C5FCF
:10543000696E69745F706F73745F656E7472795FA3
:105440006C6973745F656E64007468726561645F33
:1054500064617461203C3D205F5F737461746963B3
:105460005F7468726561645F646174615F6C6973C5
:10547000745F656E6400646576203C3D205F646502
:10548000766963655F6C6973745F656E6400656EF1
:10549000747279203C3D205F6B5F6B65726E656C4A
:1054A0005F696E69745F7072655F656E7472795F53
:1054B0006C6973745F656E64006D61696E006F7313
:1054C00000574553545F544F504449522F7A6570EA
:1054D0006879722F6B65726E656C2F6B6865617091
:1054E0002E630021617263685F69735F696E5F6933
:1054F00073722829207C7C20282874696D656F755B
:1055000074292E7469636B73203D3D202828286B15
:105510005F74696D656F75745F74297B307D2929AF
:105520002E7469636B732900090A00686561702035
:105530003C3D205F6B5F686561705F6C6973745F91
:10554000656E6400574553545F544F504449522F81
:105550007A65706879722F6B65726E656C2F6D65F8
:105560006D5F736C61622E6300736C6162203C3D01
:10557000205F6B5F6D656D5F736C61625F6C6973FB
:10558000745F656E640028736C61622D3E6672659F
:10559000655F6C697374203D3D202828766F6964CF
:1055A000202A29302920262620736C61622D3E692D
:1055B0006E666F2E6E756D5F75736564203D3D2060
:1055C000736C61622D3E696E666F2E6E756D5F62E3
:1055D0006C6F636B7329207C7C20736C61625F70DD
:1055E00074725F69735F676F6F6428736C61622C9C
:1055F00020736C61622D3E667265655F6C697374C1
:10560000290009736C616220636F7272757074692E
:105610006F6E2064657465637465640A0009496E81
:1056200076616C6964206D656D6F727920706F6949
:105630006E7465722070726F76696465640A0057D3
:105640004553545F544F504449522F7A65706879DE
:10565000722F6B65726E656C2F696E636C75646515
:105660002F6B73636865642E68007468726561648B
:105670002D3E626173652E70656E6465645F6F6E4A
:1056800000574553545F544F504449522F7A657028
:105690006879722F6B65726E656C2F69646C652E0C
:1056A00063005F6B65726E656C2E637075735B3043
:1056B0005D2E63757272656E742D3E626173652E28
:1056C0007072696F203E3D203000574553545F543F
:1056D0004F504449522F7A65706879722F6B65720A
:1056E0006E656C2F6D757465782E63002161726331
:1056F000685F69735F696E5F697372282900096D5D
:105700007574657865732063616E6E6F7420626571
:10571000207573656420696E73696465204953520E
:10572000730A006D757465782D3E6C6F636B5F63F3
:105730006F756E74203E20305500574553545F54AA
:105740004F504449522F7A65706879722F6B657299
:105750006E656C2F73656D2E630028286172636817
:105760005F69735F696E5F6973722829203D3D2010
:105770003029207C7C20282874696D656F75742918
:105780002E7469636B73203D3D202828286B5F745D
:10579000696D656F75745F74297B307D29292E745E
:1057A00069636B73292900737973776F726B71006A
:1057B000574553545F544F504449522F7A6570688F
:1057C00079722F6B65726E656C2F776F726B2E63BB
:1057D00000776F726B2D3E717565756520213D20D8
:1057E0002828766F6964202A29302900776F726B28
:1057F0002D3E68616E646C657220213D20282876FC
:105800006F6964202A2930290021666C61675F7402
:105810006573742826776F726B2D3E666C616773B3
:105820002C204B5F574F524B5F44454C41594142EE
:105830004C455F424954290073796E6320213D2015
:105840002828766F6964202A2930290021666C6136
:10585000675F74657374282671756575652D3E667E
:105860006C6167732C204B5F574F524B5F5155450E
:1058700055455F535441525445445F4249542900B1
:10588000717565756500737461636B0064776F7221
:105890006B20213D202828766F6964202A29302931
:1058A00000574553545F544F504449522F7A657006
:1058B0006879722F6B65726E656C2F7468726561A2
:1058C000642E6300282828287072696F2929203DDA
:1058D0003D203135202626207A5F69735F69646C2C
:1058E000655F7468726561645F656E74727928289B
:1058F000656E747279292929207C7C20282828311A
:1059000035202D203129203E3D2028282D313629D3
:1059100029292026262028287072696F2929203EEF
:105920003D2028282D313629292026262028287098
:1059300072696F2929203C3D20283135202D2031E6
:105940002929290009696E76616C69642070726981
:105950006F7269747920282564293B20616C6C6F13
:105960007765642072616E67653A20256420746FE4
:105970002025640A000954687265616473206D61B2
:1059800079206E6F7420626520637265617465644E
:1059900020696E20495352730A0021657373656E46
:1059A0007469616C000961626F727465642065736B
:1059B00073656E7469616C2074687265616420251A
:1059C000700A00574553545F544F504449522F7A40
:1059D00065706879722F6B65726E656C2F696E6386
:1059E0006C7564652F72756E5F712E6800217A5F29
:1059F00069735F69646C655F7468726561645F6F29
:105A0000626A65637428746872656164290021693B
:105A1000735F7468726561645F64756D6D79287415
:105A200068726561642900574553545F544F504470
:105A300049522F7A65706879722F6B65726E656C4A
:105A40002F696E636C7564652F6B74687265616431
:105A50002E68005F6B65726E656C2E637075735B8C
:105A6000305D2E63757272656E7420213D2028288A
:105A7000766F6964202A29302900574553545F54B2
:105A80004F504449522F7A65706879722F6B657256
:105A90006E656C2F73636865642E63002174657294
:105AA0006D696E617465000961626F72746564206E
:105AB0005F63757272656E74206261636B206672DB
:105AC0006F6D20646561640A0073697A656F66288A
:105AD0005F73636865645F7370696E6C6F636B2975
:105AE000203D3D2030207C7C206C6F636B20213D6D
:105AF00020265F73636865645F7370696E6C6F63A3
:105B00006B00574553545F544F504449522F7A65A8
:105B1000706879722F6B65726E656C2F736C65653A
:105B2000702E6300574553545F544F504449522FD1
:105B30007A65706879722F6B65726E656C2F73630E
:105B4000686564756C65722E63005F6B65726E6567
:105B50006C2E637075735B305D2E63757272656E4B
:105B6000742D3E626173652E73636865645F6C6F4C
:105B7000636B656420213D203155005F6B65726E5B
:105B8000656C2E637075735B305D2E637572726524
:105B90006E742D3E626173652E73636865645F6C1D
:105BA0006F636B656420213D203055005745535489
:105BB0005F544F504449522F7A65706879722F6B49
:105BC00065726E656C2F74696D65736C6963696E5F
:105BD000672E6300282874696D656F757429202607
:105BE0002620282875696E747074725F7429287372
:105BF0006C6963655F74696D656F757473292920BD
:105C00003C3D20282875696E747074725F74292871
:105C100074696D656F7574292920262620282875DA
:105C2000696E747074725F74292874696D656F751C
:105C3000742929203C20282875696E747074725F5D
:105C40007429282628736C6963655F74696D656FB4
:105C5000757473295B282873697A655F742928280D
:105C600028696E742973697A656F66286368617242
:105C70005B31202D202832202A202128215F5F62DD
:105C800075696C74696E5F74797065735F636F6D4D
:105C900070617469626C655F70285F5F74797065AC
:105CA0006F665F5F28736C6963655F74696D656FAC
:105CB000757473292C205F5F747970656F665F5F00
:105CC000282628736C6963655F74696D656F7574E8
:105CD00073295B305D292929295D29202D2031294F
:105CE000202B202873697A656F6628736C69636559
:105CF0005F74696D656F75747329202F2073697ADD
:105D0000656F662828736C6963655F74696D656F7C
:105D1000757473295B305D292929295D292920267D
:105D2000262028282875696E747074725F7429287B
:105D300074696D656F75742929202D20282875696F
:105D40006E747074725F742928736C6963655F7414
:105D5000696D656F75747329292920252073697A07
:105D6000656F662828736C6963655F74696D656F1C
:105D7000757473295B305D29203D3D203029005723
:105D80004553545F544F504449522F7A6570687997
:105D9000722F6B65726E656C2F7370696E6C6F63BA
:105DA0006B5F76616C69646174652E63007A5F680D
:105DB000656C645F7370696E6C6F636B5F636F7546
:105DC0006E745B6370755F69645D203E3D203000DA
:105DD000097370696E6C6F636B20756E6C6F636BAB
:105DE0002077697468206E6F206D61746368696ED6
:105DF00067206C6F636B0A006578747261203E3DAA
:105E000020300009737761705F6C6F636B202570C1
:105E1000206973206E6F7420747261636B656420F7
:105E2000696E20746865207370696E6C6F636B2097
:105E3000686F6C6420636F756E74210A0068656C0E
:105E400064203D3D202828766F6964202A29302966
:105E5000207C7C2068656C64203D3D2073776170F8
:105E60005F6C6F636B0009436F6E746578742073A9
:105E70007769746368696E67207768696C65206804
:105E80006F6C64696E67207370696E6C6F636B20F2
:105E90002570210A006578747261203D3D20300034
:105EA00009436F6E746578742073776974636869E9
:105EB0006E67207768696C6520686F6C64696E67CF
:105EC000202564206578747261207370696E6C6F30
:105ED000636B287329210A00617263685F697271BC
:105EE0005F756E6C6F636B6564286B657929207CC8
:105EF0007C205F6B65726E656C2E637075735B30B2
:105F00005D2E63757272656E742D3E626173652ECF
:105F10007468726561645F737461746520262028FB
:105F2000282831554C203C3C202830292929207C28
:105F300020282831554C203C3C2028332929292968
:105F40000009436F6E7465787420737769746368B1
:105F5000696E672077697468206972715F6C6F631E
:105F60006B2068656C64210A00574553545F544F99
:105F7000504449522F7A65706879722F6B65726E42
:105F8000656C2F74696D656F75742E63007A5F6937
:105F9000735F696E6163746976655F74696D656F5F
:105FA000757428746F2900574553545F544F5044FB
:105FB00049522F7A65706879722F6B65726E656CC5
:105FC0002F6D656D706F6F6C2E6300616C69676E0D
:105FD000203D3D2030207C7C20282875696E74701F
:105FE00074725F74296D656D20262028616C696765
:105FF0006E202D20312929203D3D203000096D697A
:1060000073616C69676E6564206D656D6F72792070
:1060100061742025702028616C69676E203D202501
:106020007A75290A007A5F77616974715F686561C2
:10603000642826686561702D3E776169745F7129F7
:10604000203D3D202828766F6964202A29302900C8
:1060500009756E6578706563746564206865617044
:1060600020776169746572730A0063726163656E9B
:1060700000574553545F544F504449522F6E726637
:106080002F7375627379732F6E72665F73656375B4
:10609000726974792F7372632F6472697665727393
:1060A0002F63726163656E2F63726163656E7073D7
:1060B000612F7372632F63726163656E5F707361CA
:1060C0005F6D61632E6300282828616C6729202694
:1060D0002028287073615F616C676F726974686DE6
:1060E0005F742920307837663030303030302929DD
:1060F000203D3D2028287073615F616C676F726975
:1061000074686D5F7429203078303330303030302F
:1061100030292900574553545F544F504449522F5A
:106120006E72662F7375627379732F6E72665F730A
:10613000656375726974792F7372632F64726976FF
:106140006572732F63726163656E2F63726163653D
:106150006E7073612F7372632F63726163656E5F1C
:106160007073615F6B65795F6D616E6167656D65A9
:106170006E742E6300646174615F6C656E67746831
:10618000006B65795F627566666572006B65795F45
:106190006275666665725F6C656E677468006B65D4
:1061A000795F6269747300574553545F544F50448C
:1061B00049522F6E72662F7375627379732F6E72E8
:1061C000665F73656375726974792F7372632F6488
:1061D0007269766572732F63726163656E2F73786F
:1061E00073796D63727970742F7372632F706C6141
:1061F00074666F726D2F626172656D6574616C2F6C
:10620000696E74657272757074732E630009556ED1
:1062100068616E646C656420696E74657272757015
:10622000742E200A00574553545F544F504449522E
:106230002F6E72662F7375627379732F6E72665F3D
:1062400073656375726974792F7372632F757469DE
:106250006C732F6E72665F73656375726974795FB4
:106260006D7574657865732E6300574553545F549C
:106270004F504449522F7A65706879722F6B65725E
:106280006E656C2F6576656E74732E6300FFFFFF7D
:10629000FF1F00747261666669632041434C00060B
:1062A0000708090A0B0C0C0D0E0E0F10111112131A
:1062B00014141515161617181818191A1A1B1B1C62
:1062C00000FFC1FBE84C90728BE7B3518963AB23AD
:1062D0002300418866AA1AFFFF443300266FC5ECED
:1062E00096F45ABD485F4451293B2ACAC6036F50F1
:1062F000002A666C6F61742A0024240A00206D65F0
:106300007373616765732064726F70706564202DAC
:106310002D2D0D0A1B5B306D001B5B313B33316D46
:106320002D2D2D20000000000001040811029ECA3E
:10633000DC240EE5A9E093F3A3B50200406E029EB3
:10634000CADC240EE5A9E093F3A3B50200406E0277
:106350009ECADC240EE5A9E093F3A3B50300406ECA
:10636000029ECADC240EE5A9E093F3A3B503004026
:106370006E029ECADC240EE5A9E093F3A3B50100EA
:10638000406E00FFFFFFFFFFFF0000000000000065
:10639000FFFFFFFFFFFF000000000000303132333D
:1063A0003435363738396162636465660000000051
:1063B0000000001000800000805F9B34FB0305029A
:1063C000000A6174745F74785F64657374726F79C6
:1063D0005F776F726B5F68616E646C65720091FBD2
:1063E000FBF3F4FBFBFBFBEA0102040020000001CD
:1063F00001010101020300070E091C1B1215383FA1
:10640000363124232A2D00010405020608090F0055
:106410000A2A3542424242424242424242424200FB
:10642000010203000000000000545452205245476E
:10643000474553000420B003D2F297BE2C5E2C8354
:10644000A7E9F9A5B9EFF49111ACF4FDDBCC030198
:10645000480E359DE6DC809C49652AEB6D63329AD7
:10646000BF5A52155C766345C28FED3024741C8E82
:10647000D01589D28B0010141400001C2030401C51
:106480002000001C203040004010141400001C208C
:1064900030401C2000001C2030400040FFFFFFFF68
:1064A00000000001000000000000000000000000EB
:1064B000FFFFFFFFFFFFFFFFFFFFFFFFFFFFFFFFEC
:1064C00000000000FFFFFFFFFFFFFFFFBCE6FAAD8B
:1064D000A7179E84F3B9CAC2FC6325516B17D1F28A
:1064E000E12C4247F8BCE6E563A440F277037D81E6
:1064F0002DEB33A0F4A13945D898C2964FE342E280
:10650000FE1A7F9B8EE7EB4A7C0F9E162BCE3357ED
:106510006B315ECECBB6406837BF51F5FFFFFFFF52
:10652000000000010000000000000000000000006A
:10653000FFFFFFFFFFFFFFFFFFFFFFFC5AC635D83D
:10654000AA3A93E7B3EBBD55769886BC651D06B0B5
:0C655000CC53B0F63BCE3C3E27D2604B53
:10656400FFFFFFFFFF1F00001F00000000000000EE
:106574001D400000000000000000000000000000BA
:106584000000000000000000000000000000000007
:1065940000000000000000000000000000000000F7
:1065A40000000000000000000000000000000000E7
:1065B40000000000000000000000000000000000D7
:1065C40000000000000000000000000000000000C7
:1065D40000000000000000000000000000000000B7
:1065E40000000000000000000000000000000000A7
:1065F4000000000000000000000000000000000097
:106604000000000000000000000000000000000086
:106614000000000000000000000000000000000076
:106624000000000000000000000000000000000066
:106634000000000000000000000000000000000056
:106644000000000000000000000000000000000046
:106654000000000000000000000000000000000036
:106664000000000000000000FFFFFFFF1FFF1B00F1
:10667400BAABBABA10101010A0354D007FFE00005E
:10668400E4070000FF000000C4090000000000004F
:106694000050085000000000000000000C00000042
:1066A400080000000A000000C80000002C010000DF
:1066B4009001000006000000010000FF7F000000C0
:1066C40000000000AAAAAAAA55555555010062095E
:1066D400710200006B3F010000000000093F01004F
:1066E40000000000673F0100000000009B3F010024
:1066F40000000000FB3E0100000000004D3F0100CF
:1067040000000000FD3E000000000000513F0100B9
:106714000000000050FE00000101010300001E0003
:106724001E02000000000000010012007C007E0038
:10673400E00103007E000A1E001EFF0100000000AD
:106744000000000000000000000000000000000045
:106754000000000000000000000000000000000035
:106764000000000000000000000000000000000025
:106774000000000000000000000000000000000015
:106784000000000000000000000000000000000005
:1067940000000000000000000000000000000000F5
:1067A40000000000000000000000000000000000E5
:1067B40000000000000000000000000000000000D5
:1067C40000000000000000000000000000000000C5
:1067D40000000000000000000000000000000000B5
:1067E40000000000000000000000000000000000A5
:1067F4000000000000000000000000000000000095
:106804000000000000000000599702000000000092
:106814000000000000000000000000000000000074
:106824000000000000000000000000000000000064
:106834000000000000000000000000000000000054
:106844000000000000000000000000000000000044
:106854000000000000000000000000000000000034
:106864000000000000000000000000000000000024
:106874000000000000000000000000000000000014
:106884000000000000000000000000000000000004
:10689400C8C90300000000000000000067000000F9
:1068A40000000000000000000000000000000000E4
:1068B40000000000000000000000000000000000D4
:1068C40000000000000000000000000000000000C4
:1068D40000000000000000000000000000000000B4
:1068E40000000000000000000000000000000000A4
:1068F4000000000000000000000000000000000094
:106904000000000000000000000000000000000083
:106914000000000000000000000000000000000073
:106924000000000000000000000000000000000063
:1069340034DF030000000000EDAD010000000000A2
:10694400000000007DA501000000000005AE01006C
:10695400E99D0100D59D010000000000C5B10100C2
:10696400000000000000000000000000B1BB0100B6
:1069740000000000000000001400000006000000F9
:10698400916C03008F780300D8DF03007CE90300D7
:106994000000020088E903000000020094E90300FB
:1069A4000000020005FE01000000000000000000DD
:1069B4003E63040000000C00000000000000000022
:1069C40000000000000000000000000000000000C3
:1069D40021000200000000000000000060630400C9
:1069E400000010000090D003000000000F8203009C
:1069F400000000000000000000C010500000000073
:106A04000000000000000000000000000000000082
:106A14000000000000000000000000000000000072
:106A24000000000000000000000000000000000062
:106A34000000000000000000000000000000000052
:106A44000000000000000000000000000000000042
:106A54000000000000000000000000000000000032
:106A64000000000000000000000000000000000022
:106A74000000000000000000000000000000000012
:106A84000000000000000000000000000000000002
:106A940000000000000000000000000000000000F2
:106AA40000000000000000000001000000A00D50E4
:106AB40000000000000000000000000000000000D2
:106AC40000000000000000000000000000000000C2
:106AD40000000000000000000000000000000000B2
:106AE40000000000000000000000000000000000A2
:106AF4000000000000000000000000000000000092
:106B04000000000000000000000000000000000081
:106B14000000000000000000000000000000000071
:106B24000000000000000000000000000000000061
:106B34000000000000000000000000000000000051
:106B44000000000000000000000000000000000041
:106B54000000000000000000000000000000000031
:106B6400000000007D1E0200000000000000000084
:106B740004BF01200000000204BF0120313D0200D7
:106B8400894F020000000000000000000000000027
:106B9400A53F02000B8D0300CD8D0300753B020061
:106BA4000000000000000000154C0200000000007E
:106BB40000000000B8E9030000000200C4E903007B
:106BC40000000A00D4E903000000200000000000D7
:106BD40000000000000000000000000000000000B1
:106BE40000000000000000006795030000000000A2
:106BF40000000000299A02000000000000000000CC
:106C040000000000F9830200000000000000000002
:106C14000000000061A3020000000000000000006A
:106C240000000000A99C0200000000000000000019
:106C3400289000200000000000000000E8900020E0
:106C4400000000000000000069C70200000000000E
:106C5400FF000000FF0000000F00000011F502001B
:106C6400B1F5020031F4020049F30200C5F3020059
:106C74007DF40200E5F4020071020000DC0B002048
:106C8400DC0B0020FFFFFFFFE80B0020E80B0020D7
:106C940000000000000000000E00000000000000E2
:106CA400000C0020000C0020000000000000000088
:106CB4000E00000000000000180C0020180C00203A
:106CC40000000000000000000E00000000000000B2
:106CD400300C0020300C00200000000000000000F8
:106CE4000E0000000000000015B0030011B0030006
:106CF40067742000D80D0020280E0020000E00200C
:106D0400E80E0020D80E0020EC0D0020140E002008
:106D140028001B001B0090012800FA019ECADC24F5
:106D24000EE5A9E093F3A3B50100406E060101014D
:086D3400010100000506060143
:106D3C000000000000000000000000000000000047
:086D4C0000000000000000003F
:106D5400000000000000000000000000000000002F
:106D6400000000000000000000000000000000001F
:106D7400000000000000000000000000000000000F
:0C6D840000000000000000000000000003
:046D900000000000FF
:106D940000000000000000000000000000000000EF
:106DA400E933030000000000080D0020080D002056
:106DB400159F01000000000000000000000000001A
:106DC40000000000000000000000000000000000BF
:106DD4000000000000000000E93303000000000090
:106DE400400D0020400D0020099F0100000000001C
:106DF400000000000000000000000000000000008F
:106E0400600D0020600D002000000000BCA20120E5
:106E1400000000000200000030000000000000003C
:106E2400800D0020800D002000000000E8330120C8
:106E34000000000002000000A800000000000000A4
:106E4400A00D0020A00D0020000000001CA30120C4
:106E5400000000000A000000100000000000000014
:106E6400000000001065012044080000000000003C
:086E7400000000000000000016
:106E7C00D80D0020D80D00200000000000000000FC
:106E8C000E000000EC0D0020EC0D002000000000B6
:106E9C00000000000E000000000E0020000E00207C
:106EAC0000000000000000000E000000140E002086
:106EBC00140E002000000000000000000E00000076
:106ECC00280E0020280E002000000000000000000A
:106EDC000E0000003C0E00203C0E002000000000C4
:106EEC00000000000E000000500E0020500E00208C
:106EFC0000000000000000000E000000640E0020E6
:106F0C00640E002000000000000000000E000000D5
:106F1C00780E0020780E0020000000000100000018
:106F2C00880E0020880E00200000000001000000E8
:106F3C00980E0020980E00200000000001000000B8
:106F4C00A80E0020A80E0020000000000100000088
:106F5C00B80E0020B80E002000000000FFFFFFFF5D
:106F6C00C80E0020C80E0020010000000100000027
:106F7C00D80E0020D80E00200000000000000000F9
:106F8C00E80E0020E80E00200000000000000000C9
:106F9C00000000000000000000000000040F0020B2
:106FAC00040F0020000000000000000000000000A2
:106FBC00180F0020180F0020000000000000000037
:0C6FCC00000000002C0F00202C0F002003
:106FD800000000000000000000000000400F00203A
:106FE800400F0020000000000A000A001000000006
:106FF8000000000038E5030074BD01200000000017
:1070080000000000000000006C0F00206C0F002042
:10701800000000000A000A0010000000A53A020063
:10702800D0E203002CA101200000000000000000B5
:1070380000000000980F0020980F002000000000BA
:1070480003000300000000000000000090E10300BE
:10705800948B0120000000000000000000000000E8
:10706800C40F0020C40F002000000000020002002E
:10707800100000001D9B020024E5030004A9012064
:10708800000000000000000000000000F00F0020D9
:10709800F00F0020000000000100010000000000C7
:1070A80000000000ECE40300ECA801200000000050
:1070B80000000000000000001C1000201C10002030
:1070C800000000000E000E0004000000F520020081
:1070D8007CE103008089012000000000000000001E
:1070E80000000000481000204810002000000000A8
:1070F800020002000400000000000000E4E20300B7
:10710800B0A70120000000000000000000000000FF
:10711800741000207410002000000000010001001D
:107128000000000000000000A4E10300E08C012042
:107138009DAC030021F4020013AC030009AC03006A
:107148002FA9030033A9030031A9030029A90300CB
:0471580015E015E049
:0400000320000A19B6
:00000001FF
