:1000000070DC00200DCD0100334B0300F9CC010062
:10001000F9CC0100F9CC0100F9CC0100F9CC0100C8
:10002000000000000000000000000000DDCD010025
:10003000F9CC010000000000C5CF0100F9CC01009F
:1000400045D0010045D0010045D0010045D0010058
:1000500045D0010045D0010045D0010045D0010048
:1000600045D0010045D0010045D0010045D0010038
:1000700045D0010045D0010045D0010045D0010028
:1000800045D0010045D0010045D0010045D0010018
:1000900045D0010045D0010045D0010045D0010008
:1000A00045D0010045D0010045D0010045D00100F8
:1000B00045D0010045D0010045D0010045D00100E8
:1000C00045D0010045D0010045D0010045D00100D8
:1000D00045D0010045D0010045D0010045D00100C8
:1000E00045D0010045D0010045D0010045D00100B8
:1000F00045D0010045D0010045D0010045D00100A8
:1001000045D0010045D0010045D0010045D0010097
:1001100045D0010045D0010045D0010045D0010087
:1001200045D0010045D0010045D0010045D0010077
:1001300045D0010045D0010045D0010045D0010067
:1001400045D0010045D0010045D0010045D0010057
:1001500045D0010045D0010045D0010045D0010047
:1001600045D0010045D0010045D0010045D0010037
:1001700045D0010045D0010045D0010045D0010027
:1001800045D0010045D0010045D0010045D0010017
:1001900045D0010045D0010045D0010045D0010007
:1001A00045D0010045D0010045D0010045D00100F7
:1001B00045D0010045D0010045D0010045D00100E7
:1001C00045D0010045D0010045D0010045D00100D7
:1001D00045D0010045D0010045D0010045D00100C7
:1001E00045D0010045D0010045D0010045D00100B7
:1001F00045D0010045D0010045D0010045D00100A7
:1002000045D0010045D0010045D0010045D0010096
:1002100045D0010045D0010045D0010045D0010086
:1002200045D0010045D0010045D0010045D0010076
:1002300045D0010045D0010045D0010045D0010066
:1002400045D0010045D0010045D0010045D0010056
:1002500045D00100C176030045D0010045D0010022
:1002600045D0010045D00100AB76030045D0010028
:1002700045D0010045D0010045D0010045D0010026
:1002800045D0010045D0010045D0010045D0010016
:1002900045D0010045D0010045D0010045D0010006
:1002A00045D0010045D0010045D0010045D00100F6
:1002B00045D0010045D0010045D0010045D00100E6
:1002C00045D0010045D0010045D0010045D00100D6
:1002D00045D0010045D0010045D0010045D00100C6
:1002E00045D0010045D0010045D0010045D00100B6
:1002F00045D0010045D0010045D0010045D00100A6
:1003000045D0010045D0010045D0010045D0010095
:1003100045D0010045D0010045D0010045D0010085
:1003200045D0010045D0010045D0010045D0010075
:1003300045D0010045D0010045D0010045D0010065
:1003400045D0010045D0010045D0010045D0010055
:1003500045D0010045D0010045D0010045D0010045
:1003600045D0010045D0010045D0010045D0010035
:1003700045D0010045D0010045D0010045D0010025
:1003800045D0010045D0010045D0010045D0010015
:1003900045D0010045D0010045D0010045D0010005
:1003A00045D0010045D0010045D0010045D00100F5
:1003B00045D0010045D0010045D0010045D00100E5
:1003C00045D0010045D0010045D0010045D00100D5
:1003D00045D00100D776030045D0010045D001008B
:1003E00045D0010045D0010045D0010045D00100B5
:1003F00045D0010045D0010045D0010045D00100A5
:1004000045D0010045D0010045D0010045D0010094
:1004100045D0010045D0010045D0010045D0010084
:1004200045D0010045D0010045D0010045D0010074
:1004300045D0010045D0010045D0010045D0010064
:1004400045D0010045D0010045D0010045D0010054
:1004500045D0010045D0010045D0010045D0010044
:1004600045D0010045D0010045D0010045D0010034
:0C04700045D0010045D0010045D001003E
:10048000054B00221B78826001330260034A426000
:10049000C371FF23037270473810002080010800E9
:1004A000064A074B02604FF42672DB7882800822EE
:1004B000C371002382710372704700BF4756010069
:1004C00038100020064A074B02604FF43E721B7939
:1004D00082800822C371002382710372704700BFBB
:1004E0009D52010038100020064A074B02604FF46D
:1004F000B0729B7B82800822C371FF2382710372DA
:10050000704700BF654C010038100020094991F880
:100510002B30CA7803EB43030979DB000A4400213E
:100520001033C27181608380042301608371FF23D3
:1005300003727047381000202DE9F341C41D0028D4
:10054000064624F007040CBF0020204600F070FC93
:10055000071E04DA6FF00B0002B0BDE8F081994D80
:100560002989E8880331EB7A0330AA7A89B280B20C
:1005700010F067FA0028EDDB3C44E9782B79002E77
:1005800004F10304194424F0030400FB01F10CBF3F
:100590000020204600F0F6FD20440EB90028D9DBEB
:1005A000AA7B0446B2B12B7C697C13441944FF2911
:1005B000D0D80330002EAA89C9B220F003040CBFA2
:1005C0000020204600F050FE0028C3DB04440EB992
:1005D000002CBFDB7C4FD7F80080B8F1000F17D09C
:1005E000E97BA9B195F82C30002B00F0FD80402369
:1005F0004FF481720734002E24F007040CBF002052
:100600002046C0470028A5DB04440EB9002CA1DB1E
:10061000A978A1B1AB7B1BB93B6883B1EB7B73B10C
:100620000734002E24F007040CBF0020204607F0FA
:1006300041F900288EDB04440EB9002C8ADB634BA1
:100640001B6893B1E97D81B10334002E2A7E24F02A
:1006500003040CBF0020204698470028FFF67AAF1D
:10066000044416B9002CFFF675AF594B1B688BB1CB
:10067000A97D79B10334002E24F003040CBF0020BF
:10068000204698470028FFF665AF044416B9002CB1
:10069000FFF660AF4F4B1F68B7B1697CA1B103345F
:1006A000002E2B7D24F0030408BF0020009318BF08
:1006B0002046EB7CAA7CB8470028FFF64BAF0444E9
:1006C00016B9002CFFF646AF434B1B6893B1E97D8A
:1006D00081B10334002E6A7E24F003040CBF002095
:1006E000204698470028FFF635AF044416B9002C81
:1006F000FFF630AFB6FA86F795F825007F09A0B16E
:100700000334AB7FE97E24F0070419443B4644F0F0
:100710000404C9B2224600F0A3FE0028FFF61AAF77
:10072000044416B9002CFFF615AF95F826100029E1
:100730005DD004F10708002E2A8D28F007080CBFB1
:100740000020404610F091F9041EFFF603AF444428
:10075000002E4FD1002CFFF6FDAE95F82010002999
:1007600056D095F82430002B52D06A8C0734002ED6
:1007700002F1240224F007080CBF0020404692B288
:1007800010F073F90028FFF6E5AE404416B90028D2
:10079000FFF6E0AE03306B7FE97E20F007001944DE
:1007A0003B4640F0040495F82400C9B2224600F00C
:1007B00049FE0028FFF6CEAE044406BB002CFFF62F
:1007C000C9AE0BE0381000209C1D0020A01D0020A9
:1007D000AC1D0020A41D0020A81D00202B6B13B30E
:1007E000E6B12C630020B7E62523282202E7002E7D
:1007F000B3D08846298D40460DF008FAADE76A8CE3
:10080000404695F82010083292B20DF005FAE5E75F
:10081000002EE3D0002211461046F6E728343FF5BB
:1008200099AE204698E6002EDCD1FAE7014608B5DD
:1008300072B6094B5B6B0BB108489847BFF34F8FFB
:100840000749084BCA6802F4E0621343CB60BFF368
:100850004F8F00BFFDE700BF381000207F0F04005E
:1008600000ED00E00400FA0513B5134C68466389F7
:10087000ADF800302389ADF80430E388ADF80230DC
:1008800004F0AEFF18B148F65300FFF7CFFF207D0C
:1008900004F0FCFF10B14CF2CD70F6E7E07C04F000
:1008A000EFFF10B144F29C50EFE794F82B000BF0EF
:1008B00045FD02B010BD00BF3810002070B50546E0
:1008C000002857D00FF090FA18B94FF0FF342046A7
:1008D00070BD0DF0BFFEB0F5FA7FF6D8274C0126AB
:1008E000274B65630025284684F83850257084F826
:1008F0002C501D6025630DF02BF9224B2622294632
:10090000601D1D6015F03EFD082303221F212846AF
:10091000A3701B23A272E38023810223E273492286
:10092000E3722376F723A18129466384FB23E274D3
:1009300023850A23E67084F82B302671A673A674EB
:10094000667603F0F7FB2A463146304603F0C4FBD7
:10095000044618B14AF6B030FFF768FF014603F0CD
:10096000D7FBEFF3108572B600F0A0FD002DAED1DD
:1009700062B6ACE76FF01504A9E700BF381000209D
:100980009C1D0020A81D002038B51446002840F00A
:10099000DA806E4D95F83830032B00F0D180B9B174
:1009A00012B96FF0150038BD0139172900F2CB805C
:1009B000DFE801F00C1D20376169813D6C6F7B43DE
:1009C00049575C878A989B9E90A1A5BE1378EB70CF
:1009D0000020FFF7B1FD0028B7BF012302236FF00D
:1009E0000B0085F83830A8BF85F83830DBE713787E
:1009F0002B71EDE71379002BD3D05379002BD0D096
:100A00001288FB2ACDD863881B3B9BB2E02BC8D849
:100A10001A2AC6D92368A288C5F806304C4B9A809A
:100A2000D6E713782A7C9342BBD3AB73D0E7137815
:100A3000AA7B9342B5D82B74CAE71378AA7B93425A
:100A4000AFD86B74C4E71378002BAAD05378013B5E
:100A5000DBB2F82BA5D8138892786B823D4B9A7045
:100A6000B6E7107868750BF009FCB1E71378002B36
:100A700097D06B76ACE71378374A12680AB1012B2E
:100A80008FD9EB73A4E71388AB81A1E71378EB75DB
:100A90009EE71378314A126822B9012B81D9237855
:100AA0002B7695E7002BFAD17BE71378082B3FF6DE
:100AB00078AFAB758CE71388FF2B3FF672AFAB7046
:100AC00086E71378AB7683E713780E2B3FF669AF92
:100AD000EB767DE72368224A2B62636853602389A3
:100AE000138175E713782B7772E71378AB776FE78D
:100AF00013786B776CE7137885F82A3068E703F092
:100B0000E5FA98B1007900F001026178207803F0ED
:100B1000E3FA00287FF447AF6378012B7FF658AFE4
:100B20000DF01CF800287FF453AF3AE70246ECE7DB
:100B300013785A1E092A3FF634AF85F82B3047E761
:100B40004FF0FF302FE76FF02C002CE7381000201B
:100B50003E1000204A1000209C1D0020A81D0020EF
:100B600058100020F8B50D46064630B329B311F0F1
:100B7000070422D1124F97F83830012B02D16FF0C1
:100B80000B00F8BD032B02D14FF0FF30F9E700F066
:100B9000C3FC0028F8D02846FFF7CEFC0028EEDB87
:100BA00014F0CAFE3046396B04F024FFFFF75CFEF8
:100BB0000323204687F83830E3E76FF01500E0E7BD
:100BC0003810002010B5074C94F83830032B03D1AF
:100BD00004F028FF05F0B0FD10F089F8002084F83B
:100BE000380010BD3810002008B504F0AFFE0349EE
:100BF0000320BDE8084000F013B900BFE90400007D
:100C000008B504F0B7FE03490220BDE8084000F033
:100C100007B900BFC504000008B504F0CDFE0649C1
:100C2000012000F0FDF80549002000F0F9F8044B20
:100C3000044A1A6008BD00BF81040000A10400003E
:100C40009C1D00205538000008B50449122000F012
:100C5000E7F8BDE8084004F043BE00BF0D05000002
:100C600008B50449122000F0DBF8BDE8084004F0A4
:100C700049BE00BF0D050000074B4FF0FF3141F6A4
:100C8000FF72C3E9001205490022C1E900221F21B9
:100C9000C3E90212704700BF200500207410002035
:100CA0003F280CD801380B4BC0F3421200F01F0054
:100CB00053F8223023FA00F000F001007047FF28BB
:100CC00006D04038044BC0F3421200F01F00EFE79B
:100CD000012070472005002074100020074B0146BA
:100CE000006849681A4603C240F48C2200201A604A
:100CF00041F0107242F4FF625A60704720050020F4
:100D00000246034B0068516803C30020704700BFD0
:100D1000741000200246034B0068516803C3002092
:100D2000704700BF280500203F280DD80138074B29
:100D3000C0F3421200F01F0003EB82039B6823FA0A
:100D400000F000F0010070470020704720050020EF
:100D50000A8870B595B2C67BC2F30E0204880236CB
:100D600002F110033444C35AA4B233442344013B78
:100D7000B3FBF4F303FB0422438892B29342044B87
:100D80008BBF2B40AB4313439BB20B8070BD00BFA6
:100D90000080FFFF4A1E062A08B50346084603D80E
:100DA0004CF2A650FFF742FD094A914202D947F2A0
:100DB0004660F7E711B903B1196008BD2BB11B6894
:100DC0000022C3E901211A1D1A600430F5E700BFB3
:100DD000FAFFFF7F10B5114B00EB41041A786389CD
:100DE000B3FBF2F303FB0223013A1A44B2F5706F2E
:100DF0000279807828BF00231A440B18B2FBF0F167
:100E000000FB11215B1AB3FBF0F100FB113313441B
:100E10006FEA43436FEA5343638110BD7C100020A7
:100E2000024B03EB80035960704700BF7C10002029
:100E30002DE9F04F10F0070A85B0054603D04EF6B5
:100E4000A700FFF7F3FC544F04464FF0010B07F1E6
:100E50005806B146B04657F8043B8DF80BA043B195
:100E600001A898479DF80A30082B02D94CF6391092
:100E7000E7E79DF80B1041BB05B131604F4506F126
:100E80000406E8D1002D6FD00022DFF8109115275D
:100E9000964689F8002058F827A0013FBAF1000FC4
:100EA00055D09AF804609AF802C0FF2E60D03946F7
:100EB0000023481C38D19C44BCF1FF0F3FD90AB134
:100EC00089F800E044F6E620BBE79DF80AC04B1D18
:100ED00060465A0004EB4303022838BF0220441E38
:100EE00040422344BDF808406444CCF1000C034068
:100EF000013C04EA0C04B4F5803F02D34EF61650D0
:100F00009FE775B19A1A32609170148082F803B02D
:100F10009DF80C00107101984FEA104C1081A2F856
:100F200006C004FB0134A9E758F8210028B190F865
:100F300004B0B34504BF80781B180139B9E7DBB2B0
:100F4000E6458AF804303CBF5FFA8CFE01227B1C28
:100F5000A1D10AB189F800E0152640F6FF6A58F8D9
:100F60002670B7B9013EFAD2601B05B0BDE8F08F1C
:100F70000023E5E707EB410309F101093846A3F82F
:100F80000AA0FFF727FF5FFA89F1BB788B42F1D8FF
:100F9000E8E74FF00009F6E7801000207C10002001
:100FA00038B54FF6FF7302460380174B03EB8103FE
:100FB000D86DA8B184780379B3FBF4F104FB113345
:100FC000DBB2194600EB4105B5F90A50002D0EDBE6
:100FD0000131B1FBF4F504FB1511C9B28B42F1D11B
:100FE000002038BD6381BDE838400FF007BD00EB3D
:100FF00041046389C3F30E031380C278002AF1D140
:101000004FF6EF10FFF712FC7C1000201C4B03EB97
:10101000810370B5DC6D05463CB3030403D546F689
:101020003870FFF703FC014620460FF0CAFCFF288A
:10103000014604D02046BDE870400FF0DFBCA07828
:10104000B5FBF0F300FB1353DBB219460A1D04EBAA
:101050004206B6F90260002E09DB0131B1FBF0F265
:1010600000FB1211C9B28B42F0D1002070BD8B423F
:1010700001D00023E37004EB42025580DAE700BFA1
:101080007C100020094B03EB8103014610B5DC6D99
:1010900020460FF096FCFF28014604D02046BDE80C
:1010A00010400FF0ABBC002010BD00BF7C10002032
:1010B000F8B5104B074603EB81030146DC6D204673
:1010C0000FF07FFCFF28054611D0E288238953EA00
:1010D000024606D0014620460FF090FC01463846F5
:1010E000B04720462946FFF775FE0020F8BD0520D1
:1010F000FCE700BF7C10002038B50E4B0446827917
:1011000003EB8203D86D08B9052038BD8278E179F8
:101110009142F9D24B1CE37100EB41035D89B3F9B5
:101120000A30002BF3DBA5800FF068FC2060002064
:10113000EBE700BF7C10002008B5114B03EB8103E7
:10114000DA6D1AB94EF6C520FFF770FB9178831A55
:10115000481DA3EB40031088B3FBF0F3002B01DB29
:10116000994202DC41F2B740EEE702EB4302B2F9EA
:101170000A305089002B02DA4EF63450E4E708BDFD
:101180007C10002070B5044610F003000E4603D01A
:101190004BF6BD00FFF74AFBFFF7FCFD054624B107
:1011A000034831460460FFF7F5FD284670BD00BFD7
:1011B000301100202DE9F14FDFF870B01E460746D0
:1011C0000D46DBF8003090469DF828A09DF82C9045
:1011D0001BB945F61E00FFF729FB52460921404680
:1011E0000FF0B5FA4A4684B2092130460FF0AFFA43
:1011F00081B2DBF8000021440FF0B8FB386018B969
:10120000286001B0BDE8F08F0444534641460922EE
:101210002C6038680FF061FA4B4609223146286885
:1012200001B0BDE8F04F0FF058BA00BF30110020F8
:1012300070B50E4604460FF09DFA054630460FF095
:1012400099FA044B2A1821461868BDE870400FF03F
:10125000B1BB00BF30110020024B186808B10FF07D
:1012600079BB7047301100201F2AF8B50446134699
:101270000ED89200033222F00303B3F5803F2DD243
:10128000184DACB1A00710D04FF6FC00FFF7CEFA16
:10129000FF2B4FEA420204D9FF339A42A8BF1A46F5
:1012A000E8E77C2AB8BF7C22E4E729706C602B81D8
:1012B00022F0030228230127120403FB01F06B68CC
:1012C0000025120CEEB2B14200D8F8BD14B12618B8
:1012D0001F705E60104401352833F3E74FF0FF3094
:1012E000F3E700BF34110020154A002170B55368A0
:1012F0001578C8B2854203D849F28140FFF796FAC3
:101300001C461846013114F8286B0EB92346F0E745
:101310000021997001241289996103F126055C70FE
:101320009208D96103F11E04596824F8022FA542DE
:1013300043F8041F1144F8D100234361037070BDCA
:10134000341100200A4B1B89B3F5FF7F4FEA93004D
:1013500006D25A089B1A9BB2984238BF184670476B
:10136000B3F5EE6F01D8FF22F4E740F27263F3E7C2
:10137000341100204B782DE9F04106460C4602F06E
:10138000040702F0FB05E3B1A5BBFF23A3707B08B4
:1013900004EB57073A7D032A02D1022D18BF01330F
:1013A000E2180121117503F10C01002204EB830303
:1013B00024F811205B68A27030463360B280BDE82B
:1013C000F081002DE1D1012301F11E028D61204643
:1013D0004B7004F1260C1A4BCD611B8949689B08A0
:1013E00022F8023F944540F8041F1944F8D1002325
:1013F0006361CAE7D1F8048014220021A01861704B
:1014000014F0C0FF0E4B1B89B3F5FF7F0FD25A08B3
:101410009B1A9BB208EB0301C4F804802384A160EB
:101420006284C4F80C80A3842161E284ADE7B3F543
:10143000EE6F4FF0FF02EBD940F27263EAE700BFB4
:101440003411002007B5CDE900230B4603490246BD
:10145000081D0FF026FC03B05DF804FB60110020AE
:1014600013B5064CCDE900230B46024604F10801F2
:1014700004F10C000FF015FC02B010BD601100204B
:1014800008B54B1E032B03D94CF27300FFF7CEF9BE
:101490000028054A0CBF05230C2303EB8103053309
:1014A00023F00103137008BD70110020114B0122BD
:1014B0004FF0FF3000215A60C3F80803C3F800154D
:1014C000C3F804255A6040F6FE72C3F808034020B2
:1014D000C3F8001503F570330749C3F80825C1F8B0
:1014E0008800BFF34F8FBFF36F8FC1F88801C3F837
:1014F000082570470060045000E100E00268002009
:10150000014B1A60704700BF74110020014B1B682B
:10151000184700BF74110020024B1868003818BF2C
:1015200001207047741100200A4606489C2302F8E7
:10153000033BC368C1F80330036953604369936098
:10154000704700BF78110020024B5A8C02435A8426
:101550005B6A184778110020014B00215B6A18472D
:101560007811002010B5154C0BF0B2FF0CF0B6FA54
:10157000208DFFF7F1FF237E63B12246104904F16D
:10158000190052F80C3BE36063685360A3689360F2
:1015900012F015F9218DE06A06F0E0FAE36AB3F87B
:1015A000B20006F03DF9636B94F8301094F8310006
:1015B0009847002384F8383010BD00BF7811002010
:1015C00029150000034B93F838300BB1FFF7CABF61
:1015D000704700BF781100202DE9F0412B4C0546E3
:1015E0008846E06A10F0E1F910B10120BDE8F08111
:1015F000E66A96F8B0704FB3012D09D1638C1A07D3
:1016000006D594F83930002BEFD1337C082BECD081
:10161000B8F1010FE9D894F83030002BE5D1238DD3
:101620009906E2D4D7B9012DE0D10BF013FB736911
:101630008342DAD3B37C002BD7D1638C8FB19A0766
:101640000FD594F8390080F00100CFE7002DDFD1ED
:10165000638C5B07DCD5337C072BD8E7002DC5D125
:10166000E3E7002BC1D194F83A301BB994F83B3032
:10167000002BBAD0E36AD3F81821B3F82431908A4A
:1016800098422CBF00200120B0E700BF7811002055
:1016900070B5184C4FF481730646E56AE06BA4F808
:1016A0004430AB7E94F850102064D3B90BF04EFE5A
:1016B0000CF014FA76B995F83131B5F8EA10033B1D
:1016C000012BB5F8EC308CBF00202820184480B2E4
:1016D0000BF0A2FE00200BF0DDFE022384F8383070
:1016E00070BD606D04310BF031FE616D206C0CF04B
:1016F00087F9DFE77811002008B5084B93F8382008
:10170000022A03D049F6FB50FFF790F8DA7A42F04C
:101710000102DA72BDE80840FFF724BF781100200B
:1017200010B590F8761086B0D1B9C2880B460591F5
:101730000021CDE903110C4991F85040029400F1C9
:1017400098040194C96A91F8B010003918BF0121BA
:10175000009100F1880102200CF06EF806B010BD77
:10176000D0E92023E3E700BF781100202DE9F04104
:10177000274C06460F4694F83830012B5FFA83F861
:1017800003D049F2C870FFF751F8E56A2B7953B1DD
:10179000002104202971FFF7D7FEE36A93F8B030E7
:1017A0000BB185F8058094F858308BB92B7A052B4E
:1017B0000ED118490220FFF7C7FEE36A93F8B03054
:1017C00033B1636E1B789A1E5342534184F839300B
:1017D0001EB1BDE8F041FFF7C5BE002FF9D031467C
:1017E0003046FFF7F9FE0028F3D1AB7EE46A13B16F
:1017F0002846FFF795FF94F831210120B4F8EA104C
:101800000BF09AFC0020BDE8F041FFF741BF00BF9C
:1018100078110020DC1100207FB590F87610D1B946
:10182000C2880B4605910021CDE90311FB210291ED
:1018300000F1980101910949C96A91F8B010B1FA13
:1018400081F14909009100F1880104200BF0F4FFB7
:1018500007B05DF804FBD0E91E23E3E77811002010
:101860001E4A10B5D46D41782378C90003F0F30304
:1018700001F008010B438178890001F004010B435A
:10188000C178090103F0EC0301F010010B4301786A
:1018900001F003010B432370B2F868306370022338
:1018A000D16DA2F8603004790B786001012C23F02F
:1018B000200300F0200043EA00030B700CD1D36A30
:1018C00093F8C22093F8C330032A03F01F0308BF24
:1018D000002243EA82138B7010BD00BF78110020F4
:1018E000F7B5174C0646E56E0DB1A36C1BB942F671
:1018F000D410FEF79BFFB4F84C3001F003012F46E3
:101900006B702B7823F003030B4307F8033B384637
:10191000B4F84C20A16C0EF0D3FB0DF1020201A92A
:10192000206F2564A7640FF00BF801980EF0F6FF06
:10193000B4F84C103060206F0EF0D2FF03B0F0BD51
:10194000781100202DE9F04FB74C87B00023814675
:10195000D4F82C8004AA049302A98DF814304046D0
:1019600084F8583001AB10F015F80746002841D034
:10197000029ABDF804301AB940F6F520FEF756FF7A
:10198000E265A4F8683003B1D31C6366012384F8D0
:1019900058309DF8133004A8003B18BF012384F889
:1019A0003A3098F81930002B00F06181B4F86830B3
:1019B000002B00F05C81FFF753FFFF21606D0BF0FF
:1019C000C5FC9DF81420616D003AE06D18BF01223E
:1019D0000BF03AFE18B9E16D606D0BF0A3FF01202A
:1019E0000BF058FD012384F8803084F8383007B0BC
:1019F000BDE8F08FE56A8DF803002E7AADF8060099
:101A0000062E00F21781DFE816F007001801E70044
:101A1000E7001501FD00FD000023A5F84C3095F806
:101A2000B030002B45D194F87730A5F824310DF172
:101A3000060103A8ADF8063004F060FABDF80630E0
:101A4000002870D0039E002E6DD0012284F87820EB
:101A500005222A72E665A4F8683003B1F31C6366B8
:101A60006A7A2E7A8DF81120022EAA7A8DF8122029
:101A700004D0053E012E8CBF012603268DF8106090
:101A8000002F00F0DD8000209DF810308DF813004D
:101A9000032B40F0EA80636E1B781B2B40F0E5803F
:101AA000012105F1C2000BF0F9F801238DF8143083
:101AB0006FE7AB7B243B072BB5D9EB7B243B072B94
:101AC000B1D995F830A10BF0BFF8E36A03285FFAAB
:101AD00089F900F1FF3014BF93F81E211B22C0B218
:101AE0000AF1FF3A91455FFA8AFA3CBFA2EB09027C
:101AF000D6B2032896BF4D4A04221256BAF1030FFC
:101B000002FB06F697BF494A042252441279B6FBFB
:101B1000F2F6B3F81C2194F8773033449A4234BF7C
:101B2000D3B2DBB281E7002B4FD0E36A93F85D308C
:101B3000002B4AD10DF103020DF10601E06F0EF00A
:101B400040FE0646002840D09DF803705FB9002390
:101B50003380B37003232B720123002784F878307D
:101B6000BDF8063076E70146E06F0EF0D3FE0EF0CA
:101B7000D5FED0F800B0D0F804A081465BEA0A0395
:101B80001DD100239DF8032089F8003089F8013029
:101B900089F8023089F8033089F8043089F8053073
:101BA00089F8063089F80730002AD0D0327802F060
:101BB0000302012ACED002222B772A72CCE714F03E
:101BC00036F883457AEB0101DBD200230122184E5F
:101BD000ADF806302A723DE7B5F824310DF1030265
:101BE0000DF10601E06FADF806300EF0EAFD064695
:101BF00010B94DF64700C1E6012384F87830BDF8EE
:101C0000063027E70DF1060103A804F077F908B1C3
:101C1000039E16B945F24E40B0E6012384F87830B1
:101C200006232B72EBE700BF78110020479D0300CD
:101C3000EC1100204DF63B60A0E6154E002309E7AD
:101C4000032E03D11B78022B3FF41DAFE06F0EF083
:101C50000FFE40B9032E3FF416AF04F06BF980F08D
:101C60000100C0B210E701200EE700231EE7FFF7D6
:101C7000F7FDE06DFF210BF069FB0BF02FFF9DF8E6
:101C80001410E06D003918BF012113F0AFFEA6E675
:101C9000EC1100202DE9F04FAF4C87B000278046B3
:101CA00094F83830E56A022B5FFA83FB05F1B00A3D
:101CB0000191CDE9027703D045F22F60FEF7B6FD22
:101CC000216C03200B784A780144A4F84400A164F5
:101CD00003EA0001A4F84C208DF81010C3F3C001F2
:101CE0008DF81110C3F380018DF81210C3F30011A9
:101CF000C3F340138DF813108DF81430B8F1000FB2
:101D000000F06B8104A928460FF046FE064630B964
:101D1000B4F84C1049B3206F0EF0CBFD0746238D6D
:101D20009DF8121043F40073E76623856B7A013344
:101D3000DAB203F0010399425BD12B7AEBB1032BAA
:101D40006A7214D8012B08BF4FF0010BB5F84C3064
:101D5000BBF1020FA5F84E3015D102A9E06F0EF0CD
:101D600052FDE8B94DF29950A8E70746D7E7053B81
:101D7000012B05D940F66E70A0E74FF0040BE5E7A4
:101D80004FF0030BE2E7BBF1030F10D104F0C4F8EE
:101D900010B948F2D64091E700210820FFF7D4FBA4
:101DA000D5E91E32013342F10002C5E91E3200219D
:101DB000E36A297293F8B0302BB16B791BB1102014
:101DC0006971FFF7C1FB238D4FF0000B43F40063F3
:101DD0002385AB7EDBB1B4F84C30C3B10BF098FE79
:101DE0000328FBD0022806D1FFF7BCFB07B0BDE8F3
:101DF000F08FC346EDE750B9AB7A9DF8112003F0A0
:101E000001039A4203D1012384F83130ECE7B4F89E
:101E10004C70002E66D09DF81330591E4B424B413A
:101E200084F83B30002F40F000810027B946019B29
:101E3000002B00F001810BF04BFBB9F1000F00F01B
:101E40001C819DF8101003A8FFF74AFD0127238D80
:101E50005A0606D44020FFF77FFB238D43F0400352
:101E60002385E06ABBF1000F0FD0EB8843B990F8EF
:101E7000B0302BB1B4F80530B4F80720134304D0C8
:101E8000B4F809300133A4F80930B8F1000F00F0BC
:101E90000481B4F805300133A4F80530002384F838
:101EA000823005F0ADFC029830B10EF037FD002213
:101EB0000272514604F064FD039B33B100221A7292
:101EC0000C225146039804F029FD002F8CD1238D5C
:101ED0001B068BD48020FFF73FFB238D43F080034C
:101EE000238583E7AB7A9DF8112003F001039A4222
:101EF00024D19DF81030002F32D05A1E012A2FD83D
:101F0000238D95F81A9043F4805323850AF09CFEA4
:101F1000032895F81E3107D1B9F1000F0CBF1F221D
:101F20001B22934228BF1346B4F84C209A4208D98A
:101F300094F8303043F0100384F830304FF000094B
:101F400032E0E36E002BF9D094F8813033B1238D69
:101F500043F020032385F1E7781100209DF810302D
:101F6000AA7A032B02F10102AA7210D1238D01205B
:101F70004D4943F4805328712385FFF7E5FAD5E9ED
:101F80002032013342F10002C5E92032D6E75A1E61
:101F9000012A1DD8002FD1D0C146D5E92032013306
:101FA00042F10002C5E92032E26E9DF81310002ACA
:101FB00040D1B4F84C20B2FA82F25209012914BF80
:101FC000002202F001023746002684F83B202EE76B
:101FD000002FB3D0002BB1D1D1E7AB7E0BB10BF00A
:101FE000B1FD94F88230013384F88230238D43F4BC
:101FF0008063238595F83131033B012B0DD80AF01E
:1020000023FE03280DD1B4F84C604FF000091B2EBD
:10201000CB4694BF00260126C6E704F087FD0028C2
:10202000EDD10026B146B346BEE7238D43F480537D
:102030002385FAE60122C1E794F882100120FFF718
:10204000CBFA00287FF4F7AE6A7E12B12846FFF77C
:10205000E3FB002095F83021B5F8E8100BF06CF8A0
:10206000B4F84C00FFF76EFCB9F1000F0DD09DF8ED
:10207000101003A8FFF734FCE9E6002E3FF4E6AEAB
:102080000949E06A0FF08AFCE0E6002E3FF4DFAE7B
:102090000549E06A0FF082FCD9E6B4F80730013355
:1020A000A4F80730FDE600BFC0110020064B10B5B4
:1020B00093F8382002F0FF0422B91C7605F046FDA3
:1020C000204610BD0C24FBE778110020094B0A4A7A
:1020D00010B51A60FFF7EAFF18B148F67620FEF750
:1020E000A5FB064C03F0BAFCE06303F0BBFC6065A3
:1020F00010BD00BFB01D0020CC22000078110020D0
:1021000070B55E4C054694F8386006F0FF000EB9D5
:1021100001B11AB940F60430FEF788FB84F881302B
:102120006162626384F8300084F8820084F83100D0
:1021300084F880006084208584F83A0084F83B00AD
:1021400084F8780084F83900E0656066A4F86800D7
:102150002064A064A4F84C00E5620AF0CDFD0BF009
:10216000BDFC95F938010AF031FED5F8DC60D5F8F0
:10217000D4000AF033FE30460BF0C8F895F82B0077
:102180000AF036FEB5F8E8305D2B03D9B5F8EA3031
:102190005D2B01D80AF048FDE36A93F8B060002E89
:1021A00054D112F0ACF995F83021354B4FF47A71D7
:1021B00053F8223003F5FA73B3FBF1F333331918F4
:1021C00030460AF02FFF2F4B18680BF0A5F8D5F812
:1021D000C830E367D5F8CC302367AB7B243B072BB3
:1021E0003CD9EB7B243B072B38D995F8FA3095F88E
:1021F0001E6184F8773004F099FC28B104F09CFC4F
:10220000864238BF0646F6B284F850600FF0C9FB2C
:10221000E36A93F8B0301BBB6B7E13B12846FFF71F
:10222000FBFA0020FFF78EFB002323606360A360AE
:10223000EB886380B5F8B230238095F82B3023719A
:10224000D5F834310BB101221A6070BD12F057F984
:1022500095F8312100F155010120B2E71B23C6E7B3
:10226000AB7E13B12846FFF75BFA0120FFF710FAA7
:10227000E36AD3F8F0010BF09DF8D5E77811002060
:102280003CA00300B01D0020014B93F88000704774
:1022900078110020054A138D92F8780003F48051DC
:1022A00010B113F4C06F00D1080B704778110020F3
:1022B000024B93F82900C0F3C0007047781100204A
:1022C000014B93F88200704778110020F916000046
:1022D000951C00006D170000C51500000D4B032173
:1022E000186830B50D4690F8A52090F849400132A5
:1022F000B2FBF5F303EB4303D31ADAB244FA03F368
:10230000DB0703D4013911F0FF01F0D180F8A520DB
:1023100030BD00BFFC110020014B18680EF0A6BDB7
:10232000FC11002008B509F0C1FF014B187008BD71
:1023300030050020054B10B41C68827C836804F1D2
:10234000420194F8410010BC10F0C9BCFC110020FF
:10235000024B18686C3001F0E5BA00BFFC11002098
:102360000122962138B5114C10460AF0E5FEFFF720
:10237000EFFF656801F090FA63682860186818B983
:102380004AF2C630FEF752FA0EF029FF10B94CF6A9
:10239000AD60F7E725210AF0D9FF962100200BF068
:1023A0003BF8636804221A7138BD00BFFC1100209D
:1023B00038B5194D04466B681B79022B03D94EF6CC
:1023C000DC10FEF733FA2B68027C83F8A4201A4451
:1023D000C168996692F87C2183F878214268C3F835
:1023E0008820037A022B0ED00AF086FC0BF038F816
:1023F0000AF0EAF809480AF08FFF09480AF086FF58
:1024000008480AF0EBFC637C23B12B685B6E0BB1D0
:1024100001221A6038BD00BFFC110020A03300006B
:1024200055555500D6BE898E2DE9F341484D002300
:1024300007460E462C686372236DB3F8B22093F8FA
:102440003911D3F8D000628110F04AFD2B68208446
:102450001A6DB2F8D810B2F8DA2059849A844FF481
:102460007F42DA844FF6FF721A850FB3012130469E
:1024700010F0BAFF33780146D8092C6894F8483038
:1024800004F11402F3B10EF036FCD8B10B686361AD
:102490008B88287B938004F10E0208284AD004F12F
:1024A0000D0103F0C5FE80B943F26170FEF7BEF97D
:1024B0006946A86810F091FEAB6869461878C0F3C9
:1024C0008010DAE700236361E3E72C68637B04F1A3
:1024D0001A0843F0020363734FB30021304610F033
:1024E00083FF0368C4F81A308388A8F804302B6887
:1024F000186D93F95810B03003F0E6FF28681549BD
:1025000011F054F928681449036D2A30B3F8B22049
:10251000A0F809205B7FC37211F051F902212868ED
:1025200001F0E8FCFFF714FF02B0BDE8F08104F110
:102530007800D6E794F87E306373A36FC4F80E304A
:10254000B4F87C3093800023C4F81A30E383CEE7DC
:10255000FC110020510D01000F0D010008B5064BC4
:1025600093F900207F2A03D14EF2C040FEF75EF9B6
:1025700002707F221A7008BD3005002010B5047863
:102580008EB004F00F0404A922460EF04FFEFFF7B0
:10259000C9FE042C33D11B4C059A2368107893F89C
:1025A000781088422BD1507893F87910884226D140
:1025B000907893F87A10884221D1D07893F87B10E4
:1025C00088421CD1107993F87C10884217D1517938
:1025D00093F87D20914212D19DF8212093F87E300E
:1025E0009A420CD10DF10F00FFF7B8FF9DF90F30A3
:1025F00004A90093237C227B60680EF002FE032076
:102600000EB010BDFC1100200D4A536810B51979A9
:10261000022903D84CF67D30FEF708F9197908290C
:1026200002D941F61C70F7E71B79526903F1804328
:102630009268033BBDE8104052F82330184700BFB2
:10264000FC11002010B5054C637B2BB10AF008FF8C
:1026500009F0BAFF0023637310BD00BFFC11002016
:1026600010B5054C23782BB10AF0FAFE09F0ACFF47
:102670000023237010BD00BF2019002010B5094CA5
:10268000FFF7E0FF012263681A7100232268A2F8B5
:10269000793182F87B31FFF75BFE2068BDE810409E
:1026A0000FF03AB9FC11002008B5FFF7CBFF044B3F
:1026B00000209968FFF7B8FEBDE80840FFF72CBE80
:1026C000FC110020062938B51D469DF8104019D987
:1026D00008291BD802B18CB143689BB912B9437861
:1026E000DB0615D40B4B5B6818680EF099FD00B142
:1026F00034B92DB903F072FD00F00104204638BD55
:102700000120F9E79DF814402C43F7E70024F5E792
:102710000124F3E7FC11002038B50D1E04460CBF60
:1027200005200320104403F0C9FD094B587370B114
:102730005DB9033C012C8CBF5024552409F01EFFC9
:102740002046BDE838400AF07FBE4024F6E738BD99
:10275000FC1100202DE9F0413D4CFFF7F9FD6568C3
:1027600001F09AF863682860186818B94EF2C150F1
:10277000FEF75CF80EF033FD054610B94EF212106C
:10278000F6E7236893F8A6306BB123681A6D93F8C7
:10279000A710C3F8102193F854200A4383F854205B
:1027A000002283F8A620206890F8A430034493F810
:1027B0007C81636880F878811A7952B11B79012B8A
:1027C00007D000210EF0FDFE18B9BDE8F041FFF77B
:1027D00055BF23681F4A93F8A530D05C0AF008FB68
:1027E000236893F8A420134493F87C71022F2CD013
:1027F00004D8012F05D04DF6D430B9E7FB1E012BCC
:10280000F9D801F043F80646394601200AF01EFCCB
:10281000314628460AF09AFD08F1FF332A46404621
:1028200059425941FFF778FF62680821002351712E
:1028300021732168D3801372E37381F89530A373F9
:10284000237403231371BDE8F0810D26DCE700BF7C
:10285000FC1100204F9D0300114A10B5536800B9C8
:1028600031B9184601F0A8F8BDE81040FFF706BFDF
:102870001979082903D84EF20F00FDF7D7FF19790F
:102880000C2902D94BF21560F7E71B79526903F165
:1028900080435268093BBDE8104052F82330184786
:1028A000FC110020054B1A6892F85420920703D0BF
:1028B0005B68186801F01AB898687047FC1100202E
:1028C00070B52F4D06466B681A79032A0AD01A791B
:1028D000042A07D0FFF7E6FF044638B940F23F501C
:1028E000FDF7A4FF18680EF07AFCF5E72B6893F863
:1028F000543013B949F6F950F2E776B110F020FEE2
:1029000030B16B681A79022A0ED84AF6EE70E7E702
:10291000204610F030FE0028F3D16B681A79022AA5
:1029200017D84AF28270DBE71A79082A02D947F2EF
:102930004D30D5E71B7920466A6903F1804312695F
:10294000033B52F8233098470C2812D94FF6D94050
:10295000C6E71A79082A02D94CF20170C0E71B7940
:102960006A6903F180435269033B52F82330984768
:10297000EAE76B69DB68BDE8704053F82030184720
:10298000FC11002007292DE9F043064687B00F46C9
:1029900090464568624C23D11DBB002A49D1D4E939
:1029A000001091F8543013F0030218BF012213F005
:1029B0000403827103D033785A1E53425341C371CA
:1029C00091F894304BB12368D3F89000503011F057
:1029D00055FD10B9636801221A7207B0BDE8F08393
:1029E0003DB32946707C0EF086F9072F814661D1F0
:1029F000637B63B158B1B8F1000F52D0656810F035
:102A0000A3F9636868715B7923730123A373636817
:102A10005879082855D17168707C11F025FD6268DD
:102A2000054671680532707C03F0DEFB63680028A0
:102A300058D0236893F8540010F003000AD093F89C
:102A40004A30394601953046626892790092424692
:102A5000FFF738FE62682368907193F8540010F015
:102A6000040009D093F84B30394601953046D279AD
:102A700000924246FFF726FE2A4B65681B68E87104
:102A80001BB14146304698472872726862B3717C28
:102A9000236883F87E10116899679288A3F87C20D8
:102AA00022E0236893F878110129A7D1284603F082
:102AB000D7FB6073637B002BA9D0B9F1000FA6D0C0
:102AC0009CE704AA0DF10F0103F0B2FB18B946F21E
:102AD0007240FDF7ABFE04A99DF80F0011F0C4FC95
:102AE0000546A6E7D88018726268137AB3B9D3880E
:102AF000003B18BF0123B06800283FF46EAF072FDA
:102B00007FF46BAF517908293FF467AF002B3FF496
:102B100064AF03F0C3FB0123E3735EE70123EAE73D
:102B2000FC110020B41D00202DE9F04F044689B0AF
:102B3000062900F2C580DFE811F06000E700070019
:102B4000C300C300C30026006E4D0AF023FB2F68AC
:102B500097F85430980714D06E68B3798BB10DF1A3
:102B60001F00FFF7FBFC9DF91F3002222146029354
:102B700030462B7B0193FF23009307F142030EF0B5
:102B800030FB03201FE05F4D6E68B379002B00F02F
:102B900097802F6897F85420910717D50DF11F00E3
:102BA000FFF7DCFC9DF91F303046062202932146D8
:102BB0002B7B0193FF23009307F142030EF011FBDF
:102BC000002309202B7409B0BDE8F08FD30777D517
:102BD000570701D50AF0DEFA0DF11F00FFF7BEFC22
:102BE0009DF91F202B6802922A7B42330192FF221B
:102BF0000092062221466868C1E7424D2B6893F88F
:102C00005420560737D56968CA79002A33D04268FC
:102C100093F85B001678864255D1567893F85C009D
:102C2000864250D1967893F85D0086424BD1D67893
:102C300093F85E00864246D1167993F85F0086428B
:102C400041D1507993F8602090423CD1627C93F856
:102C50005A00101A4242424193F8560001284ED0C1
:102C6000002A4CD193F84C30082B02D04A799A4272
:102C700045D00AF08FFA6E68B379002B3DD02F68EB
:102C800097F85420930720D50DF11F00FFF766FC3D
:102C90009DF91F3030460022029321462B7B019381
:102CA000FF23009307F142030EF09BFA0123092052
:102CB0002B746B68DA79002A85D19B79002B82D13D
:102CC0000AF068FA5DE70022C6E7D60715D5500777
:102CD00001D50AF05FFA0DF11F00FFF73FFC9DF9E7
:102CE0001F202B68214602922A7B42330192FF2249
:102CF0000092002268680EF074FA0320D9E70A20D7
:102D0000D7E700BFFC110020644D81682A68807CF1
:102D10000DF0F1FF92F854306E68074692F8489033
:102D2000590796F806A096F807B089F0010940F116
:102D30008E8092F84B30002B00F0898092F84C6026
:102D4000082E00F08680304603F02AFA49EA000097
:102D50005FFA80F9002F7ED03046A16803F058FB5F
:102D600006462B6893F8542093F84180520749D5C2
:102D7000626893F85B10107888426ED1507893F8AF
:102D80005C10884269D1907893F85D10884264D1D4
:102D9000D07893F85E1088425FD1107993F85F1075
:102DA00088425AD1517993F86020914255D1627C82
:102DB00093F85A10501A42424241696849790829E9
:102DC0004DD093F84C30591A4B424B41002E48D10C
:102DD000B9F1000F47D02046CDE90423FFF7AAFA46
:102DE000DDE90423BBF1000F0AD0296891F85610E1
:102DF00001294ED021B9002A4BD108B1002B4AD16C
:102E00000AF0C8F92B6893F854309B073FF4B9AE29
:102E10000AF0C0F9BAF1000F3FF4B3AE2046FFF755
:102E200089FAD5F8009000B9FEB10DF11F0048EA0B
:102E30004608FFF793FB9DF91F3002932B7B01930C
:102E40005FFA88F30093012209F14203D2E6767912
:102E500076E7002685E73E4683E70022ADE70023BC
:102E6000B4E70120BEE73046BCE799F85530023B95
:102E7000012B3FF686AE002F3FF483AE0DF11F000D
:102E8000FFF76CFB9DF91F3002932B7B0193FE2310
:102E9000D8E70028B4D00A2095E600BFFC11002036
:102EA00030B58BB00546FFF73DFA114B1B6893F820
:102EB000543013F0060F04D00122962100200AF0AE
:102EC0003BF92C786946284604F00F0422460EF0A0
:102ED000ADF9002221466846FFF754FD21466846B9
:102EE000FFF722FE0446FFF7ADFB20460BB030BDD6
:102EF000FC11002038B5154D2C6894F84830F3B11A
:102F00006FF00043D4E920129A4208BFB1F1FF3FAD
:102F100015D012F0DFFDD4E92023904299410ED361
:102F20002B6893F848305BB92D6803F07BF90446B1
:102F300012F0D0FD064BE4FB0301C5E9200138BDCA
:102F4000012003F031FA0028F9D0EDE7FC11002050
:102F500040420F0010B50446FFF72AFA237A032BEC
:102F600003D145F63970FDF761FC0BB9FFF7B6F9EF
:102F7000054B1B6893F9580009F028FFFFF7EAFB9F
:102F8000BDE81040FFF7B6BFFC1100202DE9F84363
:102F90006B4D002307468946A8682521D5F8008097
:102FA000037043700AF0F0F9064630B9002603209A
:102FB00003F0D4FC3046BDE8F883AC68032F2378D7
:102FC00033D123F00F0343F0030323700C2363700A
:102FD000D8F87830A868C0F80930B8F87C30A0F884
:102FE0000D3098F87E1010F008F90021A86812F052
:102FF000FDFC2B6893F8482003F1420993F84180C7
:10300000002A79D14C4623684146A868C0F80330AD
:10301000A388A0F8073010F0E7F84A4BD3F80C3239
:10302000002B7ED00AF0B6F8C0E723F02F0322224F
:1030300043EA4913627043F0050323702B681A6D4D
:10304000D2F8D420C4F80F201A6DD2F8DC30190A57
:10305000E3741B0C2175637592F83A11B2F8E430F1
:10306000002943D06420B3FBF0F3A375D2F8E0301D
:1030700000293ED06421B3FBF1F3E375C3F30723CA
:10308000237692F83911D2F8D0000FF029FF296881
:103090006076000AA0760B6DAC68B3F8D820E276B3
:1030A000120A2277B3F8DA206277120AA277D3F8ED
:1030B0001E20C4F81F2093F8223094F8242084F8AE
:1030C00023300B6D22F01F0293F8293003F01F0309
:1030D000134384F8243002F051FD94F8243003F0B7
:1030E0001F0343EA401384F8243071E740F2E240C2
:1030F000B9E740F2E241BEE793F8542052070DD5FC
:1031000093F84B2052B193F84C0003F0BBF90446FE
:1031100000283FF477AF4FF0010874E76B685879E7
:10312000F3E7052F7FF446AF2B6821681A6DC2F8CC
:10313000BC10A188A2F8C0101B6D83F8BB8039E7D2
:10314000FC11002000A0085010B500210320FFF75B
:103150001DFF18B9BDE81040FFF790BA054C0321D8
:1031600020680EF02EFA0028F4D0636809221A7144
:1031700010BD00BFFC11002070B5164C63681868C4
:103180000EF02DF8064618B943F2DF20FDF74EFB8E
:1031900063680A22002120681A7100F0ABFE2368E0
:1031A00005201B6D5D7F3378C3F340131D40294616
:1031B000FFF7ECFE18B9BDE87040FFF75FBA0421D5
:1031C00020680EF0FEF90028F5D023681B6D5D77AE
:1031D00070BD00BFFC110020036D10B504461BB983
:1031E00048F66760FDF722FB022208494272B3F8F5
:1031F000B2304381FF2380F827304FF6FF730385F9
:1032000010F0D4FA0023236510BD00BF510D01005A
:10321000F8B5184F064602F021FC0121B8600020E5
:10322000FDF7F4FE054618B948F28450FDF7FEFAA2
:103230004FF4C072002113F0A5F801210846FDF7F4
:10324000E5FE044620B14FF4C072002113F09AF855
:103250007B6913B946F6DB70E8E730460DF03DFEBA
:1032600028460EF09FF924B12046BDE8F8400EF044
:1032700099B9F8BDFC110020014B024A5A61704710
:10328000FC11002088330000036810B51BB94CF214
:103290009C60FDF7CBFA044A13606C3353605369AA
:1032A000BDE810401B681847FC11002008B5044B0E
:1032B000586800F081FBBDE80840FFF7DFB900BFA8
:1032C000FC11002038B5044690F8400000F0FD00E5
:1032D00004F14201003818BF012084F8410002F0D7
:1032E0004BFE94F84030023BDBB2012B94BF01232C
:1032F000002384F8483014D802F094FF054612F0F9
:10330000E9FB084BE5FB030194F84830C4E92001D0
:103310003BB1002003F048F818B947F22310FDF73D
:1033200085FA38BD40420F000149363010F041BAED
:103330002F0D0100192300007D260000250D01003E
:1033400055270000250D0100250D0100250D010068
:10335000250D0100250D01004931000079310000E3
:10336000250D0100250D010061230000A9260000A4
:103370008F0E01007D0E0100B30E0100A50E0100AD
:10338000A12E00007D250000552F000068330000AD
:1033900070330000343300008033000078330000C5
:1033A00009260000C128000059280000070F01006D
:1033B00008B5431EDBB229B1032B07D94FF20A002F
:1033C000FDF734FA032B02D8024AD05C08BD4EF256
:1033D0003F70F5E7529D030008B50DF07EFB054AEE
:1033E000D2E84F3F0133DBB2C2E8413F0029F7D1B9
:1033F00008BD00BF14120020024BA0F1080158685C
:10340000FFF7EABF141200202DE9F84F1E463C4B8F
:103410000D46934600211A7804689DF828709DF89F
:103420002C809DF930909DF834A0016032B9A4F150
:1034300008015868BDE8F84FFFF7CEBF1A2204F123
:10344000090012F09FFF0123A372BBF1060F4FD8B2
:10345000DFE80BF00433394E434E3D00E37A23F0AE
:10346000130343F01303E372012304F10E024146F8
:103470002846237547F6FF7384F81890E38204F119
:103480000D030DF080FEE37A5B0735D5BA1E04F11B
:103490001C03012A8BBFAA6832681168E2618ABFE7
:1034A000E161B28892889A80E776002323721549F9
:1034B0002046BDE8F84F10F07CB9E37A23F01503FD
:1034C00043F01503CFE7E37A43F01003CBE7E37A49
:1034D00023F0120343F01203C5E7E27A4AF01A0A16
:1034E00022F01B020AF01B0A42EA0A02E272BBE760
:1034F0004AF60210FDF79AF9FF23E376D5E700BFFD
:10350000141200202D35000010B50C46096849B191
:1035100001F10803984203D0034B5868FFF75CFFA2
:103520000023236010BD00BF141200202DE9F04FCE
:1035300005468DB00C4600200121FDF7A3FD06468F
:1035400018B941F6F430FDF771F9A8300EF02CF8F7
:1035500018B196F85430042B2ED130460DF0B2FC41
:1035600050BBBA4C04F1080604F10C07AB6A93B9DE
:103570002846FFF741FF4FF40073ADF804309DF883
:103580000430002063F307009DF8053063F30F203B
:103590000DB0BDE8F08FA96A0B68B142AB624FF085
:1035A00000030B704B708B70CB70DFD0B942DDD055
:1035B0006068FFF711FFD9E7AF6A37B3A44B9F42AA
:1035C00026D0043B9F4223D007F13B0A4FF000086E
:1035D00002F052FA8146B8F1000F40F0078102A9CB
:1035E00050460DF0B6FEB9F1000F16D004F10D00F3
:1035F000EE7A16F0100613D09DF818600599324641
:103600000CF05EFD4FF0010828E005F1330ADDE71C
:103610004FF001084FF0000ADAE704F11C00E7E779
:10362000002FEFD09DF80830022BEBD0014695F823
:103630003230E52250460FF01AFF95F83230064638
:103640000344504685F832300FF009FF95F8328078
:10365000A8EB0000D0F1000848EB0008B9F1000F1A
:1036600000F0C880EB7AD90605D440F609406AE735
:10367000C8460026F6E713F0040FAA7A95F80DC0A5
:103680004FF03E0304F1060105F10E0033D095F82A
:103690001BE0BEF1FE0F2ED123700B23E270A3704E
:1036A000130184F805C00233637001232371D5F838
:1036B0000E30C4F8063083888B8084F80CE0EB6908
:1036C000C4F80D302B8CA4F811302B7EE3745F4EC0
:1036D00006F1080A57453CD12379022205F128005A
:1036E00062F3461323710DF06AFD02272846FFF7A7
:1036F00083FE042640E023700223E270A37006F1EB
:103700000A0384F805C0534302336370D5F80E30C2
:10371000C4F8063083888B80267326442B7E73730F
:10372000EA7A12F0080102D004232371CFE702F0F5
:103730000303032B01D12171C9E7520701D50123EE
:10374000F3E7022BF1D00BB90323EEE74CF20A307A
:10375000F9E606F10C094F4515D105F128000DF0E9
:103760002EFD6A7D6AB92379042662F3461323711C
:1037700002272846FFF740FE8DF804608DF805709B
:10378000FDE60026F4E747B3B8F1000F20D005F1BD
:10379000280840460DF013FD39467068FFF71CFEFF
:1037A000AB6A0022534585F8322095D04B4505D1B0
:1037B0002379404662F34613237194E79DF808305D
:1037C000022B05D1237923F068030127237190E7A9
:1037D0002379012262F34613F7E7EE7A16F010061A
:1037E000CAD0237967F3461323717EE700287FF45C
:1037F0003FAF06468E2305F12301237006F118031F
:10380000AA7A5343E270221D0233637005F10B0361
:1038100053F8040B8B4242F8040BF9D195F814A02D
:1038200095F815B002F066F9C1F3402950464946B3
:10383000FFF7BEFD6073BBF1000F04D04946584648
:10384000FFF7B6FDA073E67641E700BF1412002033
:1038500020120020343270B5054692B20C461E4646
:103860000DF003F925B1034A5560147456741470B1
:1038700070BD00BF1412002010B5034C60680DF03D
:1038800016F9237C237010BD14120020014B587CC4
:10389000704700BF1412002038B5134D68680DF052
:1038A0000CF9044618B945F69800FCF7BFFFD5E8B7
:1038B0004F3F013BDBB2C5E8413F0029F7D104F19E
:1038C00008033422184612F05DFD47F6FF7201210D
:1038D000E462E283FF22627584F82320E27C61F3D4
:1038E0004612E27438BD00BF1412002038B5436A96
:1038F00004468BB90A4D68680DF0DFF8606218B9AC
:1039000047F63620FCF792FFD5E84F3F013BDBB28C
:10391000C5E8423F002AF7D1606A3B3038BD00BF9E
:1039200014120020036810B5044683B19A6A1AB1D4
:1039300042F6DC60FCF77AFF596A41B101F10800F8
:103940008342084B08BF22605868FFF745FD216895
:1039500031B1044B08395868FFF73EFD002323605E
:1039600010BD00BF1412002038B5046805469CB194
:103970000F4920460FF026FF0E4B00221A735A7390
:103980009A73DA73EFF3108272B6A16A0C3359B9E5
:10399000A362E36202B962B6286800F12401FFF76E
:1039A000B3FD00232B6038BDE16A0B60F1E700BF77
:1039B0002D3500001412002038B50446006818B3F5
:1039C00000F12401FFF7A0FD2168104B4D7DB5B13A
:1039D00000221A725A729A72DA72EFF3108272B679
:1039E000886A083340B98B62CB6202B962B620465E
:1039F000BDE83840FFF7B8BFC86A0360F4E708398C
:103A00005868FFF7E9FC256038BD00BF141200209C
:103A100010B504460246064900F58C7012F081F993
:103A2000224604F5A4700249BDE8104012F079B9AD
:103A3000AF1601007FB590F8142102F0FF031AB110
:103A400044F28C70FCF7F2FE0C78039314F0010240
:103A500018BF8D68CDE9013318BF019514F0040536
:103A600029D004ADCE6805EB820545F80C6C1546EF
:103A700080F845514A68124DC0F8C820C0F8F820B7
:103A800040F27122A0F8FC20032215F8011B0C4221
:103A90000BD004A900EB830601EB8301013351F83D
:103AA0000C1CDBB21639C6F8CC10013A12F0FF023A
:103AB000EBD104B070BD002ADAD14AF69120C1E7FB
:103AC000629D03002DE9F04F04468FB09A4691465F
:103AD000BDF860B0039111F0FDFF07462046049148
:103AE0000DF074FCD4F8CC800546BAF1000F00F05C
:103AF000DD81B9F1000F00F0E480824617F5FA632A
:103B00000593049B43F10003069303F06FFF064601
:103B100004F1E8003146079003F03AFFD4F81011A1
:103B200011B107980DF093FDADB1D4F8F050AEB1DE
:103B3000B0682A46D6E90031C018059B009341F1D0
:103B40000001069B019310F0B1FC854207D248F6B4
:103B50008900FCF76BFED4F8C850E8E73046059BB7
:103B6000C518069B43F10006D4F8C830BBF1000F1E
:103B700000F0A2801FFA8BFB42F2107C29463246ED
:103B8000EBFB0C1203F2CF7C6044B0FBF3F0434339
:103B9000EB1A66F10000C4E92A12C4E93A304FF08A
:103BA000000B04EB0B03204693F87C110DF0F3FBA4
:103BB000D4F8A830D4F8AC105A1B0590069361EBEA
:103BC0000600012A70F100034FF00003C0F25D818E
:103BD0009045834100DB904604EB8B0BDBF8CC0077
:103BE000804528BF8046C4F8DC80B9F1000F05D0BD
:103BF000D4E93A23C4E92C56C4E93023059B204676
:103C0000039AC4F8D83004230791C4E92E5653729E
:103C10002A4633460DF0F0FB039B059A18725A6052
:103C2000BAF1000F00F03C810123039A0799137049
:103C3000069B049ADB1B61EB0202012B72F1000070
:103C40004FF00000C0F22381A94E9E42904100DB5C
:103C50001E46D4F81031D4F8C890002B40F01C81D7
:103C600007252046A9FB055A0DF0B0FB002800F0FF
:103C70001081D4E92C32ED184AEB0203AF42049ACA
:103C80009A410ED2ED1B049A63EB02036FF001021E
:103C9000AA424FF000029A4102D3AE4228BF2E46FC
:103CA000B146039BC3F81090059B984534BF002094
:103CB00001200FB0BDE8F08F4FF0FF316FF00042F0
:103CC00060E7002838D06FF00043D4E92A129A4206
:103CD00008BFB1F1FF3F2AD094F844312046234475
:103CE00093F87C110DF057FB17F19802049B0546E1
:103CF000099008A843F100038DF82090CDE90C232A
:103D000040F20243ADF8283012F011F810B947F62E
:103D1000E4601EE7D4E92A320C995B1A0D9962EB34
:103D200001025B1B62F10002002AC0F2A8803D463E
:103D3000049E4FF0010A32E7D4E93A26D4F8C8507D
:103D4000BB1AAA18B3FBF5F305FB03F346F1000613
:103D50009B18A3EB070246F10006972A05D8ED1839
:103D600046F10006CA46CB461BE794F87C11204674
:103D70000DF011FB0423D4F8B8208DF82930D4F8C5
:103D8000C850099020468DF82090D4E93A13521A71
:103D9000B2FBF5F26A43521843F10003CDE90C235C
:103DA0000DF02AFB29468DF8280008A80EF0ECFF3C
:103DB000DDE90C56D6E751F8042F013302F1160C59
:103DC000C4459FBF821A0BF1010B90445FFA8BFB35
:103DD000DAB29645EFD804EB0B03204693F87C113A
:103DE0000DF0D9FA404404EB8B03D3F8CC30834276
:103DF00009D3A3EB0808B8F1000F24DA40F65210FB
:103E0000A7E6A8466AE094F84511D4F8C8205945B9
:103E100011D90BF1010BAA425FFA8BFB08D904EB15
:103E20008B03D3F8CC3003F1160298461546E2E72F
:103E300043F205708DE6AA42F7D852009542F4D3BA
:103E400042F28B2085E6AD19D4F8B030D4E93A12AD
:103E50004AF100065B1A02D546F2B76079E6D4F85B
:103E6000C800B3FBF0F343435B1842F10002C4E91E
:103E70003A32EB1A002BEFDB4FF0000A91E63D4699
:103E8000049E4FF0010AC8466DE79846A4E6064630
:103E9000DFE6D4E93032EEE64FF0FF352B46EDE6B3
:103EA000039B83F800A0C3E90456FDE6B9F1000FB7
:103EB0007FF424AED4F8C82007F19805D4E93A136A
:103EC0007E1AB6FBF2F656437618A5EB060543F1CB
:103ED0000003AA429A4694D8A5EB0208002394F85E
:103EE00045E104F1C8016FF015009B4670E700BF83
:103EF0000040420F01292DE9F347064605D9022962
:103F000000F0988045F2B82050E001F00104D0E9BB
:103F10002CA708F09FFE96F87881814620464146FE
:103F20000EF0ADFF0546404609F086FB0246002C28
:103F30003ED0A8F10203DBB2022B39D8534901EB82
:103F400043031B8A15EB09052CBF0121002115EB4A
:103F50000A0547EB01074E4951F8280000F2E73007
:103F600010444FF47A72B0FBF2F02D1A67F100079B
:103F7000ED1847F1000710F0C2FA3330D6F810817F
:103F80002C1A67F10005D8F8D07003F029FD06F16E
:103F9000E80383420FD03A46CDE90045D8E97801DD
:103FA00010F084FA874210D24EF65110FCF73EFC16
:103FB0004FF4FC73C6E798F8390130B13A46CDE9C1
:103FC0000045D6E93A0110F071FA324B1A68D6F87A
:103FD0001031824293F83A110ED9D3F8D0603218DA
:103FE000C3F8E06089B941F66A018842A3F8E41099
:103FF00018D34AF64700D9E751B16422B0FBF2F179
:1040000051430246401AC3F8E0104FF4FA71ECE74E
:1040100040F2E242B0FBF2F151430246C3F8E01035
:10402000401AE0E7121945F10005C3E9782502B00E
:10403000BDE8F087D0F8103113B94AF6BD40B5E7B6
:1040400000255D7390F8781183F8301183F83111F1
:10405000FF2483F832410339D0F81001012900F11F
:10406000F0008CBF0021012102F0A8FCD6F810015D
:1040700006F094FFC6F8105186F8164109F0E2F8F0
:1040800002B0BDE8F0470BF01FBA00BF569D030019
:104090003CA003002812002008B50B4B28B10128D2
:1040A0000CD041F2ED60FCF7C1FB18601A6841F6D4
:1040B00069039A4206D947F2B910F4E740F6C412F0
:1040C0001A60F3E708BD00BF28120020014B1868F2
:1040D000704700BFE012002008B5034610465A1E84
:1040E000032A10D84A1E032A0DD8084A0129517004
:1040F0000CBF00210A211071937091721946FDF7CF
:10410000BFF9002008BD6FF01500FBE7E6050020B1
:10411000074A537A40B143F00403002953720CBF9D
:10412000002307235371704703F0FB03F5E700BF3B
:10413000E605002040EA4100014BD870704700BFFF
:10414000E605002010B504460DF033FC08B9002048
:1041500010BDE0430DF02DFC0028F8D0E31683EAF3
:10416000A4635A1E1A42F2D0E3B25A1E13405A1EDA
:104170001342ECD0A0B20FF05CFD0B28E7D820462C
:104180000FF053FD1828E2D8A3B2B3EB144F04D1BB
:1041900084EA142313F0FF1FD9D0044B6340581E48
:1041A0001840003818BF0120D2E700BFD6BE898E64
:1041B000F0B5070C164BA7F5AA4203EA9023543A30
:1041C000012A20D927F4004042F6AA22801A18BFFB
:1041D0000120002216211F24164687EA060562EAFE
:1041E0000505013511D0DD0301394FEA5303ADB2A6
:1041F00045EA56064FEAC4354FEA5404ADB245EAE3
:104200005202EAD1F0BD0020E3E70020FAE700BF48
:10421000E0FF3F0070B50D46BDF818400646BDF8FA
:104220001410AC421046BDF810201BD8B5F5486FED
:1042300018D8844216D8B0F5486F8CBF00240124EA
:1042400096B91A4EF67B96B19CB96FF4506C05EB9B
:104250000C06062E04D86FF450668619062E08D96F
:10426000204670BD0024EBE796F88960EBE7002C50
:10427000F6D0854217D803FB0111B1F5FA7F12DCA5
:10428000A2F10A0340F676449BB2A3420BD80DF08C
:1042900096FC42F2107341435A43B2EB410F8CBF7C
:1042A00001240024DCE70024DAE700BFE812002044
:1042B0000138C0B2032808B503D94EF23F70FCF7AD
:1042C000B5FA014B185C08BD859D03000138C0B2EA
:1042D000032808B503D94EF23F70FCF7A7FA014B4B
:1042E000185C08BDE89D03000138C0B2032808B57A
:1042F00003D94EF23F70FCF799FA014B185C08BDE8
:10430000E39E03000138C0B2032808B503D94EF27A
:104310003F70FCF78BFA014B185C08BD7E9F0300D1
:104320002A4B70B51D890C46DE8840F648031146BD
:1043300022469D4228BF1D4600230FF0F5FBE28870
:104340002389B2426088A18828BF3246AB4228BF89
:104350002B46B042E28028BF3046A942238128BFC5
:1043600029461B286080A18002D0B1F5A47F04D12A
:104370001B2A29D0B3F5A47F26D0FF232370E3881E
:104380001B3B9BB2E02B03D947F69A20FCF74EFA71
:1043900063881B3B9BB2E02B02D94DF2DA40F5E774
:1043A000238940F64812A3F5A4739BB2934202D925
:1043B00043F25500EAE7A388A3F5A4739BB29342A6
:1043C00002D947F69F30E1E770BD00BFE812002038
:1043D000F7B5002304460E461746CDE9003368467C
:1043E000FCF78AFE08B100201AE0009DA542F6D035
:1043F000304605F1B5030DF0C2FB394695F8B420FF
:104400000EF06DFC0028EAD005F1BC0395F8BB2046
:1044100004F1BC0194F8BB000EF061FC0028DED072
:1044200003B0F0BD054A516A02F11D03127F11F875
:10443000030BC0F380100EF052BC00BF54180020D4
:10444000012817D80D48824216D8012B0DD140F211
:1044500052739A4210D9A1F6C410094B98420BD856
:104460008A428CBF122000207047042BF3D140F603
:10447000C313EEE712207047302070478FFD7002A3
:10448000CBF3700210B504460A480CF04AFE0A4904
:104490002046FFF7CFFA20460CF075FD38B12046D4
:1044A000FEF710FF20460CF039FE002010BD122050
:1044B000FCE700BF241300202C1300202DE9FF4748
:1044C00099467E4B04460DF1080818680F461B7983
:1044D00016467B4D88F8043095F86E30029013B183
:1044E000404602F035F8394620460EF03EFDAB69F5
:1044F000C4F8F03096F84A2006EB4202B2F82AA03F
:1045000050460DF05CFB01466FF45060002382447E
:10451000BAF1060F77D9908C4FF0961284F83A31A1
:10452000A4F8EC30C4F8E82040F2E2420DF047FB7A
:1045300003F0A2FA40F2E2430146A4F8F431C4F8D1
:10454000D010C4F8F01101F0D5FA8306A97B53BF4F
:104550001B236B88AA881A46A4F80C31594BA4F87F
:104560000E211B6884F8F8101BB194F938113846F5
:104570009847EB7B2046003B18BF012384F8393174
:104580000DF015FA504B1B681BB15049B4F8B2003E
:1045900098470123A4F8E6304D4B1B681BB14D49E9
:1045A000B4F8B20098474C4B1B681BB14B49B4F8A8
:1045B000B20098474A4B1B6813B1B4F8B200984751
:1045C000484B1B6813B1B4F8B2009847464B1B68C0
:1045D00013B1B4F8B2009847AB8804F1C8006A88F8
:1045E00069780333033201919BB2297892B200912A
:1045F00004F1CC01FCF7DEFDD4F8C8307BB94AF6F3
:104600004950FCF713F94FF04D12A4F8EC30012398
:10461000C4F8E82084F83A314FF47A738DE7D4F87F
:10462000CC3013B945F6CF00EBE70DF089FAC4F8AA
:10463000D400B9F1000F05D002F09CFA20F07F40C1
:10464000C4F8DC0096F84A302046E96906EB4306D8
:10465000338EA4F8D830F38EA4F8DA3010F0BDFE13
:10466000414604F11D000EF014FD95F86E3013B9AB
:10467000FF2384F83D322B6F04F1B00523B10122F2
:1046800004F59F7128469847184928460EF099F876
:1046900002F070FA0C23B0FBF3F202FB1300C0B27D
:1046A000431DDBB2082B9CBF0D30C3B2204684F8FB
:1046B00029300EF050FC04B0BDE8F087541D040012
:1046C000E8120020CC1D0020E01D00201413002063
:1046D000DC1D00204A130020D81D00203C130020C0
:1046E000C01D0020C41D0020B81D0020F2120020B3
:1046F00010B503210020FCF7C5FC044668B903216E
:10470000FCF784FC044618B946F6BC10FCF78EF89A
:10471000034B93F9741010F06AFA204610BD00BFE5
:10472000E8120020014B5888704700BFE8120020B3
:10473000014B93F828007047E812002038B50EF0BE
:10474000CDFA002501F038FD224C01F0FFF90FF001
:104750000FF803F0C1F801F01BFF07F0C9FD0120BD
:1047600001F084F91C4B1D4A29461D604FF01B13B4
:10477000A4F86C50A581E573A57484F83A50C4E997
:1047800000234FF4A4731022A360F9232382144B57
:1047900058681B89E06304F14400A4F8403011F02C
:1047A000F1FD012342F2107204F1620084F84430FA
:1047B0002375C4E9122210F0E5FF04F1540011F052
:1047C00005F80022002384F8805084F82850C4E9BA
:1047D0001E2338BDE8120020C81D002003021B0064
:1047E000859D0300064B41F64C521B211A629973BA
:1047F000C3E9062241F288325A62FFF79FBF00BF29
:10480000E812002073B53D4D0446AB69AE7BC0F89D
:10481000F030EB7B003B18BF012380F83931384B77
:10482000C0F8D03002F07CF9002818BF002601F053
:1048300061F9830684F8F86053BF1B236B88AA884C
:104840001A46A4F80C312F4BA4F80E211B6823B193
:1048500094F93811B4F8B200984720460DF0A7F843
:10486000294B1B681BB12949B4F8B2009847284965
:1048700004F1B0000DF0A5FF0123A4F8E630254BAC
:104880001B681BB10021B4F8B2009847224B1B688B
:104890001BB10021B4F8B2009847204B1B6813B13C
:1048A000B4F8B20098471E4B1B6813B1B4F8B200BD
:1048B00098471C4B1B6813B1B4F8B2009847AB88FB
:1048C00004F1C8006A8869780333033201919BB20E
:1048D000297892B2009104F1CC01FCF76BFCD4F87A
:1048E000C8301BB942F20B20FBF7A0FFD4F8CC3044
:1048F00013B94FF65420F7E702B070BDE81200205C
:1049000000093D00CC1D0020E01D002014130020F4
:10491000F2120020DC1D0020D81D0020C01D002048
:10492000C41D0020B81D00202DE9F34104460E46A9
:1049300010F09DF9002800F09580204610F0CEFA86
:1049400040B1B6F80130013B7F2B03D9122002B0F1
:10495000BDE8F081204610F0C5FA08B90C20F6E752
:10496000204610F00BF80028F8D1204610F029F965
:1049700080460028F2D1204604F084FD0028E5D0CE
:1049800042F21073B6F80170F17820465F4310F0E0
:1049900090FA04213078FCF775FB05460621307843
:1049A000FCF770FB25B138B14CF25120FBF73EFF0C
:1049B00018B3054690F8E5802B4E3368EBB14035CF
:1049C00028460FF06AFDC0B128460FF057FDA0B988
:1049D000B8F1000F07D0254B28461B68984760B1F7
:1049E0004DF27350E2E72249424633682846096A8D
:1049F000984710B140F6B920D8E7204610F066FA83
:104A0000014638B93A46204603F0FCFD40B34FF664
:104A10008800CBE702210DF10600FCF7C1FA05463C
:104A200008B90D2093E7BDF806100EF0CEFA29461E
:104A3000204610F089FA2846FFF7E4FE3A46294658
:104A4000204603F0DFFD024610B141F2D770ADE71A
:104A5000074B1B6F23B105F59F7105F1B000984717
:104A6000002074E7422072E7D41D0020D01D0020F2
:104A7000E8120020024B1B6803B118470C20704756
:104A8000C81D0020014B93F974007047E812002004
:104A9000034B5A8802801B7883700020704700BF48
:104AA000E812002070B5837806461A2B08D8042B2C
:104AB00004D92E4A22FA03F3DB0705D412200EE0B4
:104AC000292B01D03B2BF9D13088B0F5706FF5D28E
:104AD0000EF01AFA70B190F83C210AB10C2070BDAA
:104AE000B27880F83D21FF2280F83C210DF085F955
:104AF0000020F4E709213088FCF7C4FA044690B39B
:104B0000B0F8AC010EF000FA05460028E6D0082106
:104B1000B4F8AE01FCF7B6FA18B949F2BC00FBF7DD
:104B200085FE03781BB994F8C831032BD6D195F8CC
:104B30005231002BD2D194F8F031002BCED1B4F801
:104B4000B031A5F8543194F8B83185F85631037D69
:104B500085F85731B37885F8583184F8F031FF2360
:104B600085F85231C4E70220B9E700BF20003804BD
:104B70000188A1F11B039BB2E02B0CD8428844F2C0
:104B80004810A2F5A4739BB2834204D8034B0020C3
:104B9000D9801A8170471220704700BFE8120020A8
:104BA00038B50278447802F0010302F0020254EAB8
:104BB000030101D1112038BDD2B98578002DF9D07B
:104BC000002B18BF002400E01D4620460DF02BF8F6
:104BD0000028EFD028460DF026F80028EAD0074B31
:104BE00000201A7B9C7222F00302DD721A73E2E746
:104BF000002BE9D000242546E7E700BFE81200209B
:104C000010B500880EF09AF9D0B190F84E2112B18B
:104C10003A24204610BD90F8682002F0FF04002AD4
:104C2000F6D190F85F20920705D1FF2280F84E213F
:104C30000DF0E3F8EDE7034960300EF0C0FDE8E762
:104C40000224E6E7DF4301002DE9F047037804463C
:104C5000032B03D912252846BDE8F0874378032BA0
:104C6000F8D8437E8578002B4ED1012DF2D100F08B
:104C70005FFF854340F0918094F8028018F00105B1
:104C800006D001232269A168E078FFF7D9FB054629
:104C900018F0020F07D002232269A168E078FFF71D
:104CA000CFFB2843C5B218F0040F7AD094F803A0C4
:104CB0000423D4F80890226950464946FFF7C0FB08
:104CC000284310F0FF05C6D1B8F1050F0ED194F8B6
:104CD00004800423E16862694046FFF7B1FB0546A2
:104CE0000028B8D1C24558D1894556D1237E013B11
:104CF000062BAFD801210020FCF7C4F9054648B9BE
:104D000041F68A60FBF792FD6B1E062BA2D8AA071C
:104D1000A0D4ACE7A8300CF047FC18B195F854309B
:104D20009B073CD1657EE278003DA078A16818BF62
:104D30000125012AB4F800E000F0040314BFB2FA20
:104D400082F2022294F818C018BF520910F0010F25
:104D50001FD026695BB16769F319994207D24B08E6
:104D60009E4228BF1E468B1B9F4228BF1F460E4BEC
:104D700083F84150002583F83C0083F83D20A3F8D8
:104D80003EE083F840C083F844001F65C3E9121673
:104D900061E7002BEBD02769E9E711255BE70C25DC
:104DA00059E7002DA2D056E7E812002000B589B0DF
:104DB000437940F271218DF8043083798DF8053004
:104DC00001238DF8063003788DF80730B0F80130F4
:104DD0004B430393B0F803204A430D4991F8401028
:104DE0000592A2F6C4128DF81C1000218DF81D103A
:104DF00008498A4209D8A3F6C4138B4205D801A8F2
:104E0000FFF722FF09B05DF804FB3020FAE700BF8E
:104E1000E81200203C369C002DE9FF410646007850
:104E2000012813D17378012B03D9022B0CD1B3883D
:104E300053B17288B2B1B388A3B10A214A434FF487
:104E4000A0614B439A420DDB122479E00028FBD18C
:104E50000121FCF717F90546002840F08D8042F249
:104E6000665007E001210020FCF70CF9054618B94F
:104E700047F2E250FBF7DAFCB388002B76D10CF056
:104E800021F8002874D195F81431002B72D12846EE
:104E9000FFF7F8FA04460028D6D10121DFF82C816B
:104EA0000846FCF7EFF898F81310074619B110B947
:104EB0004CF2C400DEE798F83C200023CDE9023331
:104EC00012F001031CBFD8F84C000290520741BFFA
:104ED00004AA02EB8303D8F8502043F8082C0029D9
:104EE00041D097F81431002B3DD07388DBBB98F884
:104EF0003C303846009302ABD8F8482098F83E1072
:104F00000CF0B6F878B338460CF054FB07F14003C8
:104F1000064605F14002683753F8041BBB4242F8CD
:104F2000041BF9D12846FFF7ADFA024610B140F252
:104F3000EF609FE70C2E07D1014628460CF0E1FCFC
:104F4000204604B0BDE8F08116B147F28C1091E71D
:104F500098F83D302846296D43F0040385F8543015
:104F60000CF0AFFCECE7B2887188E6E71124E7E7C4
:104F70003A24E5E70C24E3E70CF0C7FA04460028DE
:104F8000DED195F8543095F8A62022B195F8A720E7
:104F9000134385F8A600053B012BD1D82B6D13B91F
:104FA00043F6AE6066E701210846FCF76BF84FF464
:104FB000C072294606460BF083F8002386F8943029
:104FC0000423316D304686F85430C9E7E8120020DA
:104FD0002DE9F04F457A04468FB0A80718D545F063
:104FE00001056572072D15D800F0A2FD35EA000015
:104FF00040F0578194F848308BB9012D0AD1A3694C
:10500000A94AA3F25373934200F24981012609E0B1
:105010006907E7D1122420460FB0BDE8F08F15F0E4
:105020000106ECD1AA0745BF731CB1464FF0FF093A
:10503000DEB26B070AD5B31D9C4A54F82330A3F6A1
:10504000C413934200F22B810136F6B204F1080733
:1050500004F122054FF000085FFA88F39E422BD836
:1050600023789A1E022A40F21C81012BD2D813B950
:10507000A378012BCED86378032BCBD894F8493092
:10508000013B062BC6D88A4F01210020FBF7FAFF0F
:10509000FB7C0546002B4CD101210846FBF7F2FFB3
:1050A000002818BF054605F1A8000CF07DFA064659
:1050B000002858D00C24AEE7994535D0D7F804A085
:1050C0003B695345A6D86A8B2B8C9A42A2D8B5F877
:1050D00014B001204FF0060C69882A89EB89CDF8BD
:1050E00000B00591CDE9010C0020CDE90623FFF7C2
:1050F00091F8002800F0D380B8F1000F14D0288870
:105100000599884286D1E988069A914282D1AA8976
:10511000079B9A427FF47EAF6B8A5B457FF47AAF40
:105120003B689A4540F0BD8008F10108043702351C
:1051300092E7A8300CF038FA0028ADD06FF00043A9
:10514000D5E92A129A4208BFB1F1FF3FA4D1637A90
:105150002846009304F11803E26861780BF088FF99
:105160000646002898D028460BF0B2FE08B13A2433
:1051700051E728460BF0A6FE0028F8D1BB7C4BB9BE
:105180000AAF0A937B6006238DF82E303846FBF772
:10519000B3FF60B300210DF12600FBF701FF0746C6
:1051A00000287AD001232246BDF82610FFF786F9A1
:1051B000384610F02AF91EB9617828460BF014FF22
:1051C00004F10308A2782178284643460BF0BAFE82
:1051D00000286FD112240021B7F8B200FBF768FF56
:1051E00000283FF418AF4DF62D70FBF71FFB0A9B0C
:1051F00093F8CD20802AC9D093F8E530002BC5D094
:1052000058E7637A8DF8286013F00102E16818BF4F
:10521000A0690B911EBF0C9001208DF828009E07FD
:1052200044BF0132D2B258071BD59DF82800063280
:1052300003F0050354F8222040F00400052B0D92E2
:105240008DF828000DD10C981318994209D24B08FB
:10525000834228BF0346C91A0C93914294BF0D9113
:105260000D920AA92846FEF7E5FB94F84810284657
:10527000003918BF01210BF062FE94F8491028464E
:105280000BF043FE28460BF049FF394628460CF048
:1052900018FB0024BFE60B249DE70D24BBE6302459
:1052A000B9E61124B7E600BF3CF67002CBF37002FA
:1052B000E812002016B92846FEF704F82178434684
:1052C000A27828460BF09DFE94F8099000F030FC7F
:1052D00009EA0001284601F005010BF019FE16B994
:1052E000042385F854302F654246A0780CF047FC23
:1052F000014628460BF0A0FE237833B94246A17838
:105300003846FFF765F80028C5D1002E3FF479AF85
:10531000042128460BF040FE0028BAD10C245AE79D
:1053200010B5437994B0032B57D823F002030279C8
:1053300040F271218DF80630D0F806308DF8042047
:10534000CDF807304389027BADF80B3001238DF88F
:1053500005208DF80D3003884B43049342884A435F
:105360000792A2F6C412847B417B41EA0421ADF886
:105370002810047CC17B41EA0421ADF82E10847C06
:10538000417C41EA0421ADF83410047DC17C41EA3E
:105390000421ADF83A10417D847D41EA0421ADF845
:1053A0004010C17D007E41EA00210E48ADF8461054
:1053B00000218DF84C108DF84E100B4990F84000EC
:1053C0008A428DF84D000AD8A3F6C4138B4206D842
:1053D00001A8FFF7FDFD14B010BD1220FBE730203F
:1053E000F9E700BFE81200203C369C0073B50623A5
:1053F0000025CDE900558DF806306846FBF77CFEA8
:1054000008B1002610E0009D95F8CD30802BF4D037
:1054100095F8E560002EF0D095F83131002BECD1F5
:1054200095F8CC30002BE8D101210020FBF72AFEB3
:10543000044618B94DF6D140FBF7F8F9A8300CF046
:10544000B3F8224BDB7C73B3E0B194F85430053BE6
:10545000012B17D820460CF0ADF8054610B14FF2DD
:105460004920E9E72046FDF7B7FE94F854302A4674
:10547000294623F00403204684F854300CF041FA06
:1054800000250DE001210846FBF7FCFD044610B99C
:1054900041F66740D0E7A8300CF086F860B90C25DB
:1054A000284602B070BD28B9002EF8D0FF2385F839
:1054B000CC30E5E7002EF9D120460CF07BF805460C
:1054C0000028EDD12046FDF787FEE9E7E81200202D
:1054D00070B5837805460A2B34D800880DF014FD8A
:1054E000044688B312212888FBF7CCFD18B948F68A
:1054F0008B70FBF79BF994F8503113B10C263046B2
:1055000070BD837A03F0FF06002BF7D194F8713059
:105510001B0706D4FF2384F84F31FF2384F8503152
:10552000EDE794F87530DB0907D0037BA978427B5F
:105530008B4228BF0B469A42EFD3044902300EF04B
:1055400035F9DCE71226DAE70226D8E73D580100F4
:10555000F7B5067804460F46EF2E03D912263046DB
:1055600003B0F0BD90F901204378002AF6DB827881
:105570009207F3D113F010001DD19D0603F0030232
:1055800016D5002AEAD11907E8D42179E278E5791D
:1055900042EA0122617942EA0142A17941EA052108
:1055A000257A41EA05418A42D8D81F2A12D8D5E780
:1055B000032AE8D1D2E713F0600FCFD103F007023E
:1055C000052A05D003F00F010D22CA40D207C5D528
:1055D0001D07DAD5627A013A062ABFD8A27A032AD1
:1055E000BCD813F0040302D1023A012A03D8E27AAC
:1055F000012AB3D813B9A37C032BAFD8237DF8B10C
:10560000012BABD1237E012BA8D818B36378D9071F
:1056100002D500F0CBF920B36378227D03F01803A4
:10562000082B2ED1022A1CD103213046FBF72AFD7C
:10563000054660B30FF0A2F9002834D00C268EE79F
:10564000022B8BD0A37D013B022B87D8E37D0F2B50
:10565000D8D983E700F06CFA820707D4237D022BA8
:1056600001D111267BE7A37D022BFAD000F060FA6E
:105670004307CBD4237D032BF3D0A37D032BC5D1CC
:10568000EFE7022AD0D0237F002BCDD0E9E703211A
:105690003046FBF7BBFC0546002843D0224B93F96C
:1056A00074100FF0A4FA0021304610F045F828BB22
:1056B00028460FF008FC21463870E07428460FF0A9
:1056C00004FBE37E0646002B3FF449AF00287FF43D
:1056D00046AF0246E96C6846FBF74CFE3246E86C82
:1056E00001210BF036FAE96C68460422FBF742FE12
:1056F00032463146E86C0BF02CFA30E740300EF0C1
:10570000CCFE0028D4D0637813F0330F7FF426AF9B
:10571000A67D2846296A0FF0F4FBFEF7C9FD8642F4
:10572000C6D08BE707261AE7E812002030B50279C9
:105730008BB00346042A4FD84088B0F5804F4BD831
:10574000264900241144ADF800408DF808408A7CB9
:105750004D7B42F010028DF8244042EA4502CD7D97
:10576000097F42EA850242EAC102694602F01F024D
:105770008DF80020BDF80020ADF809201A888DF8BA
:105780000E00000A8DF80B20120A8DF80D408DF8DE
:105790000C208DF80F008DF810405A7BD3F80700CD
:1057A0008DF811205A79059002A88DF812209A7967
:1057B0008DF81320B3F80B209B7BADF818208DF8E3
:1057C0001A307F238DF81B304FF00113CDE90734D9
:1057D000FFF7BEFE0BB030BD1220FBE7859D030036
:1057E0000278034672B1427862B142881A2A09D916
:1057F00082881A2A06D90068034A106000209B8814
:105800009380704712207047E81200200268002041
:10581000014B9A61704700BFE81200200268002027
:10582000014BDA61704700BFE81200200378A3F152
:105830000A02112A9BBF024A00201220937370476C
:10584000E81200200378FF2B15D14378FF2B12D1EB
:105850008378FF2B0FD1C378FF2B0CD1037923F072
:10586000E0021F2A07D11F2B05D05B09034A002045
:1058700082F8403070471220704700BFE8120020C5
:10588000014B187400207047E8120020014B587437
:1058900000207047E8120020024B1B6803B1184734
:1058A00011207047BC1D002008B5052000F0EAF863
:1058B0000FF005FF014B024A1A6708BDE8120020ED
:1058C0002143000008B5052000F0DCF805F08AF956
:1058D000014B024A1A6708BDE8120020214300006C
:1058E00008B53F2000F0CEF801F0DAFA01F012FF1F
:1058F00006F0BCFC014B024A1A6008BDC01D002026
:1059000001C3000008B53F2000F0BCF801F0D0FA58
:1059100001F000FF05F072F9014B024A1A6008BD60
:10592000C01D002001C3000008B50122064B1A71FA
:1059300003F092FD04F0F4FA0CF0E4FE00F014FF22
:10594000BDE8084002F0CEBF6C13002010B5064C35
:10595000064904F108000CF06CFE04F10C00044947
:10596000BDE810400CF065BE6C13002098050020C7
:10597000A005002010B5094C094904F108000CF0FD
:1059800058FE04F10C0007490CF053FE04F110001E
:105990000549BDE810400CF04CBE00BF6C13002060
:1059A000C8050020D0050020C0050020014B187953
:1059B000704700BF6C13002010B50A4C072000F0A0
:1059C00061F8094904F108000CF033FE04F10C0001
:1059D00006490CF02EFE04F110000549BDE8104008
:1059E0000CF027BE6C130020B0050020B805002085
:1059F000A805002038B5074C0D4600F08BFEA068C6
:105A000025600CF00EFEFEF7EDFE01F0CBF8012351
:105A1000237538BD6C130020014B187D704700BF03
:105A20006C13002010B50C4CE0680CF0FAFD2069F6
:105A30000CF0F7FDFEF782FE202000F037F82F2053
:105A400000F034F8262000F031F8292000F02EF87C
:105A50000023237510BD00BF6C1300200048704761
:105A6000811300200048704783140020014B83F805
:105A7000190270476C130020014B93F8190270470C
:105A80006C130020C208074900F00700012383407F
:105A9000885C03438B5404490B78934238BF134608
:105AA0000B70704738050020861500200F4B012130
:105AB00010B503EBD002C40800F0070001FA00F0B3
:105AC000195D21EA0001195509490B78A34205D156
:105AD000002012F8014914B100B10B7010BD002B69
:105AE000FAD0013B0120DBB2F3E700BF380500200C
:105AF00086150020014BD3E90001704738050020CE
:105B00000048704740050020064B1878072881BFE1
:105B100008381823B0FBF3F001308CBFC0B200206E
:105B2000704700BF8615002000487047B49D0300F1
:105B3000054B1868C0F3C022C0F30020400040EAC3
:105B4000820040F0010070473805002008B508F0D9
:105B500081FD0023074A32F82310814205D302EB6E
:105B600083029378044A137008BD01330C2BF2D1E1
:105B70000023F7E7B89D030087150020024B187833
:105B8000072828BF07207047871500202DE9F04718
:105B900086B0044600F1B00890F80F90ADF80C30D4
:105BA0000F4690F86F30164643EAD303D80702D465
:105BB000B9F1260F63D194F8B050002F59D1FFF7F7
:105BC000B7FF8DF81300002E55D1FFF7B1FF2E4B14
:105BD0008DF81400D3F800A0BAF1000F0CD0A9F191
:105BE000260128460DF113024B424B4141460093DA
:105BF00005ABD047054630B99DF8132012B19DF88A
:105C000014302BB90925B9F1260F2ED100231A46DD
:105C100094F8391131B1920703F0020331D583B3FF
:105C200002231A46FF2184F8491194F8481101F023
:105C3000FF0511BB84F84B314046BDF80C309DF890
:105C40003810A4F84C31BDF80C3084F8481105A97F
:105C500084F84A218DF814708DF81560ADF816306F
:105C60000CF0AFFD002384F84931284606B0BDE8AA
:105C7000F0873846A5E73046A9E73A25F2E71A2526
:105C8000F3E70925F1E700BFE41D0020B0F8B230CA
:105C900010B5044680F88111A0F8823190F83001E7
:105CA000FEF714FB84F8840194F83101FEF70EFB33
:105CB000044984F8850104F5BC70BDE810400DF07E
:105CC0007EBD00BF8927010030B5C1F30722CCB2E9
:105CD000174985B0C5B2C0F307230978019049B9C7
:105CE000114620460CF05BFD20B9194628460CF001
:105CF00056FDC0B12B40234002EA030001460BF0E1
:105D000051FF044608460BF04DFF032C06D19DF8C9
:105D1000063003F00303012B08BF0424E4B244EA75
:105D2000002005B030BD05EA020003EA0401E6E701
:105D3000881500202DE9F04390F80E90884685B034
:105D40000446A9F1250359425941052A33D1C37BA1
:105D5000272B35D100F10F0798F8016098F8025011
:105D600006F0070605F00705731E6A1E33402A4039
:105D700013431FD128460CF0BAFD58B394F83031C4
:105D8000984227D094F84A21154213D0B9F1250F33
:105D900020D094F8292115421CD10138013B434AF7
:105DA000C0B2DBB21044032B00790FD81A44137928
:105DB00083420FD9204605B0BDE8F0430CF064BD26
:105DC000B9F1250F70D100F10E07C5E74DF67D4002
:105DD000FAF72CFD30460CF08AFD38B194F83131D9
:105DE000834203D094F84B311E42E3D0B8F80380CD
:105DF00003AB2A46314600932046434604F10F0583
:105E00000CF082FD40BB94F84831012B21D1B4F84D
:105E10004C3104F5307294F8301163F30F00E388CD
:105E20000CF0D5FD064688B901462046FFF72EFF47
:105E300084F848613E70AF4223D10023E3732046CB
:105E40000DF066FF002005B0BDE8F0832C23A3739E
:105E5000F1E784F84801EEE7E388A4F8C08208F18E
:105E6000FF38A8EB030847F6FD731FFA88F898453A
:105E70000BD92823204684F8373001F041FAAF428D
:105E8000DDD0002384F85630DCE7E37B0D2B02D015
:105E90000A3B012B01D82A23ECE7BDF80C30A4F80B
:105EA000C23229233B70EAE70220CCE7E89D0300D9
:105EB000034B002283F85020A3F85220704700BF04
:105EC0008A150020044B93F85020012A1ABF036062
:105ED00001200020704700BF8A150020064B0246B3
:105EE00093F8501001291BBF0120A3F85220002075
:105EF00083F85000704700BF8A150020054B02460A
:105F000093F8500028B1136011B1B3F852300B80F0
:105F1000012070478A150020054B002293F850009D
:105F2000A3F8522010B1012083F85020704700BF21
:105F30008A150020034B93F85000B0FA80F0400916
:105F4000704700BF8A15002050B90A4A0120134645
:105F500003F8010B0868C2F801008A889A8070472C
:105F6000012805D1034B0A68D8719A608A889A8102
:105F7000704700BFDE15002050B90B4B187888B170
:105F8000D3F80120B3F805300A6001208B807047F8
:105F9000012806D1044BD87920B19A689B890A6000
:105FA000F3E70020704700BFDE15002010B9044B56
:105FB00018787047012806BF014BD8790020704738
:105FC000DE150020F7B58A8800238DF80600ADF8AD
:105FD000042008680B4A8DF807300146147802F552
:105FE000A872019DD8B2844201D8082007E052F877
:105FF000087F01335668AE4208BF8F42F2D103B02A
:10600000F0BD00BFF0150020084B0146002230B55E
:106010001C7903F20713D0B2844201D8082004E0AF
:1060200013F8015F01328D42F5D130BDF01500202B
:10603000F0B5254D89B095F8984105F2991168465B
:1060400022460AF03DF8214668460CF066FE0446FA
:10605000B8B300EB400102A8C9B2FBF757FA631EC0
:1060600095F8A1610124DBB295F8981105E0721C46
:10607000B2FBF1F001FB1022D6B206F120020DEBCB
:10608000020010F8202C002AF1D103EB430100F8A4
:10609000204C06EB460220312A44694411F8187C52
:1060A00082F8A27111F8177C11F8161C82F8A371FE
:1060B00082F8A411013BAA19DBB282F89941FF2BA7
:1060C000D2D109B0F0BD00BFF015002070B5064672
:1060D00088B00C46002A4ED0294A92F8A131D01837
:1060E00090F8991119B941F64F20FAF79FFB03EB8D
:1060F00043010133114491F8A251E57091F8A35185
:1061000091F8A41125716171002180F8991192F81C
:106110009811B3FBF1F001FB103382F8A13192F832
:10612000C23123B9174902F5DD700DF045FB6579E1
:106130000D220021684605F03F0545F040056571D8
:1061400010F020F9E37804AA69468DF80F30304644
:1061500023798DF80D508DF80E30042310F049F896
:106160009DF81F3023709DF81E3063709DF81D3020
:10617000A37008B070BD03216018FBF7C7F9D6E71C
:10618000F015002031600000044B1A79824286BF6E
:106190001B1893F850010020704700BFF015002035
:1061A000044B1A79824286BF1B1893F848010020DD
:1061B000704700BFF0150020074B00224FF46171BB
:1061C0001A701A7183F8C32183F8C421A3F8C61189
:1061D00083F8C221704700BFF0150020014B93F8EF
:1061E000C4017047F015002010B51446FFF7EAFE11
:1061F000082813D0FFF708FF094B1A7982420DD9FE
:1062000004B12070184490F8403190F85001012BEF
:1062100008BF40F0010000F0010010BD0120FAE7C6
:10622000F0150020014BB3F8C6017047F0150020AF
:106230000A4B30B51C7984420ED9184490F80801F5
:106240002B3003EBC004A5790D7053F830001060BB
:106250000120A388938030BD0020FCE7F0150020CA
:1062600070B506460D4607F0FBF806F0ADF90A4892
:1062700090F8C34164B1017961B100F1880308303D
:106280003246002D08BF184606F046F906F0CEF952
:10629000204670BD0C46FBE7F015002008B5064B04
:1062A000024603EB0113012103F1880006F034F9E3
:1062B000BDE8084006F0BAB9F015002002460748CC
:1062C00010B590F8C34124B1017921B1083006F02E
:1062D00023F9204610BD0C46FBE700BFF015002057
:1062E0002DE9F74F2F4C9A46804689462379834201
:1062F00056D9231893F8485185F00105F9B193F860
:106300005031E3B945F002070135BAF1000F18D159
:10631000FA070AD5062104EB0810524601FB084192
:10632000883001F58871FFF7D1FEBB0734D504EB47
:106330000810524649460830FFF7C8FE2CE02F46A9
:10634000E3E794F8A1614FF0010B002DE0D0A31911
:1063500093F89911019399B90092DAB100F0F2FB28
:10636000019B06EB4601009A4FEA102C83F899B185
:10637000214481F8A201000C81F8A3C181F8A40195
:10638000013694F89831013DB6FBF3F103FB116639
:10639000F6B2DAE747F00407384603B0BDE8F08FFD
:1063A0000027F9E7F0150020F8B50646174C48B36A
:1063B000217904F5A4700CF0B0FC94F898510746CC
:1063C00004F2991029460CF0A8FC2D1AEDB2AF4248
:1063D0001AD800252279EBB29A4201D80120F8BDE3
:1063E000E21892F848215AB90621324601FB0341CE
:1063F00004EB031301F5887103F18800FFF766FED3
:106400000135E7E70546E5E70020E8E7F01500205D
:10641000F0B51B4E89B007460D46337983422CD91F
:10642000331893F8484144BB0D22214668460FF0CB
:10643000A9FFEB7806EB071004AA8DF80F30694628
:106440002B7988308DF80E306B798DF80D30042360
:106450000FF0CFFE2A789DF81F309A420AD16A7851
:106460009DF81E309A4205D1AC789DF81D30E31A94
:106470005C425C41204609B0F0BD0020FBE700BF54
:10648000F0150020074B1A79824209D91A1892F8A0
:1064900048212AB9062202FB003000F588707047B7
:1064A00000207047F0150020064B1A79824281BF08
:1064B0001B1893F84001B0FA80F0400998BF002003
:1064C000704700BFF0150020034B80F888101B6850
:1064D0000BB1408818477047E81D00200B2808B50D
:1064E00003D94FF28250FAF7A1F9024B33F81000AA
:1064F00008BD00BFF09D030030B50024D0F8D030B7
:1065000042F21075A0F84840C464B0F850405C43B3
:10651000B4FBF1F4A0F850404C1E05FB0242B2FB64
:10652000F1F2A0F84A20094AB2FBF1F20132A0F8D8
:106530005420B0F8442005FB0244C26B5343B4FB23
:10654000F1F4B3FBF1F30464C36330BD005A62029B
:10655000054B1B7833B9054B1A681B790260037130
:106560000120704700207047B81700204805002020
:10657000054BFF221A70054A0168116001791171FB
:1065800000221A70704700BFB8170020480500208D
:1065900007B5064A10681279009068468DF8042005
:1065A000FFF7E6FF03B05DF804FB00BF541D0400D5
:1065B0000346084671B13F2B0BD8074AD35C03F062
:1065C0007F02914205D08CBF0120002000EAD31049
:1065D00070470120704700BF089E0300FF230B7027
:1065E00002234B7083238B70014B1B78CB70704759
:1065F000BC1700202DE9F84FD0F804800C46D8F8DD
:106600001C6030460AF074F9054618B94DF2DF30C7
:10661000FAF70CF9014630460AF078F9B5F800B0FF
:1066200082461FFA8BF717B94FF64970F0E7224BF5
:1066300000F103091B68D3B998F8023098F80320D9
:106640002370637802F00F02A4F802B023F00F0366
:10665000134323F0C00363709AF8003003F0030380
:10666000012B0FD0022B0DD04BF2EC00D0E73A46B5
:106670004946B8F80200984705460028DCD128466C
:10668000BDE8F88F6278304663F3051262700AF055
:1066900047F9054610B94EF65B00B9E7FB2F02D962
:1066A00042F2D120B4E73A464946201D09F008FDE0
:1066B00030460AF0CCF8E2E7F01D002038B5134C64
:1066C00010220021201D0FF05DFE0125257404F12C
:1066D00008031022002104F11400C4E901330FF073
:1066E00051FE84F8205004F11803094AC4E9053327
:1066F00000236362A36284F82C30C4F82D30C4F800
:10670000313084F835301360A36338BDBC170020E6
:10671000F01D002010B5074C2378FF2B03D040F26A
:10672000B250FAF783F809F035FC2070BDE810404C
:10673000FFF7C4BF4D05002010B5034C207809F0C9
:1067400043FCFF23237010BD4D050020014B18783A
:1067500009F04ABC4D050020014B024A1A607047FF
:10676000EC1D0020F5650000014B024A1A607047DD
:10677000EC1D0020F56500002DE9F341DFF88C8168
:10678000054608F11407D8F80830D8F81840227ADE
:10679000012A23D1D8F8382052B1137A1BB94BF211
:1067A000A730FAF743F8D8F83840CCB9002095E084
:1067B0001A7A012AFAD01C46554AEFF3108172B6B4
:1067C00050680068506001B962B6A34208BFC8F8BB
:1067D0003840237A23B947F61930E2E73A46ECE726
:1067E000267AF6B205232372731E0B2B7FD8DFE8BF
:1067F00003F07B062336783F4E3F3F3F3F6C636894
:1068000013B94FF20E00CCE72046294698470420E2
:10681000EFF3108272B6237A052BD9B24FF0000342
:106820006AD12372D8F83810A14201D1C8F83830A3
:10683000002A46D162B644E0636813B947F2B84013
:10684000AFE72946204698470346ADF80400C0B29A
:10685000C3F30723012B3FD0022BD9D12AE0636871
:1068600013B94BF29B609CE7204698470020CFE786
:10687000284B1B68002BF9D03246606829469847A0
:10688000A6F10A020420534253415B00E4E7636827
:1068900013B94CF2CB6084E786222A700122598812
:1068A000AA706A7100229869A5F80310AA7109F00C
:1068B000CEFF0420D8F83830A34202D10023C8F814
:1068C000383000283FF45FAF08E0134B29462046DC
:1068D0001B689847034668B9267298B102B0BDE8B4
:1068E000F08143F26B205CE74DF6672059E747F6ED
:1068F0006B0056E70220DDE711B944F6380050E797
:10690000184695E7002B7FF43EAF4FE7BC170020F9
:10691000C0170020F41D0020EC1D0020134610B508
:10692000027A1AB144F28140F9F780FF0A46014623
:106930000248BDE810400CF01DBF00BFC01700208A
:10694000044890F82C301BB9034924300CF02EBFBA
:10695000704700BFBC17002065370100034606489A
:1069600090F83C203AB190F8352022B9034900F85C
:106970002D3B0CF01BBF7047BC170020DD650000ED
:106980000A4610B5037A1BB143F29510F9F74EFF92
:10699000014607230248BDE810400CF0EBBE00BFE3
:1069A000D01700201346027A0AB1037270470A46D4
:1069B000014601480CF0DEBEC0170020002900F19E
:1069C0000C024FF01B110CBF4FF4A4734FF429635A
:1069D00082621B220162C160C16206490283828217
:1069E00042814383C38243820382C38401638286DC
:1069F000838470471B004801014909300CF0DFBE59
:106A0000453801002DE9F8430C469DF82410063363
:106A10000646A1F10309008E13449DF820805FFA19
:106A200089F9B9F1010F8CBF002728271F440CF00A
:106A3000CCFEB9F1010F054641468CBF738E4FF471
:106A40002963984228BF1D46ADB205EB0709A14551
:106A500038BFA4EB0909B46A28BF4FF00009A08A27
:106A60000CF0B3FE248B0C4B84421B7828BF0446E9
:106A7000A4B27BB9307A41460CF0A7FE48450A9B88
:106A800038BF4846844288BF84B260191C803844AD
:106A9000BDE8F8830020EEE7F91700202DE9F0416A
:106AA000074686B016461D4639BB1C4B284653F890
:106AB000224006F0C1FD80460DF021FD04F58564FD
:106AC0004FF47A739F304444B4FBF3F404440DF163
:106AD0001603BDF8302007F140000096CDE90153C0
:106AE00000231946FFF78EFFBDF83430A3422CBFB8
:106AF000C018001906B0BDE8F081184606F09CFDEC
:106B000004460DF0FCFC4FF47A7304F544419130D7
:106B10004931B1FBF3F10C18D9E700BF3CA00300E9
:106B2000014B1878704700BFF9170020014B5878C7
:106B3000704700BFF9170020014B1878704700BF5D
:106B40004E050020094AD2E90003434083EAB01110
:106B500081EA43214FEAF34311605360044B5843E9
:106B60004FEAF06000EB8000704700BFFC17002088
:106B7000BB79379E094AD2E90003434083EAB0114A
:106B800081EA43214FEAF34311605360044B5843B9
:106B90004FEAF06000EB8000704700BF5005002016
:106BA000BB79379E10B50A4C08210948FAF7AEFCAC
:106BB000D4E900321343F7D0064CFFF7DBFF206027
:106BC000FFF7D8FF236860601843F6D010BD00BF00
:106BD00050050020FC17002038B5A0F10B03144627
:106BE0000D46DBB22046442B96BF0C4AFE21D15CF9
:106BF0000DF036F888B985B12978342909D03F29B4
:106C000009D0272908BF26212046BDE838400DF0CD
:106C100027B83221F8E73E21F6E738BD489E030049
:106C2000094B0A4A1A600A4B0A4A1A600A4BC0F812
:106C3000B0300A4BC0F8AC30094BC1F8B030094B4A
:106C4000C1F8AC30704700BF401E0020075901005A
:106C50003C1E0020F5C3000029C4000049C3000009
:106C6000D358010025590100174B184A9A60184A59
:106C7000DA62184A1A61184A5A61184A9A61184A1F
:106C80001A63184A5A62184ADA64184A9A64184A07
:106C90009A63184B184A9A60184A1A62184A5A603E
:106CA000184A1A60184A9A62184ADA62184ADA6070
:106CB000184A9A61184A1A63184A9A64184ADA6498
:106CC000184A5A62704700BF601E0020CF3D010085
:106CD0008341010059410100254101002574000054
:106CE0005D770000157600003D4301005D43010023
:106CF000B575000060200020E33D0100F142010075
:106D0000473E01004F4001007B42010099410100D4
:106D1000954201006542010001440100A1430100C8
:106D20008F43010005430100174B184A9A60184A27
:106D30005A60184A1A60184A9A62184ADA62184A5F
:106D4000DA60184A9A61184A1A63184A1A62184A8D
:106D5000DA64184A9A64184A5A62184B184A9A60B8
:106D6000184A5A62184ADA62184A1A61184A5A616D
:106D7000184A9A61184A1A63184A9A64184ADA64D7
:106D8000184A9A63704700BF601F0020CF3D010082
:106D9000F13D0100793F0100B541010009420100C8
:106DA000A1740000194201005D770000B575000074
:106DB0003D4301005D430100157600006021002085
:106DC000E33D01000543010033420100ED410100B4
:106DD0004F4201003D75000001440100A143010044
:106DE0008F430100F1420100054B064A1A65064A2D
:106DF0005A65064B064A1A65064A5A65704700BF2F
:106E0000601E0020B145010089450100602000207E
:106E1000754501000B460100044B054A5A65054BB8
:106E2000054A1A65054A5A65704700BF601F002071
:106E30002746010060210020754501004F460100F2
:106E4000054B064A9A65064ADA65064B064A9A6574
:106E5000064A1A66704700BF601E0020B52A01006E
:106E6000672B010060200020DB280100B92B010006
:106E7000054B064A9A65064A1A66064B064A9A6503
:106E8000064ADA65704700BF601F0020272B01000B
:106E9000355D000060210020DB280100192C010075
:106EA00001490248FFF7BCBE60200020601E0020A0
:106EB00001490248FFF7B4BE60210020601F002096
:106EC00073B5044601A80E46FEF7FCFF18B947F259
:106ED000B370F9F7ABFC5022002101980FF052FA81
:106EE000019B3F2E1D4605F8036F43D83F2E44D823
:106EF000DFE816F046004C005100600077004D01BD
:106F00004D018200990085004D014D018A009600D7
:106F10009900430043009D004D014D01B100B100B7
:106F2000BF00BF00C500430043004D01CA00D600AA
:106F3000DA00DE00E500E700E900EB00F500FF0005
:106F40002D012F013D0143000701370135011F01CC
:106F50001501170119011B01210125012301290137
:106F60004D01430027011D012B0139013B01430065
:106F700031013301FF2E00F0008140F28B50A8E771
:106F8000214628460DF06DF860B995E02146284667
:106F90000CF063FFF8E794F8B0206ABB94F83D2149
:106FA00002201A71FEF79AFF002840F0F2804DF699
:106FB000FD508EE7D4F8802217205A60D4F884223E
:106FC0009A60B4F888229A81D4F86022C3F80E201F
:106FD000D4F86422C3F81220D4F89820C3F81620FD
:106FE000E0E7D4F8FE210D205A60D4F802229A601E
:106FF000D4F89C20DA60D5E794F8A820D0E7294699
:10700000204600F069FBBFE7112206201A715922C1
:107010005A7100229A715A22DA7130221A72C1E72B
:1070200094F8A220BCE7284600F044FBACE794F8B3
:10703000B02052B994F8A8203AB194F8A5201A715A
:1070400094F8A42003205A71ACE794F8A3201A7195
:1070500094F8A220F6E7D4F81821092091899980A4
:10706000B4F8AA10D98012891A81B4F8A8205A81DC
:1070700098E794F84A211A7194F84B21E2E72146E7
:1070800028460BF0E0FC7FE71121B4F8B200F9F7D5
:10709000F9FF00F15B0128460CF0B9FA232081E7E3
:1070A00028460EF05DFB6FE728460EF062FB6BE7AB
:1070B000394B1B68002B5CD14EF6D20009E7374BE9
:1070C000F7E7374BF5E7374BF3E7374B1B68002BF8
:1070D000F2D02320224629469847042062E7324B0B
:1070E0001B68002BE8D0224629462420984705201B
:1070F00058E72D4B1B68002BDED022462946252061
:10710000F4E71121B4F8B200F9F7BCFF00F17D02F9
:1071100000F15B0128460CF086FA2B2042E7234B56
:10712000C7E7234BC5E7234BC3E7234BC1E7234BFB
:10713000BFE7234BBDE7234BBBE7234BB9E7234B0B
:10714000B7E7234BB5E7234BB3E7234BB1E7234B1B
:10715000AFE7234BADE7234BABE7234BA9E7234B2B
:10716000A7E7234BA5E7234BA3E7234BA1E7234B3B
:107170009FE721462846984706E7284694F8B72215
:10718000D4F8B8120CF011FA94F8B702FCE601201A
:1071900008E702B070BD00BF001E0020041E0020E2
:1071A000FC1D0020081E00205C1E00200C1E00207C
:1071B000101E0020181E00201C1E00202C1E002067
:1071C000301E0020241E0020201E0020281E00202B
:1071D000141E0020341E0020381E0020581E0020DF
:1071E000541E0020501E00204C1E0020401E002077
:1071F0003C1E0020441E0020481E0020F81D0020D8
:107200003F289ABF024B53F820000020704700BF70
:10721000601E00203F289ABF024B53F82000002038
:10722000704700BF601F00203F289ABF024B53F8F1
:1072300020000020704700BF602000203F289ABF38
:10724000024B53F820000020704700BF602100204F
:1072500030F8023CF7B504460E46B0F8845073B1DE
:1072600001226846ADF801508DF80020ADF80330DA
:10727000FDF700FC18B146F2E170F9F7D7FA1C4BA4
:107280001B6813B1A4F12E0098471A4B1B680BB171
:1072900028469847184B1B680BB12846984783230C
:1072A0000027A6F803503370B770637AD4F89E00B5
:1072B000737109F0D6FA10B947F29C20DDE7394620
:1072C0002846F9F7F5FE02212846F9F7F1FE18B92C
:1072D0000A4B1B6803B198474FF40173002003F079
:1072E00004021B0A62F3070063F30F2003B0F0BD32
:1072F000642200206C2200206022002068220020EE
:1073000073B50446D0F8C8504FF6FF760DF1020170
:107310000DF101022846ADF8026009F052FA01A908
:10732000284609F070FA48B1019809F0F7FA0022EE
:10733000027204F1B001FFF723FBE7E7034904F110
:107340002E0002B0BDE870400CF033BA517200005C
:10735000F0B5044685B00D46FF2600F8D16C10F854
:10736000D23CF3B1174F3B781BB142F60970F9F7E5
:107370005DFA0C21381DFAF7C9F83E70002304F8B5
:10738000D13C8A232A4602F8033BD4F80930C5F8D9
:107390000330D4F80D305360D4F81130936005B049
:1073A000F0BD01A80C21FAF7B1F8A4F50F73039A08
:1073B0001A6001AB03CB44F8DA0C44F8D61C04F88D
:1073C000D26CDBE70418002010B5054C23782BB9EC
:1073D0000C21201DFAF79AF8FF23237010BD00BF7F
:1073E00004180020024690F80632BBB990F8073224
:1073F00003F0FF010BB100207047094B18780028FB
:10740000F9D01970D9680433C2F89C1003CBC2F8C4
:10741000FE01C2F80212FF2382F8063201207047F3
:107420000418002010B5837B04461F2B32D10023A3
:1074300080F85D3080F8563080F88A3290F85E200F
:10744000B0F8B210BAB180F85E3090F8BB0194F891
:10745000BC21A4F8C71184F8CA0104F2BD100E497A
:1074600084F8C63184F8C93184F8CB210CF0A7F92F
:107470000020A07310BD0123A0F8B61180F8B5213B
:1074800000F5D670037342738273027403490CF0E3
:107490008DF9EDE70220EDE70D410100F540010017
:1074A00038B5C37B04460D463BB1132B05D0113BC9
:1074B0000F2B8CBF0120082038BDD4F8AC30A3BB03
:1074C00094F85E3013B920460CF011FCD5F80B305F
:1074D000C4F8F631D5F80F30C4F8FA31D5F81330C6
:1074E000C4F89830B4F8B230A4F8E132D5F80130DD
:1074F000C4F8E332D5F80530C4F8E732B5F80930FE
:107500000025A4F8EB3284F8BB5184F806520A49EE
:1075100004F536700CF04AF920460AF040FA1623BA
:1075200084F876002846E373C6E720460C22032140
:10753000BDE838400CF0FFBB5173000010B5C37BB1
:107540000446202B03D04EF21400F9F76FF9002205
:1075500090F85E30B0F8B21080F85D20BBB180F8D2
:107560005E2090F8BB0194F8BC31A4F8C71184F8F0
:10757000CA0104F2BD100D4984F8C62184F8C9215E
:1075800084F8CB310CF01BF90023E37310BD01220A
:10759000A0F8B61180F8B53100F5D67002734373C8
:1075A0008373037402490CF001F9EDE70D4101000A
:1075B000F540010038B590F8B05004461DB9C37BC2
:1075C00023B101201BE00368DB07FAD4D1F80120C6
:1075D00020460E4BD1F8051013400D4AC4F86E300A
:1075E000C3F307630A4043F00803C4F8722084F829
:1075F00071300CF07CFB1DB90423E373002038BD0F
:10760000236843F001032360F8E700BF2FC904F7A4
:10761000EFDB008010B5837B042B2FD1D1F8013034
:107620004A1CD1F80540C0F86E30C3F30763C0F8B8
:10763000724043F0080380F87130002380F8563020
:10764000837390F8B0300BB980F84F3190F8503117
:1076500093B990F88E3103F0FF046BB9B0F8B230F3
:1076600000F5C37044724381D1F801300449C3600E
:10767000536803610CF09AF8002010BD0120FCE76C
:10768000C742010090F8502112B1084B1B681847FF
:1076900090F88E214AB9B0F8B22000F5C3700449C1
:1076A00042811A2242720CF081B870477022002089
:1076B000C742010010B50446FEF71CFA044A054B08
:1076C000024009200B40C4F80120C4F8053010BD69
:1076D0002FC904F7EFDB008037B50C460546FEF7EF
:1076E00009FA0A4B0A4A03400A4095F86E100093C3
:1076F0000B4001928DF800306B4603CBC4F80100BB
:107700000920C4F8051003B030BD00BF2FC904F72D
:10771000EFDB0080014B024A1A60704770220020A4
:10772000B5C4000038B5DB04154604D5837E13B11B
:107730000023C36338BDC46B0134C4630CF03FFE47
:10774000036C9C42F6D300230349C3632846BDE87B
:1077500038400CF034B800BF3143010038B5837BAA
:10776000044690F8B050012B07D01DB9C37B23B15C
:10777000012038E003689807FAD494F85F309A073C
:1077800013D44A78D80784F869204A88A4F86A2074
:107790008A88A4F86C2043F0020284F85F200FD599
:1077A000164904F160000CF00AF894F85F30D9072C
:1077B00010D4CDB9E37B43B14AF27560F9F736F8DE
:1077C00094F84E31002BEBD1EFE70123E373204611
:1077D0000CF08DFAA37B0020012B4FF0000304BFB7
:1077E000A37384F8563038BD23689A0702D54CF647
:1077F000C610E3E743F002032360E8E7DF4301003C
:1078000010B5044604F052FD044B0146E0721B68BB
:107810001BB12046BDE81040184710BD782200205B
:10782000024B1B6803B11847704700BF7422002049
:10783000F0B51F4D00242B7814709BB1013B6D688F
:10784000DBB21E1B012E0FDC05EBC40655F83470AD
:1078500076688E4208BF874227D0B84271EB060691
:1078600012D214700020F0BD1E197710C6F347061F
:1078700055F837C005EBC70E8445DEF804708F411C
:107880002CBF33463446DCE705EBC30455F83350D0
:1078900064688C4208BF854206D0A84271EB04049C
:1078A00028BF01331370DDE71C4601201470DAE7AE
:1078B0002418002010F0070208B503D042F24F4010
:1078C000F8F7B4FF18B1034B197258601A70C8006A
:1078D00008BD00BF24180020014B00221A70704719
:1078E00024180020014B00221A6070473418002031
:1078F00008B5044B186810B9FFF7F4FF08BD0C2059
:10790000FCE700BF34180020024B1879003818BF7C
:10791000012070473418002013B5CDE90012054B43
:10792000FF225A7100F11003DDE9000183E8030032
:1079300002B010BD34180020C3693BB983692BB96C
:10794000034B1B681B1A584258417047012070476F
:107950003418002030B50D4AFF231371D0E90653C7
:1079600073B1D0E902149D610C44D9682144D960F7
:10797000816939B1CB610023C0E90633137130BD91
:107980001560F5E7002BF6D0D960F4E73418002035
:1079900010B5124AFF231371C16189B9136883615D
:1079A00003B1D86110600023C169C36099B1CB688D
:1079B0007BB18468A3420AD248F2EB30F8F736FF75
:1079C0008B6988618361002BEDD0D861EBE71B1BCD
:1079D000C3600023CB600023137110BD3418002056
:1079E000014B1868704700BF34180020034B00207B
:1079F0001B6803B9704718469B69FAE734180020E2
:107A00000B4B002230B51B6804464FF0FF35104683
:107A100023B911B9002808BF104630BDDA68A24268
:107A200003D3AA423CBF154618461A469B69EFE7A6
:107A30003418002070B50F4CFF232371036A1BB16B
:107A400081689D68A94203D241F69E60F8F7EEFE78
:107A5000C2698669DA619E6152B193619A691AB10D
:107A6000D361C26811444A1BDA600023237170BDE0
:107A70002360F3E734180020F8B54FF0000C0446FB
:107A8000274E084686F805C0002135680B4685B9A3
:107A90007579002DF6D15BB1984224D3013CB0FB3F
:107AA000F3F11C4403FB01F5B4FBF3F48C420DD954
:107AB000F8BD2F690BB19F4206D23B461FB94DF668
:107AC000FE30F8F7B3FEA98AAD69E0E7B5FBF3F63F
:107AD00003FB165626B9B5FBF2F602FB1656DEB1CD
:107AE0000139ED1AE2E7451E1D44B3FBF4F4B5FB82
:107AF000F0F5AC42DCD3B3FBF5F605FB16374FB916
:107B0000B6FBF2F702FB176727B9B6FBF1F701FBEB
:107B100017671FB10135ECE72846C9E73046C7E7CC
:107B200034180020FF23084A0B700D234B7082236A
:107B30008B701368C1F803305368C1F8073093683D
:107B4000C1F80B30704700BF3A1800201622002100
:107B500001480EF017BC00BF3A180020F8B51C4DC4
:107B600004466B7D9BB390F8B03023BBD0E97876A8
:107B70000CF0C5FC94F83021164B333053F822300A
:107B80004FF47A7203F2E733B3FBF2F3DB19B4F884
:107B9000B22046F100061B182A8046F100066B60F1
:107BA000AE60E38805F10C0002220B496B80BDE852
:107BB000F840FEF7F7BE4B0609D5B0F8B2302B807F
:107BC000D0F868326B60D0F86C32AB60E9E7F8BD92
:107BD0003A1800203CA00300257B0000094B53F815
:107BE000203003F5224370B5B13316464FF47A7254
:107BF0000C46B3FBF2F5344405F016FD2C4420444A
:107C000070BD00BF28A003002DE9F04F91B00446DD
:107C10000F4690F831B10592002298460892002B49
:107C20005CD1437B9B1A18BF012303930AF0AAFD82
:107C3000064694F83B01FEF751FC06440CF05FFC4D
:107C4000E37BB6B200F12C05482B49D00D2B47D071
:107C500094F80E90A9F14801D1F1000949EB01090E
:107C6000059B002B40F08680637B032B40F08280D5
:107C7000B9F1000F6BD0B4F8C032BB4267D1D4F871
:107C800020322046B4F8F421C4F81032D4F8D030B1
:107C9000C4F81432B4F87A321344C4F8183202F03B
:107CA00031FF94F839A1BAF1000F09D0D4F8C822F5
:107CB00041F64B539A428CBF4FF0000A4FF0010A35
:107CC00094F8D4327BB9D4F8D020D4F8C8329A4290
:107CD00022D0B4F8B2000DF062FD1DE00392A5E7DA
:107CE0004FF00109BCE7B4F8B2000DF055FD18B92A
:107CF0004FF64110F8F79AFDB4F8D0324FF0000A71
:107D0000A4F8E630B4F8D2328381B4F8C032A0F8D7
:107D10000EA04381013B038294F83A31002B4BD1F2
:107D2000BAF1000F4BD1D4F8C43284F83AA1C4F8A8
:107D3000E030B4F8C232A4F8E430D4F8C832C4F861
:107D4000D030D4F8CC32C4F8D83002236373A17B8E
:107D5000292943D0A1F12C0251425141E27B292A29
:107D600000D039B1B4F8C032FB1A1B0402D420464B
:107D700002F0BCF8B4F878A2E388A7EB0A0A94F8FA
:107D80003101FB1A0FFA8AFA0FFA83FCBAF1000FDD
:107D900026DAE246D4E99823C4E99C23002384F838
:107DA00033320123627B032A00F2B181DFE812F053
:107DB0001A00260170004A01BAF1000F07D04FF0F7
:107DC0004D13C4F8E8300023A4F8EC30ABE74FF0D3
:107DD0009613A4F8ECA0C4F8E830A4E70121BDE7AD
:107DE0004346DFE7014694F8ED010BF048F8824680
:107DF000D4F8E0003146504406F0E2FB3146C4F8C6
:107E00001C02D4F8D00006F0DBFB09A9C4F820025C
:107E10000AA805F06DFB099B0093DDE90A23D4E96C
:107E20009C010DF05FFE064604F1B0000CF038FC3A
:107E3000D4F87C3294F83101D4F8E0B0089305F01E
:107E4000FBFB089B00F52240D4F81C124FF47A7219
:107E5000203BB1305B445B1A30315B1BB0FBF2F06E
:107E600053442A469B1B1B1A94F831010893B4F81B
:107E7000E43003EB4101FFF7B1FED4F87C22089B0C
:107E8000C4F824029B1AB92B5CD848F6DC0031E711
:107E9000D4F8E0303146D4F81402184406F090FBD0
:107EA0003146C4F81C02D4F8D00006F089FBC4F8AF
:107EB000200204F1B0000CF0F3FBD4F8E030D4F869
:107EC00014621E44B4F8F431002B40F09380B8F1F2
:107ED000000F00F08F8094F8310105F0ADFBD4F86D
:107EE0001C12D4F8683200F52240761A94F8312139
:107EF000B130203E1E44B44B53F822204FF47A7325
:107F000002F2E732D4E998ABB2FBF3F2A6EB0A0631
:107F1000B0FBF3F01644761B361AD4F81032D4F8BE
:107F2000182294F8310102FB0311B4F8E4302A4618
:107F30000896303103EB4101FFF750FE0123C4F8EE
:107F400024026373102200210CA80EF01BFA9F4B31
:107F5000D4F8202204F1F0000D93012308998DF844
:107F60003D30D4F8D030653B9B1A5D1BD4F82432E9
:107F70009D4228BF1D46D4E99C32C4F8F0515B18DD
:107F800042F10002CDE90A320BF073FC2844A4F858
:107F900078720C90DDE90A23C4E99C2302F084F88E
:107FA00010B10C9B1E330C93B4F8E031DB1B1BB2F9
:107FB000002BD4BF002301235B008DF83C30B9F1C6
:107FC000000F40F0A780039B002B00F0EF80D4F857
:107FD000D0100AA8D4F82032C91A0AF004FF80B2DF
:107FE000002800F0DF801A9B03B11880012011B037
:107FF000BDE8F08FD4F81C12761A8EE7D4F8202250
:10800000D4F8D030D4F818129B1AD4F810620AFBB6
:1080100003F30893B4F8F4319C44D4F81C32ACEB6D
:10802000010C30330CF1FF3C06FB0133B4F8E410D3
:1080300002FB0C332A4601EB4301FFF7CFFDC4F8E6
:1080400024027FE7D4F8D02002FB0AF20892B8F1AC
:10805000000F1CD0B4F8F411C9B984F83312D4F865
:10806000201201FB1A2EB4F8F4A10491CDF820E0FF
:108070006BB3BAF1000F2AD1D4E99A61D4E99823FD
:10808000B24273EB010108D340F6512032E694F876
:10809000331200297FF456AFE1E74B4B203E53F8F3
:1080A0002B104FF47A7BD4E99823CDE9062301F213
:1080B000E73301F52241069AB131B61AB3FBFBF35F
:1080C000B1FBFBF11E44761A761B76440896049B9E
:1080D000E2442A4603FB0AFA0AF1300A4FEA4A0A46
:1080E0005146FFF77BFD41F64B53C4F82402D4F808
:1080F000D00098423FF626AF08AB2A46514600937F
:1081000004F509730AF0D7FE84F833021AE74EF635
:108110009670EFE5B8F1000F1CD0B4F8081221B347
:10812000B4F80A2294F80C32501CA4F80A2202FB7C
:10813000033399420EDD9DF83C305BB10023A4F877
:108140000A028DF83C30FEF7FDFC00F0070001301C
:1081500084F80C02039B63B30AA904F50E700DF0BA
:10816000C7FC20B94DF2F530C4E50A46DAE7DDE98F
:108170000A23C4E99623059B83F0010384F8303277
:10818000134D2B6843B104F50E700DF04DFD024602
:108190000B462046296888472046394609F004FCEA
:1081A000002024E7B8F1000FB7D1D5E7B8F1000FF0
:1081B000B3D10AA904F50E7006F034FB0028D6D11D
:1081C0004FF2866096E500BF28A00300D58100002D
:1081D0007C220020F0B5054685B0A0F50E74052977
:1081E00000F2D980DFE811F00600D1003500D70099
:1081F000D700CC0010F8083CE2880BB3B4F82E325C
:10820000934208BFB4F8E4319A1AA4F8E621E38057
:108210002046D4E99623C4E9982301F08FFEA5F502
:10822000F0752B78002B00F0A9805C4B1B680BB11C
:10823000204698475A4805B0BDE8F04007F08AB894
:10824000B4F82C329B1AA4F8E631B4F82C329BB265
:10825000DDE70DF03FFCD4E99823801A61EB0301C0
:10826000012871F1000303DA44F66B60F8F7DEFAD7
:108270006FF0010383424FF000038B4102DA41F6B5
:108280003750F3E7D4F8D0300BB1B0FBF3F3E07B19
:10829000B4F82E2248280ED0A17B473901290AD9EB
:1082A0000D2808D0E1880B449BB2D11A0E0444D5A6
:1082B00001339BB243E00132A4F82E22B4F87A32A3
:1082C0000DF10E07E5880133364EA4F87A32B4F882
:1082D0004A301D44B4F84830013DED1AADB2336860
:1082E0005BB1B4F82E1200222046013989B29847BA
:1082F000B4F82E321844A4F82E02B4F82E126B1AD9
:1083000018042CD40023204600971A46FFF77CFC63
:10831000012833D1B4F82E22B4F8E011BDF80E30A4
:108320001344521A12049BB204D5EA1A12F4004FF5
:1083300018BF0B46A4F82E32D1E7013293B2A4F84D
:108340002E3215F8073C002BB8D1B4F8E431B4F85C
:108350002E22934204BF0133A4F82E32AEE7237ECF
:108360002046002B14BF08233E2384F83730FEF745
:10837000C7FF20460CF0C1FF0023637305B0F0BDBA
:1083800005B0BDE8F04008F0B4BC637B042BF3D02B
:1083900041F294006AE740F6824067E790220020AD
:1083A00009D500009C220020F0B5044685B090F865
:1083B000583003F0FF05002B67D1437B032B64D1BA
:1083C0000DF088FBD4E99823801A61EB03010128A2
:1083D00071F1000359DB6FF00103834275EB01017A
:1083E00003DA4EF69F30F8F721FAD4F8D020E3886C
:1083F0000AB1B0FBF2F2013313449BB2A4F82C3261
:10840000B4F8E431B4F82C229B1A1BB2002B3CDDEB
:1084100004F50E700DF083FB002836D0FF2384F89E
:108420003132B4F84A300DF10E07E588184E1D447C
:10843000B4F84830013DED1AADB2336863B1B4F819
:108440002C1200222046013989B29847B4F82C3208
:10845000184480B2A4F82C02B4F82C32EB1A1B0496
:1084600013D4B4F82C1200230122204689B20097BD
:10847000FFF7CAFB012808D1B4F82C32BDF80E2052
:1084800013449BB2A4F82C32D7E705B0F0BD00BF6F
:108490009C2200202DE9F8430E46044618B94FF6F9
:1084A0002360F8F7C3F9052900F2A780DFE801F09F
:1084B0000376413DA52E0DF0BAFBC4E950012046DC
:1084C00001F08AF9D4F83401A4380DF005FB2046F8
:1084D0000CF004FD054600BB014620460CF0CCFB29
:1084E00000F1AE06D4F83401B04209D2301A0321AB
:1084F000192838BF19200DF06AFB60B10DF0EEFAB3
:10850000C4F8346120460CF02DFD45B12046BDE88D
:10851000F8430CF028BD0125F2E70025F2E7D4E985
:108520005023C4E94A23BDE8F883BDE8F84304F0CA
:10853000EBBF0CF0C7FB04238146884684F8393131
:108540000DF0C8FA07220F46A9FB023102FB081101
:10855000D4E94A525B1941EB0205D4F810213AB133
:1085600059EA080204D0984277EB050228BF012699
:1085700084F83861D4E95226121A66EB070694F89B
:10858000581139B9012A76F100010BDA204601F0C1
:108590002BF903E0012A76F10006F7DB002384F8CB
:1085A0005031C0E7984277EB05010FD259EA08082D
:1085B0000CD01B1A65EB07019A4276EB010005DB34
:1085C000012B71F10000A4BF1A460E460C4901238D
:1085D00004F1E800914284F851314FF0000384F82F
:1085E0003031B341B8BF0A4604F5987106F0F8FF80
:1085F000002898D143F65A2053E742F6625050E7DC
:108600000040420F2DE9F84304460E46154690F807
:10861000503103F0FF07002B40F0908000F1E80894
:108620003946782240460DF0ADFE22464449404688
:108630000DF077FBC4F81061FF2384F8503166B168
:10864000FEF798FA00F0070020223946013086F83C
:108650000C0206F50E700DF095FE40F20243A4F8F0
:108660003831002384F8303105F0FEFF00F149066F
:1086700020460CF033FC0146B6B2A8B30AF082F8EB
:1086800000F12801284689B205F09AFF2844AE3D42
:10869000C4F834010DF01EFA301841F10001C4E9AC
:1086A0005001012084F814010CF0F4FC2D1AC4F8D8
:1086B00018514FF0FF356FF000414046D4E9502388
:1086C000C4E95251002504F59871C4E94823C4E96E
:1086D0004A2384F8515142F2107206F081FF30BBF8
:1086E00042F21860F8F7A2F82046DFF858900CF034
:1086F000C3FAAE30C4F83401B9F8000048B1E08CD8
:1087000038B1FEF737FAB9F80030B0FBF3F202FBEC
:10871000130006440DF0DEF9361841F10001C4E9FA
:108720005061002DC5D0AD1941F10001C5E72946C2
:1087300020460CF01AFC3846BDE8F8830C27FAE70F
:108740009584000050180020034B00229A7042F2DA
:1087500010721A800CF014B850180020014B987059
:10876000704700BF50180020054B1B6810B51BB99F
:1087700046F6CC70F8F75AF8BDE81040184700BF2D
:1087800098220020F7B50446062900F29E80DFE813
:1087900001F004241326282D9600837C03F0FF02A9
:1087A00053B900920123B0F8E411FFF72DFA28B174
:1087B00045F21F70F8F73AF8042363730023E28848
:1087C000A4F87A32A4F82E2284F8313204F03AFD6B
:1087D00003B0BDE8F04006F04DB80323437303B087
:1087E000F0BD0DF0F7F8C4E99A01F8E7384B00F155
:1087F000B0061B681BB13246D0E99A019847132195
:10880000B4F8B200F8F73EFC002856D094F83131A5
:10881000022B50D004D8012B07D040F65770C9E77F
:10882000033B012BF9D81E3000E00A30858894F80C
:1088300031010BF025FF6430D4F82022A84234BF68
:108840002B1A0023D4F8D05099188D428ABFAD1A44
:108850000025ED1A1F4B9B7823B9D4F8F0309D42C8
:1088600028BF1D46D4F8F07104F1F0000BF001F8B8
:10887000074402200DF082F90221ED1B25EAE5757F
:10888000854228BF054628460DF0A1F910B12F44B6
:108890000DF024F90123BC22394630460BF09BF839
:1088A000D4F8F0316061D4F8D000184403B0BDE8CA
:1088B000F0400DF011B91430B8E79625B7E7B030A5
:1088C00003B0BDE8F0400BF0EBBE4AF6766071E70E
:1088D0008C22002050180020014B1880704700BFE8
:1088E00050180020014B024A1A607047982200205D
:1088F000A9830000044B1A78012AD0B203D018785B
:10890000831E584258417047541800200C4B4FF4B6
:108910007A7253F82130023903F2E733C9B2B3FB5C
:10892000F2F3022900F1FF3210B54FEAC21296BFEE
:10893000044CF02134F81110134400FB013010BD39
:108940003CA003008E9E0300D928F0B5054628BF41
:10895000D925BDF814600446303501F5A57006F040
:108960000207ADB2FF2D28BFFF2516F0010621D169
:108970000FBB002B00F0C580911EC9B2022996BF23
:108980007B4D40F6480135F811100844D92C7FD9A9
:10899000D93C951EF721A4B2EDB2002B00F0CF8098
:1089A000F634022DB4FBF1F400F2C680714B33F8BB
:1089B00015306BE0EFB1911EC9B2022997BF6E4D21
:1089C0004FF4147105EB4101C9880144D01E012800
:1089D00037D801F614409830002E3BD0023AD2B27C
:1089E000022A97BF644BC02303EB42035B8A1844FF
:1089F0004EE053B1911EC9B2022997BF5E4D40F6B9
:108A0000480105EB41018989DFE7032A05D1691D8A
:108A100089B2890101F5C871D7E7042A05D1691D1A
:108A200089B2090101F5BF71CFE7022A0BBF05F139
:108A30000B0105F10A0189B289B20CBF8900C90096
:108A4000C3E7022A01F19C0114BF4FF4B070B420B7
:108A50000844C0E7EBB1911EC9B2022996BF474D49
:108A600040F6480135F81110D92C084410D9D93CEA
:108A7000951EF721A4B2EDB24BB3F634022DB4FB30
:108A8000F1F459D83C4B03EB45031B8B03FB04006B
:108A9000F0BDF12C214628BFF121032A05D1133165
:108AA00089B2890101F5C871DEE7042A05D11331C5
:108AB00089B2090101F5BF71D6E7022A0BBF19314E
:108AC000183189B289B20CBF8900C900CCE7B4FB68
:108AD000F1F3022DDBB239D8294931F8151001FB29
:108AE0000300C3EB4311C3EBC103E41AA3B2002B91
:108AF000CED00833032A9BB22BD19B0103F21A4339
:108B000075E7032A06D10535ADB2AD0105F5C87587
:108B100028443BE7042A05D10535ADB22D0105F502
:108B2000BF75F5E7022A0BBF0B350A35ADB2ADB202
:108B30000CBFAD00ED00EBE740F69213A6E7B4FBE7
:108B4000F1F3022DDBB201D80E49C6E740F69211CF
:108B5000C5E7042A03D11B0103F5467347E7022A40
:108B60000BBF9B00DB0003F5BB7303F5CD733EE742
:108B70009A9E0300A69E03008E9E03009A9E030009
:108B8000A69E0300A69E0300294B5A6A10B5D2F890
:108B90000F30C0F8D430537D117D1B0443EA01230C
:108BA000D17C0B436FF45061C0F8DC30B2F819305F
:108BB000591806298DBF40F2E241A3F550634FF4E6
:108BC0007A714B438EBF00214B430121C0F8D03056
:108BD00080F83A11937DF9B103EB830303EB830330
:108BE0009B00A0F8E430B2F81730F1B164214B4398
:108BF000C0F8E030B2F81B30A0F8D830B2F81D3021
:108C0000A0F8DA3092F8243003F01F025B0980F8F4
:108C1000292080F83B3110BDC3EB431403EB8403E0
:108C200003EB83035B009BB2DBE740F2E241DEE74C
:108C3000541800200346074A506AD3F86920C0F848
:108C40000320B3F86D20A0F8072093F868100AF00D
:108C5000CBBA00BF54180020D0F8803073B50BB1E8
:108C600001221A604388DB0727D50023144E056ACA
:108C7000CDE9003302238DF80630FF2333776846B1
:108C8000F8F73AFAC8B9009CA542F8D005F1BC0340
:108C900095F8BB2004F1BC0194F8BB000AF01FF862
:108CA0000028ECD094F8B430B4F8B9203377D4F875
:108CB000B530C6F81D30034B9A8002B070BD00BFBE
:108CC000541800207118002038B5084D044600F1F2
:108CD00069010623686A00220AF068FB94F86810AC
:108CE000686ABDE838400AF07FBA00BF5418002017
:108CF00070B504460E461346407F6588324615F02F
:108D0000040118BF04F17701FDF7EAFA41070546AF
:108D100021D4C2070BD50123607F84F86830FDF7AA
:108D2000B1FB0368C4F869308388A4F86D30AB07E1
:108D300001D4012070BD094B0121586AD4F8773065
:108D400084F87610C0F80930B4F87B30A0F80D3004
:108D50000AF053FAEDE70020ECE700BF54180020BA
:108D600010B50446084694F8D83063BB2378082928
:108D700004F1DB0284F8D93015D004F1DA01FDF7F3
:108D800057FA18B947F61C00F7F750FD94F8DA3097
:108D900043F0020384F8DA3004F1D0000A49BDE858
:108DA00010400AF003BD094B586A034613F8031B31
:108DB000C1F3801184F8DA10D0F80310C4F8DB1086
:108DC0009B889380E8E710BD9F490100541800205C
:108DD00070B504460E461546FCF74EFE98B923784A
:108DE000A4F8C16084F8C030637C84F8BF500BB134
:108DF00094F8483004F1B60084F8C3300249BDE865
:108E000070400AF0D3BC70BD754B010038B5B0F8A6
:108E1000483004461A4D0133C3F30E03A0F848301E
:108E20002B7B2BB104F01CFB03F0CEFB00232B7338
:108E300000232B7094F889302BB101212046BDE826
:108E400038400BF013BD637CBBB1B4F848209A42A4
:108E500013D3012120460BF009FD63882046DB0770
:108E600047BF236A432243224FF6FF7148BFB3F83E
:108E7000B210BDE83840FFF7ABBF0021DEE700BF0E
:108E80005418002010B5FFF735FD064C28B1237BA0
:108E90001BB104F0E5FA03F097FBA06ABDE81040AF
:108EA000FFF7B4BF541800202DE9F0410746FFF743
:108EB00021FD054618B946F61C40F7F7B7FC224CD1
:108EC000A26A166A0EB196F839611FB3616A02F19F
:108ED000690392F8682011F8097BF80909F0FFFE90
:108EE000C0B13146606A0AF0B0F998B1A56AFFF7DF
:108EF00001FD10B944F20110DFE723782846E26A49
:108F000007F00F0103F180435269013B52F823300F
:108F100098470546237B1BB104F0A2FA03F054FBEB
:108F20007DB1A06A0BF05CFC30B104F033F9E36A68
:108F3000BDE8F0419B681847A06ABDE8F041FFF723
:108F400065BFBDE8F08100BF541800200346074A02
:108F5000906A03B909B9FFF759BF1378D26A03F1D0
:108F600080431269033B52F82330184754180020FD
:108F700003292DE9F043054685B0174607D14388FC
:108F8000980722D40024204605B0BDE8F08342882B
:108F900090F88830D107DBB2F4D5002BF2D14FF036
:108FA0000108DFF8D49099F80C60BEB109F0CCFE4E
:108FB0000828387015D002AA0DF10701FDF738F91D
:108FC00030B941F64200F7F731FC4FF00208E8E70C
:108FD00002A99DF807000BF047FA06463B78082BDC
:108FE00008D1D9F8241011F8030BC0F380100BF04E
:108FF0003BFA0646D9F8241005F1700395F86F2066
:1090000011F8030BC0F3801009F069FED9F82410A1
:10901000044611F8030BC0F3801009F08BFE814663
:10902000FDF742FA40B1B9F1080F1BD04846FDF7F1
:10903000ABF880F00103D8B23A78082A14D01CB9F2
:109040006C7FA21A544254416A8853079BD400286B
:1090500098D176B9EC7C444518BF002C0CBF012494
:10906000002490E70020E7E780F001022240D4B21C
:10907000EAE7344687E700BF541800202DE9FF4196
:1090800008230DF10702052104468DF80730FFF78C
:109090006FFF054620B90025284604B0BDE8F081E1
:1090A000FBF7C0F906460028F5D1344F0DF108084A
:1090B000216A7A6A91F81DC0104610F8033BC3F389
:1090C000401303EA0C034B77D2F80330C1F8B530F4
:1090D0008388A1F8B9301146D4F820C011F81F3B9D
:1090E000C3F380138CF8B430D2F81F000B790290D0
:1090F00060468DF80C30FFF747FD434694F9122087
:109100000121206A0BF0ADFC216A84F895602046AD
:10911000B1F8B2309DF80720A4F89630FF2384F808
:10912000B3304FF6FF73A4F8B4300BF0C5FC14490C
:1091300004F18C000AF03AFBFCF79EFC60B9236A4C
:1091400004F1C4000F49B3F8B220A4F8CD205B7F2E
:1091500084F8CF300AF02AFB236A00222046B3F8B5
:10916000B210FFF735FE084B00221B683A70002B47
:1091700092D02146206A98478EE700BF54180020FD
:10918000074A010089490100A822002073B504465E
:1091900040880D4610F0040003D12279962103F097
:1091A000CBFF032D04D0052D2ED0012002B070BDC1
:1091B00008230DF10702294620468DF80730FFF7F6
:1091C000D7FE0028F1D0237C23B19DF8071020465C
:1091D000FFF7C6FD114D0622042620466B6A5A7021
:1091E0001E70FFF727FD94F85C20A16D686A0AF0F5
:1091F0001DF82521686A2E7004F0A8F80021686A1D
:109200000CF0F4FB0020D1E7054B1B68002BF9D0D4
:109210002046984780F00100C0B2C7E754180020EC
:10922000A4220020F8B504460F46F9B100F130053C
:1092300028460BF00CFFA0B963881A072AD52846E8
:109240000BF01AFF064628460BF001FF301AC0B299
:109250000BF020FF3C4A53680344284653600BF050
:10926000D5FE28460BF0D7FE03F0C2FD364E002394
:1092700094F87620706A037043706388103B0D2B5E
:109280005DD8DFE803F0585C540C5C395C5C5C5CD6
:109290005C5C5C392046BDE8F840FFF7B7BD0623AB
:1092A0004370202303702046FFF7C4FC638823F03B
:1092B00008039BB2152B05D094F85420216D706AD9
:1092C00009F0A5FF0021706A0CF090FB03232179BF
:1092D0000020337003F0BAFE25210546706A04F0C1
:1092E00035F807B9B56063881B0704D50BF0CFFECE
:1092F0000544C4F81C51F8BD0C23212143700346DA
:1093000003F8091B52B1D4F877200121C0F80920D5
:10931000B4F87B209A8009F070FFC4E7226FC0F890
:109320000920B4F874209A8094F86F10F3E70623AC
:1093300003704370B7E7022303700623F9E744F292
:109340009510F7F773FA00BF541800204288102ACE
:1093500010B504D10121BDE81040FFF763BF0C4CEC
:1093600096210279012003F0E7FE237B23B103F06D
:1093700005F9402004F068F82521606A03F0E6FF53
:109380009621002004F048F80123237010BD00BF8F
:1093900054180020024B0121986AFFF743BF00BF19
:1093A0005418002010B5144C237B1BB104F058F85E
:1093B00003F00AF9A06A0BF013FAA16A18B14B88FE
:1093C00003F0180323B90846BDE81040FFF71EBD9F
:1093D000FFF790FA18B948F28720F7F727FA2378B1
:1093E0000846E26A03F18043D268013BBDE81040C1
:1093F00052F82330184700BF54180020064810B513
:10940000037803F0FF042BB9242221460CF0BAFFA5
:10941000204610BD0C24FBE75418002010B5002393
:10942000084C2370FCF71AFB6062FFF7E7FF18B1E6
:109430004BF69E30F7F7FAF9E36A13B948F6CD70A8
:10944000F8E710BD54180020014B024ADA62704759
:10945000541800204C980000044B054A1A60054B34
:10946000054A1A60054B064A1A607047A42200207C
:109470007D900000A82200202F480100A02200209B
:10948000459500002DE9F041067D0446B31E06F027
:10949000FD06DBB2012B8CBF4FF000084FF0010836
:1094A000371E18BF0127012B1AD800F1700190F860
:1094B0006F0009F03FFC054663889B0617D4082D12
:1094C00010D17EB3FCF7D8FAB0BBE37E8BB3D4F8EF
:1094D0001530C4F86930B4F81930A4F86D3006E0DE
:1094E0000825E9E72846FCF75BFE0028E9D1657707
:1094F00084F81C8084F86870FCF794FE05460CF034
:10950000E9FA00220E4B84F87620E5FB0301C4E95A
:10951000180111462046FFF7EBFB58B945F25020E1
:10952000F7F784F904F169013046FCF725FD0028BE
:10953000DDD10020BDE8F08104F169010120F4E7EC
:1095400040420F002DE9F04385B008230521044671
:109550000DF107028DF80730FFF70AFD00287AD0D9
:10956000FAF760FF002876D13D4D02AF206AFFF781
:109570000BFB6B6AD3F81F0093F8232002903A711B
:10958000226AD3F80310C2F8B510B3F80710A2F896
:10959000B9101B78206AC3F3801380F8B430314BC4
:1095A0001B6813B1012221469847D4F820800E236E
:1095B000686A082698F8B490002243704FF00301BF
:1095C000C378067003F03F03C37009F014FF204610
:1095D000FFF77AFB4946686A09F00FFE062301226D
:1095E00008F1B501686A09F0E1FEFF21686A03F03D
:1095F000ADFE0021686A0CF0F9F9D4F8208020460D
:1096000041460BF07EFC3B46014694F91220404651
:109610000BF027FA216A00239DF80720204684F8E2
:109620009530B1F8B230A4F89630FF2384F8B33007
:109630004FF6FF73A4F8B4300BF03EFA236A2E7095
:10964000B3F8B220A4F8CD205B7F84F8CF3001209E
:1096500005B0BDE8F0832046FFF7D8FBF7E700BF71
:1096600054180020A82200202DE9FF41534F044642
:109670003A7802F0FF0312B90278FF2A03D14CF6C0
:109680009F60F7F7D3F87B60FB817B7380F88930AC
:109690004B4B684604F1300500934A4B01934A4B0B
:1096A0000293FB6A5B68039303F036FE03F024FB2E
:1096B00003F0D6FE02F088FF444803F08FFB4448D5
:1096C00003F024FE28460BF0A1FC28460BF0A3FC77
:1096D00003F08EFB94F9120003F078FB04F15001C3
:1096E000E06C07F053FA064604F15801E06C07F00D
:1096F00074FA8046002E3AD094F82430BBB3B4F903
:109700004850ED43ED0F237F13B963885B0709D5FC
:109710006FF00043D4E918129A4208BFB1F1FF3F3D
:109720002FD1ADBB94F88B301BB946EA0806F6B2D0
:10973000AEB1638813F0100511D1606CC0F30B203B
:109740000BF0ECFB94F8463084F84500C0F303209E
:1097500023F00F03034384F8463084F88B50786A73
:109760000330FCF7ABFD387304B0BDE8F081B8F10D
:10977000000F04D094F82550002DC0D1C3E7454612
:10978000C1E70CF0A7F9D4E9182390429941C8D356
:10979000012229462046FFF7ABFA50B1FCF742FD03
:1097A00005460CF097F90B4BE5FB0301C4E91801E2
:1097B000B8E7002DB6D040F2231062E7541800201D
:1097C000A5930000A98E00004D8F0000D6BE898EA3
:1097D0005555550040420F00024B9862DB6A1B68EA
:1097E000184700BF5418002043881A0710B50446D4
:1097F0000FD5036A3C2210498C304272B3F8B23064
:109800004381FF2380F827304FF6FF73038509F06B
:10981000CDFF63882046DB0747BF236A3C223C22FA
:109820004FF6FF7148BFB3F8B210FFF7D1FAFF232C
:1098300084F8893010BD00BF074A01008D910000F7
:109840004D930000BF4B0100B94B01002F4F0100A9
:10985000858E000095930000489800004098000015
:109860003C9800000138022808B503D946F29A5006
:10987000F6F7DCFF13290B4B06D811290DD8102958
:1098800008D046F61770F3E71529FAD103EB400329
:10989000D88801E033F8100008BD03EB4003988935
:1098A000FAE700BFB09E03002B4A38B50346948800
:1098B00010681C43402B948004D10421BDE838403B
:1098C000FEF760BF802B01D10521F7E703F0030409
:1098D000032C03D143F64F00F6F7A8FFDD0706D5AA
:1098E0000C6891602478062C1AD00B2C22D09C078F
:1098F00011D50C6821780729117329D00B2922D0A2
:10990000052908D1C17B182905D100240025012192
:10991000C0E9204581769B0644BF0823537338BDB8
:10992000C47B1C2CE3D100240025C0E91E45012482
:109930004476DCE7C47B122C01BF0024447601246A
:1099400080F85E40D3E7C17B1129E4D10021E1E733
:10995000617880F8A810DEE7841800202DE9F04136
:1099600004460E46884D002940F0C080AB88190798
:109970004CD590F8A6302A2B14D00BD81C2B11D024
:10998000222B16D094F8A630FE2B1DD14BF6C10029
:10999000F6F74CFF3C2BF5D17C4B1B68002BF1D02C
:1099A0009847EFE7002384F8513120460AF098F9F0
:1099B000E8E780F85261764B1B68002BF5D000F584
:1099C000A971AC309847F0E7FE2384F8A630E37B1A
:1099D0001E2B06D10027204684F85D700AF098F906
:1099E000E773A37B382B30D0442B36D0242B06D101
:1099F000E37B243B072B94BF2B232523A373237CDA
:109A0000082B02BF0223AB7384F8A630AB88DA07B9
:109A100047D5E37BA968113BD1F800800F2B98F85C
:109A200000700BD8BB1EDBB2092B00F2AA8040F2FB
:109A3000333222FA03F3DB0740F1A3800979384679
:109A4000FCF7B6FD80B9394679E0012384F8B532D8
:109A50000023A37384F85630D1E7002384F86031E3
:109A600020460AF03DF9CAE7012F01D9162F48D147
:109A7000A07B0AF06BF930B1A37B242B03D0252BFC
:109A800030D12B23A3733846FDF7C4FB03460028CF
:109A900046D1FF2FD7D12B69002B4ED0012384F85C
:109AA000B632AB88580704D5227C072A04BF0122AE
:109AB000AA7399074AD5287B01230D2884F8A7307B
:109AC00041D0112851D0072851D0FDF7B7FB0346EC
:109AD000002839D12A7BFF2A4BD1382284F8B402DE
:109AE000A27333E0162F14BF022620266B7B1B07C0
:109AF00004D5E37B113B0F2B98BF08263046BDE809
:109B0000F081112F15D005D8072F14D00D2FBAD101
:109B1000204B05E0142FB6D11F4B1B68002B92D0B1
:109B2000AA6841462046127998470028B9D00646CF
:109B3000DCE71A4BF4E71A4BF2E798F800102046DE
:109B40000AF014F9F1E7174B20469847AB88DA067C
:109B5000CCD5E37B0A2B0FD0332B10D0A37B332B38
:109B6000C4D120460AF0BCF8C0E70F4BECE70F4B1E
:109B7000EAE74FF45E600BE70B23E373EEE70023A5
:109B8000FBE70826B2E700BF84180020F822002077
:109B9000B42200209D9C000020230020855201005B
:109BA000F59C00009D500100E350010009510100A7
:109BB0000029034608BF1F21252870B514461AD86E
:109BC000222845D81D2812D80D2801D8002070BDA4
:109BD000A0F10E060125F6B2B54040F251263540FF
:109BE0001CD116281FD01D28F0D1254A31E020288D
:109BF000ECD1244A2DE0262835D0A0F12E02D2B295
:109C0000102AE3D8012040F295159040284232D125
:109C10000D2A32D0102AD9D11B4B25E00021BDE8F6
:109C200070400BF0E9BA937B252B09D12046FCF755
:109C30002DF884F848510023A37384F85630C5E703
:109C40002B2BC3D1D37B243B072BF4D92A21EDE75F
:109C50000E4A1568002DB9D00A46204619462B46F3
:109C6000BDE8704018470A4B1B68002BAED0204659
:109C7000BDE870401847074AEBE7074BF4E700BF21
:109C800024230020B02200201823002004230020D9
:109C900034230020C0220020E8220020837B0246DB
:109CA0004978212B17D00ED8042B16D00F2B16D0A5
:109CB000D07B272817D0343BDBB21C2B15D80C489F
:109CC000C05CFFF775BF2B2B03D02D2B09D0252BA4
:109CD000EED11620F5E71420F3E70E20F1E712206D
:109CE000EFE72320EDE71720EBE7FE20E9E700BFD1
:109CF000C29E030013B54C78837B3E2C6ED8222C79
:109D000007D8A4F10E02D1B20F2941D9002002B028
:109D100010BD233C1B2CF9D801A252F824F000BF3F
:109D2000359E00000D9D00000D9D0000539E00001B
:109D30000D9D00000D9D00000D9D00000D9D00007B
:109D4000C59E00000D9D00000D9D00005B9E000063
:109D50000D9D0000899E00000D9D00009D9E00004D
:109D60000D9D00000D9D0000B19E0000759E00003D
:109D70000D9D00000D9D00000D9D00000D9D00003B
:109D8000C99E00000D9D00000D9D0000579E000023
:109D90000F2ABBD801A151F822F000BFF19D0000AD
:109DA0000D9D00000D9D00000D9D0000F19D000027
:109DB0000D9D0000F19D00000D9D0000019E000022
:109DC000F19D00000D9D00000D9D00000D9D000007
:109DD0000D9D00000D9D0000499E0000FF2C95D1B7
:109DE0003A4B1B69002B91D0012380F8B6328DE7E6
:109DF00002460121204602B0BDE810400BF0FCB93C
:109E0000252B01D02B2B81D1019009F069FF0198FE
:109E1000C37B262B3FF47AAF90F86F301A2123F0E2
:109E2000090380F86F30FBF731FF0023019880F8B9
:109E300048316BE72D2B7FF469AF254B1B68002B56
:109E40003FF464AF984761E7372B7FF45FAF214B56
:109E5000F4E7214BF2E7214BF0E7392B02D0502BEE
:109E60007FF454AF1E4B1B68002B3FF44FAF2E21E5
:109E700098474BE73A2B7FF449AF194B1B68002BEF
:109E80003FF444AF3621F3E73B2B7FF43FAF144B55
:109E90001B68002B3FF43AAF3021E9E73F2B7FF4FA
:109EA00035AF0F4B1B68002B3FF430AF3221DFE79B
:109EB000452B7FF42BAF0A4B1B68002B3FF426AFDA
:109EC0003521D5E7074BB9E7074BB7E784180020E2
:109ED0000C230020282300202C2300201C230020FA
:109EE000D0220020D4220020E4220020064B074A82
:109EF0001B68126810B5044608F09AFE0621204639
:109F0000BDE81040FEF73EBCDC2200200823002004
:109F1000024B0020C3E90400704700BF84180020F2
:109F200008B50022044BC3E90422FCF7FDFEBDE89E
:109F30000840FDF749BA00BF84180020F8B5564D17
:109F40000027044600F1B0062860AF806F73AF733E
:109F5000FF2380F85830B0F8E231002B00F08C80FD
:109F600090F8A630FE2B40F0878090F83C31002B13
:109F700000F08280037C073B012B7DD990F83D31B6
:109F800002210122A0F8507080F8A8300BF091F85F
:109F9000022184F8EA712046FCF792FFB4F8E6113A
:109FA0002046B4F8E6300139B4F8E82189B2B1FBB3
:109FB000F3F31344A4F8E831B4F848300B44A4F8A0
:109FC0004830B4F84E3001330B44A4F84E30B4F8A6
:109FD0004C3001330B44A4F84C300BF0EBF810B1CB
:109FE000E36B0B44E363B4F8E2310027012B9CBF21
:109FF0000133A4F8E23109B184F8EE71E37B84F80F
:10A00000EA710A3B012B0FD8E388B4F8C0229B1AEF
:10A01000190409D404F2C22104F11D0009F039F831
:10A02000E773FF2384F85730B4F8E6213146204621
:10A0300009F076F8E37B19492046113B184A0F2BAB
:10A040008CBF00230123F8F75BF8696911B1002088
:10A050000BF0CBFC237BDA0703D500212046FBF76E
:10A0600015FE237B9B0704D5002104F5B370FCF794
:10A07000C3FC00232373F8BD94F8A610FE298AD1EF
:10A08000084B1F68002F89D00BF0D1FD02460B460C
:10A090002046B84782E700BF84180020A998000036
:10A0A000B9A0000080220020024B1869003818BFB8
:10A0B00001207047841800202DE9F04F734F0E46A1
:10A0C000804689B0B9883C688805204655BFB4F8F9
:10A0D000482000230132A4F848304CBF84F8EE3108
:10A0E000A4F848200BF066F838B10B4604F5B372BB
:10A0F00004F1B0012046FDF715FBBB8803F4C063F3
:10A1000033B1237E002B00F09B80032B00F09E8058
:10A11000227EBB88012A03D1190544BF0222227680
:10A12000B8F1000F40F0FC805A0657BFB4F808227F
:10A130004246013292B2A4F8082203F00A020A2A27
:10A140000DD13A7B022A0AD123F00803314620467A
:10A15000BB80FFF703FC30430823C6B2BB80314607
:10A160002046FFF7FBFB3B693043C6B2002B4ED0C5
:10A170001422002103A80CF005F994F8310103F032
:10A180005BFA054694F8310103F04EFA05F5FA75CD
:10A190004FF47A7394F83911B5FBF3F5B4F8B23093
:10A1A0000544D4F8D000ADF80C30E388ADF8125077
:10A1B000ADF8103008F094FE94F8B632ADF80E0009
:10A1C0002BB1BB681A689B8806928DF81C3094F8F6
:10A1D000B52203A89DF8143062F300038DF8143003
:10A1E0003B6998470023069A84F8B63284F8B53262
:10A1F0006AB194F8B43253B9A37B382B07D09DF8D9
:10A200001C3023B11178FF2924D11B2B29D994F8B4
:10A21000A630FE2B4AD1002E48D1237C073B012BD0
:10A2200044D994F83C3123B394F83D310122022102
:10A23000A4F8506084F8A83020460AF03AFF35E0D0
:10A24000012121762046FEF79DFA61E702230121D4
:10A250002376F7E70729DAD1022BD8D15178FF29E5
:10A26000D5D10121C4F8B82284F8B73284F8B412E9
:10A27000CDE7E37BA3F11001C9B2102940F25E8162
:10A280002368DD0704D532460921D5E7841800206C
:10A29000980740F19F8032460C2120460AF009FFC2
:10A2A00094F85F3043F0010384F85F30B4F8E8318C
:10A2B00094F8EB510133A4F8E831002D00F0088345
:10A2C000F7F7F6FF10B10023A4F8E831B4F8B200B4
:10A2D0000BF062FA237E8246012B40F24183237CFD
:10A2E000082B40F00D83B4F84830022B40F238833D
:10A2F000B4F84A500135ADB2E38803A920462B4497
:10A30000A4F8E0310123ADF80C3007F04BFB002836
:10A3100000F03683BDF80C30E2881344A4F8E43131
:10A32000BB885D0657BFB4F8F4310023B4F8E621CA
:10A330009B1858BF9BB2A4F8F43194F83C311BB978
:10A34000237C073B012B06D8B4F85030B4F8E62143
:10A350001344A4F8503094F8561031B1B4F8523088
:10A36000B4F8E6211344A4F8523094F95C20002A92
:10A37000C1BFB4F85A30B4F8E6011B18A4F85A303B
:10A3800094F8373063B9B8F1000F40F0A083BB7B7D
:10A39000022B40F0598394F8A830062B18BF1623DF
:10A3A00094F8362022B9204684F83730FCF7A8FF0D
:10A3B00020460AF0A2FFAB4B1B681BB1AA4A2046FD
:10A3C00011689847002384F8583009B0BDE8F04F71
:10A3D000FBF7A2BD5A0702D5324613212CE71D0711
:10A3E00006D594F8A030324684F8A830072123E738
:10A3F000180602D500221B211EE713F0100058D0CA
:10A4000094F83F31002B72D1E37B292B31D0A57B0F
:10A41000A5F129025542554194F83E2104F1B009B5
:10A4200004F2C22B04F5947A02F0FF031AB30095EC
:10A430005B4604F59F72D4F81811504609F01BFAD8
:10A44000002384F83E3104F1FC01484609F042FA49
:10A4500020B1002104F5B370FCF7CEFAB4F8063150
:10A4600000221521A4F8A830B4F80A31A4F8AA30C3
:10A47000E2E60125D0E703AA1946484609F054FB55
:10A48000BDF8103040F6480200955046D4F8181137
:10A49000934228BF1346ADF81030BDF814309342F4
:10A4A00028BF134603AAADF814305B4609F0E3F960
:10A4B000C9E713F0400202D002462421BCE613F49F
:10A4C000807001D01E21B7E613F4007202D002465C
:10A4D0002F21B1E613F40050FAD113F4806202D0B8
:10A4E00002463121A8E6DB0401D52C21A4E6E37B5A
:10A4F0003E2B7BD015D82F2B7ED0362B63D0262B2E
:10A5000064D0A37B002B7DD1E37B103B102B40F26A
:10A51000E48294F84630002B00F0DF820122122101
:10A520008AE6462B65D04F2B69D0412BE9D14F4BA2
:10A5300020461B689847002233217DE6182B15D052
:10A540000CD8112B0FD0162BDBD12046FCF74AFF7D
:10A5500000283FF4ABAE002204216DE6202BD0D1C1
:10A560003246062168E632460B2165E694F8B032A1
:10A57000022BD9B21AD194F85E3053B10623324679
:10A5800084F8A83020460AF094FD002384F8B03205
:10A590008CE640F206333246A4F8A23094F86E30CE
:10A5A00013F0040F0CBF0D211121EBE794F8B0322A
:10A5B000012B7FF47BAE3246052120460AF079FD5F
:10A5C00084F8B062E4E70022112135E694F84831BE
:10A5D000022B02D1002217212EE694F84831012BDC
:10A5E0008FD194F84931002BF4D08AE700222D2135
:10A5F00022E600223A211FE6002220211CE600224A
:10A600003C2119E6092B7FF451AE94F8A1300122C8
:10A6100084F8A830EAE694F84E3183B194F85F509C
:10A6200015F003090BD145F0010501220C2120464C
:10A630000AF03FFD84F85F5084F84E91A8E794F843
:10A640005031BBB194F87530DB0902D001222B21C7
:10A65000F2E5074B1B68002B00F0988020469847D6
:10A6600094E000BFAC22002058050020CC2200203E
:10A67000D422002094F83E3153B394F83F313BBBD1
:10A68000E57B04F59470D4F8181104F59F72292D18
:10A6900004F2C2231AD0A57BA5F1290CDCF1000538
:10A6A00045EB0C05009509F0E6F8002384F83E31EF
:10A6B0000122142120460AF0FCFCD4F818315A89F2
:10A6C000DB89A4F8A820A4F8AA30EFE50125E9E782
:10A6D00094F84831012B6CD194F84931002B68D1A2
:10A6E000E07BA0F12403072B63D994F830114B1EB3
:10A6F000DBB2032B09D89C4D2B4493F81DC094F872
:10A700003131013BDBB2032B03D94EF23F70F6F738
:10A710008DF8BCF1020F94F84A2114D0BCF1030F5C
:10A7200013D0BCF1010F04D1012A14BF0022012271
:10A730006AB9A0F14803012B28D90A38042825D981
:10A740000122162178E5022AEFE7042AEDE72B44DF
:10A750005A7F94F84B31022A24D0032A24D0012AAC
:10A76000E7D1012B14BF00230123002BE1D0E388A4
:10A7700004F53072B4F84C0108F029F90546A8B97F
:10A7800001462046FBF782FA84F84851A37B002B50
:10A790007FF48CAD94F8B432002B3FF487AD0122E6
:10A7A000FF2149E5022BDDE7042BDBE72C23A37314
:10A7B0007CE594F8523113B1012222213CE594F852
:10A7C000513143B1694B20461B689847FE2801462A
:10A7D000DCD0012230E594F85A3113B101221D2159
:10A7E0002AE594F85B316BB194F87330DB0902D041
:10A7F00001222E2120E55E4B01220C2120461B6800
:10A80000984753E594F85C3113B10122362113E5E2
:10A8100094F85D3113B1012230210DE594F86031D7
:10A8200013B10122382107E594F85E3133B1514B61
:10A8300020461B68984701223221FDE494F85F31DD
:10A8400013B101223521F7E494F8613113B10122EB
:10A850002621F1E494F8BC3213B101223E21EBE44D
:10A8600094F862317BB14121B4F8B20007F064FF83
:10A8700030B1414B20461B68984701223B21DBE465
:10A880003E4B1B68EAE694F864318BB194F8493189
:10A8900073B9E37BA3F12402072A09D9A27B3F3ACB
:10A8A000042A05D93F3B042B02D901222321C3E40A
:10A8B00094F86331012B05D1002384F86331012220
:10A8C0002521B9E494F86331022B7FF45FAFF3E7FD
:10A8D000F7F7DAFC08B1A4F8E851F7F7F1FC002823
:10A8E0003FF4F4AC94F8EE310133DBB2022B84F880
:10A8F000EE3182BF0023A4F8E83184F8EE31E5E4BC
:10A9000094F8463013B1A37B0F2B29D1B4F848003B
:10A91000B4F84E20B4F84A509042B4F8E63005F14D
:10A9200001054FEA83012CBF2D1AAD1A2046A5EB75
:10A9300083050AF03FFCA8B1236CE26B01339B1A3C
:10A940005B1A9D42A8BF1D46BAF1000F05D0BAF8A8
:10A950000E30043B9D42B8BF1D46012D3FF7CBACE6
:10A960000125C9E42B46ECE7C29E030038230020F2
:10A97000BC220020C4220020F0220020E42200207B
:10A98000DFF878B1B4F8E690DBF800307BB1B9F1CC
:10A99000010F0CD9F7F77EFCDBF800300246E188A6
:10A9A00020469847BDF80C301844ADF80C0094F8D8
:10A9B000EC31002B3CD1012D3AD9E37B0BB10B2BB1
:10A9C00036D1A37BA3BB237C93BB237E022B2FD149
:10A9D00094F8EE3163BBD4F8C80005F042FF38B3F9
:10A9E00094F8A630FE2B23D1B4F8E231012B1FD905
:10A9F000B4F8E821B4F8D8309A4219D2BAF1000F6D
:10AA000002D0BAF80E1099B9013D9B1AADB29BB2B3
:10AA1000B5FBF9F59D4228BF1D46BDF80C3005FB7E
:10AA20000933003D18BF0125ADF80C3084F8EA5118
:10AA3000334B1B68002B3FF46DACBDF80C10204667
:10AA40009847ADF80C0065E4012B08D1637C002B1E
:10AA50007FF4A6AC00212046FDF794FEABE456B18E
:10AA6000F00632D4310732D4B20632D4B30732D131
:10AA700049F65C604BE639B1B4F85210B4F8543082
:10AA8000994201D322238BE4002A05DDB4F85A2031
:10AA9000B4F854309A42F5D2B4F85020B4F84A30A1
:10AAA0009A4209D2227EB4F8483052B1B4F84A2012
:10AAB0009A42CFD8082373E494F83C31002BE1D1BB
:10AAC000F0E7052BC6D93E236AE41E2368E43D2344
:10AAD00066E4232364E42A2362E410297FF6E6ABCC
:10AAE00094F84F31002B3FF496AD01220E21204601
:10AAF0000AF0DFFA002384F84F3149E530230020C3
:10AB00000023002070B50446D0F8C802D4F8D03035
:10AB1000984213D1D4F8CC62D4F8D830F61A18BFC2
:10AB2000012694F8D432002B3CD0B4F8B2000AF0DD
:10AB300033FE28B94CF2A270F5F778FE0126F0E753
:10AB4000B4F8D022B4F8E6309A4219D1B4F8D2322F
:10AB500082899B1A18BF0123A57B482D14D0E27B64
:10AB6000482A0FD00025B4F8CE222046D4F8C812C7
:10AB7000FBF7C2FC85B30023A3730323237670BDC8
:10AB80000123E9E73343EDD0144B1B6813B945F2B9
:10AB9000A150D1E7A5F14802002120465542554178
:10ABA0009847E0E7002EDDD0B4F8B23094F83911C0
:10ABB000A4F8A43108F094F9B4F8CC32A4F8A601B2
:10ABC00004F5CD70A4F8A831B4F8CE320449A4F845
:10ABD000AA3108F0F4FDC5E7E573CEE710230020A5
:10ABE000593F010008B5FCF717F9024B024A1A60F9
:10ABF00008BD00BF2023002053510100014B024A31
:10AC00001A607047D4220020B5C4000038B5094B43
:10AC100053F82040084602F00FFD054604F5856410
:10AC200009F06DFC4FF47A7389302C44B4FBF3F4D3
:10AC3000204438BD3CA003002DE9F74F91F80EA049
:10AC4000994605460C46AAF148031646012B19D928
:10AC500091F80F80A8F14808B8F1010F8CBF4FF0B0
:10AC600000084FF00108B9F1000F04D000220121C3
:10AC7000204601F0A7FA637B032B7DD8DFE803F0C1
:10AC800005786F784FF00108EDE71EB94DF6E460E6
:10AC9000F5F7CCFD0027012304F1B000BB46637338
:10ACA0000AF067FB4D4B1A6822B14946204690478F
:10ACB00007FB00BBD4E978211BEB020241F1000144
:10ACC000C4E97821C5E90021A17BA1F10B02D2B230
:10ACD0001E2A54D8424ED64006F00106E27B482A8E
:10ACE00008BF46F0010620460AF0EDFC28B1002E10
:10ACF0004BD1607B012818BF022004F1F0032875B6
:10AD00001846019308F0B5FDA860B9F1000F61D0B5
:10AD1000AAF10D0ABAF1010F8CBF424648F00102B8
:10AD2000002A57D13946284608F05DF81FFA80F905
:10AD300020460AF0C8FC804686BB81452ED30BFB1B
:10AD400000F02E75D4E97821121841F10001C5E90F
:10AD50000021BBF1000F1AD149F2BA3098E7D4F8BC
:10AD600030720322D4F84832627307EB030B99E781
:10AD7000D4F8D0B05F4695E744F25F7088E7482981
:10AD800001D00026AAE70126ADE70020B5E7394645
:10AD9000284608F028F880441FFA88F9012249461D
:10ADA000204601F00FFA0D4B1B6853B101212046DC
:10ADB00098477843D5E900321B1842F10002C5E9F3
:10ADC000003204F1F00008F054FDA860D5E900233A
:10ADD000C4E9782303B0BDE8F08F00BF4023002012
:10ADE0000500004070B586B004460E4615460021A9
:10ADF000182268460BF0C6FA184B324604F5027664
:10AE000003930123214668468DF815302B46FFF742
:10AE100013FF6946304635B10AF06AFE48B943F27D
:10AE20001150F5F703FD03F0FDFC10B940F2FD6091
:10AE3000F7E7E3880A4D0133E3802B683BB13046E6
:10AE40000AF0F2FE02460B46204629688847E18850
:10AE5000204606F0A9FD06B070BD00BF65AE00003B
:10AE600084220020F8B50746A0F5027505297DD893
:10AE7000DFE801F003766B7C7C726B7B1BB94DF6CF
:10AE8000F450F5F7D3FC284601F006F9002870D0FD
:10AE9000384B1B680BB128469847A7F5AC761321B1
:10AEA0007088F6F7EFF800284DD096F88030022B26
:10AEB00047D004D8012B07D040F65770E1E7033B99
:10AEC000012BF9D81E3000E00A30848895F8311142
:10AED00095F83001FFF79AFE1630274A844212781F
:10AEE0008CBF231A0023346AE41A1AB9336C9C42CB
:10AEF00028BF1C46A7F58C7008F0BBFC00F11607B4
:10AF00000220E41B0AF03AFE022124EAE47484429F
:10AF100028BF044620460AF05AFE10B127440AF022
:10AF2000DDFD002339466D22304608F054FD68618E
:10AF3000D5F8D0000AF0D0FD1048BDE8F84004F084
:10AF400009BA1430C1E79624C0E72846012200213F
:10AF5000BDE8F840FFF746BFBDE8F84005F0C9BEC0
:10AF60006B7B042B05D047F6DC608AE74CF6E540A6
:10AF700087E7F8BD942200209C18002009D5000026
:10AF8000024B00221A700AF003BA00BF9C1800207E
:10AF9000014B1870704700BF9C18002030B5044664
:10AFA00087B018B94DF2FC10F5F740FC437B03F075
:10AFB000FF0513B147F62030F6E718222946684608
:10AFC0000BF0E0F99DF815200B4B214642F00102F1
:10AFD000684603932B468DF815200122FFF72CFEBF
:10AFE000694604F5027003F01DFC10B94FF2816050
:10AFF000DAE707B030BD00BF65AE000038B5164BCC
:10B000009C881A6804439C8000F00304032C03D13D
:10B010004DF67B60F5F70AFCC50748BF99608407C9
:10B0200006D5096809780629197306D00B290ED0B0
:10B03000820644BF08225A7338BD917B1D29F7D17F
:10B04000002400250121C2E920459176F0E7917B9B
:10B050001329EDD10021F8E7A018002038B5817B35
:10B060000446A1F14803012B1CD9C37BA1F10D02B9
:10B07000483B012ADBB213D8012B8CBF00230123EC
:10B08000E288B4F84402013292B290422ED194F890
:10B090005852002D49D03BB94AF60400F5F7C6FBDB
:10B0A000012B23D80123EBE7314B1B6813B943F283
:10B0B0005F60F3E7002120469847002584F85A5244
:10B0C000B4F852222046D4F84C12FBF715FA0321AB
:10B0D00020460AF0AEF9A17BA1F14803012B03D968
:10B0E000A1F10D03012B38D80021A173A1F129038F
:10B0F000012B3AD9E37B292B35D1A1F12C02514206
:10B100005141E388B4F8402201339B1A1B042ED42A
:10B11000184B2046184A1B68126807F089FD204624
:10B120000421BDE838400AF084B9B4F8B23094F88C
:10B130003911A4F8A431D4F84C0207F0D1FED4F8A8
:10B140005032A4F8A60104F5CD700C49C4F8A8311A
:10B1500084F8A35108F033FBAFE7E37B483B012BB6
:10B1600098BFE573C2E72C2901D10121C9E738BD99
:10B1700014230020E022002078230020593F010002
:10B1800010B54C78837BA4F112022D2A37D8DFE862
:10B1900002F0173617361736363636363625362944
:10B1A0003636361E363636366636366236362D3604
:10B1B000403650363658383636483664363636607D
:10B1C000024601212046BDE810400AF0F6B92D2BB9
:10B1D00015D1244B1B6893B1984710E0372B0ED143
:10B1E000214BF7E7312B0AD1204BF3E7392B01D064
:10B1F000502B04D11E4B1B680BB12E219847002009
:10B2000010BD3A2BFBD11A4B1B68002BF7D036210F
:10B21000F4E73B2BF3D1164B1B68002BEFD030210A
:10B22000ECE73C2BEBD1124B1B68002BE7D039210C
:10B23000E4E73F2BE3D10E4B1B68002BDFD032211C
:10B24000DCE7452BDBD10A4B1B68002BD7D035211F
:10B25000D4E7084BBEE7084BBCE7084BBAE7084BFE
:10B26000B8E700BF7C230020702300205423002077
:10B270006423002080230020D8220020682300209F
:10B280004823002070B514460A1E08BF1F221F283D
:10B2900028D8112803D8032849D0002040E0A0F185
:10B2A00012030D2BF9D801A151F823F023B30000AC
:10B2B0009BB2000023B300009BB2000023B3000048
:10B2C0009BB200009BB200009BB200009BB200004A
:10B2D0009BB200009BB2000099B300009BB200003B
:10B2E000ADB300003B2816D82228D6D9A0F12301FF
:10B2F0000123C9B28B4033490B425ED1590745D176
:10B300003B28CAD1304B1B68002BC6D020461146C3
:10B31000BDE870401847A0F1FE0358425841400074
:10B3200070BD22460021BDE870400AF046B9A37BFB
:10B330001A2B01D0142B42D194F85E30002B3ED151
:10B3400084F85D3084F8563094F8B43103F0FF058A
:10B350001BB146F24610F5F769FAB4F8B23084F83A
:10B36000B521A4F8B63184F8B85184F8B95184F8FD
:10B37000BA5184F8BB5184F8BC5184F88A521349FD
:10B3800004F5D67008F012FAA57386E7104B1B6817
:10B39000002B82D0014605E00E4B1B68002B3FF4CA
:10B3A0007CAF1D212046BDE8704018470A4B1B6842
:10B3B000002B3FF472AF1F21F4E7084BE7E70220B0
:10B3C000AEE700BF00A84C00EC220020F5400100D1
:10B3D000742300206C2300205023002060230020D1
:10B3E000837B02464978053BDBB24B2B96BF024874
:10B3F000FE20C05CFFF746BFEA9E03002DE9F04F38
:10B40000984E89B00D4634680390002284F8582085
:10B41000B18820468B055EBFB4F84820013292B255
:10B42000A4F8482009F0D7FE38B10B4604F5B372F2
:10B4300004F1B0012046FCF775F9B38803F4C0634A
:10B4400033B1237E23B901212046217609F0F1FF93
:10B45000039B002B40F0D281002D40F0CF81B388B8
:10B460005F0705D5227C072A02BF01222574B2732B
:10B47000980712D5307B0123072884F8A73009D01C
:10B48000112822D0FBF7D0FE034620B94FF44350D9
:10B49000F5F7CCF9744B20469847B388190740F16B
:10B4A000AE8094F8A6302A2B36D81B2B0FD8012B50
:10B4B00056D0032B5DD0002B42D094F8A630FE2B43
:10B4C00040F0868047F63200E2E7684BE3E71C3B3A
:10B4D0000E2BF2D801A252F823F000BF91B5000064
:10B4E000BBB40000BBB40000BBB40000BBB40000A0
:10B4F00099B50000A7B50000BBB40000BBB40000C4
:10B50000BBB40000BBB40000C5B50000CDB5000061
:10B51000BBB4000091B500003C2B55D03F2BCCD1E3
:10B52000E388B4F844229B1A1F0402D4002384F851
:10B530005A32A37B482B0CD1002384F85630BCE749
:10B54000E288B4F84412521A1204B6D484F85A327B
:10B55000B3E7E37B482BB0D1204608F0D9FBACE73A
:10B56000E388B4F83E229B1A1804A6D40023A373E0
:10B57000A3E7A37B143BDBB2092B05D840F24122A1
:10B5800022FA03F3D90798D4002384F88A32DFE73C
:10B59000002384F85131D0E7354B1B68002B8CD049
:10B5A0002046984789E7002384F85231314B1B68C5
:10B5B00023B104F5A97104F1AC009847204608F0C6
:10B5C0008FFB7AE72C4BE8E72C4BE6E72C4BE4E7C4
:10B5D000FE2384F8A630A37B292B39D02DD80B2B42
:10B5E00031D00D2B32D0E37B482B04BF4923E373CA
:10B5F000237C082B01BF0223B37300232374B38879
:10B60000DA0753D5B268A17B176894F85E003D78DD
:10B6100009F0B5FF28B1112D72D81A4BEB40DB07AA
:10B620006ED511792846FAF7C3FF68BBB36839466F
:10B6300020461A7908F0AAFB37E0442B0AD0482BA1
:10B64000D1D1492300E00C23A373CCE70E23FBE701
:10B650002A23F9E7002384F86031204608F040FBF4
:10B66000C1E700BFA01800206B550100A5550100DF
:10B670004C230020B822002084230020FC2200203C
:10B6800044230020742802000D2D33D0112D33D017
:10B69000072D33D02846FBF7B3FD03460028C5D05D
:10B6A000B26839462046127998470546737B1F07D2
:10B6B00007D5A17B94F85E0009F061FF002818BF50
:10B6C00008252046FFF7CAFC94F8A630FE2B40F070
:10B6D0009580237C073B012B40F2908094F83C310D
:10B6E00003F0FF0273B10023A4F850300223A4F842
:10B6F000A63083E0B94BD3E7B94BD1E7B94BCFE7DD
:10B700000825D3E7A37B43B994F8462022B312223D
:10B71000A4F8A620A4F852306DE0282B00F0AA80EF
:10B7200010D8132B62D009D8032B00F09D80122B68
:10B7300000F09180103B102B60D90DE01D2BF9D14A
:10B74000062354E0362B00F09D8047D8322B00F0C2
:10B750009780352B00F0A080E37B04F59E79502B79
:10B7600008D82C2B00F29A80062B00F2FB80002BCD
:10B7700040F0E48094F8A630FE2B3FD1A37B002B51
:10B7800040F0328294F85A32002B00F0BC8194F8D9
:10B790005832002B40F0B281E07B08F0D7FA8046A7
:10B7A000002840F0B081E37B352B00F0AC8194F8A9
:10B7B000583283B14921B4F8B20006F0BDFF074604
:10B7C000002800F0AC814823A4F85280A373012321
:10B7D00084F856303F23A4F8A63005E2422BBBD1B3
:10B7E000814B20461B689847342380E70B23A4F83D
:10B7F000A630A4F85220012384F8563094F83C3146
:10B800001BB9237C073B012B04D8B4F8503001331B
:10B81000A4F8503094F8561021B1B4F852300133E6
:10B82000A4F8523094F95C2022B1B4F85A300133B4
:10B83000A4F85A30039B002B40F02884B37B022BE2
:10B8400000F02084012B40F0BC83637C002B40F08F
:10B85000CD830021D3E3D4F85C32C4F898300323BD
:10B86000A4F8A630002355E794F8A13084F8A83056
:10B8700007233CE71823A4F85220A4F8A630BDE71C
:10B880002123B4E71123A4F85220A273A4F8A63010
:10B89000012384F8A830B1E7272328E72D3B232B89
:10B8A0003FF668AF01A252F823F000BFCDBA000006
:10B8B00075B7000075B7000075B7000075B70000D8
:10B8C00075B7000075B7000075B70000EDBA00004D
:10B8D000B7BA0000D1BA000075B70000D5BA0000B1
:10B8E00075B70000D9BA000075B7000075B7000041
:10B8F00075B7000075B7000075B70000DDBA00002D
:10B9000075B7000075B7000075B7000075B7000087
:10B91000E9BA000075B70000F1BA000075B7000081
:10B9200075B7000075B70000F5BA000075B70000E4
:10B9300075B70000F9BA0000D5BA0000013B052B2D
:10B940003FF618AF01A252F823F000BFB1B90000D2
:10B95000CDB900009FB90000C5BA000075B700005E
:10B96000C9BA0000232B04F1B0083FD0262B7FF486
:10B9700001AF94F84831012B00F0978094F84831DA
:10B98000022B7FF4F7AE0023D8F87820D9F80E10F8
:10B99000204607F03FF81823A4F8A630EAE694F80A
:10B9A000A03084F8A8300723A4F8A630002313E0C1
:10B9B0000C230022A4F8A63094F85F30A4F85A2093
:10B9C00043F00103E27384F85F30D3E61323A4F855
:10B9D000A6300023A4F85A30E373CBE6E1B30000AD
:10B9E0002F56010081B100005823002094F83F3108
:10B9F000002B7FF4BFAEE37B292B36D0A77B293FFA
:10BA0000012F8CBF0027012794F83E2104F2422B1E
:10BA100004F5947A02F0FF034AB35B46009704F5FD
:10BA20009F72D4F81811504607F025FF2323E373C3
:10BA3000002384F83E3104F1FC01404607F04AFF40
:10BA400020B1002104F5B370FAF7D6FFB4F806313F
:10BA5000A4F8A830B4F80A31A4F8AA301523A4F841
:10BA6000A6300023A4F85A3084E60127CCE705AAC3
:10BA70004046012108F058F8BDF8183040F6480259
:10BA800000975046D4F81811934228BF1346ADF8DA
:10BA90001830BDF81C30934228BF134605AAADF8F4
:10BAA0001C305B4607F0E7FEC5E794F84931002BF0
:10BAB0007FF464AF67E71123A4F8A630002384F86D
:10BAC000A83087E7092367E71B236DE7242363E793
:10BAD0001E2369E72F2367E7312365E7AB4B204639
:10BAE0001B689847342357E73A2355E7272353E742
:10BAF0003F2351E72C234FE73C234DE794F8503187
:10BB0000002B3FF449AE94F88A3203F0FF01F3B101
:10BB1000637EA3B1A37E73B947F2D900B8E49C4B0E
:10BB20001B6813B941F6F730B2E41A212046984752
:10BB300084F85A7258E00A23A4F8A6304CE1D4F8ED
:10BB40005C22C4F898200322A4F8A62045E194F8CA
:10BB50004F3103F0FF022BB10823A4F8A630A4F85C
:10BB600052100DE094F8503103F0FF0193B194F8B6
:10BB70007530DB0908D02B23A4F8A630A4F8522096
:10BB8000012384F856302FE0824B1B6863B32046B4
:10BB9000984729E0D4F88C32002B5FD01F22E07B3D
:10BBA000FBF71AF8002859D1D4F88C3233B113F8C6
:10BBB000512C012A05D041F2A45069E44BF6C9503A
:10BBC00066E413F8283C03F0FF0113B145F2C220EC
:10BBD0005EE494F8713098063DD51F23A4F8521006
:10BBE00084F85620A4F8A63094F8A630FE2B7FF4F3
:10BBF00005AEA37B002B7FF401AE94F83D32002B01
:10BC00003FF4FCADE07B08F0A1F8074600287FF484
:10BC1000F5ADE3880A2B7FF6F1AD0DF1140840462F
:10BC2000FAF796FC00283FF4E9AD052204F11E0165
:10BC300040460AF080FB002800F0C0810598C4F857
:10BC400038029DF8183084F83C320123A4F8A6305D
:10BC500084F83D72D2E5504B1B6898E794F84E315A
:10BC600073B194F85F3013F00302BDD10C2143F09F
:10BC70000103A4F8A61084F85F3084F84E2159E738
:10BC800094F83E312BB394F83F3113BBE77B04F5B6
:10BC90009470D4F8181104F59F72292F04F24223EE
:10BCA00015D0A77B293F012F8CBF002701270097C4
:10BCB00007F0E1FD002384F83E31D4F818215189C2
:10BCC000D289A4F8A810A4F8AA2014223CE70127DE
:10BCD000EDE794F84831012B62D194F84931002BFB
:10BCE0005ED1E07B08F032F8002859D194F8301189
:10BCF0004B1EDBB2032B09D82848034493F84C7041
:10BD000094F83131013BDBB2032B03D94EF23F7083
:10BD1000FFF7BEBB022F94F84A210AD0032F0AD0A6
:10BD2000012F04D1012A14BF002201222AB91623AF
:10BD300002E7022AF7E7042AF5E7034493F84C20C8
:10BD400094F84B31022A19D0032A19D0012AEED1D6
:10BD5000012B14BF00230123002BE8D0E38804F556
:10BD60001072B9F8100006F032FE074650B90146CD
:10BD70002046F9F78BFF84F8487135E7022BE8E796
:10BD8000042BE6E72C23A3732EE700BF58230020E3
:10BD900014230020D822002054230020EA9E030010
:10BDA00094F8513103F0FF028BB3994B20461B6886
:10BDB0009847FE283FF418AF00231E2884F8A600F9
:10BDC00084F8A7300CD92438C0B21B2804D8914B72
:10BDD000C340DB073FF508AF0023A4F85230CFE69D
:10BDE00001228D4B82401340002B7FF4FDAE1528BD
:10BDF0000AD01128F0D194F8A82012B1A4F852303A
:10BE0000F2E6A4F85A20EFE6A4F85A30ECE694F8EB
:10BE10005A3103F0FF070BB11D23ADE694F8523100
:10BE200003F0FF026BB30921B4F85401F5F72AF9C6
:10BE300010B984F852017DE690F8F03103F0FF026A
:10BE400013B984F8522175E690F8C831032B14D841
:10BE5000DFE803F00202050D84F852716AE694F8F7
:10BE6000583180F8F131002384F8523162E6222300
:10BE7000A4F8A630A4F8527082E647F22C10FFF71F
:10BE800007BB94F85B3103F0FF0163B194F87330A2
:10BE9000DB0901D02E236FE6604B01220C212046E6
:10BEA0001B689847A0E694F85C3103F0FF020BB1E1
:10BEB000362352E694F85D310BB130235CE694F8FA
:10BEC00091325BB10D21B4F8B200F5F7DBF808B997
:10BED000392331E690F86232002BF9D094F86031C2
:10BEE00003F0FF070BB1382326E694F85E3103F028
:10BEF000FF012BB14A4B20461B6898473223B7E716
:10BF000094F85F3103F0FF020BB1352325E694F876
:10BF100065310BB128232FE694F861318BB194F889
:10BF20005A3273B994F872305F0608D53D4B1B68DE
:10BF3000002B3FF459AE2046984727234BE43A4B59
:10BF400023E694F86231A3B13B220021E07BFAF7AB
:10BF500043FE074668B94121B4F8B20006F0ECFB95
:10BF600028B1324B20461B6898473B2380E7304B73
:10BF700072E694F8643193B194F8493103F0FF010B
:10BF80006BB9E37BA3F12402072A08D9A27B3F3ACD
:10BF9000042A04D93F3B042B01D92323DDE594F87F
:10BFA0006331012B04D1002384F863312522CBE5D2
:10BFB00094F86331022B7FF417AEF4E784F83D0266
:10BFC00048E65DB1E8065FD429075FD4AA075FD1D0
:10BFD000AB065FD44EF22820FFF75ABA51B3B4F83B
:10BFE0005210B4F85430994224D9222384F83730BF
:10BFF0002046FBF785F900230221E38123762046C2
:10C0000009F017FA09B0BDE8F04FF9F785BF00BF96
:10C010003C23002009294909871208495C23002094
:10C02000C8220020882300208C230020F422002036
:10C03000682300202AB1B4F85A20B4F854309A4248
:10C04000D3D8B4F85020B4F84A309A420ED2B4F89B
:10C050005020B4F854309A42C7D2227EB4F8483007
:10C060004AB9052B7FF6F5AB3E23BFE794F83C3188
:10C07000002BBAD1EBE7B4F84A209A423FF6E9AB7D
:10C080000823B3E71623B1E71E23AFE73D23ADE74F
:10C090002A23ABE72323A9E770B5464B00250446C6
:10C0A00000F1B00618609D805D739D73B0F84C3050
:10C0B0000133A0F84C30B0F84E300133A0F84E30C8
:10C0C000FF2380F85830837B0B3B012B11D8C388AA
:10C0D000B0F83E229B1A19040BD400F50E711D30E6
:10C0E00006F0D7FFA37B0C2B08BFA573FF2384F8B2
:10C0F0005730B4F8282231462046013292B207F078
:10C100000FF80023A4F8283294F856302BB1B4F875
:10C110005220B4F854309A4214D294F95C302BB1C6
:10C12000B4F85A20B4F854309A420BD2B4F84A20EA
:10C13000B4F85030934205D2217EB4F8483039B972
:10C14000052B07D900210846FFF758F9002025E004
:10C150009A42F7D994F8A610FE2920D02046FAF783
:10C16000AFFEA17B94F85E0009F009FA124A03467B
:10C1700012492046F5F7C4FF237BDA0703D50021D7
:10C180002046F9F783FD237B9B0704D5002104F5A6
:10C19000B370FAF731FC00230120237370BD084B04
:10C1A0001D68002DDDD009F042FD02460B462046F9
:10C1B000A847D6E7A0180020FDB30000FDAF00009F
:10C1C00088220020B0F828320B4470B5A0F828323D
:10C1D0000446B0F848300D4616460B44A0F84830E7
:10C1E000B0F84E300B44A0F84E30B0F84C300B4451
:10C1F000A0F84C3008F0EFFF90B1E36B20460B4401
:10C2000004F1B001E36308F0DAF8D4E90F239A42AD
:10C2100006D30023144904F5B370E36307F0CFFAA3
:10C2200094F8563023B1B4F852302B44A4F852306D
:10C2300094F95C3023B1B4F85A302B44A4F85A3046
:10C2400094F83C311BB9237C073B012B04D8B4F88C
:10C2500050302B44A4F850302046FEF7FFFE16B1B4
:10C26000E3881D44E58070BD31430100014B024A63
:10C270001A607047D8220020B5C40000014B187422
:10C28000704700BF20190020074B93F90030184475
:10C29000142804DC10F17F0F03DB40B27047142038
:10C2A00070476FF07E007047961900207F2307B516
:10C2B0000DF107008DF8073001F0E0F803469DF915
:10C2C000070053B1094B5B785B425BB218441428FA
:10C2D00006DC10F17F0F05DB40B203B05DF804FB14
:10C2E0001420FAE76FF07E00F7E700BF96190020F0
:10C2F000024B00221A705A70704700BF9619002036
:10C3000038B50D4D2B78013B092B03D947F2652039
:10C31000F4F78CFA1221F4F779FE18232A78002119
:10C3200004465A4310320AF02DF8FF232373236981
:10C3300043F00203236138BD98190020014B1870A7
:10C34000704700BF9819002038B58B7804460D4619
:10C35000013B092B0FD84B78013B092B94BF0023DD
:10C36000012394F8B01091BB3BB129462046BDE8AB
:10C37000384007F00BBD0123F3E7E37BABBB4C2355
:10C38000E373204607F0B3FC1221B4F8B200F4F7CF
:10C3900079FEAB7803706A780273154A12789A4274
:10C3A00013D31822013B05F11B0102FB0303EA1C16
:10C3B000103352F8044B8A4243F8044BF9D1437BC3
:10C3C000AA7801339A4208BF4273002038BD2BB1CE
:10C3D00020462B21BDE8384007F0C8BC2368DA04AA
:10C3E00003D443F480532360CBE70120EEE700BF82
:10C3F0009819002038B50B460446451C1221B3F8A5
:10C40000B200F4F73FFE074B427B1B789A423CBFD9
:10C410000132D3B243702846A37009F0E9F91B201A
:10C4200038BD00BF981900202DE9F041837B0646F6
:10C430000D464D2B37D11221B0F8B200F4F722FE91
:10C4400095F8028047780446474513D118227B1E91
:10C4500005F11B0102FB0303EA1C103352F8040B25
:10C460008A4243F8040BF9D1AB78627B934238BF20
:10C4700013466373304607F033FC6B78627893425F
:10C4800008D90A490978914204D9474502D10020C8
:10C49000BDE8F0810649A01C237307F087F900234B
:10C4A00086F85031F3E70120F2E700BF9819002029
:10C4B0003D58010038B512210446B0F8B200F4F737
:10C4C000E1FD054694F850314BB1204607F008FCD9
:10C4D0000349A81C07F06AF9002384F8503138BDDD
:10C4E0003D580100064BD3F8000138B1D3F80401E0
:10C4F00020B1D3F80801B0FA80F04009704700BFBE
:10C5000000600450034B00221A705A7010229A7077
:10C51000704700BF9C190020F8B50646022014465B
:10C520000D4600F0E1F8114B114A01275C60191D1E
:10C530009A6002F1807203342D011F70DC601D834C
:10C54000C3E904260022243303F80A2C0D2203F841
:10C55000092C084AC2F83015074903C983E80300CB
:10C56000C2F80875C2F83835F8BD00BF9C19002024
:10C570000300000B006004508C9F030008B50220EC
:10C5800000F0B2F80D4B01221A7000220C4BC3F8D8
:10C590000021C3F80421C3F808210A4AC3F8802007
:10C5A00003F57433C3F88C20A3F58023C3F88C21E2
:10C5B000A3F580530822C3F8042508BD9C19002068
:10C5C0000060045003000080154A08B51378FBB1E1
:10C5D00000231449C1F8803001F57431C1F88C3062
:10C5E000A1F58021C1F88C3108210F4BC3F8081543
:10C5F000FFF778FF88B101235370938EFF2B03D987
:10C600004DF21810F4F712F9DBB293700023137097
:10C610000020BDE8084000F067B810235070F4E730
:10C620009C190020006004500020045008B502202E
:10C6300000F05AF80121064B00221970054BC3F88F
:10C640000021C3F80421C3F80821196008BD00BF08
:10C650009C19002000600450094B1A7862B1094B04
:10C66000D3F8002152B1D3F8040140B1D3F8080146
:10C67000B0FA80F040097047587870470220704740
:10C680009C19002000600450064A08B513782BB1AD
:10C69000FFF728FF20B192F8340008BD9078FCE73E
:10C6A0001020FAE79C19002038B5084C0025D4F872
:10C6B0000035032B04BF01236360C4F80055C4F8A0
:10C6C000005501F00BFAC4F8805038BD00600450EA
:10C6D000044B4022C3F88820BFF34F8FBFF36F8F06
:10C6E000FFF7E2BF00E100E010B50446FFF7DCFF12
:10C6F000012C06D0022C09D03CB142F21B70F4F799
:10C7000095F8074B0222C3F8002510BD044B032205
:10C71000C3F8002502F10042C3F88020F5E700BF0E
:10C7200000600450024BD3F8A00300F001007047F2
:10C7300000C0FF00084BD3F8A423D3F8A833511C42
:10C740009BB203D14FF6FF718B4203D0026083800E
:10C75000012070470020704700C0FF000B4B30B530
:10C76000D3F89053D3F89443D3F89813D3F89C2379
:10C7700005EA04030B401340013317BF0560002096
:10C78000446081601CBFC260012030BD00C0FF005A
:10C790000B4B30B5D3F88053D3F88443D3F88813C8
:10C7A000D3F88C2305EA04030B401340013317BF71
:10C7B00005600020446081601CBFC260012030BD64
:10C7C00000C0FF00074B0022C3F80022C3F8182264
:10C7D000C3F82022C3F80C22C3F81422C3F81C2289
:10C7E000704700BF00A00850094B00210948C0F85D
:10C7F00070135A6883F83D1022F003025A60C0F8A3
:10C80000002D054AC0F8102D83F83C10704700BF7A
:10C81000D819002000A0085080320200094B0022E5
:10C82000C3F84825C3F84425C3F84025C3F84C2570
:10C83000C3F85025C3F850214FF48012C3F80823E1
:10C84000704700BF005008501049114B91F8292043
:10C8500052B1104AC3F80821A3F5A043D3F8400110
:10C86000B0FA80F040097047D3F8002491F82A000C
:10C8700042F00102C3F8002430B9D3F8200500F0DB
:10C88000F600023818BF0120704700BFD8190020F9
:10C8900000A008500B000080EFF3108272B60D4B21
:10C8A00093F83F1021B11B78012B04D0022B0ED03E
:10C8B00002B962B6704710F0040FF9D1064B00219F
:10C8C000C3F8401503F5A04301211961F0E710F00A
:10C8D000020FF2E7D81900200050085008B5104B9D
:10C8E000187201380F4B072815D8DFE800F004084C
:10C8F0000C0A140E10120322C3F8002508BD0422EE
:10C90000FAE70622F8E70522F6E70022F4E701221B
:10C91000F2E70F22F0E749F68E70F3F787FF00BFCA
:10C92000D819002000A0085070B5244E96F8283081
:10C93000012B03D043F69F70F3F778FFFF28337A7B
:10C9400002D947F2A140F7E7013B072B28D8DFE8DF
:10C9500003F02A2F0404272A2A200024032201217D
:10C960004FF0C74596F83D3040EA02401B0440F0C6
:10C97000007003F4702343EA015323432B4343EA3B
:10C9800001230F4943F00803C1F8203EC1F8280EE7
:10C9900070BD00224FF080644FF000751146E1E752
:10C9A00049F2FA20C8E70024032201212546D9E7ED
:10C9B0000024032201214FF08075D3E7D81900200D
:10C9C00000A0085073B5204C0D46A37A7BB1207BA4
:10C9D00001F054F918B14BF23F20F3F727FF21463D
:10C9E00094F90B0002B0BDE8704000F061BE94F80D
:10C9F000403094F90960A3B101AB324601F0B6F8BA
:10CA00009DF8050001F03AF910B140F6CA10E4E7CC
:10CA10009DF904000C498DF8030000F049FE02B0B6
:10CA200070BD08F0A7FF29460DF10303324601F05F
:10CA30007BF9014610B148F65D50CEE79DF9030041
:10CA400001F0A8F9E6E700BFD819002013B5174C8C
:10CA500094F83E3043B3002814BF022304238DF81A
:10CA6000043000238DF8063009F0E5F801284FF076
:10CA7000FF3088BF00208DF8050001A803F0A6FB59
:10CA800018B148F29440F3F7D1FE5723ADF80230C5
:10CA9000BDF802309BB25A1E92B2ADF80220002BB4
:10CAA000F6D1012384F83F3002B010BDD819002020
:10CAB00008B5134B93F8403003B368B9114B2831D4
:10CAC0001846D960104901F0C1F80130012815D984
:10CAD00042F6DE30F3F7AAFE01280CD1094B2931CA
:10CAE0001846D960084901F0B7F80130012805D986
:10CAF00046F2ED70EEE741F6D950EBE708BD00BF16
:10CB0000D819002068050020949F0300074BD3F834
:10CB1000502110B532B10022054CC3F85021D4F891
:10CB2000203203B110BD09F06EFBF8E70050085049
:10CB300000A0085008B50D4B93F84020AAB11B780F
:10CB4000012B08D101F08EF8013001280DD940F2F7
:10CB50003F60F3F76BFE022B07D101F089F801303B
:10CB6000012802D94CF67950F3E708BDD819002006
:10CB70000A4B40F409000A4ADB8940F04000B3F553
:10CB8000166F36BFA3F63813A3F5166343F480730C
:10CB9000C2F80837C2F84005704700BFD819002016
:10CBA00000A00850054B002193F8292019801AB1E4
:10CBB000034BC3F8401170471A857047D8190020FD
:10CBC0000050085013B5124C94F83E307BB10DF173
:10CBD000070003F007FB18B14BF27970F3F726FE5C
:10CBE00022789DF80730012A03D0022A0DD002B026
:10CBF00010BD13F0040FFAD1064B0022C3F84025F4
:10CC000003F5A04301221A61F1E713F0020FF2E7E6
:10CC1000D81900200050085048220021014809F08E
:10CC2000B1BB00BFD8190020024B012283F8292094
:10CC3000704700BFD8190020024B0344187D00F54F
:10CC400016607047949F0300014B187F704700BF28
:10CC5000D8190020024B98691B69C01A704700BFA1
:10CC6000D81900200A4B1A7FD3E90430C01A094BA7
:10CC700003EB8203DB6BC01A074B53F822304FF4EF
:10CC80007A7203F2F313B3FBF2F3C01A704700BFDA
:10CC9000D8190020949F030028A0030038B5134B37
:10CCA000134DC5F870330378032B03D04AF2A970F3
:10CCB000F3F7BCFD437801290E4A03F03F0308BF98
:10CCC0000821546818BF002143F40C3344F00304D6
:10CCD00082F83D1043F420735460C5F8004DC5F848
:10CCE000103D012382F83C3038BD00BF06000080B3
:10CCF00000A00850D8190020F8B52B4E4FF48067DB
:10CD0000C6F89070BFF34F8FBFF36F8F08F0E8FE47
:10CD10000546264C08F08BFF0121401B244D206165
:10CD2000C5F8A410FFF74EFD4FF40023C5F8401ED0
:10CD3000C5F8003403F09AF91E4B1F4AC5F8383382
:10CD40001E4BC3F8C820013AC3F8C42040F6FE7257
:10CD50001B4BC5F814331B4BC3F804250023A383D6
:10CD6000A361238584F82A30D5F8002DA3874FF4DA
:10CD700080736260C6F89071C5F88834A36C37611F
:10CD800003B1984703F03AFA84F83E0007F0A9FB94
:10CD900084F8400038B10C4B187C00F081FFBDE8EE
:10CDA000F84000F047BFF8BD00E100E0D8190020CE
:10CDB00000A00850030000800600008000500850CA
:10CDC000010000800020085068050020024B00226E
:10CDD00058729A72704700BFD8190020020E034B98
:10CDE0000002C3F8342EC3F82C0E704700A0085080
:10CDF000044B054A034450731B7D03F51663D3812E
:10CE0000704700BF949F0300D819002038B50C4626
:10CE10000546FFF763FD204621460F4CFFF7A8FEAD
:10CE20002846FFF7CFFD237A082B0C4B0BBF40F2AF
:10CE3000022240F20312C3F8442EC3F8442E14BF5A
:10CE400040F25B62064AC3F8482E08F0CDFD01238C
:10CE500084F8283038BD00BFD819002000A0085041
:10CE60002110010010B50C46FFF738FD2046104C8C
:10CE7000FFF77EFE0F4BD3F8002442F01002C3F8F8
:10CE80000024227A082A0BBF40F2022240F2031249
:10CE9000C3F8442EC3F8442E14BF40F25B62064A26
:10CEA000C3F8482E08F0A0FD012384F8283010BDF7
:10CEB000D819002000A00850211001002DE9F843E6
:10CEC00006460C461746FFF7C1FD08F00FFE8046E8
:10CED0000028FAD04C4D002E4CD14FF0010995F8A6
:10CEE000283085F8009093BB697B3846FFF78EFFAA
:10CEF00095F829307BB3454BC3F80090444B4FF471
:10CF00007A7233F8173003F5FA73B3FBF2F3E41ACD
:10CF10002B691C443F4BC3F8404595F841302BB179
:10CF2000032B51D0022B4BD1002E4DD0394B3A4A16
:10CF3000C3F8C0210122DA64D3F84C35A3425EDA8B
:10CF400021463046FFF7B4FDFFF73CFE59E095F867
:10CF50002930002BD2D1314B4FF47A7253F827305D
:10CF600003F5FA73B3FBF2F32B4AE41A274BC3F829
:10CF70000021CDE7012E1FD102232B7095F8283018
:10CF800083B9697B3846FFF76DFF95F829306BB19F
:10CF90001E4B5E601D4AD2F8003443F01003C2F805
:10CFA0000034B5E795F82930002BF3D1174B293C15
:10CFB000194AC3F80421ABE748F68820F3F736FC9A
:10CFC000012BB3D1002EB1D06F6C4FF48013114DF3
:10CFD0004FF00009E71B1248C5F85091C5F850758D
:10CFE000C5F8043302F0C2F90123EB64D5F84C35DF
:10CFF0009F429BD80720C5F85095F9F7AFFC4FF03A
:10D0000000084046BDE8F883D819002000A0085069
:10D0100060A00300005008500B0000803CA00300FB
:10D020000DCB000008B5FFF749FF58B9064B0122A8
:10D03000C3F8400503F5A04302201A61BDE808408B
:10D04000F9F78CBC08BD00BF00500850F8B5374F49
:10D0500005460E4697F84140FCB108F047FD002810
:10D06000FBD0334B0122DA64D3F84C459DB9314BE8
:10D070004FF47A72323453F8263003F5FA73B3FB67
:10D08000F2F31C443B6932462846E41A2146FFF776
:10D09000C9FF2046F8BD5B34F4E7FFF7D7FC87F8FB
:10D0A000294008F023FD0028FBD045BB0123797BF4
:10D0B00030463B70FFF7AAFE3B78012B03D04CF6BD
:10D0C000AF70F3F7B3FB1A4AD36402F5A0421360C2
:10D0D000174B2846D3F84C452146FFF7E9FCFFF7EC
:10D0E00071FD3B69E41AF5B9124B4FF47A7253F8AB
:10D0F000263003F5FA73B3FBF2F31C44C9E7012DA4
:10D10000E6D10223797B30463B70FFF7ABFE3B78DC
:10D11000022B02D040F69F70D3E7054BDD6403F588
:10D12000A0435D60D4E72934B3E700BFD8190020DD
:10D13000005008503CA00300F8B5154D06461746B0
:10D1400008466B7F1BB94DF22930F3F76FFB8EB9A0
:10D15000012BAC69297F0AD100F024FB20442B6904
:10D160003A46C11A3046BDE8F840FFF75BBF08F009
:10D1700043FCF3E7012E09D1012BAC69297F02D1D1
:10D1800000F0FAFAEAE708F042FCE7E70020E6E7F9
:10D19000D819002073B5274B4FF48061264A4FF011
:10D1A000FF30D3F88844C3F89004C2F890114FF4CC
:10D1B0000022224904F48074C3F800240022204D88
:10D1C0002A85C1F84025C3F80821C3F80021C3F817
:10D1D0000421D3F82015C9B2C9B18DF80700C3F8EE
:10D1E000202201221A619DF8072012B1D3F82022D3
:10D1F00032B19DF8073053B94FF4F140F3F716FB05
:10D200009DF80720013AD2B28DF80720EBE7FFF72F
:10D2100091FC084E0023C6F820322B7095F83C3064
:10D220000BB1FFF7E1FA1CB14FF48073C6F88834F4
:10D2300002B070BD00A0085000E100E000500850AE
:10D24000D8190020F8B52C4EFFF7E8FAFFF7A2FF37
:10D2500096F840300BB100F0F3FC96F83E3093B1F5
:10D2600096F83F3043B102F0B7FF18B14EF20630E6
:10D27000F3F7DCFA86F83F00002002F0B9FF10B1A6
:10D280004EF66000F4E700241C4D1D4FC5F8C44164
:10D29000C7F80841C7F80041C7F80441C5F8C840BD
:10D2A000C5F8C440C7F80441C7F8004102F0F6FED3
:10D2B000144B40F6FE72C7F83843C7F81443C5F85C
:10D2C000C041C3F808257470C6E90544FFF7A6FA03
:10D2D0000D4B4FF48062C5F84841C5F84441C5F88C
:10D2E0004041C5F84C41C3F89020BFF34F8FBFF3C6
:10D2F0006F8FC3F89021F8BDD81900200050085056
:10D3000000A008500020085000E100E0014BC3F8E5
:10D310004C0E704700A0085038B5094B044693F8EE
:10D320003E303BB1074802F063FF18B14EF2DD50CA
:10D33000F3F77CFA044D94E80F0085E80F0038BD40
:10D34000D819002099C80000241A002038B50446D6
:10D350000A4D0846FFF7E8FA094BC5F8D04E5C6263
:10D36000FFF772FA48B9074BC3F8400501230320C1
:10D370002B61BDE83840F9F7F1BA38BD00A008507C
:10D38000D81900200050085010B504460846FFF791
:10D39000CBFA064BC3F8D04E054B5C62FFF754FA4C
:10D3A000044608B9FFF7F6FE204610BD00A008505D
:10D3B000D8190020144A136918449369834210B5A0
:10D3C000124C09D30220F9F7C9FA00230122C4F84C
:10D3D00040350F4B1A6110BD012353706364D4F8BC
:10D3E00044250532824206D3094AD2F80C1200299C
:10D3F000F1D11361EFE70023C4F84431054BC4F8C1
:10D400004405C4F8C431E6E7D8190020005008509C
:10D4100000A008500900008038B50A4C03460846B1
:10D42000657F217F012D227A09D100F0C9F9A36916
:10D4300022699B1A1844BDE83840FFF7BBBF00F0D3
:10D44000D9F9F4E7D8190020044BC3F8940ED3F8A7
:10D45000002442F04002C3F80024704700A00850A6
:10D46000054BD3F8002422F04002C3F80024002228
:10D47000C3F8942E704700BF00A00850044BD3F8A7
:10D48000183703F07F035B4203700120704700BF31
:10D4900000A0085008B50B4B93F829203AB1012899
:10D4A000094A0A4904D1C2F8041108F09DFA08BDDE
:10D4B000C2F800110028F8D1597B187AFFF782FAD8
:10D4C000F3E700BFD819002000A008500700008033
:10D4D000054B0022C3F84025044AD2F82035DBB2C0
:10D4E0000BB10123136170470050085000A0085091
:10D4F000044B30B5D3E90C459B6BC0E900450B608C
:10D5000030BD00BFD81900202DE9F04108F0E2FA43
:10D51000424C434D0123C4E90C01EB64D5F84C3572
:10D52000A363FFF707FB3F4B0022C3F80821C3F8B2
:10D530000021C3F80421C3F80421C3F80021D3F863
:10D54000002422F01D02C3F8002494F83C300BB1F3
:10D55000FFF74AF9D5F84835A361D5F8443563613A
:10D56000237863772F4BD3F81862D3F82002FFF7A4
:10D5700029F92778022F37D1637843B1D5F84431A0
:10D580002BB1FFF70FFBE36CBDE8F0411847002E0D
:10D590003DD0237A1BB946F63060F3F747F9DA1E1F
:10D5A000012A1DD81F4BD3F81C3E13F0060316D0DA
:10D5B000022B17D0032300252377FFF7F3FA194B2B
:10D5C00085F00101226DD3F80C0E10F001001CBF94
:10D5D000D3F81C0E25EA0000BDE8F04110470323F4
:10D5E0000125E9E70423FBE7012F10D1237A2377F4
:10D5F0003EB1FFF7D7FA636D39460020BDE8F04130
:10D60000184748B1FFF7CEFA636D3146F5E718B118
:10D61000FFF7C8FAA36DB7E7BDE8F081D81900207D
:10D620000050085000A00850024B03EB8003D86B59
:10D63000704700BF949F0300024B03EB8003186DFB
:10D64000704700BF949F0300F7B501230D4647784C
:10D650000146437004462846164600F063F94FF42D
:10D660007A73124AADF80630BDF806309BB23BB96A
:10D67000BDF806309BB273B94CF2B930F3F7D6F867
:10D68000D2F80431002BF3D1BDF80630013B9BB238
:10D69000ADF80630E8E7677016B9EB78A370AB70A9
:10D6A0007B1E5842584103B0F0BD00BF00600450DB
:10D6B0002E3008B5362854D8DFE800F050535353C5
:10D6C00053534D53535353535353535353534B5338
:10D6D0005353535357535753495347534553435346
:10D6E000413F3D3B39373533312F2D2B292725231A
:10D6F00021591C003F231F4AC2F8103708BD3323AD
:10D70000F9E72D23F7E72823F5E72323F3E71F2382
:10D71000F1E71B23EFE71823EDE71523EBE71323CE
:10D72000E9E71123E7E70F23E5E70D23E3E70B2301
:10D73000E1E70A23DFE70923DDE70823DBE7072327
:10D74000D9E70623D7E70523D5E70423D3E7032347
:10D75000D1E70123CFE74FF49873CCE74FF48873F8
:10D76000C9E74FF6E550F3F761F80223C3E7392321
:10D77000C1E700BF00A008504FF47A73033A584342
:10D78000012A10B5064C00F2E73034F911100844B4
:10D79000B0FBF3F08CBF02230A23C01A10BD00BFF8
:10D7A00014A003004FF47A73044A00FB033032F9EB
:10D7B00011201044B0FBF3F0704700BF14A0030029
:10D7C00038B51D460A4B33F9114003EB820305358A
:10D7D0005B691C444FF47A7304F6B73403FB0044CE
:10D7E0001046B4FBF3F42544FFF71EFF284438BD70
:10D7F00014A0030070B5064608461546FFF71CFF47
:10D80000094B03EB85035C694FF47A7304F6B73474
:10D8100003FB0644241A2846B4FBF3F4FFF704FF85
:10D820000530204470BD00BF14A00300014B00224E
:10D830001A707047341A00202DE9F0470446012081
:10D840000F469DF8348015469946DDF824A09DF8D2
:10D850003060FEF749FF2E4981F80180B8F1000FD2
:10D8600004D1231FD3F1000848EB030804F003049C
:10D87000002344EA0862274CC4F80425264AC4F869
:10D880008030C2F88430A2F58022C2F884310222AE
:10D89000224BC3F80825BDF828304B80FB6818BA26
:10D8A000BB6819BA7B681ABA3B68C4F810051BBA82
:10D8B000C4F81415C4F81825290AC4F81C352D0617
:10D8C0009DF8200041EA0961DAF804302DBA0038E9
:10D8D00021F00041DAF800201BBA18BF0120022E07
:10D8E00012BAC4F8203541EAC071C4F8242509BA37
:10D8F000C4F82815C4F82C5505D8094B9B5DC4F80D
:10D900004835BDE8F08747F6B660F2F78FFF00BFF5
:10D91000341A0020006004500030085000200450E9
:10D9200074A00300304B2DE9F04F4A78044693F879
:10D9300001800D46DA80B8F1000F4FD14A7803F12B
:10D94000040B4270294A4FF0000C294E4FF00E098B
:10D95000C3F840B006F1080706F1300EDFF894A0D6
:10D9600006F1400B9D61C3F81CA083F826C083F824
:10D97000279092E80300C3E90ACC86E80300D2E9C5
:10D980000201C3E9144A87E80300E91CDF88196231
:10D990009F84D2E904018EE8030017495964D2E953
:10D9A0000601E21C9A6507EB0802A3F85C20C2F3AB
:10D9B00007428BE8030083F85E20012283F85F9022
:10D9C000C3E918CCAB78A3700C4BC3F83065C3F82F
:10D9D00038E5C3F804C11A60BDE8F08F00F1010B0F
:10D9E0004FF00408AEE700BF341A002078A003000F
:10D9F0003C1A00200100000D0100000C00600450E2
:10DA00002E4B2F4A03F1380C2DE9F04105460E4606
:10DA100003F1480403F10807DFF8A880DFF8A8E065
:10DA2000C3F844801E65C3F854E0D2E90101C3E99C
:10DA3000085E8CE80300711C1964D2E9090184E8CE
:10DA40000300F11C0024996520495C66C3E91714A2
:10DA5000D2E9050187E80300691CC3E90418D2E98B
:10DA60000701EA1C03F118089A625A8888E8030043
:10DA70009A850E2283F82E40012183F82F20C3E9D6
:10DA80000C44B278AA70124AC2F830C5C2F8387590
:10DA9000C2F80441C2F8084119700E4BC2F8803038
:10DAA00002F57432C2F88430A2F58022C2F88431C3
:10DAB0000222094BC3F80425BDE8F081341A002086
:10DAC00074A003000100000C0100000DE803000E2B
:10DAD0000060045001000080002004500A4A1378BE
:10DAE0008BB1002309490220C1F8803001F574315F
:10DAF000C1F88430A1F58021C1F88431A1F58051AD
:10DB0000C1F8080513707047341A002000600450F3
:10DB100008B50B4BD3F8082122B10420F8F71EFFFB
:10DB2000022008BDD3F8042122B90520F8F716FF1A
:10DB30000320F6E7D3F80004003818BF0120F0E70F
:10DB400000600450014B01225A607047006004508D
:10DB5000014B1860704700BFA01A0020024B1868E4
:10DB6000003818BF01207047A01A00202DE9F04F9F
:10DB7000254C85B0054698460F46164600F0CEF86F
:10DB800023788146AB4211D16378BB420ED194F920
:10DB90000230B3420AD1E378834207D1A388A8F8C0
:10DBA000003094F9060005B0BDE8F08F082D1CD1B7
:10DBB0008DF80F6028469DF90FB007F0F3FE8246FE
:10DBC0003846FFF739F8002203464146009258468E
:10DBD000524600F059F8B8F80030A071A3802570C3
:10DBE0006770A67084F80390DBE7284607F0DAFE3A
:10DBF0000DF10F033246394600F096F80028D9D0CF
:10DC00004FF43540F2F712FE7E050020014B1860FC
:10DC100099807047C41A0020024BD86019745A8248
:10DC2000704700BFF01A0020014B1B681B681847A3
:10DC3000D8050020014B1B685B681847D8050020F9
:10DC4000014B1B689B681847D8050020014B1B68D7
:10DC50001B691847D8050020014B1B685B691847F2
:10DC6000D8050020014B1B689B691847D805002088
:10DC7000014B1B68DB691847D8050020014B1B6866
:10DC80009B6A1847D805002030B4044C9DF8085012
:10DC900024680295E468A44630BC6047D80500209B
:10DCA00000220D49134610B540FA02F4E40744BFC0
:10DCB000CA545C1C02F1010248BFE3B2042AF3D14A
:10DCC000054AFF24D118032B01D9107110BD01336F
:10DCD00001F8014BDBB2F6E79C2300205D5A0100FE
:10DCE000635A0100655A01008B5A0100695A01000C
:10DCF000955A01006F5A01009F5A0100755A0100A0
:10DD0000AB5A0100815A0100855A0100775A01007F
:10DD10007D5A01009B5A0100A55A0100014B187D54
:10DD2000704700BF701B0020042810B511D883B1C4
:10DD300004280CBF10242824A1420AD2064C54F80F
:10DD4000200018B141568A42A8BF0A4600201A7026
:10DD500010BD6FF01500FBE7701B0020072803467D
:10DD600011DC10F12D0F10DB094A101890F82E006D
:10DD700002EBC00292F93C209A4207D0002918BF5A
:10DD80000130C0B270471B2070470020704700BFB1
:10DD900008A10300072808B507DCFFF7DFFF044BE5
:10DDA00003EBC00393F93C0008BD0820FCE700BF6B
:10DDB00008A10300C0B208B520B9044B01229A6043
:10DDC0001A6008BD41F6700001F08CFF00E01050B1
:10DDD00010F0FF0008B513D10B4B01225A60DA6036
:10DDE0000A4AC3F800011070D3F8082412F00102A7
:10DDF00005D1C3F81021C3F81821C3F8142108BDB8
:10DE000040F2F96001F06EFF00E01050851B002029
:10DE1000014B01221A707047851B002008B540B9DC
:10DE2000064BD3F8103113B9054B187808BD012003
:10DE3000FCE74EF24D3001F055FF00BF00E01050FE
:10DE4000851B0020024BD3F8080400F00100704746
:10DE500000E01050024BD3F8480400F00100704776
:10DE600000E01050024BD3F84004C0B2704700BF2E
:10DE700000E0105007490246D1F84C04D1F84C1488
:10DE800010F4803005D0D0B201F003031B1A5842C1
:10DE90005841704700E01050F8B5214BD3F80C34CE
:10DEA000DA0303D448F6CD1001F01CFF1D4B012707
:10DEB0001D4AD3F80438106A032B1C4B20F03F0096
:10DEC00009BF06240C240C254FF400761CBF18252E
:10DED0004FF48066C4F1000C536697645764136C6A
:10DEE000DB03FCD4136A116C03F03F03C1F30A0196
:10DEF000711A81EAE17E8C42AEEBE17E09DC3F2BB8
:10DF000004D00133034313627545E7D900239364BA
:10DF1000F8BD8C45F8DB002BF8D0013BF2E700BFE1
:10DF200000E0105000001250000812500100008064
:10DF300038B50B4C23781BB100232370FFF7ACFFDF
:10DF4000EFF3108572B6637803F0FF000BB9FFF7AB
:10DF50003FFF05B962B6034B00225A6638BD00BFC9
:10DF6000881B002000081250F8B50F4E0127044608
:10DF70000D463318DF7007F09AFD58B934B90B4BD2
:10DF800011227771B560C3F80423F8BD4CF60D304B
:10DF900001F0A8FE002DF8D01CB90220A847B460FB
:10DFA000F3E749F65950F3E7881B002000E01050D2
:10DFB000044B0022191803EB80034A719A60CA705F
:10DFC000704700BF881B0020014B1882704700BFBC
:10DFD000881B0020014B588A704700BF881B002017
:10DFE000014B188A704700BF881B00200C4B03446C
:10DFF00010B55A78632A03D94DF6706001F072FEAD
:10E00000EFF3108472B65A780132D2B25A705B784C
:10E01000012B01D1FFF7CEFE04B962B610BD00BFDF
:10E02000881B0020134938B50C18034662781AB9CA
:10E0300044F67A3001F056FEEFF3108572B662783E
:10E04000013AD2B2627062787AB90A7D82B178B947
:10E05000094BD3F80C34DB0304D44B782BB9FFF70E
:10E06000B7FE02E0487D01F0BFFF05B962B638BDDA
:10E070001846F4E7881B002000E0105010B507F0A8
:10E0800019FD0C4C07F013FD60B1A37D3BB90A4BA1
:10E0900001229A610423E3750023237610BD07F063
:10E0A0000CFDF9E703230122E375034BC3F80423B6
:10E0B000F2E700BF881B002000E01050014B012256
:10E0C0001A62704700E01050044B587E28B1044B90
:10E0D000D3F81001B0FA80F040097047881B002087
:10E0E00000E0105038B50D4B5C7E7CB901255D76A3
:10E0F00007F0E0FC0A4B1022C3F81041C3F81441AA
:10E10000C3F81841C3F80423DD6138BDFFF7DCFF15
:10E110000028FAD040F2173001F0E4FD881B0020FF
:10E1200000E01050024BD87D003818BF0120704726
:10E13000881B002038B5164C237D1BB94FF6D5003F
:10E1400001F0D0FD01232370A37DC3B9A37EB3B139
:10E15000227E013B9A4212DA07F0A9FC054601F043
:10E16000DDFEA37E012B82BF237E0133237655B1D2
:10E17000E369C31A0133022B09D935B1E061BDE867
:10E180003840FFF77BBF236AF3E72062F7E738BD2B
:10E19000881B002037B5184CA37D63B9606A00F076
:10E1A0000300FFF767FE30B1EFF3108372B6E27D34
:10E1B0001AB103B962B603B030BD0122E27503B9EA
:10E1C00062B608230D4DC5F808334FF42073ADF83F
:10E1D0000630BDF806309BB25A1E92B2ADF806204A
:10E1E000002BF6D1C5F80C3184F82830FFF746FF34
:10E1F0000823C5F80433DEE7881B002000E0105038
:10E200002DE9F74F4E4C237D002B00F09580032322
:10E21000ADF804304B4BD3F80051D3F80891D3F844
:10E22000142112B9D3F818216AB10026C3F8146179
:10E23000C3F81861C3F81061637E0BB107F03DFCB1
:10E24000667607F093FD3F4BD3F81031002B58D082
:10E25000637E1BB107F031FC00236376637913B151
:10E2600002238DF80430003D18BF012545F010054C
:10E27000354E0DF1040A334B4FF00008F71EC3F87A
:10E2800008531AF8010B03280AD03B7843B14FF02A
:10E29000000B336887F800B013B19847C6F800B098
:10E2A00008F10103043601374FF00108022BE8D1D1
:10E2B000B9F1000F08D0234B0022C3F80821042233
:10E2C000C3F80823FFF766FF94F82860EA071D4BA0
:10E2D000F6B2D3F80C7108D5E27D032A05D1A27DF0
:10E2E0009AB90422E27501229A61BFB1154B00224E
:10E2F000C3F80C21E37D042B0CD043F6436001F0FE
:10E30000F1FC002DD4D00125B2E707F0D6FB0223A3
:10E31000E375EAE70223E37507F0CFFB66B100235C
:10E3200084F82830E37D022B01D1FFF7A7FE03B06C
:10E33000BDE8F04F07F0C1BB03B0BDE8F08F00BFF0
:10E34000881B002000E01050901B002010B5054CE9
:10E35000606A00F00300FFF78DFD0028F8D0002070
:10E3600010BD00BF881B0020F8B5054650B10278EB
:10E37000022A07D8437842B9013B1F2B02D8837881
:10E38000212B07D96FF0150093E0002BFAD1837889
:10E39000002BF7D1694B2022C3F8A020BFF34F8F89
:10E3A000BFF36F8F664EC3F8A0217D23654CC6F87E
:10E3B00008330023C6F80031C6F81031C6F814310E
:10E3C000C6F81831C6F80831C6F80C316370A3706E
:10E3D000AB886382FFF736FD10B10123E3706370F1
:10E3E000D6F80C0440F2563310F4803023821AD051
:10E3F000FFF70EFD544801F0CDFD514E60236075CE
:10E400000022C6F804332B78A978012B6276626269
:10E41000A375A176227625D0022B1CD01BB34FF614
:10E420001D6001F05FFCC6F81001FFF7C3FC444B10
:10E43000D3F81021002AFBD00026C3F81061C3F8DE
:10E440001461C3F81861FFF727FD3046FFF7C0FCE1
:10E450003E4B5E66CEE707F02DFBD6F80C34D903B1
:10E46000FBD502236362FFF7F5FC40B3FFF7FAFC2C
:10E47000636A03F00303984221D1AB79D3B9FFF764
:10E4800065FFA37E63B12B7853B907F010FB0546F7
:10E4900001F044FD6FF00043002D4BD0C4E90703A9
:10E4A0000123202200202375244BE075C3F8A0210E
:10E4B0001A62F8BD224B0422C3F80423E1E7204B83
:10E4C000012200215A61C3F8081194F82410C3F8FE
:10E4D00040141A610422C3F80423AA79002AD0D177
:10E4E000D3F80423520702D443F2883099E7184A3C
:10E4F0001769116907F0100741F010011161D3F895
:10E5000008310BB907F081FE0D4ED6F8083173B112
:10E51000FFF71CFF27B90E4A136923F0100313619C
:10E520000423C6F808330023C6F80831A9E707F02A
:10E530006AFEEAE7C4E90730B2E700BF00E100E0A5
:10E5400000E01050881B002031DF0000000812504E
:10E5500000ED00E038B50C4B0C46197919B14EF6B8
:10E560006F0001F0BFFB60B95D790DB1002038BDCF
:10E5700001225A71FFF73AFD21462846FFF7F4FCC5
:10E58000F4E76FF01500F2E7B41B002038B50B4D2F
:10E5900004462B791BB143F6975001F0A3FB48B911
:10E5A0006B792BB1FFF704FD20466C71FFF73AFD44
:10E5B000002038BD6FF01500FBE700BFB41B002042
:10E5C00010B501B3F0B14FF0FF33104A1C46E0FB29
:10E5D0000134944203D948F2E61001F083FB1A0D8E
:10E5E000C3F30F100A4B42EA04324FF22444B2FB49
:10E5F000F4F100EB024003FB1100B0FBF4F040EA41
:10E600000140013010BD0846FCE700BF3F420F004B
:10E61000000024F4014B9B68184700BFB41B002086
:10E62000014BDB68184700BFB41B0020014B1B697E
:10E63000184700BFB41B002008B5054B1B791BB160
:10E6400043F6FC1001F04EFBBDE80840FFF772BD39
:10E65000B41B0020034B1A790AB9FFF7BBBC988D95
:10E66000704700BFB41B0020034B1A790AB9FFF7AB
:10E67000B7BC988A704700BFB41B0020024B1B79BF
:10E680000BB9FFF787BD7047B41B0020014B9B6996
:10E69000184700BFB41B002038B51D4C23792BB39D
:10E6A000FFF7C4FF50B91B4DC5F81001FFF7B2FFCB
:10E6B000D5F81031002BFBD0FFF7B2FF154B6022CD
:10E6C000C3F80423636A9847002806DB94F82E30C9
:10E6D00023B10123002084F8303038BDFFF7D6FF86
:10E6E0000028F6DA48F23A2001F0FCFA0A4BA3615E
:10E6F0000A4BE3610A4B23620A4BA3600A4BE360B7
:10E700000A4B2361FFF730FE0028E2D0E5E700BFA7
:10E71000B41B002000E010504DE30000C75A010078
:10E7200025E10000B55A0100BB5A0100C15A0100A1
:10E7300038B5074B04461D791DB142F6155001F05E
:10E74000D1FA00F0C3FD2046FFF73EFC284638BD55
:10E75000B41B002008B5074800F0A6FD054800F0EE
:10E7600019F801F0AFF800F0DFFF00F0E5F9012043
:10E7700008BD00BFE81B002008B5054B1A781AB188
:10E7800043F20D7001F0AEFA5860197008BD00BF79
:10E79000F01B0020024B986000221A705A607047EC
:10E7A000F01B0020F7B51E4C2378012BDAB204D001
:10E7B000022A2ED0012003B0F0BD0DF107016068E0
:10E7C00000F0D8F965686B7DDB071CD5AB7F042BA7
:10E7D00019D000F0F3FD0646A8B100F0F5FD2B6955
:10E7E000D5E900279A18B36847F100070A332CBF10
:10E7F000012500251B1845EB01059342BD4102D3BD
:10E80000606800F0BBFA0023636023709DF8070086
:10E81000D1E70DF10701606800F0B6F9F3E700BF3A
:10E82000F01B002073B505460C4600F0C7FD0646F8
:10E83000AB7F012B1AD021462B4604F1180251F868
:10E84000040B914243F8040BF9D101230DF10701A8
:10E850002846AB7700F08EF916B1012002B070BDEA
:10E86000034B0421986807F03AFCF6E70020F5E72F
:10E87000F01B0020024B0621986807F030BC00BF57
:10E88000F01B0020174B1868F0B560B150F8102C41
:10E8900050E9063418380A3344F100049B188269A1
:10E8A00044F1000402B9F0BD52E90615994275EB36
:10E8B0000406F8D2077D12F8046CB7420BD00FD9CA
:10E8C0000A3152F8103CA2F1180045F100055B181E
:10E8D00045F1000404E09688878BF61B3604EFD4DC
:10E8E0001268DFE7FC1B0020F8B5244C00232371DD
:10E8F0006371A371E371EFF3108272B6A168E360F4
:10E900006160A36002B962B600261D4D636803B959
:10E91000F8BD9A79A3F11800032A07D11A680121DA
:10E920009E7153F80C3C62609847EFE71B6863B137
:10E93000183B07462A46997F04290ED09B7F032B5C
:10E9400004D040F6065001F0CDF92A4613680221A2
:10E950001B681360C3688677E6E7B0F81CC0998B24
:10E96000A1EB0C010904996944BF07F1180218468C
:10E970000029EBD01F46A1F11803DCE7FC1B0020A7
:10E98000001C0020042300F1180283770023037683
:10E9900043768376C376044B996811B99A60DA603E
:10E9A0007047D9680A60FAE7FC1B00202DE9F041A6
:10E9B000134C06460F460020236833B9E8B1114BCB
:10E9C000BDE8F041187801F00FBB53E9061553F884
:10E9D000082CD3F80080521845F10005B242BD4121
:10E9E00009D22268A3F1180012682260FFF7CAFF5B
:10E9F00001204346E1E71C46FBE7BDE8F08100BF8C
:10EA0000FC1B0020DC050020494B1B682DE9F74F5B
:10EA1000044682838B46D0E9002003B1183B94F86A
:10EA200015C0DFF80CE10CF0010C002B3BD0D3E952
:10EA30000056AA4270EB060135D3BCF1000F2CD072
:10EA4000277D197D8F4228D399684D1946F100061C
:10EA500015F10A0846F1000E424570EB0E0119D27D
:10EA60002169891840F1000788457EEB070901D22A
:10EA700041467746A942B7410FD22046FFF782FFB1
:10EA80002C4B187801F0B0FA00238BF8003003B05B
:10EA9000BDE8F08F11460746ECE703F1180E9B69BD
:10EAA0000BB1183BC3E7BCF1000F34D0A168891843
:10EAB00040F10009019173B30199D3E9007611F196
:10EAC0000A0549F10001AF4276EB010123D2257D11
:10EAD000197D8D4218D39D68ED1946F1000615F198
:10EAE0000A0A46F10008524570EB080110D221696C
:10EAF000891840F100078A4578EB070C01D251468E
:10EB00004746A942B741B8D39B6923B1183BD3E725
:10EB100011460746F5E7DEF80020234643F8182F94
:10EB2000CEF80030FFF7AEFE8442ADD10123ACE752
:10EB3000FC1B0020DC05002010B50B4C2378FF2BBC
:10EB400003D048F65E1001F0CDF8084801F022FA33
:10EB5000074B002220701A705A709A70DA709A600F
:10EB6000DA601A8210BD00BFDC050020E9E8000071
:10EB7000FC1B0020034B1A8A10B4541C1C8210BCCE
:10EB8000FFF742BFFC1B002038B504460D46FFF7D7
:10EB900079FE231A04F1180158425841287004489C
:10EBA00007F0C5FA10B100230120A37738BD00BFDC
:10EBB000FC1B002038B5114B044600F118019A687F
:10EBC000B2B19A6800209AB191420ED108B1A569FC
:10EBD00005609D68A94204BF12689A60DA68914294
:10EBE00000D1D8600023A37707E010461268EAE757
:10EBF000034807F09CFA0028F4D138BDFC1B002024
:10EC0000001C00202DE9F041264E04460D46FFF77A
:10EC1000CDFE3068002843D0A0F1180C50E9063131
:10EC2000A34271EB050250F8102C3CBF2346294645
:10EC30000A322CBF012700279B1841EB0702076807
:10EC4000604627B900F118037361BDE8F08157E908
:10EC500006EC9E457CEB0201F4D290F8148017F884
:10EC6000041C884513D019D9744523462A46A7F1B8
:10EC7000180075EB0C0157F8101C3CBF7346624638
:10EC80005B1842F100020A3342F1000206E0B98843
:10EC9000B0F81C80A1EB08010904E5D43F68D0E777
:10ECA0000346D1E7FC1B002010B5054C61692046E6
:10ECB00007F03DFA18B1606900231838636110BD90
:10ECC000FC1B00209C46144BF0B51D68FDB115F8E7
:10ECD000043C183D834218D812F10A04D5E90036E5
:10ECE0004CF10001A34276EB01070BD22F69FF180C
:10ECF00046F10006A7428E4107D3B4F10A0041F164
:10ED0000FF31F0BD1C463146F7E7AD69DEE74FF055
:10ED1000FF300146F5E700BFFC1B002008B5837FEC
:10ED2000022B1CD1437D13F0020302D00023837712
:10ED300008BD0322037643768376C3760D4B827734
:10ED400000F11802996839B99A60DA600A4B1878AC
:10ED5000BDE8084001F048B9D9680A60F5E7837F4B
:10ED6000012BE5D0837F042BE2D043F25B7000F0EF
:10ED7000B9FF00BFFC1B0020DC05002010B500F12E
:10ED800018010446084807F0D2F918B94EF2FC60A1
:10ED900000F0A8FF2046FFF7F5FD044BBDE810404A
:10EDA000187801F021B900BFFC1B0020DC05002011
:10EDB0002DE9F74FD0F810E0BEF1000F03D045F277
:10EDC000D82000F08FFF836890F814800193D0E979
:10EDD0000014EFF3108972B6264BB3F810C01B680D
:10EDE0006BB1019D183B0A35D3E900264EF1000AAC
:10EDF0006D1844EB0A0A95427AEB060707D2B9F17F
:10EE0000000F35D0C0E9001403B0BDE8F08F8A428E
:10EE100076EB04070CD31F69BF1846F1000BAF4215
:10EE20007BEB0A0B34BF0125002575B99B69D7E739
:10EE300012F10A0A9D6846F1000715EB0A0547F131
:10EE40000007A94274EB0707ECE71D7DA84509D030
:10EE5000ECD912F10A019D6846F10004691844F1E9
:10EE60000004E3E79D8BA5EB0C052D04DED5F0E750
:10EE700062B6C7E7FC1B0020024B0521186807F0AB
:10EE80002EB900BF181C0020064B586810B518B9E1
:10EE90004CF2C63000F026FFC3680521BDE81040E3
:10EEA000184700BF181C00202DE9F84F274C814659
:10EEB000237BA668A3BB94F80D8018F0010803D04B
:10EEC000E3899E4238BF1E4600F036FD10EB060B6C
:10EED00005460F4641F1000A58465146FFF792FE9B
:10EEE00008B3D0E900329B457AEB020104D29D1BA6
:10EEF0009B46924662F100070023154A2846394690
:10EF00002362C4E904BAC4E9065700F0EDFCB8F185
:10EF1000000F02D0E3899E4216D002230D4A0DE075
:10EF20004FF00008D0E7237B2BB1637B9B0702D512
:10EF3000636A012098470023074A237384F8283026
:10EF4000C9F80020BDE8F88F0123E7E7181C00206E
:10EF500079EE00006DF00000F75C01002DE9F0474C
:10EF600017463E4C002B69D0E289D3E90056643243
:10EF7000854276EB01034FF000033CBF05460E4689
:10EF80002362B5EB000A66EB010952451A4672EBA3
:10EF90000902C4E9045627DA237B3BB1637B9A0755
:10EFA00002D5636A012098470023237394F80D80EB
:10EFB00008F00108A36803F5E1739A4579F10001AF
:10EFC0001FDAB8F1000F11D0E089254A281A66F13E
:10EFD0000001C4E9060100F087FC0623214A84F8F9
:10EFE00028303A60BDE8F0879846E3E7B5F1320093
:10EFF0001B4A66F10001C4E9065600F075FC0523C2
:10F00000ECE7FFF70DFBE089A368B8F1000F0BD028
:10F01000984209D9281A124A66F10001C4E906018A
:10F0200000F062FC0123D9E7E81A0D4A66F10001FD
:10F03000C4E9060100F058FC0223CFE7237B2BB183
:10F04000637B9B0702D5636A0120984700252573DF
:10F05000FFF7E6FA2B46044AC1E700BF181C002060
:10F0600079EE00006DF00000F75C0100023970B528
:10F070000546032900F2D380DFE801F00602083FCD
:10F08000684B002283F82920002023E0654C94F887
:10F090002830042B08D8022B27D8013B012B1AD982
:10F0A0004EF2516000F01EFE053B012BF8D8FFF731
:10F0B00079FB0028E8D000F02FFC00F03DFC06466C
:10F0C0000C46FFF79FFD2A46034621463046FFF7D0
:10F0D00045FF022070BDFFF765FB0028D4D000F08B
:10F0E0001BFC2846FFF7E0FEF3E7FFF75BFB002879
:10F0F000CAD0012384F82930C6E74A4C94F8283056
:10F100001A1F012A2AD8042B94F829600CD100F088
:10F1100059FB48B900200021FFF774FD08B1FFF743
:10F120002DFEFFF77DFADCE7002EC6D1FFF7BCFD10
:10F130000028C2D06060C4E90B6600F013FB606871
:10F14000022331468377C3689847D4E9040106F067
:10F15000D0FD354B84F828602B60BAE700F0ECFB5B
:10F16000A369C01A236A9842ACBF2062236294F854
:10F170002830022B19D1FFF74DFA94F82830022BD2
:10F18000D4E904012CD1637BDB071BD5237BCBB9EE
:10F19000E389264AC01A61F10001C4E9060100F0C2
:10F1A000A3FB032384F828306EE7637BDA0701D5DD
:10F1B000207B10B146F2840074E7636A984701230C
:10F1C0002373DAE73238236A184A41F1FF31C01855
:10F1D00041EBE371C4E9060100F086FB0423E1E79B
:10F1E000012B0AD1A368114AC01A61F10001C4E9D8
:10F1F000060100F079FB0223D4E7236A32380B4A78
:10F2000041F1FF31181841EBE371C4E9060100F048
:10F210006BFB94F82830062BE0D10523C2E742F2BD
:10F22000DF603FE7181C002031F2000079EE00009B
:10F2300002392DE9F041064604292ED8DFE801F015
:10F2400003090B2D0E00174A537B003B18BF012307
:10F25000137300201FE0FFF7A5FAFAE7DFF84480F8
:10F2600000F090FA00F068FB0C460546FFF7CAFC78
:10F270000746D8F80400FFF751FD00230022284676
:10F28000C8F8043000232146C8E904233B4632462F
:10F29000FFF764FE0220BDE8F08143F6DB3000F0AA
:10F2A00021FD00BF181C0020064A002310B5064CA3
:10F2B0000260206084F828306373FFF7D5F932309C
:10F2C000A06010BDF75C0100181C002008B5064BBB
:10F2D0001A681168054A914203D049F2BE4000F015
:10F2E00001FD3230986008BD181C0020F75C010059
:10F2F00010B5EFF3108472B6034B0421186806F0C2
:10F30000EEFE04B962B610BD181C002008B5084B0B
:10F310005A681AB94FF2E77000F0E4FCD3E904210F
:10F32000BDE808408018034A41F1000100F0DCBA52
:10F33000181C002089EE000008B5054B5B681BB95E
:10F340004DF6206000F0CEFCBDE8084000F0E4BAC5
:10F35000181C002008B5044B5A681AB947F6866095
:10F3600000F0C0FCD86208BD181C002008B5044B92
:10F370005A681AB94AF27F2000F0B4FC186308BD3D
:10F38000181C0020054B1B6B10B51BB94EF678708E
:10F3900000F0A8FCBDE81040184700BF181C002072
:10F3A000054BDB6A10B51BB94CF6E31000F09AFC74
:10F3B000BDE81040184700BF181C0020014B5868DA
:10F3C000704700BF181C002008B5054B5A681AB9D1
:10F3D00040F26E5000F086FCD3E9040108BD00BF86
:10F3E000181C0020034B587B10F0010018BFD8896F
:10F3F000704700BF181C00200028ADBF00F160401E
:10F4000000F00F00044B00F56140B4BF185C90F8A9
:10F4100000034009704700BF14ED00E02DE9F04102
:10F4200005460E46E1B9114F3B681BB14DF6FC4055
:10F4300000F058FC38600E48FFF78CFF0D48FFF7CE
:10F4400095FF06F0F4FB6B7D04465B0708D506F0DC
:10F4500047FB0A34241A7C6000F080FA0028FBD0B5
:10F460002B6A3146686ABDE8F0411847501C0020FD
:10F4700099F4000079F40000064B1B6810B51BB925
:10F4800040F6E60000F02EFC1A6A0421586ABDE836
:10F4900010401047501C0020064B1B6810B51BB9CC
:10F4A00043F2C52000F01EFC1A6A0321586ABDE829
:10F4B00010401047501C0020024B00221A601A8195
:10F4C000704700BF501C002008B5074B1A681AB9D6
:10F4D00049F2D76000F006FC0449D16000221A60AE
:10F4E000BDE80840FFF7C6B9501C00201DF400001D
:10F4F00030B587B00C46182200210546684606F054
:10F5000041FF637A4FF000026168C3F38003029108
:10F5100083F0010363F38202237A8DF81430224BC7
:10F520008DF81520039323785BBB9DF81500D4E973
:10F5300004324007CDE9003207D50A3B01F10A0148
:10F5400042F1FF320291CDE90032637A69469DF8BB
:10F550001520C3F3400322F003025B0043F00103D4
:10F5600013438DF81530114B5868C0F30800B8B13B
:10F570001038FFF741FF98B92846FFF753F907B055
:10F5800030BD2369049306F0A5FA9DF815305B079A
:10F5900044BF029B0A33CDE9000148BF0293D4E780
:10F5A000284606F0A5FAEAE71DF4000000ED00E0A9
:10F5B00008B50A4B1B681BB946F6877000F092FB32
:10F5C0005B7D5B0703D4BDE8084006F030BB06F066
:10F5D0002EFB0A3041F1000108BD00BF501C002085
:10F5E00070B50B7886B01BB141F26E1000F07AFB5B
:10F5F0004C7A4FF000060593C4F380034D6883F006
:10F600000103029563F382060B7A8DF81430104BD8
:10F610008DF8156076070393D1E90431CDE9003107
:10F6200007D50A3B05F10A0541F1FF310295CDE905
:10F6300000319DF81530C4F340046946049264F328
:10F6400041038DF8153006F053FA06B070BD00BFC7
:10F650001DF400007FB506F03DFA002305930B4B27
:10F66000039340F21E2302934FF0FF33CDE90001D4
:10F67000694607480493FFF7D5F818B942F6EC003D
:10F6800000F030FB07B05DF804FB00BFB9F60000E6
:10F69000881C002010B5074C94F820304BB9FEF7B9
:10F6A000C5FF30B9012384F82030BDE81040FFF7D2
:10F6B000D1BF10BD881C002008B505292DD8DFE872
:10F6C00001F0032F282C2C0D06F000FA154806F047
:10F6D000B0FA1E38BDE8084006F0FEB9FEF7A6FFF6
:10F6E00038B1104B002283F82020BDE80840FFF716
:10F6F000C1B806F0EDF908B906F0E8F900214FF4B9
:10F70000007006F064FA0028E0D142F24E7000F07A
:10F71000E9FABDE80840FFF79DBF4EF68740F6E7DF
:10F7200008BD00BF881C00204FF000430B4A002199
:10F73000C2F88030A2F58022C2F88031012302F5A0
:10F740007832C2F80435A2F58022C2F804352022AE
:10F75000034B184683F8201006F014BE00400C50EE
:10F76000881C002008B51AF029FF054AD2F858373E
:10F7700043F00103C2F85837BDE80840FFF78ABFDD
:10F7800000200E5008B51AF029FF0B4AD2F858375E
:10F7900023F00103C2F858370122084B5A604FF09A
:10F7A000FF32C3F808232022054BC3F89021BDE89F
:10F7B000084000F0B1B800BF00200E5000500850C3
:10F7C00000E100E008B5FEF731FFB8B90D4BD3F802
:10F7D00000314BB90C4A536A0133312B53620CD9B7
:10F7E0004DF6714000F07EFA06F072F910B14DF658
:10F7F0005A70F7E706F068F9012008BD024B0022B5
:10F800005A62F9E700E01050881C002014492022B9
:10F81000C1F89020BFF34F8FBFF36F8F114BC1F82A
:10F820009021D3F8040520F00300C3F80405D3F8B1
:10F83000080540F00300C3F8080592FAA2F0B0FAF8
:10F8400080F0C3F8100501205860D8604FF00040E8
:10F85000C3F880004FF0FF30C3F808030A61704717
:10F8600000E100E000500850134A4FF4E06320210B
:10F87000C2F838330023C2F8AC35C2F8BC35C2F840
:10F88000CC35C2F82031C2F82431C2F828310B4AF5
:10F89000C2F89C11C2F89C10BFF34F8FBFF36F8F5B
:10F8A000C2F89010BFF34F8FBFF36F8FC2F8901163
:10F8B000034A1360704700BF00200E5000E100E0D3
:10F8C000B01C002008B5FFF7CFFF054B4FF4A06236
:10F8D000C3F834232022034BC3F89C21DA6108BD0E
:10F8E00000200E5000E100E0094B10B51C681CB16F
:10F8F0004EF6B07000F0F6F91A60C1F31301054B33
:10F900000122C3F8A005C3F8A415C3F8AC2510BDA7
:10F91000B01C002000200E50054A136833B10023AC
:10F920000449C1F8AC35C1F820311360704700BFFD
:10F93000B01C002000200E5030B54FF0FF30064CB8
:10F940006FF04041D4E90023904271EB0305F9D3F5
:10F950001046C3F3130130BD40270E5008B5FFF722
:10F96000EBFF044BD3E90223904299412CBF0120C5
:10F97000002008BDB01C002008B5FFF747FF024B70
:10F9800001221A6008BD00BF0050085010B5FFF7F3
:10F990003DFF0E4C0023C4F8BC35C4F82431FFF7FA
:10F9A000CBFF0A3041F10001C4F8B005C1F31303E5
:10F9B000C4F8B4354FF00043C4F8A4310123C4F8AF
:10F9C000BC35034BC3E9020110BD00BF00200E503F
:10F9D000B01C0020144BD3F8342312F4A06F10B5E0
:10F9E00003D143F6DD2000F07DF9D3F8202162B188
:10F9F00000220E49C3F8AC25C3F820210B6813B9C7
:10FA000047F60830EFE70A609847074BD3F82821FC
:10FA10004AB10022C3F8CC25C3F82821034BBDE826
:10FA200010401B69184710BD00200E50B01C00206C
:10FA3000034610B3007888B91A79012A1ED85A797A
:10FA4000012A1BD89A680E49643A8A4216D8D868A7
:10FA50000C4B98422CBF00200120704701280CD18C
:10FA60001A79012A09D85A79012A06D8DA6804498C
:10FA7000643A8A4201D89868EAE70020704700BFDC
:10FA80003C8601000040420F70B5044606F022F8A3
:10FA900040F2F966656AD4E90632963342F1000213
:10FAA0005B1905F5DF6542F10002B5FBF6F55B1960
:10FAB00042F1000283428A410FD294F82A30052B8A
:10FAC00003D04DF2FB4000F00DF9236A0A2194F8AF
:10FAD000580098474FF69F00F5E7054C236813B18F
:10FAE000984700232360BDE87040FFF7EDBC00BFDE
:10FAF000C41C002070B504460D4639B9012380F8B6
:10FB00005930FFF7C1FF0226304670BD0E78032E34
:10FB10006FD801A353F826F007FB000029FB000073
:10FB200093FB00004BFB00004868C72801D8002663
:10FB3000EAE7042106F04BF80028F8D005F0CEFFE4
:10FB40006968204606F036F9DEE790F8286006BBC3
:10FB50004D682846FFF76CFF00284AD02B78D3B9B0
:10FB6000012121702B796A79003B18BF0123002AFB
:10FB700014BF0422022243F004032272AA68A532B1
:10FB80006260EA6863720323226184F82A3084F891
:10FB900029102046B5E794F82A30052B03D046F209
:10FBA000200000F09FF8267004F130002B796A796C
:10FBB000003B18BF0123002A14BF0422022243F095
:10FBC00004032272EA686372A532A9686260D4E90C
:10FBD00006325B1842EBE1722146C4E90432042389
:10FBE00084F82A30FFF784FC0028D2D148F2246040
:10FBF000D7E7012384F85930CBE700BF2DE9F8435C
:10FC00008846074658B300F02FF84FF00009044625
:10FC10005FFA89F6B44203D86FF00B00BDE8F883B1
:10FC2000304609F1010900F025F890F82A50002D1E
:10FC3000EED1304600F01EF80A490446058580F8EA
:10FC40002A50024680F85860303006F06AF80123E6
:10FC50002762284684F82A3088F80060DEE76FF0D3
:10FC60001500DBE7C35D0100014B1879704700BF49
:10FC7000C81C0020044B1A79824283BF1B68602293
:10FC800002FB003000207047C81C00200A4610F01C
:10FC9000030110B50AD1074C2271206008B9002079
:10FCA00010BD60235A4306F06DFBF8E76FF00D00BE
:10FCB000F6E700BFC81C0020084B01225A604FF035
:10FCC000FF32C3F808238022054BC3F88820BFF316
:10FCD0004F8FBFF36F8FC3F88821704700700450B7
:10FCE00000E100E0014608B572B6094B5B680BB154
:10FCF00008489847BFF34F8F0749084BCA6802F47A
:10FD0000E0621343CB60BFF34F8F00BFFDE700BF3E
:10FD1000D01C00207F0F040000ED00E00400FA0575
:10FD2000F8B5234F05460C4616463B78002B3CD1D0
:10FD300005F0BCFE7E601F4B01263C814FF48062C3
:10FD4000C3F8A4601C4BC3F89020BFF34F8FBFF3E0
:10FD50006F8FC3F89021FFF7AFFF184B002D14BF32
:10FD600028461846FEF798FC0546E0B9FFF7A4FBC5
:10FD7000FEF784FC06F001F9FEF7ECFC18B94CF62E
:10FD80008B60FFF7AFFF002C0BDB04F01F0364094F
:10FD9000A4009E4004F1604404F56144C4F880610D
:10FDA000266001233B702846F8BD4FF0FF35FAE787
:10FDB000D01C002000A0085000E100E020A20300B9
:10FDC000074BB3F90830002B09DB5A09012103F076
:10FDD0001F03994002F14003024A42F82310704782
:10FDE000D01C002000E100E0014B1878704700BFF4
:10FDF000D01C002050B1074B03F1140253F8041B30
:10FE0000934240F8041BF9D1002070476FF01500B1
:10FE1000704700BF751D04002DE9F84F074689465D
:10FE200093469846374CDFF8E0A0384D2E780136DF
:10FE3000F6B2D5E84F3F0133DBB2C5E8403F0028BA
:10FE4000F7D101216160C4F80001C4F80401EFF3A7
:10FE5000108072B62E4BC5F80490AB60C5E905B3AF
:10FE60003B68C4F810357B68C4F81435BB68C4F827
:10FE70001835FB68C4F81C35264BC4F830351033F0
:10FE8000C4F83835216000B962B6D4F800312BB916
:10FE9000D4F8043113B92B789E421CD0B8F1000F6E
:10FEA00009D00A9B3BB1D4F840350A9AC8F8003013
:10FEB000D4F83C351360D4F80431002BB5D129783F
:10FEC000B142B2D1C4F80031C4F804310323C4F8FC
:10FED0000833BDE8F88FDAF81030DB06D5D50323F8
:10FEE0008021C4F804330C4BC3F88811D4F80031D6
:10FEF000002BCAD1D4F80431002BC6D106F083F907
:10FF0000C3E700BF0070045000ED00E0DC1C0020DF
:10FF10001000000BE01C002000E100E01A4B4FF441
:10FF2000000270B5C3F89820BFF34F8FBFF36F8FF7
:10FF3000164C0021164DC4F80011C3F898212E6903
:10FF40002B6906F0100643F010032B610123C4F85F
:10FF500004332360D4F800319BB11EB92B6923F020
:10FF600010032B610123D4F808054FF400026360ED
:10FF7000C4F808330023C4F80031034BC3F89821B8
:10FF800070BD06F040F9E5E700E100E000700D50BB
:10FF900000ED00E038B50B49042301EBC3021579ED
:10FFA00005F0FF042DB1013BF7D248F69C50FFF756
:10FFB00099FE41F8330001215471D8B29471117146
:10FFC00038BD00BF001D0020042808B503D943F642
:10FFD0007820FFF787FE034B002203EBC0031A7162
:10FFE00008BD00BF001D0020042808B503D945F254
:10FFF000BB20FFF777FE0A4B03EBC0000379012B10
:020000021000EC
:1000000002D04AF20300F4E7437982790133DBB28C
:100010009A4218BF4371BDE80840FFF7D1BE00BF48
:10002000001D002038B505240F4D95F8281005EB6C
:10003000C1031A79012A09D158799A79904205D0D9
:100040005A79D2B29A7155F83130984795F82830DC
:10005000013C0133DBB2052B28BF002314F0FF0461
:1000600085F82830E1D138BD001D0020094B0A4A2F
:10007000C3F800230132C3F80C230132C3F818235C
:100080000132C3F820230132C3F81C230132C3F824
:100090001021704700A0085004000080074B002288
:1000A000C3F80023C3F80C23C3F81823C3F8202394
:1000B000C3F81C23C3F81021704700BF00A00850EC
:1000C000844641EA000313F0030359D1403A33D385
:1000D000F0B4F0C9F0C0F0C9F0C0F0C9F0C0F0C988
:1000E000F0C0403AF5D2F0BC26E0403A24D300BF3D
:1000F0000B6803604B6843608B688360CB68C360A8
:100100000B6903614B6943618B698361CB69C3618F
:100110000B6A03624B6A43628B6A8362CB6AC36277
:100120000B6B03634B6B43638B6B8363CB6BC3635F
:1001300040304031403ADBD230320BD30B680360A1
:100140004B6843608B688360CB68C36010301031AC
:10015000103AF3D20C3205D351F8043B40F8043B7B
:10016000043AF9D2043208D0D2071CBF11F8013B7F
:1001700000F8013B01D30B8803806046704700BF45
:10018000082A13D38B07B0D010F00303ADD0C3F10E
:100190000403D21ADB071CBF11F8013B00F8013B36
:1001A000A3D331F8023B20F8023B9EE7043AD9D3AF
:1001B000013A11F8013B00F8013BF9D20B780370CA
:1001C0004B7843708B78837060467047014B1B6897
:1001D0001B681847E0050020014B1B685B68184747
:1001E000E0050020014B1B689B681847E0050020D4
:1001F000014B1B681B691847E0050020034B18687A
:10020000034BC01A18BF0120704700BFE005002053
:1002100014020100CB630100D7630100DB6301001E
:10022000E3630100E763010053B94AB9002908BF3D
:1002300000281CBF4FF0FF314FF0FF3000F00CB82A
:10024000ADF1080C6DE904CE06F0E9F8DDF804E044
:10025000DDE9022304B07047704700BF08B5F0F72E
:100260000BFDF5F7DFFBF0F7FFFA002008BDFFF705
:10027000C1BDF5F727BBF5F717BB02F0C8B902F00F
:10028000C9B902F0CAB902F0CAB910B586B00446BD
:1002900001A8FFF7AFFD0223002023700523607043
:1002A000A3709DF80430E0706371BDF805302071D3
:1002B000E380DDF80730A36006B010BD01F010BE8A
:1002C00070B50446FCF72EFA012805461AD1601CC9
:1002D000FCF730FAB0B1A3790020E61D63F03F03CC
:1002E000A371F5F763FE38B110220021304606F005
:1002F00049F80020257070BD3046FCF72FFA002821
:10030000F2D0F6E70025F4E710B5044610220021EC
:1003100006F038F804F1100310220021184606F008
:1003200031F8FCF735FA0020F5F740FE20B1204601
:10033000FCF714FA002010BDFCF7F4F90028F6D001
:10034000F8E710B50446FFF7E9FDB0F5007F09DADC
:1003500010F5007F08DD031EB8BF03339B1000209B
:10036000237010BD7F23FAE76FF07E03F7E78178F3
:10037000008802F008B90078003818BF012001F0A9
:100380008DBD37B505460C4600880DF1060101F01C
:100390008AFE2B882380BDF80630638003B030BD11
:1003A00038B505460C46F0F77BFC30B13E2D04D144
:1003B0002046BDE83840F0F7B7BC38BD37B5044635
:1003C0002046F6F7D9F9022805460FD004280DD1AA
:1003D00023788A2B0DD0942B21D0204600F039F8B9
:1003E000A1782078FFF7DCFF0028E9D0284603B089
:1003F00030BD05213E20FFF7D3FF0028EDD1E37883
:1004000001A92279684643EA0223ADF8003002F0E0
:1004100045F80028D4D044F20D20F0F707FA1A214D
:100420003E20FFF7BDFF0028D7D163796946A27946
:1004300001A843EA0223ADF8043011238DF80630F9
:10044000F5F72AFA0028BBD045F6CB40E5E703F0E4
:1004500055B910B503780446813B1B2B43D8DFE820
:1004600013F04300490055005900630083008900E0
:100470001C007D004F0097009D006F008D009100D3
:10048000A300B100CB00D600E400EA0009010F018F
:1004900015011B0142000301FD002920F0F744FC77
:1004A00030B13E232370222363702923A3701AE006
:1004B0000A20F0F739FC3E23237018B11F23637024
:1004C0000A23F3E70123A37013236370E37903F096
:1004D0000103E371D4F81A30C4F80E30E38B638261
:1004E00094F82030237510BD3E230370042343701D
:1004F0001423DBE73E2303700A2343700323D5E76D
:100500003E2303700D2343700523CFE7052323709B
:10051000042307E05A20F0F7C3FB08230028F6D095
:100520005A2222706370DEE75B20F0F7B9FB18B146
:100530005B2323700623F5E7302323700323F1E7C1
:100540003E230370FC20F0F7EFFB18B10C2363701F
:10055000FC23ABE70B2363700723A7E73E2303705D
:10056000062343700C23A1E71323037083789B00B9
:100570000133D7E7572303700223D3E73E230370E9
:100580000D2393E73E2303700123437011238DE76E
:100590003E23037006234370122387E73E23037034
:1005A00009234370132381E73E2303702420F0F7CF
:1005B000BBFB18B12423A3701423B3E70E23A3704D
:1005C0001023AFE73E2303702520F0F7ADFB227B1D
:1005D00020B125230B32A370627084E70F2304F14E
:1005E0000B0104F10800A37002F1080302326370EA
:1005F000BDE8104005F0AFBE3E2303702620F0F7A3
:1006000093FB18230028D6D02622A2708AE73E2327
:1006100003702A20F0F788FB18B12B2363702A237C
:1006200044E71D236370192340E73E23037007232B
:1006300043701A233AE73E2303703820F0F774FB27
:1006400018B13823A37026236CE72C23A370202332
:100650006370E38A03F00F03E38244E7FF23037030
:100660000D234370802321E7FF2303702923437068
:1006700081231BE73E2303700C234370232315E7DC
:100680003E2303700E23437037230FE73E2303708E
:100690000A234370352309E73E230370FE2343708A
:1006A0002B2303E708B510B96FF0150008BDFFF75D
:1006B000CEFE0028F8D00020F8E710B50C4648B16F
:1006C00041B1FFF77BFE002820700CBF6FF02200C5
:1006D000002010BD6FF01500FBE710B5941C0C4412
:1006E0006343B3F5004FA8BF4FF0FF3310F003048E
:1006F0009BB203D04DF21920F0F798F8B3F5004FF4
:1007000002D940F22B50F7E7C46044608460C273A2
:100710004380018010BD38B50388C4888B420589A9
:10072000C4F30E0203D248F64210F0F77FF884EAD1
:100730000503C3F30E030BB9AC4206D102F110035B
:100740000122C1528273184438BD1846FCE70231B9
:1007500001444A43B2F5004FA8BF4FF0FF3290B2B8
:10076000133020F00300B0F5004F34BF00B24FF05B
:10077000FF3070474088133020F00300B0F5004F81
:1007800034BF00B24FF0FF3080B2704738B50388F5
:100790008B4203D249F67960F0F748F8857B65B162
:1007A000C388C3F30E031033C25A8A4207D3C1521F
:1007B000811DF0F7CDFA00238373284638BD00254C
:1007C000FBE703461030F0B59E88DD88B4B2C6F36F
:1007D0000E06A54214D05F89DD7B845B3D44E41B9B
:1007E0000235A4B2354428440D88A54284BF0C804C
:1007F00025465989B1FA81F1490911709D81F0BDF1
:1008000000252846FAE7F8B5828800268389044641
:100810000D4692B20E60C3B14189C2F30E020B4481
:1008200010329BB28718825A4381934203D94FF604
:100830002D60EFF7FBFF04D1011DF0F789FA468127
:100840002F6000230120A381F8BD1846FCE78388B0
:10085000014602899BB29A4202D00831F0F778BA79
:1008600070478388C0889BB2C31A5842584170476A
:10087000828873B595B2C488C2F30E02AC4202F10D
:10088000100212D041898689835A314499420EDB85
:100890000DF10601ADF80650F0F75AFABDF8060062
:1008A000001B18BF012002B070BD0020FBE7012033
:1008B000F9E7C38830B50589044683EA0502C2F327
:1008C0000E0008B9AB420AD122888A4225BFC3F381
:1008D0000E03E27B00209B1824BF1233E01830BDCA
:1008E000C288C2F30E0210328152811DF0F730BA75
:1008F0008388C2889BB29A4206D0428922B9C3F348
:100900000E0310331844704700207047C37B023336
:10091000C8187047C37B0233C81A7047023070474B
:1009200038B58388C2889BB29A4207D045892DB9D1
:10093000011DF0F70DFA8581012038BD0020FCE78C
:1009400003881380C388C3F30E0310331844086070
:10095000002070470368002223B9C0E90132031D5B
:100960000360704759681B680A44F5E70729034686
:1009700070B503D846F66230EFF758FF0068C0B193
:10098000446806461A688C4210D0106860B901F1BC
:100990000805AC420DD3546850501868651A5418B5
:1009A00000686560505002E01346E9E7146830467D
:1009B0001C6070BD0023C1E9003203680B60016058
:1009C000704730B590B18478B1FBF4F304FB131396
:1009D00000EB430252898A4201D1D8B230BDC278BD
:1009E00022B900F10803D0B2844201D8FF20F5E714
:1009F00033F8025F01328D42F5D1EFE78278038848
:100A000005324B4303EB42031844704737B50024CB
:100A10000546CDE900448DF806006846ADF804406F
:100A2000F0F76AFBBDF8044008B103B030BD2946B9
:100A30002046F0F73DFB0028EFD046F25410EFF7C8
:100A4000F5FE70B51E460D460921FFF780FE0446EF
:100A5000324609212846FFF77AFE40EA04031B04C8
:100A600054BF00194FF0FF3070BDD31D23F00703B2
:100A700070B5083390B110F0070403D04CF6E8507D
:100A8000EFF7D4FE04604FF6FF75C28000F1080452
:100A90000A468180013A92B2AA4203D103FB01F0D7
:100AA000083070BD0668266004601C44F2E718B187
:100AB000C2888188FFF7D9BF70470346EFF31082E1
:100AC00072B6006830B1016819600023037043708A
:100AD0008370C37002B962B67047EFF3108372B6C9
:100AE00002680A60016003B962B6704701230370AF
:100AF0007047F8B50C46054611461E4684F00104C1
:100B00006400E4B2FF23837003191B7D012B05D021
:100B10000134E4B203191B7D012B0AD105EB440714
:100B20003B8B3A8C9819904205DD00232C443B8383
:100B300023750020F8BD05EB840432466068184434
:100B4000FFF7BEFA3B8B1E443E830023AB700120AF
:100B5000F0E781F00101490010B5C9B2FF238370AD
:100B600043181C7D012C07D10C3120F811200222E2
:100B70001A750023837010BD0131C9B243181C7D62
:100B8000012CF1D04EF6A520EFF750FE024630B50D
:100B9000837803F0FF00F3B9137D022B19D0537D46
:100BA000022B15D10346012089B10024D5180C333E
:100BB0002C7522F81340131803241C7502EB8003D4
:100BC0005B680B6000F10C0332F813308B8001205E
:100BD00030BD0123E8E70020FAE7034630B582780C
:100BE00002F0FF00E2B99A7D022A17D0DC7D022CC8
:100BF00013D1032281B11D1900200C34287523F86C
:100C0000140098180324047503EB82000C3240682A
:100C100033F8123008608B80012030BD0324E9E7EF
:100C20000020FAE7037D012B01D1008B7047437D43
:100C3000012B0CBF408B00207047837D012B01D11D
:100C4000808B7047C37D012B0CBFC08B0020704789
:100C5000838B23B9C08B003818BF01207047012057
:100C60007047027D022A01D1008B7047437D022B21
:100C700001D1408B7047032AF6D0032BF9D0002016
:100C80007047827D022A01D1808B7047C37D022B81
:100C900001D1C08B7047032AF6D0032BF9D0002076
:100CA00070472DE9F0410646069898460D464307E1
:100CB00011469DF81C7002D010F0030003D04FF2D3
:100CC0005550EFF7B3FD4FF48B72FFF7CEFE002FB8
:100CD00006AB044600FB08F114BF00201846F0F7ED
:100CE00059F817B9069B33602C60BDE8F081F0F726
:100CF000DDBBF0F737BC012807D1487900F0C00010
:100D0000A0F14003584258417047002070470B46FD
:100D1000812203F8032BB0F80920A1F80320C27A3E
:100D20009A7070474AF2DF6008B5EFF77FFD13B5A0
:100D300003460C4690F8DE2002F0FF0032B1A3F12A
:100D4000360000F0E2FB8F230420237002B010BDB8
:100D5000F8B50E46044618B94AF6F450EFF766FDAA
:100D6000437A4789002B46D1036DD0F80E20C3F893
:100D7000B520428AA3F8B920437B026D03F0FD033E
:100D8000003B18BF012382F8B43094F8545094F813
:100D9000A6302BB194F8A7301D43002384F8A63069
:100DA000204600F0B2FBAA0708D025F00405002277
:100DB0002046114684F8545000F0A3FD88223346A3
:100DC00004F1290103F8032B04F1090252F8040B82
:100DD0008A4243F8040BF9D112781A700023B371D8
:100DE000637AD3B9F4F786FE4B0416D53846BDE8CE
:100DF000F84000F0B3BD00213846F0F743F910B9D0
:100E000048F61D30AAE70021B0F8B200F0F750F91B
:100E10000028BAD04FF69E10A0E7F8BD38B50446BA
:100E20000D4600F0B9FB94F87030012B03D094F814
:100E30007030002BF7D13F220021204605F0A2FAA6
:100E40000722002384F8585084F8492040F2011208
:100E500084F8543084F8A530A4F84A20636684F8F6
:100E60009430C4F8903084F8A63038BD0023A0F840
:100E7000793180F87B3180F87030704708B5F1F730
:100E800051FAFCF787F9BDE80840F1F763BC08B5F3
:100E9000F1F748FAF1F7D6FBFCF77CF9BDE808401A
:100EA000F1F758BC08B5F1F73DFAFCF773F90320E8
:100EB00008BD08B5F1F736FAF1F7C4FBFCF76AF99B
:100EC000032008BD90F83E00003818BF012070478D
:100ED000007A003818BF0120704710B50121044680
:100EE0000020F0F7CFF810B12146FFF797FF01215E
:100EF0000846F0F7C7F810B12146FFF78FFFBDE8AD
:100F00001040F2F7B9BCF2F7D1B980F84910704738
:100F100011F0010318BF012210B518BF80F87C2121
:100F20008C0705D55A1C0224034483F87C41D3B2B4
:100F30004A0742BFC018032380F87C3110BD80F8F7
:100F40005710704710B504460846194694F84030CB
:100F5000023B012B0AD994F8400000F0FD00003854
:100F6000BDE8104018BF0120F5F720B80028F2D1E5
:100F700002F0FD02101E18BF012001F0DBFE082860
:100F8000E9D0012010BD90F8400000F0FD000038CD
:100F900018BF0120F5F70AB838B504460D4690F899
:100FA000A63003F0FF00EBB994F85430013B012B5D
:100FB00017D8042915D1D4F810311BB147F6672092
:100FC000EFF734FC216D11B94BF23D60F8E704F105
:100FD000E80000F03CFB84F8A750FF2384F8A6301B
:100FE000012038BD0020FCE780F84010704701F078
:100FF000FD0380F85510B3FA83F35B0980F84A309B
:10100000704710B504460846194600280CBF012356
:10101000002384F8560084F84B304FF0080384F81E
:101020004C3008D102F0FD02101E18BF012001F063
:1010300081FE84F84C0010BD08B51AB94DF6C77092
:10104000EFF7F4FB80F85A101368C0F85B30938810
:1010500090F84120A0F85F30036D83F8BB20D0F8F2
:101060004220C3F8BC20B0F84620A3F8C02008BD39
:101070002DE9F041D0F8C8509DF81840954233D181
:1010800090F840208A422FD1002690F845C104F004
:10109000020E32463146F5B2AC4506D204F00500E8
:1010A000431A58425841BDE8F081471997F87C71BE
:1010B000A7F10308B8F1010F11D841F00401BEF106
:1010C000000F0ED100EB850553F822700136D5F8DC
:1010D000CC501635BD4207D10132D2B2DBE73943DD
:1010E000F0E70132D2B2EDE70020DCE7012938B5A4
:1010F000044601D1F1F7A6FA94F8543004F16C05D6
:1011000013F0030F02D02846F2F756FC2846F2F7F8
:1011100009FC2046BDE83840FFF7A8BEA03001F02A
:101120002BBB10B5012104460020EFF7ABFF18B927
:1011300046F63620EFF77AFB637880F85430227851
:1011400012F001031CBF012180F87C11520742BF3D
:101150001B18032283F87C21A37880F84030E178C3
:10116000FFF745FF237980F84930637980F85730DD
:1011700010BD10B504466C30F2F71EFC2046BDE8E9
:101180001040FFF773BE082970B50646154608469D
:101190001C460CD01946F5F74BF818B947F6017004
:1011A000EFF744FB237843F00203237070BD737C98
:1011B000237073681A682A609B88AB80F6E703681F
:1011C00063B1EFF3108272B603681968016002B967
:1011D00062B600221A705A709A70DA707047333013
:1011E00070471FB5002403949DF9204002949DF898
:1011F0001C4001949DF818400094F2F705F904B0E2
:1012000010BD1FB503939DF91830CDE90123FF23CD
:10121000042200930023F2F7F7F805B05DF804FB11
:1012200018B1407BFF3818BF0120704770B50378B4
:1012300016460C460546C3F380134B7401F0E4FFD9
:10124000062EA07407D8012303FA06F212F0550FF8
:1012500006D19E4212D000236370C4E9013313E02B
:101260006370EB1C63600023A3606B78063B13F094
:10127000FF030AD009352374E56070BD0323637052
:10128000EB1809356360A56000231D46F3E738B508
:101290000D46C178044611F03F0105D128462822A9
:1012A000BDE8384005F06EB80378C3F380136B7463
:1012B00001F0AAFFA87423796B70E078830900F02D
:1012C0003F002B70227912F001011ABF611D0B2320
:1012D0000523696012F002011CBFE1180633A96002
:1012E00018BFDBB2510744BF0133DBB212F0080173
:1012F0001CBFE1180233696118BFDBB212F01001A4
:101300001CBFE1180333A96118BFDBB212F0200142
:101310001EBFE1181233DBB212F04002E96100F1A6
:1013200004011EBFE2180133DBB22A62C91A11F0B0
:10133000FF0114BFE2180A466A626278013A121A83
:10134000D2B22A741AB10B441C44EC6038BDEA6076
:10135000FCE7027802F00F02072A01D1FFF797BFDE
:10136000FFF764BF022808B510D005D801280FD0B8
:1013700048F62930EFF75AFAC31E012BF8D8032894
:1013800040F2BE2008BF4FF4D26008BD6020FCE7E9
:101390004FF4BC70F9E770B50D4606460846FFF7F6
:1013A000E1FF04462846FCF747F900F522434FF4D5
:1013B0007A728C34B133A4B2B3FBF2F31819D6F8B5
:1013C000103113B1012D08BF400070BD002110B5D0
:1013D0000B4690F84541CAB2944205D2D0F8C800F5
:1013E000C31A5842584110BD00EB82021633013136
:1013F000D2F8CC201344EEE72DE9F0411E46D0F898
:101400001031804617462BB1FFF7E0FF0130C0B224
:10141000BDE8F081D0F8C8400725A4FB0545FFF7DB
:10142000D5FF50B1D8E92C23A41845EB0303A742FC
:1014300076EB03030AD20320EAE7D8E93032E41856
:1014400045EB0205A74276EB050501D20220DFE756
:101450000120DDE72DE9F041044604F03BFB07469F
:1014600088462046D4E92C23FFF7C6FF064604F041
:1014700085FB1828034603D800263046BDE8F081D6
:10148000421CD4E9361513D04218AA42D4E92A20C6
:1014900028BF6B1AD21B60EB0800012A70F100050F
:1014A0004FF000052FDB9342854100DB13465D18AA
:1014B0006D1A41F288339D4228BF1D4604F00AFB95
:1014C000C7F1320303449D42D6D33146284604F087
:1014D0007EFB06460028CFD004F000FBD4F8E020C5
:1014E000D4F8D830A818D4F8DC202B44C4F8E00095
:1014F0009342C4F8D83003D1D4E93A23C4E9302365
:1015000004F0EAFAB9E72B46D1E738B5044690F87B
:10151000143103F0FF0083B3FF2384F8153104F581
:101520008C75284604F0FBFA284604F5A47504F0EF
:1015300002FB284604F0F3FA284604F0FCFA0021E6
:101540002046FFF7D3FD94F8163104F1E805ABB15E
:10155000D4F80831E3B12846F6F76CFA002384F892
:10156000153194F8160110F0FF0018BF0C2084F814
:101570001631C4F8103184F8143138BDD4F8100194
:1015800030B1D4F808311BB900F5F070F6F7E2F984
:101590002846F6F7DFF9E1E790F814310BB1FFF7D1
:1015A000B4BF7047FFF7F8BF90F86C00003818BF61
:1015B00001207047D0F810310BB1FFF7A6BF0C2007
:1015C0007047F8B506460F4690F8153103F0FF0452
:1015D000002B38D104F07EFA054696F87801062FE4
:1015E0002AD8DFE807F0043232222D323200FFF72A
:1015F000B9FE00F19804A4B2D6F8B020D6F8D830DD
:10160000AD1A8C3B2544AB428CBF012400240AD880
:101610003046FFF71FFF30B1D6F8D8408C3CA542CA
:101620002CBF002401242046F8BD0338012898BFB0
:10163000282404F55774DFE741F65D70EFF7F6F8FC
:1016400040F20124D8E70024EDE70124EBE7F8B5E8
:101650000D46064601F5F0770021D5F8E801F6F7CA
:10166000CFF9B042044606D18268D5F8E8319A42F3
:1016700013D2816989B121463846F6F789F90023EA
:1016800033622CB194E80E005B1842F1000201E0D5
:1016900000231A46C5E97832F8BD9A422CBFB260E1
:1016A000B360F2693762002AF2D00ECAECE7F0B5F7
:1016B000044689B0052900F2C180DFE801F0035F2C
:1016C0006B66BF8890F8153103F0FF054BB101211F
:1016D000FFF70CFDFBF7B6FD09B0BDE8F040FDF7E4
:1016E000F3BE04F0A4FAD4F8E820831AC4E92C016C
:1016F00003D546F2B760EFF799F894F84571D4F83E
:10170000C81002940595BFB1B3FBF1F601FB0622A8
:10171000801A2A46D6B2013204EB8606D6F8CC608F
:1017200006F1160C604522BF16380135801BD6B273
:1017300028BFEDB2B742EDD2B4F87A2184F8445113
:10174000C2F30C028DF81850D2B1D4F840210392A4
:1017500003228B4202A88DF8102034BF00230123FE
:10176000032A08BF00238DF81930F1F78DFDD4F856
:10177000D8008238C4F8E00004F0AEF909B0F0BD3A
:101780008B422CBF00220122E3E709B0BDE8F04004
:10179000FBF7BABEB0F87A31C3F30C030BB1FFF715
:1017A000E8FC0022012302A920460092F2F78AF900
:1017B00048B102A904F58C70FDF79AFE0028DDD12E
:1017C0004FF6161097E72046F1F7AEFDD6E790F8F2
:1017D000153123B109B0BDE8F040F1F767BDB0F8AD
:1017E0007A31C3F30C0323B390F87831033B012B18
:1017F000F0D890F87031002BECD1012180F87011F5
:1018000044F2365004F0E3F90028E3D004F066F91E
:10181000D4F8D83044F236500344C4F8D830D4F861
:10182000E0301844C4F8E00009B0BDE8F04004F02E
:1018300053B9FFF70FFE0028A0D1CBE745F61A40B9
:1018400059E730B5044689B00D4690F8142102F0EE
:10185000FF031AB14AF2FE20EEF7E8FFFF2280F8FC
:10186000142180F8153180F84431FFF7AFFDD0B96D
:1018700094F845110346C2B291420CD2C4F8F0303C
:101880000122002302A920460095F2F71BF968B94E
:101890004DF68100E0E704EB820216330130D2F806
:1018A000CC201344E7E741F28833E7E702A904F5C7
:1018B0008C70FDF71DFE10B945F29400CCE709B01D
:1018C00030BD38B504460D4690F814311BB14AF6C8
:1018D0008B70EEF7ABFF11B943F2EC70F9E7F2F75A
:1018E00097F8C4F810516B7B03F0FF0113B14AF273
:1018F000C870EEE784F816112046BDE83840FFF7BF
:10190000A0BF38B504460D46F2F782F829462046B6
:10191000BDE83840FFF795BF10B5044688B090F891
:10192000152102F0FF0392B91A4602A90093F2F7BB
:10193000C9F848B102A904F58C70FDF7D9FD30B99A
:1019400046F2B120EEF772FF2046F1F7EDFCFBF70F
:1019500079FC08B0BDE81040FDF7B6BD10B50E210A
:10196000EFF754FB044618B944F28C30EEF75EFFF3
:101970004FF4BC72002104F005FD0123142284F809
:10198000F33084F8F42084F81731F2F7D1FE84F8AC
:10199000740110BD0020704700207047704701207F
:1019A00070477047002070477047002070477047AD
:1019B000704700EA400000EA400000EA400000EA08
:1019C000400000EA400000EA4000B0FA80F0400920
:1019D000704708B5034610468B4209D03AB183EAF6
:1019E000010002F0DCF801288CBF0020012008BDB6
:1019F0000120FCE737B5002304460D46CDE900334E
:101A00006846EFF779FB30B10023CDE900330223BC
:101A10008DF8063014E0009B2A462046D3F8D410F7
:101A2000FFF7D7FF0028EBD0012003B030BD009BAB
:101A30002A462046D3F8D410FFF7CBFF0028F3D175
:101A40006846EFF759FB0028F1D00023CDE90033B9
:101A500004238DF8063007E0009B2A4620461968CB
:101A6000FFF7B7FF0028DFD16846EFF745FB0028F6
:101A7000F2D00023CDE9003305238DF8063007E0CE
:101A8000009B2A4620461968FFF7A3FF0028CBD108
:101A90006846EFF731FB0028F2D00023CDE9003390
:101AA00009238DF8063008E0009B2A462046D3F82B
:101AB000BC11FFF78EFF0028B6D16846EFF71CFB7C
:101AC0000028F1D00023CDE900330B238DF8063038
:101AD00008E0009B2A462046D3F8E410FFF779FF80
:101AE0000028A1D16846EFF707FB0028F1D00022BB
:101AF0004FF44023CDE900236846EFF7FDFA58B1D3
:101B00000023CDE900330A238DF806306846EFF74D
:101B1000F3FA58B1002088E7009B2A462046D3F804
:101B2000E410FFF756FF0028E6D07DE7009B2A4629
:101B30002046D3F83C11FFF74CFF0028E6D074E7AD
:101B400070B523260025F5F715F80446F2F7FAFAE2
:101B500020B100212046FFF74DFF48B10020013E93
:101B600001D00028EFD045B94AF2E170EEF75EFEF1
:101B700020462546F2F71CFBF1E7284670BD00F031
:101B8000FD00003818BF012070478207034607D4C4
:101B900010F0010005D113F0040018BF03207047B6
:101BA000022070478207034607D410F0010005D1D8
:101BB00013F0040018BF03207047022070476FF431
:101BC0005063C318062B8EBF40F2E243A0F550606D
:101BD0004FF47A735843704720B190F8620200388E
:101BE00018BF01207047002307B5CDE90033032358
:101BF0008DF806306846EFF77FFA08B1002004E060
:101C0000009802F0BBFE0028F4D003B05DF804FB9E
:101C10001FB5002240F6881303A90092FCF734F8A0
:101C200005B05DF804FB10B5044638B1F3F780FF4A
:101C300024EA0000B0FA80F0400910BD0120FCE762
:101C400038B5044603F013F8D0B1204602F096FEF2
:101C500008B9002038BD204602F074FD0546204634
:101C600002F073FD70B9002DF3D00221B5F8B20077
:101C7000EFF71EFA0028ECD04FF2E370EEF7D6FD36
:101C80004220E7E70C20E5E7F7B506460D4619B117
:101C90001125284603B0F0BD008801F035F904464F
:101CA000002872D090F8B030002B6AD1C37BA3F12A
:101CB0002202534253418DF8073094F86E309B0650
:101CC00003D49DF80730002B61D0F3881B3B9BB2F7
:101CD000E02B5ED8318944F24810A1F5A4739BB281
:101CE000834256D873881B3B9BB2E02B51D8B288F5
:101CF000A2F5A4739BB283424BD8B1F5296FC7D824
:101D0000B2F5296FC4D8FF2784F83F71204604F547
:101D10009F72002310F8B01FB1FA81F1490901F058
:101D200003FF7288B4F8443140F64800B18893420A
:101D3000B6F806C028BF13468142B4F84621A4F87D
:101D4000443128BF0146B4F84031634528BF63469B
:101D5000A4F840313389834228BF0346B4F84201D6
:101D6000834228BF03468A42A4F84231134628BF63
:101D70000B46A4F8463184F83E71002384F83F31C5
:101D800087E70378C3F3401395E7022581E71A2517
:101D90007FE712257DE710B50446FFF724FF58B909
:101DA00001210020EFF76EF9D0B901210846EFF7C5
:101DB00069F9D8B9012009E0F3F75EFE68B1F2F7DE
:101DC00097FC044603F086F808B1002010BD2046B9
:101DD00003F07CF80028E3D0F7E7002CE0D1F4E72B
:101DE000A830FFF7E1FB0028DFD0EEE7A830FFF7CF
:101DF000DBFB80F00100C0B2E8E790F8B0203AB118
:101E000090F8EA2122B1002280F8EA21F6F7ACBC72
:101E10007047112243F25A030270C2705922A0F88F
:101E200001308280C38000207047082108B5EFF799
:101E30006DFB002008BD38B5054600880C460880BB
:101E400080B201F061F868B1AB783BB990F9380124
:101E5000A070FAF719FAA070002038BD7F20FFF7B4
:101E6000D7FEF5E70220F8E710B504466FF07F00D3
:101E7000FFF7CEFEFAF708FA20707F20FFF7C8FEC2
:101E8000FAF702FA6070002010BD0A4600F1100156
:101E900008B5072304F0ADF9002008BD012138B5CD
:101EA00005460846EFF7EEF818B942F25D00EEF786
:101EB000BDFCA830FFF778FB044620B92846F2F7AE
:101EC000EBF8204638BD0C20FCE710B5014604466F
:101ED0000020F4F751F808B92060A080002010BD60
:101EE00010B50446F3F798FD28B900202146F4F711
:101EF0002BF8002010BD0020FFF74DFF0028F4D183
:101F00000C20F7E710B504460120FFF744FF28B185
:101F100001202146F4F718F8002010BD0C20FCE742
:101F20001FB502880A8044F2902183888B4217D81B
:101F3000B3F5296FADF8042042884FF0000128BFA7
:101F40004FF4296301A8ADF80620ADF80830ADF8CC
:101F50000A20ADF80C30FFF797FE05B05DF804FBE2
:101F60001220FAE703466FF06F0100200A2210B535
:101F70006FF00404587099701C70DA701C715871FD
:101F80009971DA7110BD008870B5088080B20D4675
:101F900000F0BAFF044698B1002684F8326194F844
:101FA0003001F2F785F9A87094F83101F2F780F961
:101FB000E87094F8323103F0FF00002BEDD170BDD2
:101FC0000220FCE730B5044685B0008800F09CFF95
:101FD000054638B3A388FF2B26D803F00303032B51
:101FE00022D0E078FFF71FFE10B9112005B030BDF8
:101FF000A078FFF718FE0028F7D0A2880023284613
:10200000ADF80C3062F301038DF80C30BDF80C30E4
:10201000ADF8083001230093029BE278A178F3F732
:10202000B5FDE3E70220E1E71220DFE737B583786B
:10203000C17803F00104027903F0020351EA0405B8
:102040001DD052EA03051AD0002C18BF0021002B26
:10205000037818BF00228DF802108DF80320427813
:1020600043EA0223ADF8003043798279684643EAB7
:102070000223ADF80430FFF7A5FF03B030BD1120F7
:10208000FBE707B503788DF80030437868468DF894
:1020900001300023ADF80230ADF80430F2F7BCFE99
:1020A00003B05DF804FB10B50C4600F02DFF40B105
:1020B00090F8B020C38812B90020238010BD0133EE
:1020C000FAE70220FAE72DE9F043054687B00088D9
:1020D00000F034FF0446002878D090F8B03023B1E7
:1020E0001126304607B0BDE8F08306230DF1170135
:1020F00004F1B0098DF81730FFF75AFCAA889DF853
:1021000017101046FFF75BFDD4F8D0306E89984267
:10211000A8890CBFB4F8E6300123864201D9122603
:10212000DFE7CDE901312B8948460093EB886988C8
:10213000F2F770F8804600284AD094F85A3203F03B
:10214000FF06002B46D1A888FFF739FD074694F813
:102150003131484694F8302194F8B01001F0B2FCC7
:102160008742BDD30D21B4F8B200EEF78BFFFFF725
:1021700033FD88BBAB886FF450621344062B8ABFD3
:1021800040F2E2436423B046BB42C8D2B8F1000F2C
:1021900005D0B4F8301140F2022291421CD1A4F8CB
:1021A0004632C4F84C72EA79AB7943EA0223A4F8C8
:1021B00050322B7A6A7A43EA0223A4F8523200237F
:1021C00084F85832FF2384F85A328AE7022688E7D7
:1021D000302686E73A2684E70C2682E713B50446C4
:1021E00000F0BCFD00284DD02046FF24F4F7C0F9D4
:1021F0000023CDE900336846EEF77EFF48B30024A4
:102200004FF44033CDE90043FF246846EEF774FFF6
:1022100018B300204FF48023FF24CDE90003684663
:10222000EEF76AFFE8B100214FF4C023FF24CDE9A7
:1022300000136846EEF760FFB8B100224FF4202388
:10224000CDE900236846EEF757FF90B1002002B0B9
:1022500010BD009B83F83D42CDE7009B83F88A4088
:10226000D3E7009B83F83440D9E7009B83F83440E0
:10227000DFE7009B93F83820032AE3D1FF2283F89D
:102280002220DFE71220E2E708B5008800F056FEC2
:1022900038B190F84F3113B9FF2380F84F31002047
:1022A00008BD0220FCE710B50446F3F723FC2060CC
:1022B0000020616010BD10B50446F3F71BFCC4F8A4
:1022C0000510C4F80100F3F71BFC0368EC220021A1
:1022D000C4F8093004F10D0004F054F8F3F714FCCD
:1022E0002070002010BD70B50546008800F026FE65
:1022F000044688B390F8B03013B10C26304670BD58
:1023000090F88A3203F0FF0643BB90F86E30DB078B
:1023100026D5D0F8AC30002BEFD1D5F8023000F53F
:102320001C72C0F88032D5F80630C0F884326B8950
:10233000A0F8883205F10C031C3553F8041BAB429E
:1023400042F8041BF9D1142104F51770EFF7DEF8F9
:10235000FF2384F88A32D1E70226CFE73A26CDE779
:102360001A26CBE730B589B0034600F118056A4656
:102370001868083353F8041C1446AB4203C42246C1
:10238000F6D11868022320606846ADF81C30FFF7CC
:10239000AAFF04461E220021684604F014F82046D5
:1023A00009B030BD37B50446F2F7A2F905462378E7
:1023B0001F2B18D8C16C04226846EEF7DBFF2246BB
:1023C0000021E86C12F8013BFEF793FB68B1EC6C5E
:1023D0002046FEF732FC002102462046FEF7B9FBFC
:1023E000002003B030BD1220FBE70720F9E737B526
:1023F0000446F2F77DF9054623781F2B18D8C16CE7
:1024000000226846EEF7B6FF22460121E86C12F87A
:10241000013BFEF76EFB68B1EC6C2046FEF702FC58
:10242000012102462046FEF794FB002003B030BD98
:102430001220FBE70720F9E773B505460026F2F7FF
:1024400057F904468DF8046002F048FD2B78C0016E
:102450008DF80760012BADF8050005D101A92046D4
:10246000F2F762FA02B070BD2BB9204602B0BDE8A7
:102470007040FFF7E5BB1220F4E710B5044634F8CE
:10248000020B0880022180B2EEF7FCFD20B121464C
:10249000BDE8104002F03CBF022010BD008808B526
:1024A0000880022180B2EEF7EDFD20B10021BDE8E9
:1024B000084002F02DBF022008BD70B50546008817
:1024C0000E460880092180B2EEF7DCFD08B10C2031
:1024D00070BD0B212888EEF7D5FD0028F7D10C211F
:1024E0002888EEF7CFFD04460028F0D1288800F0B8
:1024F0000BFD20B1B0F8443020467380E8E702209D
:10250000E6E710B5044600880880092180B2EEF79E
:10251000B9FD08B10C2010BD0B212088EEF7B2FDEB
:102520000028F7D10C212088EEF7ACFD0028F1D16E
:1025300063880BB91220EEE7208800F0E5FC034623
:10254000F8B1648842F21071A2B24A43B0F8E610C2
:10255000D0F8D0004143B3F8D80000FB01118A4203
:10256000E8D3013AD3F8D000D3F8D0108142F9D1A2
:102570000A440020A3F84440D863B2FBF1F21A6485
:10258000C9E70220C7E710B50C460221EEF77AFD35
:1025900090B1022C12D804F00102C4F3400480F878
:1025A000EC2180F8EB4112B190F8EA310BB9002030
:1025B00010BDF6F7D9F8FAE70220F9E71220F7E79D
:1025C00010B504460078FF280AD00321EEF75AFD23
:1025D00058B16378A27843EA0223C384002010BD77
:1025E000B4F80100F6F778F9F8E74220F7E710B5FC
:1025F00004460078003818BF0120F8F7C9FC20789D
:10260000003818BF0120F6F7A9F8002010BD0820F7
:10261000F3F738BA0B20F3F735BA03F052B802F0EB
:10262000A6BE10B5044604B910BD23689847646877
:10263000F9E703680BB9016070471A465B6813B18C
:102640008A42FAD170478A4218BF5160704708B574
:1026500002F0C1FEF2F716FAFEF73FFCBDE80840B3
:10266000F5F746B908B5F5F73DF9F8F789FCF2F743
:1026700009FABDE80840F0F7CBBD08B502F080F8D4
:10268000F6F7BCFE18B143F2C220EEF7CFF80320F4
:10269000BDE80840FEF7BAB908B50220FEF7B6F962
:1026A0000020FEF7B3F9EEF7D7FDF3F701FCEFF7E3
:1026B000FDFC18B14AF2CE60EEF7B8F808BDFFF79E
:1026C000EBBF08B5FFF7D9FFF7F722FC18B145F2C9
:1026D0009340EEF7ABF808BD08B5FFF7B8FF02F07E
:1026E000EAFF18B148F6BA50EEF7A0F808BDFFF7B8
:1026F000D3BF08B5F6F7A8FEF6F726F8BDE8084000
:10270000F6F78CBE08B500F0E7FAEFF7DFFC022021
:10271000FEF77CF90020BDE80840FEF777B908B560
:10272000F0F7AAFDFFF79EFFFFF7ECFF02F0C5FFF1
:10273000BDE80840F4F710B870B50C461221EEF76A
:10274000A1FCC0B1A4F1400106241826C1F347132F
:1027500001F01F01B3FBF4F2D5B204FB12330122E6
:1027600006FB0500DBB28A40103050F823301340DE
:10277000181E18BF012070BD0123038040F2011311
:1027800043807047FBF766BF0B46892203F8032B93
:10279000D0F80920C1F80320427B1A717047012844
:1027A00004D1012914BF002001207047022801D163
:1027B0000229F7E7042908BF04280CBF01200020E4
:1027C000704738B50D460446F3F7B2F92B78002B65
:1027D00008BF034684F87C306B78002B08BF0346A3
:1027E00084F87D306B88A4F87E3038BD13B58B78C3
:1027F000044603F0070380F829314B7803F0070300
:1028000080F828310023A0F82A312623C37390F8DA
:10281000493113BB90F84831012B1ED090F831316B
:1028200090F82821D91E012998BF04239A421AD171
:1028300090F8303190F82911DA1E012AB0F82C21D5
:1028400098BF042399420ED10223A0F84A2180F8B0
:102850004831B0F82E31A0F84C31204602B0BDE826
:10286000104001F044BA022320460093B4F82E3100
:1028700094F82D2194F82C11F3F788F90028ECD066
:102880004BF2C630EDF7D2FF38B590F84831044628
:102890000D46012B02D11E21F3F7F8F9002084F830
:1028A00048015DB1182384F8A1300923A37394F87B
:1028B00056308BB94CF67B00EDF7B8FFE37B243B39
:1028C000072B03D82046E57301F022FA2046182191
:1028D000BDE8384001F04ABA38BD08B5837B1BB16A
:1028E0004AF25160EDF7A2FF2423837308BD03462B
:1028F00010F0010007D19A0704D413F0040018BFA8
:1029000003207047022070472DE9F34B1646054619
:1029100010461F4646EA0104FFF7E9FF83460846D2
:10292000FFF7E5FF89464BEA0404DDF828800190B3
:102930000443E4B2003C18BF0124F3F7F9F8064061
:1029400018BF5E46F3F7F4F895F8302110EA090154
:10295000019B18BF1946B24214BF3346002388F8C2
:10296000003095F831218A4208BF00210B4388F8D6
:1029700001100AD1EB88013FFF1A47F6FD73BFB281
:102980009F428CBF002404F00104D6B995F83001B1
:10299000F1F79CFC032810D195F84831012B0CD19C
:1029A00095F84C3195F8302103F00303012B0AD13F
:1029B000042A0AD0042388F80030204602B0BDE87B
:1029C000F08B032EE7E7032AF7D00323F3E703296D
:1029D00082B0C0B209D100F0030001280DD104215A
:1029E00001205180138002B07047042905D100F006
:1029F0000300012801D00321F2E70020F3E70128BA
:102A000007D0022805D0033801288CBF0020012000
:102A1000800070477FB5044608461146F3F754F925
:102A200094F8306194F83151C2B2C0F30723964252
:102A300008BF0022AB4208BF002384F8422284F87A
:102A4000433204B070BDF8B591F8422205460C46F9
:102A5000D31E012B2AD891F83031D91E012925D84F
:102A6000D31A18BF012394F84302FFF7C8FF0646A4
:102A7000F3B91046FFF7C3FF074694F8A73063B9D0
:102A800047EA060313F0FF0305D0204601F08CF956
:102A9000E38803449BB2A4F84032B4F840320520E6
:102AA000AE70EB701B0A6F702B71F8BD0023DAE774
:102AB0000027E2E7F7B50E46C17B0546174671BB16
:102AC000837B283B022B2CD901A8F3F717FA014688
:102AD00028B1019B0DF10301DB788DF8033016223C
:102AE000A87BF4F779F8044630B10246162128464F
:102AF00001F021F9044609E073785A0709D0B37848
:102B00005B0706D031462846FFF770FE204603B02B
:102B1000F0BD3A463146284601F038F9EAE701248B
:102B2000F4E72024F2E738B5C47B03460A46A4F153
:102B30002405072D15D994B9857B292D11D04D7801
:102B40006D0706D08D786D0703D0FFF74FFE204646
:102B500038BD18461178BDE8384001F007B90124A6
:102B6000F5E72024F3E737B5837B0446242B21D1F6
:102B70004B7813F0070519D08B7813F0070215D0A6
:102B800000238DF804508DF80520ADF80630019A29
:102B9000D0F84A11FFF73EFF0123002084F8563099
:102BA0002823A4F85200A37303B030BD0023A4F877
:102BB0004232F1E70120F7E738B5C37B0446B0F8AD
:102BC0004252262B13D17DB990F84831C573012BA1
:102BD00002D12946F3F75AF8002384F848312046F9
:102BE000BDE8384001F094B82923C373F7E7837B2D
:102BF000282B0DD14DB929468573F3F747F884F892
:102C00004851002384F8563038BD29238373F8E7F0
:102C10004DF6AB30EDF70AFE08B5C37B262B04D08A
:102C20001BB149F2AF30EDF701FE2723C37308BD96
:102C30002DE9F047994690F8B03004468846002BBD
:102C400042D100F510739E7804F1B00A94F8301167
:102C5000DF78002E08BF0E460FB994F831718E420E
:102C600035D194F83151ED1B18BF012584F830613E
:102C700084F83171FF2384F8323112B13146504665
:102C80009047B9F1000F03D0324639462046C84775
:102C900094F8486104F1FC015046F6B2C4F81811EA
:102CA00000F018FE237B012E08BF45F001051D43EF
:102CB000002345EA400584F848312573B8F1000F38
:102CC00007D0A373BDE8F08700F53073BBE701259B
:102CD000CCE784F80F80F5E7F3F7EAB8704730B532
:102CE00042401C7808785D7860404C786C409D7854
:102CF00020448C786C40DD782044CC786C401D7981
:102D00005B7920440C7949796C404B40204418444D
:102D10001044B0FA80F0400930BD0246002001396D
:102D2000C9B2FF2900D17047535C83F0010303440B
:102D3000D8B2F4E708B5F3F745F9082803D0BDE8A1
:102D40000840F3F761B908BD08B502F000FE18B1FC
:102D5000BDE80840F9F798BC082008BD70B50379B4
:102D60001F2B0FD8461E051D002416F8010F00F07A
:102D70004BFF0444AE42E4B2F7D1012C94BF0020D3
:102D8000012070BD0020FCE7F8B505460C46D0E9EF
:102D9000047602F0CCFF18B94DF64B00EDF746FD76
:102DA000ECB1D5E90423D21B63EB0603012A73F1CE
:102DB00000014FF0000114DB6FF0010090429941D7
:102DC00002DA49F6FD70E9E7631E1344B3FBF4F33E
:102DD0005C43E41946F10006C5E904461C4620465A
:102DE000F8BD0C46FBE7F8B50C460546D0E9007681
:102DF00002F02BFFF4B1D5E90023D21B63EB0603ED
:102E0000012A73F100014FF0000115DB6FF00100A2
:102E10009042994103DA41F6EF00EDF707FD631E9A
:102E20001344B3FBF4F35C43E41946F10006C5E92F
:102E300000461C462046F8BD0C46FBE7022905D19A
:102E40003C281AD980100F3880B27047CB1E012B56
:102E50000ED804290BBF96234FF41673102240227C
:102E600003F5BC73984208D9C01A90FBF2F0EBE767
:102E7000702802D9C0100E38E6E7002070470229FA
:102E800008B5034614D005D8012909D045F2916050
:102E9000EDF7CCFC03390129F8D840F6A66008BD4F
:102EA00040F6C41040F2E242002B08BF1046F6E79D
:102EB00040F6C410F3E7801A653810B58842029CCA
:102EC00094BF091A491A2268012902EB510294BFE2
:102ED0000020012022601A68A2EB51021A6010BD86
:102EE00069B1A0F57A7241F270739A4207D84FF433
:102EF0007A73B0FBF3F000F5506080B2704740F297
:102F0000E243B0FBF3F0F8E710B500210446EEF71A
:102F1000B9F828B920460221BDE81040EEF7B2B852
:102F200010BD437BDBB290F836202AB903F0FB00DA
:102F3000003818BF012070470020704708B5FFF720
:102F4000E3FF014610B90021084608BDFFF7E9FF7D
:102F50000028F9D1F7E740F6B832D0F8D010A0F841
:102F60004420B0F8DA20F3F7C7BA38B54FF4267228
:102F70000D460021044603F005FA6FF036020123E6
:102F8000A4F8B25084F86F200422637784F870208C
:102F90006FF03B0284F8763084F871206FF01002F5
:102FA00084F87220032284F87320002284F87420AD
:102FB0006FF07F0284F875202B2284F86E20FE22A9
:102FC00084F8A6207F22E27238BD38B54FF43E72F5
:102FD0000D460021044603F0D5F96FF036020123B7
:102FE000A4F8B25084F86F200422637784F870202C
:102FF0006FF03B0284F8763084F871206FF0100295
:1030000084F8B03084F87220032284F87320002200
:1030100084F874206FF07F0284F875202B2284F8E6
:103020006E20FE2284F8A6207F22E27238BDC2B252
:1030300092FAA2F2030A93FAA3F31B0E100E40EACF
:1030400003207047013105300022C9B270B510F875
:10305000013F8B4216D310F8054C0023012505FAD9
:1030600003F626421CBF01F1FF31C9B269B1013339
:10307000082BF4D10132D2B2052AE8D144F219006A
:10308000EDF7D4FBC91AC9B2F4E703EBC200C0B232
:1030900070BD0B6870B5C0F8013004460B79054669
:1030A000461D03F01F0343710023C37215F8010F7F
:1030B00000F0AAFD6871B542E37A1844E072F5D1D8
:1030C00070BD81EA114170B58CB20546C17A032604
:1030D00082EA0400FFF7ABFF013E00EB001016F0A0
:1030E000FF0604EB000290B2F4D144402522B4FB69
:1030F000F2F302FB1343C3F3C402D8B203F0070395
:103100002A445678012202FA03F31E4207D1614392
:103110002846C1F30741BDE87040FFF793BF70BD7B
:10312000F8B590F8285004466B1E242B03D940F2C2
:10313000DE40EDF77BFBDAB1407F002844D194F804
:103140002A3094F8291002FB01322523B2FBF3F157
:1031500003FB1123DBB204EBD30203F0070684F870
:103160002A30917F0122B240114202D084F82B30E4
:10317000F8BDB3FBF5F205FB123304F12201013374
:1031800003F0FF0311F8012F9A421AD311F8055CDE
:103190000022012606FA02F72F4208D0013B13F065
:1031A000FF0304D102EBC00284F82B20E0E70132D8
:1031B000082AEFD10130C0B20528E3D144F2B07043
:1031C000B7E79B1ADBB2F5E7E28804F11D00496A14
:1031D000FFF777FF84F82B00CAE7D0F803300B60C5
:1031E000B0F807308B8070470378890123F04003E3
:1031F00001F040010B4303707047037803F07F0335
:1032000043EAC113037070470078C00970471F2A52
:1032100038B50546144603D946F27930EDF706FB7A
:1032200006340930FCF74CFF6C7038BD1F2A38B5E6
:103230000546144603D94FF43860EDF7F7FA063423
:103240000930FCF73DFF6C7038BD0378024603F08F
:103250000F03032B3ED0052B42D1C37F90F82000F3
:10326000034392F82100034392F82200034392F8AB
:10327000230000F01F00184333D05378222B2FD1A6
:10328000B2F81930B1B1B3F5506F13D940F6075108
:103290008B4225D8B2F81B30B3F5FA7F20D2B2F8B2
:1032A0001D0040F676430A3880B298428CBF002059
:1032B00001207047991F40F67A4089B281420FD8A9
:1032C000917D481E07280BD8994209D2B2F81710F1
:1032D0009942DEE74078A0F10C035842584170470C
:1032E00000207047C37813F03F035DD007295BD8F7
:1032F000DFE801F0040B1E29343F4A55037913F02F
:10330000010F0CBF002005207047027912F0020067
:103310004BD0052002F00102072902EB420200EB2C
:103320004200C0B241D1021F9A42C8BF002070477C
:10333000027912F0040038D0052012F0020F1CBFF1
:103340000630C0B2E6E7027912F008002DD0052061
:1033500012F0040F1CBF0130C0B2EEE7027912F088
:10336000100022D0052012F0080F1CBF0230C0B29E
:10337000EEE7027912F0200017D0084612F0100F85
:103380001CBF0330C0B2EEE7027912F040000CD04F
:10339000052012F0200F1CBF1230C0B2EEE70279F8
:1033A0005006F5D50620F4E70020704770B50C46AE
:1033B000064611461D461CB944F2E550EDF736FAB3
:1033C000FFF790FF10B946F2D450F7E7031F2B44E4
:1033D0003F2B02DD47F25250F0E72A4621463044A7
:1033E000BDE87040FCF76CBE10B50446FFF77AFFED
:1033F00000B1204410BD30B5C1F38003C1F3801487
:10340000C1F340052344C1F3001404EB44042344F6
:10341000C1F3401404EBC40403EB4403C1F3000400
:103420002C44C1F3C005134404EB44042C4403EBC7
:10343000440313F0FF031CBF01330171C17818BFAF
:10344000DBB221F03F0103F03F042143C170591C5E
:1034500041701AB104339B1A013AC25430BD43780B
:10346000C278013B02F03F02981AC0B27047F8B52B
:103470000D46194617460646FFF7F1FF441AE4B217
:10348000BC4228BF3C464DB1F278284602F03F02CC
:103490000432114422463144FCF712FE2046F8BDA6
:1034A000C378024613F03F0022D0137913F0200FA7
:1034B000C3F3C001C3F3400014BF0922002213F07C
:1034C000100F114403F001020244C3F3800002EB29
:1034D00042020A44C3F3801114BF032300230844AB
:1034E000184400EB420010F0FF001CBF0130C0B2D6
:1034F000704738B5C5780446AB09032B1ED005F0DC
:103500003F054378AB4219D9FFF7CAFFA84215D847
:1035100095B12379DB060FD504212046FFF764FF20
:1035200048B1037803F03F03242B07D880785F2845
:103530008CBF0020012038BD0120FCE70020FAE705
:103540000278437802F00F02072A12D8DFE802F06F
:10355000080408111111080E0C3B584258417047DD
:10356000063B1F2B8CBF0020012070470BB1FFF7DB
:10357000C0BF00207047027802F00F02072A0AD06D
:10358000082A0AD0042A0ED1407806381F288CBF9A
:10359000002001207047FFF7ACBF4078A0F10E0378
:1035A000584258417047002070471B2A08B503D97C
:1035B00049F2B570EDF73AF9BDE80840FCF780BD77
:1035C0008388A1B1B3F5506F11D940F607529342E9
:1035D0001BD8C388B3F5FA7F17D2008940F676432B
:1035E0000A3880B298428CBF0020012070479A426E
:1035F0000BD8B3F5486F08D84278511E072904D874
:103600009A4202D242889A42E2E700207047013093
:1036100001F1200351F8042B994240F8042BF9D111
:103620000B880380704738B515460446FFF7EFFF57
:103630002B68C4F823306B68C4F8273038BD2DE9F7
:10364000F84F8B46164698469DF82840FFF75CFCDD
:10365000054610B126B90123EB760120BDE8F88FAD
:10366000D0F8C87031463846FDF755F8824608B99B
:103670000020F3E7F1F756F88642F9D8514638466C
:10368000FDF744F9EB7E8146002B4FF0000318BF95
:103690004FF0020BA0F8013080F800B05046FDF763
:1036A0003DF98246ECB1B5F8EE40D4B102F012FA21
:1036B00040F271235C43241841F10001CAF8041060
:1036C0003246414609F10300CAF80040FCF7F8FC15
:1036D00031463846FDF75AF828B94FF25040EDF719
:1036E000A5F82146EAE795F8B0302BB12846FEF759
:1036F00084FB0023A5F8E2310023ADE7437837B51A
:10370000C3F301120446032A03D8DFE802F0050ED2
:103710001D05002003B030BD057803F00F00002325
:1037200000930221231D628807E0057803F00F0053
:10373000002301210093231D628845EA0020FFF742
:103740007EFF60B10120E5E7F2F7DAF903685B0577
:10375000DFD560780123257800F00F00E0E7F3F76C
:10376000EFF8EFE71A230B7001234B708B70704753
:10377000F2F7A4BF10B519B948F2DA60EDF756F8C0
:103780004A600B72EFF3108472B6031D0B6042683F
:103790001AB1127A012A08BF036003681960016038
:1037A00004B962B6BDE81040F2F7D0BF0222F3F7C9
:1037B000B5B80322F3F7B2B80422F3F7AFB8022288
:1037C000F3F7F0B80322F3F7EDB808B5CB1E012BE1
:1037D00004D8800100F5747080B208BD012902D1BF
:1037E0000E30C000F8E7022902D10F308000F3E765
:1037F00043F25750EDF71AF8022908B50DD005D855
:10380000012908D040F65770EDF710F80339012967
:10381000F8D81E3000E00A3008BD1430FCE7022959
:1038200008B50DD005D8012908D040F65770ECF73F
:10383000FDFF03390129F8D81E3000E00A3008BD29
:103840001430FCE78D230B7030F8BD3CA1F8033039
:1038500050F8573C9A8AA1F805201A8BA1F8072046
:10386000DA8A5B8BA1F80920A1F80B3000234B7397
:10387000704740687047F0B5067A9DF81470033EB3
:1038800095881489012E04D947B11E78033E012E74
:1038900004D8B5F5296F38BF4FF42965407A03384D
:1038A000012804D947B15B78033B012B04D8B4F558
:1038B000296F38BF4FF42964D38852888B810A81DD
:1038C0004D81CC81F0BD8380BDF800300180428005
:1038D000C38070472DE9F84F8B890C46B1F800B0D2
:1038E0000546B1F81690B1F81A809B4590F8811002
:1038F000876E28BF9B46A288CB1EE089DBB2A4F866
:1039000016B0824228BF0246012B8CBF16464FF4E8
:103910002966A742668320D1B5F870A0012B94BF19
:103920004FF42960B5F87200DA4538BFDA469042A4
:1039300038BF1046012BA5F870A098BF0421A5F848
:10394000720098BF4FF42960FFF778FA031D9BB20D
:10395000534528BF5346A5F86E30D94534D1B8EB4E
:10396000060618BF01262389B4F802B095F8801026
:103970009B45B4F81490B4F8188028BF9B46CB1E22
:10398000DBB2012B22D9B4F806A06289924528BF88
:103990009246A742A4F814B0A4F818A00AD1012BAB
:1039A000504698BF0321FFF749FA584528BF5846AB
:1039B000A5F86C00D9450CD1D04518BF46F00106DA
:1039C00006F00100BDE8F88F0126CCE74FF4296A24
:1039D000DFE70126F4E72DE9F0470E4690F8811065
:1039E00005461746A1F103099846B0F83CA05FFAD6
:1039F00089F9B9F1010F24D9B0F86E00FFF7E5FE9F
:103A0000044695F88010B5F84A00FFF7DEFEB8F1DD
:103A1000000F19D16A8F06370444B9F1010F5744DA
:103A20008CBF00212821E3191344B8F1000F0DD1F8
:103A30002A8F0B441344B34294BFF01A0020BDE810
:103A4000F0874FF42964DCE72A8FE4E76A8FF0E718
:103A5000F0B5838F0D460446016A006C87B0814241
:103A600028BF014604F14000A9428CBF491B002138
:103A700032BB628F0DF1160694F88070029694F8AE
:103A80008160CDE90076F2F7BDFF39460646BDF804
:103A90001600FFF7D3F994F8483094F88020834259
:103AA000A2F1030238BF0346012A9BB202D81B2BA6
:103AB00028BF1B233544A4F84A30656407B0F0BD25
:103AC000228FD7E72DE9F743044640880D46164676
:103AD0001F4601F08AFE8146D0B13146FFF78CFEC9
:103AE000394680464846FFF787FE6DB90288B8F828
:103AF000043029462046CDE900233B463246F2F702
:103B0000CDFF03B0BDE8F083B8F800208388F0E76C
:103B100096231A46EDE701F19C0383423DBF9C3892
:103B2000401A4008002070472DE9F0411646B0F8D1
:103B30005C70B0F85E5079B301F052FC044602218B
:103B4000FFF77CF9804602212046FFF777F94745C9
:103B500028BF4746BFB21B2F38BF1B27FB2F28BFEC
:103B6000FB27854228BF05467780ADB21B2D38BFA5
:103B70001B25FB2D28BFFB25B4F5A47F38BF4FF4D0
:103B8000A474F580B4F5296F28BF4FF42964A4B25A
:103B9000B4803481BDE8F08100F034FECEE700F05F
:103BA0005533400800F05530034403F033329B088E
:103BB00003F033331A4402F00F33120902F00F32CC
:103BC000134403F0FF101B0A03F0FF13184400EB2B
:103BD0001040C0B2704745F2555200EA020302EAB3
:103BE0005002981843F2333300EA030203EA9003C9
:103BF0001A4440F60F7302EA030003EA1213184452
:103C000000EB1020C0B2704700F05503400800F0F0
:103C10005500034403F033009B0803F033030344CF
:103C200003F00F0000EB1310704780EA6000FFF70D
:103C3000B6BF40F34E039BB25840FFF7CCBF3228CB
:103C40000CD006D8162818BF012894BF01200020E8
:103C50007047A0F13E035842584170470120704719
:103C600008B50246FFF7EBFF40B10846FFF7E7FF54
:103C700020B18A420CBF23202A2008BD8A420AD1E3
:103C8000A2F13003DBB20B2B0FD840F6210020FA53
:103C900003F3DB071ED4322901D1262A03D0322AAE
:103CA00003D1262918D12A20E7E73E2907D1262A61
:103CB000F9D03E2A12D03B2A10D11F2902E03E2A19
:103CC00004D126290CBF2A200020D6E73B29F2D1B7
:103CD0001F2AF7E72320D0E73E29F7D10020CCE7C1
:103CE0000023837380F85630A0F85230704790F864
:103CF000B0302BB9A0F85A30012380F85C307047FF
:103D00000023A0F85A3090F85C3001335BB2F4E73E
:103D100008B590F8B03013B980F85C3008BD90F861
:103D20005C30013B5BB2002B80F85C30F6DA43F686
:103D30001460ECF77BFD08B580F8A31080F8A22092
:103D40003622C273FFF7D3FF002008BDA0F10A039B
:103D5000042B09D9A0F14803012B05D924380728E1
:103D60008CBF00200120704701207047026810B509
:103D700012F0080408D142F0080280F8A010026096
:103D8000FFF7B5FF204610BD0120FCE708B5C27B58
:103D900042B9097880F8A0100321C173FFF7A7FF8B
:103DA000104608BD0122FBE7D0F8D02041F64B5366
:103DB0009A4296BF4AF6C8730623B3FBF2F3B0F8F3
:103DC000D820B0F8E6001344584380B27047037C13
:103DD000073B012B81BF4B784374072303740020FA
:103DE0007047037C073B012B84BF08230374704793
:103DF00038B5C57B044625BBCB88C288A0F8C03245
:103E0000013B9B1A47F6FD729BB2934206D92823C9
:103E100080F83730F3F774FA284638BDD1F801300E
:103E200000F2C220C4F8C2324B790371FEF796FF4C
:103E300020B91E23204684F83730EBE70A23E373CA
:103E4000EAE70125E8E708B5837B1BB140F2F260A1
:103E5000ECF7ECFC0B23837308BD38B5D1F838328E
:103E600005460C46C0F8013091F83C32437191F898
:103E7000A73033B90846FFF797FFE3881844A4F842
:103E80003E02B4F83E320820AB711B0AEB7138BD1C
:103E90002DE9F74F0646894690460193FFF784FFC8
:103EA000D6F8FC71044657B90023C8F80030F388EF
:103EB00023449CB2019B1C8003B0BDE8F08FF3F754
:103EC00023FD0028F0D1D6F8D0C0D6E978320CFB1B
:103ED00004FE1EEB030ED7E9021342F100020B446D
:103EE000D7E900155B1845F10005734575EB020134
:103EF00014D2BEEB03016FF0010B62EB050A8B4598
:103F000070EB0A0A03D24EF27620ECF78FFC386988
:103F1000471E3944B1FBF0F1E0FB0135B3EB0E0372
:103F200065EB02056FF001029A424FF00002AA41D0
:103F300002D24CF29B40E8E7B3FBF9F209FB1233E3
:103F4000B3FBFCF291B20CFB1133C8F80030F388DC
:103F50001C441444A4B2ADE70B46822203F8032BA1
:103F6000D0F80920C1F80320D0F80D205A60427C17
:103F70001A720023CB707047F7B5C67B04460D4616
:103F8000002E62D190F8397106230DF107018DF8EA
:103F90000730FDF70DFD9DF8072039462846FFF74D
:103FA0000FFB38B929782046FFF7E0FE0646304679
:103FB00003B0F0BD6B89E288A4F8C032013B9B1AC4
:103FC00047F6FD729BB2934206D92823204684F817
:103FD0003730F3F795F9EAE7AB886FF450629A1837
:103FE000062A95BFA3F5506340F2E2424FF47A727D
:103FF00030468CBF53435343C4F8C8326B78C0B1CA
:1040000003EB830303EB83039B00A4F8C2326B88AA
:10401000C0B164225343C4F8C432EB88A4F8CC3254
:104020002B89A4F8CE32002384F8D4320D23E37315
:10403000BDE7C3EB431203EB820303EB83035B0097
:104040009BB2E2E740F2E242E4E70126AFE708B5BF
:10405000837B1BB149F23E30ECF7E8FB0D23837301
:1040600008BD70B50C46054691F83911D4F84C02DC
:10407000FEF736FF6FF45062B4F8463282182871AA
:10408000000A92B26871062A8BBF40F2E2426422B3
:10409000002601268CBFB3FBF2F3B3FBF2F36B7087
:1040A000B4F85032AB711B0AEB71B4F852322B7278
:1040B0001B0A6B7294F8A73043B904F5117304F529
:1040C0001272D4F84C122046FFF7E2FEB4F84432E4
:1040D000AB721B0AEB72D4F8483246B164220C2052
:1040E000B3FBF2F3AB70C3F30723EB7070BD40F288
:1040F000E242F4E70B46842203F8022BD0F80920B1
:10410000C1F80220D0F80D205A6070470B46852276
:1041100003F8022BD0F80920C1F80220B0F80D20D6
:104120009A80704710B5837B04461A2B12D100F198
:104130008802052300F5187100F51C7002F059F88B
:10414000002300220020C4E91E23012363761D23DF
:10415000A37310BD0220FCE7837B142B0FD1D1F891
:104160000130C0F86832D1F80530C0F86C32D1F8AF
:104170000930C0F89C301A23837300207047022056
:104180007047827B0346102A05BF002013220220BD
:10419000587608BF9A73704708B5837B132B03D0FA
:1041A00045F69120ECF742FB012380F85E301223A4
:1041B000837308BD38B5C47B054634B1113C0F2C60
:1041C0008CBF01240824204638BD837E002BFAD002
:1041D000D0F8AC3023B9FFF78AFD1123EB73F2E777
:1041E0000C220A21BDE83840FFF7A5BD08B5C37B06
:1041F000162B03D043F68950ECF718FB012380F807
:104200005D301823C37308BDC37B122B03BF132378
:10421000C37300200220704710B5C37B04461C2BDB
:1042200005D1FFF775FD20230020E37310BD0220A8
:10423000FCE708B5C37B112B03D046F28420ECF7D2
:10424000F5FA012380F85D301223C37308BD08B569
:10425000C37B182B03D045F69C30ECF7E7FA1C2300
:10426000C37308BD08B5837B1D2B03D04EF221100C
:10427000ECF7DCFA1F23837308BD08B5837B1BB101
:1042800048F28A10ECF7D2FA012380F85D3010234F
:10429000837308BD10B5837B044633B190F85E305C
:1042A0001BB94BF60F30ECF7C1FA0123204684F816
:1042B0005D301423A373002384F8BB31FDF76FFB3B
:1042C00084F8760010BD3E230B700C234B70042342
:1042D0008B70D0F80930C1F80330D0F80D30C1F838
:1042E0000730B0F81130A1F80B30C37C4B73704726
:1042F00008B5837B1BB14FF28B50ECF797FA042380
:10430000837308BD08B590F8B02032B9C273A0F825
:104310005A20BDE80840FFF7FBBC0268D10703D470
:1043200043F6FE20ECF782FA22F001020260F0E789
:1043300087230B7030F8B43C4B80704790F8B02066
:10434000837B4AB9052B01BF002380F8463080F8F3
:1043500056308373002070470F2BF4E738B590F880
:10436000B05004464DB9C37B53B92046FFF7BFFC9C
:1043700045B90223E373002038BD03685B07F4D519
:104380000120F9E7236843F004032360F3E790F882
:10439000B0301BB1036823F004030360FFF7B8BC1F
:1043A00008B5837B1BB140F29370ECF73FFA90F8AD
:1043B000B030002B14BF0F230523837308BD10B545
:1043C000D0E90F42A24206D30B8D121BC98E0533D2
:1043D0004B43934202D3012380F8463010BD0C2397
:1043E0000B7008234B7000238B70B0F85230A1F88B
:1043F0000330437A4B714389CB8083890B817047AB
:1044000010B590F85F3004469A070CD4837B1BB13B
:1044100040F6AC50ECF70AFA0122A0F85230827351
:1044200080F8562010BD90F8B0303BB9C37B0BB973
:10443000FFF76EFC002384F84E31F3E703689B0717
:10444000F8D5FFF765FC236823F002032360F1E74A
:1044500010B50B7901284C790A6843EA042110460B
:1044600008BF41F4803110BD07B5FFF7F1FF0DF132
:104470000702F3F7DDF903B05DF804FB90F838307C
:104480000BB90020704790F83830012BF9D090F824
:104490003800073818BF0120704790F83830012BDA
:1044A000DAB201D0FFF7EABF1046704730B585B0E9
:1044B0001546089BC01A099B61EB0304002C21469A
:1044C00002DA404264EB440103AB2A46009302AB9C
:1044D00001F0DCFE002C039801DA00B1281A05B0C7
:1044E00030BD002307B501A80193F9F79DFB0198A2
:1044F00010F0030018BF012003B05DF804FB10B5F5
:10450000FFF7EFFF002814BF14240024FBF776FE0A
:10451000404200F01400204410BD73B50C46B1F8C1
:10452000051005461A2923D9B4F80730B3F5A47F3E
:104530001ED3B4F801201A2A1AD9B4F80300B0F532
:10454000A47F15D305F1FC0405F1B00600902046C8
:10455000FFF7B9F921463046FFF7BCF910B9012041
:1045600002B070BD002105F5B370F2F745FAF6E729
:104570000020F5E708B5837B1BB142F2F520ECF78C
:1045800055F92123837308BD10B5837B0446213B75
:10459000022B0BD8FFF7C1FF18B10421204600F011
:1045A00048FF002084F85600A07310BD0120FCE7EE
:1045B000F7B5C57B044635BBB1F805001A2804D908
:1045C000B1F80730B3F5A47F05D2204603B0BDE8AB
:1045D000F040FFF7DBBBB1F801601A2EF5D9B1F856
:1045E0000370B7F5A47FF0D30146324604F1FC0016
:1045F0000097FFF768F923232046E373FFF777FB63
:10460000284603B0F0BD0125FAE7002310B50446A3
:10461000C373A0F85A30FFF77BFB20460421BDE8A6
:10462000104000F006BF10B5837B0446213B022BEF
:104630000BD8FFF772FF18B106212046F4F7A2F855
:10464000002084F85600A07310BD0120FCE7036829
:10465000D90610B5044603D44FF2A900ECF7E6F8EA
:104660009A0602D54DF61310F8E723F01003036005
:10467000FFF74EFB20460621BDE81040F4F782B854
:1046800010B5F8F7D9FF0446FFF739FF4FF47A72F7
:1046900004F544437B304933B3FBF2F3184410BDB7
:1046A00010B5044690F88100FFF7EAFF01220146A9
:1046B0002046BDE81040FFF7CBB9002313B51A46DA
:1046C0004373A0F87832194600930446F3F79CFA36
:1046D00018B14DF65F00ECF7A9F80123C4F81802F1
:1046E000C4F810026373A4F82E02A4F82C0284F814
:1046F0003102E388A4F87A02013BE38002B010BDE6
:10470000F8B50D460023D0F81011044680F8143196
:10471000D0E9506781F8ED2180F85031D0F81001D0
:10472000FEF719FCD4F81001C0E99867C0F87C5274
:10473000C0E99C67FFF7C1FFF8F784FDBDE8F840CA
:10474000FAF7C2BED0F81001704738B5044690F8A9
:1047500050319BB1FF2380F85831012100F005FC56
:1047600094F8503153B104F1E805284601F0D7F927
:10477000284601F0E0F9002384F85031002038BDCC
:104780002DE9FF410023CDE9003303238DF80630E6
:104790006846ECF7B1FC78B1002602234FF0FF0821
:1047A000CDE902668DF80E3002A8ECF7A5FC0546AF
:1047B00030B104B0BDE8F0810098FFF7C6FFE7E72D
:1047C000029C84F81280637B43B104F50E7738466F
:1047D00001F0A5F9384601F0AEF96573A674E3E778
:1047E00008B590F8582142B990F8142142B1D0E9A7
:1047F0004631994202D9F4F7F7FF0022104608BD6E
:104800000122FBE710B50446FFF779FE00F5987129
:10481000226A236C9A4228BF1A461046FFF77BF99A
:10482000B0F5296F28BF4FF4296080B210BD012A6E
:1048300070B506460D4614460BD0022A0ED08AB932
:10484000F8F708FA224601462846BDE87040FFF70F
:1048500057BFF8F7FFF9C6F87C0270BD0122D0F807
:104860007C12F1E743F65470EBF7E0FF70B50446B5
:1048700021B101297ED049F6F52079E000F022FA35
:1048800094F8513105460E46DBB150EA010318D0C9
:10489000D4E94832D4E95001C01A334661EB020131
:1048A0002A4601F0FFFC05FB01F300FB0633A5FBE4
:1048B00000021344D4E94821121843EB0103C4E970
:1048C0004823E38CEBBB0020D4E94832ED184FF0CD
:1048D000000346EB02062D1840F2024284F8303104
:1048E00046F1000684F85131A4F83821C4E948564D
:1048F000C4E9505694F8583103F0FF01DBB96FF06A
:104900000043D4E952029A4208BFB0F1FF3F25D0DC
:104910002046D4E9505600F0AFF9AE30D4E9523217
:104920005B1B62EB06021B1A62F10002002A15DA19
:104930002046F4F759FFF8F785FCBDE87040FAF718
:10494000C3BD204600F0CAFA0028BCD1F2F7FAF83D
:10495000E38CB0FBF3F202FB1300B5E704F59871AA
:1049600004F1E800FAF7C4FD0028E4D14AF6072074
:10497000EBF75CFF002380F81431DCE790F850017E
:10498000003818BF012070470B46812203F8032B23
:10499000B0F80920A1F80320C27A9A7070470B463C
:1049A0008C2203F8032BD0F80920C1F80320D0F89B
:1049B0000D205A6070478B88F7B513F0180506462E
:1049C0000C461ED1086818B94EF28B00EBF72EFF8B
:1049D00000F052FB217CF3F799FF677CA388014626
:1049E0003A46304600932B46F3F7AEFFA430D4E9A5
:1049F0000223824273F100032CBF0120002003B088
:104A0000F0BD0120FBE738B588220B460C4603F8C1
:104A1000032B00F10902293052F8041B824243F8AB
:104A2000041BF9D1127802211A700123A588A37101
:104A30002846ECF727FB98B1E37843B102212846DA
:104A4000ECF736FB60B14FF6B530EBF7EFFEF1F760
:104A500051F84B0404D52846BDE83840FCF77EBF2A
:104A600038BD70B504460D461D3019461646FEF792
:104A700010FB84F8305184F83151FF2384F832312F
:104A8000E91E04F1F00001298CBF00210121F1F79A
:104A900095FF314604F1B000F1F716FD94F83A3174
:104AA000002B14BF4D239623A4F8EA30A4F8E83075
:104AB0000023A4F8EC3070BD70B50D46044691F8A3
:104AC00039111646D5F8D000FEF70AFAB5F8D830F5
:104AD000A4F8AC0004F1A002A4F8AE30B5F8DA30C6
:104AE000A4F8B03095F83B3184F8B230237F6BB333
:104AF00094F86830012B29D194F86E3003F0C0038C
:104B0000402B23D1D4F86930C4F8A030B4F86D300C
:104B10009380082E236A04F1A60193F8B42003F1D0
:104B2000B50084F8992004F19A02D3F8B53018D072
:104B3000C4F8A630838830468B8004F19901F1F7E0
:104B400077FB38B949F24C00EBF770FE0023C4F84C
:104B5000A030DDE794F8993043F0020384F89930EF
:104B600070BDC4F89A30838893800023C4F8A630BF
:104B70008B80F5E70B468B2210B503F8032BD0F89A
:104B80000920C1F80320427B1A71CB789BB130F821
:104B9000B43C1B070FD4B1F8054002212046ECF7C6
:104BA00071FA40B102212046ECF782FA18B14CF6B6
:104BB0002D20EBF73BFE10BD0121F4F733BBFFF7CF
:104BC000FBBF08B590F894300BB1012008BD90F8F8
:104BD000CC30002BF9D190F8BE3003F0FF00002B51
:104BE000F4D0F0F749FF80F00100C0B2EEE730B535
:104BF0004FF4B07285B00D460021044601F0C2FBAF
:104C0000FF2323701323638042F21073E384ECF7D5
:104C10006BFB00220146E0646846ECF7ABFB002228
:104C20000121E06CFBF795FF0422E16C6846ECF78C
:104C3000A1FB0022E06C1146FBF78BFF04F1300072
:104C4000A57400F0C9F902A8F1F782FC18B94BF27B
:104C5000C300EBF7EBFD02A904F13600FEF719FAE9
:104C600005B030BDFF23C86C0B70FBF73FBF007869
:104C7000FF3818BF01207047F7B5044630300E46A4
:104C800000F0FAF961880746CA0605D52822F4F72C
:104C9000E9FD6D3003B0F0BD8B07E06C0FD5FBF77D
:104CA000F0FF217905463846F3F730FE6388014668
:104CB0002846009333466279F3F746FEE9E7FBF7AF
:104CC000D0FFEEE7D0E9020170472DE9F04F07462B
:104CD0009DB00C46054610AE0DF120080FCF0FC653
:104CE0000FCF0FC697E80F0086E80F0040466E7999
:104CF00000F072F9A37A277D039323787A1E049338
:104D0000022A637803F07F0AD14600F28380D90635
:104D100003D4A67D731E022B7CD8637E03F0FD03B3
:104D2000012B02D1032F08BF0427A37E03F0FD034C
:104D3000012B02D1032E08BF0426617A404600F001
:104D400052F9237D227F4046022B02F101020CBF63
:104D5000617D0121D2B204BF0131C9B200F045F931
:104D60001AF0080F6BD1404600F086F9637883464D
:104D7000DA0653D4ECF7E6FA824639465846F3F79A
:104D8000C5FD0123014632465046CDF80090F3F7A9
:104D9000DBFD40F27122217900F28620E378B0FB3E
:104DA000F2F043EA01236179504343EA014353435C
:104DB000984238D84FF0000B94F818A00793A37CC2
:104DC000E86C05930AF1FF33D3F1000A4AEB030ABA
:104DD000FBF747FF0690E86CFBF753FF0699079B2C
:104DE000814238BF014688B260B308A90C9306938C
:104DF0000A910AA9ADF82C90CDF834B08DF838702E
:104E00008DF83960FFF7D7FD069BD8B945201DB056
:104E1000BDE8F08F48F24650EBF708FD28224946DE
:104E2000F4F720FDB5E7E179A37943EA0123217A7C
:104E300043EA01435343834228BF0346BAE70023B2
:104E40009B46B9E7CDE9123B059B049A8DF8533098
:104E50008DF8447010AF039B8DF845602E468DF899
:104E600050A08DF854308DF84020ADF842900FCF0F
:104E70000FC60FCF0FC697E80F0086E80F0098E81F
:104E8000030028630020A986E37A03F0FD03003BBA
:104E900018BF012385F86F30E3682B67238AA5F8D4
:104EA000743095F84630E27D62F3071385F846309A
:104EB000ADE74FF40043A0F8483043881D2B08BFEE
:104EC00000214174704790F912007047408800F04B
:104ED000010070478078C0F3400070478078C0F3CD
:104EE000C000704710B54488C06CE30654BFC4F3DB
:104EF00040040024FBF7ACFE84F001042043C0B260
:104F000010BD4079C31E012B07D891F82E3103F054
:104F10000303012B14BF03200420704710B504467F
:104F2000F1F710FEC0F30B00A042F9D010BD10B590
:104F30000446F4F799FB00212046F4F773F9204664
:104F4000BDE81040F3F788BE90F86830016281F840
:104F5000BB30D0F86930C1F8BC30B0F86D30A1F882
:104F6000C03070477047F3F751BF80F88810704722
:104F70008278034612F0010002D0D978C90710D513
:104F8000900702D5D97889070AD512F0040008D015
:104F9000D878C0F3800080F001008000C0B2704774
:104FA00002207047C0F34002C0F3800300F001000C
:104FB000134418447047022808B507D0042807D0C6
:104FC000012807D043F6E150EBF730FC262008BD5E
:104FD0002720FCE72520FAE70023C0F80230012350
:104FE0004370037070478170704710B5427014466B
:104FF00001708078FFF7D6FF484304FB00F2FE2AD9
:1050000003DD4BF2C330EBF711FC10BD0023C3707E
:1050100043710371704710B50446FFF7A9FF637928
:1050200062780133DBB29A4263710CD1E3780022DB
:10503000A17803436271DBB29942E37001BF237927
:10504000E27001332371BDE81040FFF7B4BF38B5FB
:1050500004468078FFF7A6FF0146E078FFF7A2FF3D
:105060002378227965789B1A6B4359436379C91A6F
:1050700000FB1510C0B238BD014608B58078FFF7B7
:1050800091FF4A780B7853435843C0B208BD40F2B1
:10509000EE20704740F25A335843704708B5C37B3F
:1050A000182B03D04FF62500EBF7C0FB1E23C3736C
:1050B00008BD08B590F8A630FE2B03D043F2E920D6
:1050C000EBF7B4FB002380F8A61080F8A73012B9E4
:1050D000A0F85A2008BDA0F85230012380F85630BD
:1050E000F8E708B5C27B362A05D10022C273BDE8B5
:1050F0000840FEF70DBE182A02D11E22C27308BD59
:1051000047F6EB20EBF792FB08B5837B90F8A820DD
:10511000092B08D190F8A130934204D10023837366
:1051200080F8563008BD036813F0080106D023F05C
:1051300008030360BDE80840FEF7EABDFF2A04D17A
:10514000382380F8B4128373ECE744F6C140EBF7E0
:105150006DFB73B5044600680D4610F0300627D18C
:10516000B1F805101A2904D9B5F80730B3F5A47FB2
:1051700006D22978204602B0BDE87040FEF7F6BDA1
:10518000B5F801201A2AF4D9B5F80300B0F5A47FC8
:10519000EFD3009004F1FC00FEF795FB2368204656
:1051A00043F010032360FEF7A2FD304602B070BD4D
:1051B0000120FBE7837E63B9C37BA3F11002032ABE
:1051C00007D990F85E0028B1202B8CBF0020012069
:1051D000704701207047837E63B9837BA3F110027F
:1051E000032A07D990F85E0028B1202B8CBF00203D
:1051F00001207047012070470E3838B50D4614461F
:10520000937B09283AD8DFE800F0053939390F399E
:1052100018393926042B05D12046FEF761FD2046BA
:10522000F2F730FA002038BD0F2BFBD100222046C8
:105230001146BDE83840FFF781B8212BF2D1204656
:10524000FEF74EFD002DEDD094F86E3023F02003D4
:1052500084F86E30E6E7E37B272BE3D10025204678
:10526000E573FEF755FD94F84831012B03D129462B
:105270002046F0F70BFD84F84851D3E74BF2366037
:10528000EBF7D4FA0B4690F86E10024641F0040199
:1052900080F86E1099785878F4F78ABC38B50D46C6
:1052A0000446D1E93201EBF7C3FF6B7B3BB105F557
:1052B0000E75284600F033FC284600F03CFC0F2118
:1052C0002046EBF7F5FE10212046EBF7F1FE122108
:1052D0002046EBF7EDFE11212046EBF7E9FE132106
:1052E0002046EBF7E5FE14212046EBF7E1FE2046D1
:1052F0001521BDE83840EBF7DBBE0022C281027603
:1053000090F8583013B10221F3F73CBA0321FBE7C0
:1053100038B504460846E37B162B09D0A3F11802E2
:105320005342534194F8B02222B10C25284638BD8F
:105330000123F7E7002BF8D094F8E03203F0FF05E3
:10534000002BF2D188B194F806321BB941F6C600A1
:10535000EBF76CFA052304F1880204F5FB7100F009
:1053600048FF012384F8B032E0E70223FAE7F1F7BF
:105370007FBD10B5044690F8811090F88000F5F7D5
:1053800045FC002201462046BDE81040FEF760BB08
:105390002DE9F34100264FF0FF08CDE9006668468D
:1053A000EBF7AAFE054610B102B0BDE8F081009C03
:1053B00084F81280637B63B104F50277384600F00D
:1053C000AEFB384600F0B7FB04F5F0706573F2F7FA
:1053D000C1FAA674E3E7FFF7DBBFC0F8E811704736
:1053E00010B50446FFF78BF800F1E901226A236C3F
:1053F0009A4228BF1A461046FEF78DFBB0F5296F7A
:1054000028BF4FF4296080B210BD08B518B949F61D
:105410002640EBF70BFA437B03F0FF0113B14AF28E
:10542000B700F6E7202200F50270BDE8084000F062
:10543000A9BF37B50446042900F29480DFE801F0E3
:10544000031411188C00837C03F0FF024BB9012177
:10545000F5F7C8FCF7F7F6FE03B0BDE83040F9F702
:1054600009BA04236373F5E70323637303B030BD04
:10547000D0F8D03090F83951C0F830323DB1D0F882
:105480004C5241F64B5295428CBF0025012540F20B
:10549000E242ADF8042094F8582242B9D4F84C22E4
:1054A00093421ED0B4F8B20000F079F919E0B4F8D4
:1054B000B20000F071F918B94FF66500EBF7B6F9D4
:1054C000B4F854320025A4F8E630B4F8563283819B
:1054D000B4F84432C5814381013B03827D23ADF89A
:1054E000043094F83A311BBB1DBBD4F8483204F5A4
:1054F000F070D4F84C22C4F8E030B4F84632C4F866
:10550000D020A4F8E430D4F8503284F83A51C4F8EA
:10551000D830B4F8E6305343009302AB13E90600E9
:10552000F2F7FAF904F1B000FFF723FF02239CE73A
:105530005DB14FF04D13C4F8E8300023A4F8EC300F
:105540004FF47A73ADF80430CFE74FF09613A4F818
:10555000EC50C4F8E830C8E7B03003B0BDE83040E4
:10556000FFF707BF4CF65110A8E7827B032A04D14E
:10557000002280F8562082737047FEF7C9BBA1F164
:105580001203012B0AD910B9192902D87047122920
:1055900006D91F298CBF00200120704701207047C9
:1055A0000020704790F8A82022B10022827380F872
:1055B00056207047C273FEF7ABBB142838B50D46B2
:1055C0001446937B0CD0162819D012282BD1052B0A
:1055D00013D1002220461146BDE83840FEF7AEBE8A
:1055E000213B022B09D81046FEF77AFB2DB194F827
:1055F0006E3023F0200384F86E30002038BD242B59
:10560000FBD11046FEF76CFB2DB194F86F3023F000
:10561000090384F86F301A212046F0F737FB002386
:1056200084F84831E9E74AF6EE60EBF7FFF80B46FD
:1056300090F86E10024641F0040180F86E109978DF
:105640005878F5F71FBE70B50C460546D1E9320112
:10565000EBF7EEFD637B3BB104F50276304600F0DC
:105660005EFA304600F067FA04F5F0742046F2F76F
:1056700063F910B12046F2F76DF90F212846EBF7D8
:1056800017FD10212846EBF713FD12212846EBF7F2
:105690000FFD11212846EBF70BFD13212846EBF7F0
:1056A00007FD14212846EBF703FD28461521BDE828
:1056B0007040EBF7FDBC00207047F1F7D5BAF1F769
:1056C00093BBF1F7BDBBB0F84E200146B0F84830AF
:1056D000934270B538BF1346B0F8E660027EB6005C
:1056E0000ABBC3F106039D1B91F8463013B18B7BB7
:1056F000052B1DD10846FFF76EFDD8B1D1E90F3457
:10570000E41AA41BAC42B1F8B200A8BF2C4600F0CA
:1057100043F820B1C389043B9C42B8BF1C4624EA2D
:10572000E47080B270BDB0F84A50ED1AAD1BDBE7F3
:105730000024E7E72C46E5E770B50D460421064650
:10574000EBF7A0FC044648B906213046EBF79AFC7B
:1057500020B115B190F8E53003B90446204670BD7C
:105760001D2310B504460370F0F708FA607002209C
:1057700010BD1E2310B504460370F0F7FFF96070EA
:10578000022010BD01234380038000238380C38057
:105790004FF44863038170471021EBF773BC38B5B1
:1057A0000546FDF7B1FB044618B94FF2B350EBF7CD
:1057B0003DF82846FFF7F0FF38B10123A4F8E630A2
:1057C0000023838143810382C38138BD3C2303804E
:1057D0004FF4FA4343800123C38083800023038175
:1057E00043814FF44863838170471321EBF74ABC30
:1057F000F8B50446F0F784F90746637803EB4303F2
:105800005D00F0F791F90646EDB2F0F77DF92070F2
:10581000062D4FF0000109BF3B680023326813409A
:1058200004BFC4F802300123C3F1060204EB830075
:1058300092000230BDE8F84000F0A4BDF8B50D4676
:10584000074618B944F6C130EAF7F0FF12210238D2
:10585000EBF772FC0446FDF757FB10B946F2CA504D
:10586000F2E79923AC802B70BB7AFF2B04BF002397
:10587000BB7290F871301B0702D41A23EB70F8BD8D
:10588000002607F10E01EE70BB7AAB71FB7AEB716B
:10589000D0F86E30AB60D0F8723005F11000EB60DC
:1058A000EB7A23F00803EB72FC7A04EB4404E40087
:1058B000E4B222460834FAF703FC3146E4B2C4F1FC
:1058C000F802083402F0F8022819BDE8F84000F0A8
:1058D00059BD08B590F8B0305BB9C27B4C2A03D0F3
:1058E00042F2A360EAF7A2FFC373BDE80840FEF7E7
:1058F0000FBA0368DA0402D442F29710F2E723F4F5
:1059000080530360F1E70B46122110B50446B3F84B
:10591000B200EBF7B7FB0378601CA370FFF768FFDA
:105920001B2010BD08B5837B1BB14BF60200EAF7C4
:105930007DFF4D23837308BD08B5F7F76DF9F6F7C2
:10594000C7FEF6F7DFFDBDE80840F7F76FBF10B5FB
:10595000C824F6F781FE022808D1013C14F0FF04A8
:10596000F7D10620F0F7FAFF204610BD431E58423B
:105970005841FAE7013808B507280BD8DFE800F0EE
:105980000E1006040A0E0E08032008BD0220FCE7D4
:105990000420FAE748F25050EAF748FF0020F4E705
:1059A0000120F2E7013808B507280BD8DFE800F03E
:1059B0000E1006040A0E0E08032008BD0220FCE7A4
:1059C0000420FAE748F25050EAF730FF0020F4E7ED
:1059D0000120F2E710B5F7F745F9044600F027F982
:1059E000201841F1000110BD7047704719B9437884
:1059F0000BB1C3788370704710B504460846F7F7BB
:105A00001BFE4FF47A73B0FBF3F0201A10BD38B5CB
:105A1000044608461546F7F70FFE4FF47A7300F276
:105A2000E730033DB0FBF3F0012DA4EB00048CBF85
:105A300002200A20201A38BD00F038B8801A00F37E
:105A4000070038B50D46144659B240B2F8F7A2F92E
:105A50000023287020446B7040B238BD00230360DF
:105A600070477047002070474FF0FF3070474FF08D
:105A7000FF30704770474FF0FF307047002070478D
:105A8000002070470023037070479DF8003000220B
:105A9000FFF7D4BF4FF0FF307047002070474FF042
:105AA000FF3070474FF0FF3070477047704700205D
:105AB000F8F7B4B90020F8F799BA0020F8F7B2BAAD
:105AC0000020F8F7ABB97047F8F7F8BAF8F70ABB57
:105AD000F8F7FABAF9F730BFF9F718BCF9F72CBCA8
:105AE000F9F754BF00F044B9F9F746BFF9F736BFEC
:105AF00010B5837F8BB9034601F1180251F8044BAE
:105B0000914243F8044BF9D1012484772146F8F7F8
:105B100033FEF9F7EDFB204610BD0020FCE710B581
:105B200004460221F8F728FEF9F7E2FBA07FB0FA5D
:105B300080F0400910BD38B50446A37F03B938BDD5
:105B4000A37F032B02D0A37F042B0ED1EFF310858C
:105B500072B62046F9F72EF805B962B6A37F002B7E
:105B6000EDD046F68C20FAF7BDF8A37F012B02D1C9
:105B700048F20B70F7E700F046FBDEE7F8B50746A2
:105B8000F9F71CFC044618B94DF6C070FAF7AAF8EC
:105B9000F9F71AFCA46800252418384641F10006DC
:105BA00022463346F9F78EF8A04271EB060309D37B
:105BB000001B6FF0010361EB0601834275EB0101ED
:105BC00002D3F8BD2846FCE74FF0FF30F9E72DE996
:105BD000F04104460F46F9F7F1FB064618B944F2C6
:105BE0004D20FAF77FF88568002362195B4113B1F5
:105BF0000020BDE8F081F9F7E7FB2A18384641F1AB
:105C0000000314EB020843F10005F9F75BF8404587
:105C1000A941EDD3F9F790FE00F06BF8B3680120CD
:105C200037752344B360E4E7D0E900017047F9F722
:105C3000CBBB8068704708B5F9F7C0FB18B944F6CC
:105C4000A220FAF74FF8007D08BDF8B503690446B5
:105C50001BB143F6A820FAF745F8F9F76DFE0546A3
:105C60000E46F8F7E3FC70B36435D4E9003246F130
:105C70000001AB4272EB010001D22B460A46C4E997
:105C80000032EFF3108572B6F9F798FB064698B12B
:105C9000F9F79AFBB3680B332CBF012200221B18C3
:105CA000D4E9006042EB0101B34271EB00023CBF5A
:105CB00033460146C4E9003105B962B62046BDE865
:105CC000F840F9F775B8F8F7CFFC0746F9F78AFB03
:105CD000B84238BF3846963546F100024319D4E938
:105CE000000142F10002834272EB0105C7D2034674
:105CF000C4E7F8F75BBE032910B5044605D80129AF
:105D00000DD841F6E510F9F7EDFF0429F9D1F8F7C0
:105D100049FD20B12046F9F7C7F8022010BD002048
:105D2000FCE7C0E908122022002100F02BBB10B5CF
:105D3000037886B004461BB149F2B210F9F7D2FFDE
:105D40000593CDE90333D0E90423CDE9002343686B
:105D50000293037A68468DF81430FFF776FF01202E
:105D6000DDE90023C4E9042306B010BDF9F792BCB5
:105D700010B5029C241841F10001A01A61EB030147
:105D8000B0F1004F71F1000103DB4FF42750F9F738
:105D9000A9FF10BD08B500230B8581F82A300B6AD6
:105DA0000921984728B103781BB14BF6A910F9F7E0
:105DB00099FF08BD436A19444162A1F19600FFF7BB
:105DC0008BBEF8B5044618B94DF28260F9F78AFF28
:105DD00090F85850052900F2C780DFE801F00380F1
:105DE00043656F7990F82A30033B012B02D949F2C1
:105DF000D620EBE7052380F82A30002380F85930BD
:105E00000378EBB12378012B24D1F9F7D1FB636838
:105E100094F828606362C4E90601F6B9FFF764FEEE
:105E200031462046FFF7C6FF236A31462846984789
:105E300001462046F9F75EFE022840F09880F8BD42
:105E4000FFF748FE07460E46F9F7B2FB87428E4140
:105E5000F6D3D7E7D4E90401D9E72046BDE8F840F6
:105E6000F9F712BE90F82A30DA1E012A02D940F260
:105E70001C40ABE790F828202AB121462846BDE80F
:105E8000F840FFF787BF042B036A18BF012180F891
:105E90002A100521284698470028D0D00378002BE7
:105EA000CDD049F6487091E790F82A30052B02D002
:105EB00047F216708AE7036A0221B7E790F82A30A2
:105EC000052B02D042F2667080E7036A0121ADE73C
:105ED00090F82A30052BC0D04BF2926076E790F80C
:105EE0002A30052B07D090F829200AB1032B02D0C5
:105EF00045F65C706AE794F82820002ABDD194F832
:105F0000593083B102230821284684F8592084F8A7
:105F10002A30236A9847002891D00378002B8ED02E
:105F200046F26A1052E794F8292062B1214604F142
:105F3000300084F82930F9F7DBFA00287FF47FAFCE
:105F40004AF2525042E702230721284684F82A30B9
:105F5000236A984700283FF472AF0378002B3FF480
:105F60006EAF40F6764031E74BF279502EE70128CC
:105F7000236A0CBF0421032158E770B50024F9F708
:105F800073FE05462646E0B2854200D870BDF9F79B
:105F900071FE0134068580F82A60F4E7F8B50446FE
:105FA0000D460027F9F760FE0646F8B2864204D88F
:105FB000082D0CD96FF0150008E0F9F75BFE90F89A
:105FC0002A300137002BF0D04FF0FF30F8BD2CB154
:105FD00029462046BDE8F840F9F758BE214620463C
:105FE000F8E710B50446F9F745FE014688B190F888
:105FF00028308BB990F82A3073B1013B012B04D8BB
:106000002046FFF7C7FE002010BD012380F828308E
:10601000F9E76FF00100F7E76FF02200F4E770B5E1
:106020000D46F9F727FE044600284BD090F82A6069
:10603000731E012B4CD8002D47D02846F9F7F8FCE9
:10604000002842D02B7803BB012323702B796A7977
:10605000003B18BF0123002A14BF0422022243F090
:1060600004032272AA68A5326260EA68637203239D
:106070002261214604F1300084F82A30F9F738FA19
:1060800048BB42F2DE70F9F72DFE022E20D100232C
:1060900023702B796A79003B18BF0123002A18BFAF
:1060A000042643F004032672EA686372A532A968E5
:1060B0006260D4E906325B1842EBE172C4E9043253
:1060C0000423D6E76FF0010070BD6FF01500FBE709
:1060D0006FF02200F8E70020F6E7F9F7F1BFF8B516
:1060E000037904461BB14CF6CC00F9F7FBFD467969
:1060F000017126B901234371217909B96171F8BD94
:10610000276820462671B84702280546F4D10321A6
:106110002046B84710B143F27230E6E723682946BB
:10612000204698470028E7D049F20A00DDE70346F9
:10613000006800B970478842F9D102681A60704758
:1061400001F11003013813F8012D8B4200F8012FE3
:10615000F9D170472DE9F04713F0010F8EB00446D6
:106160000D4617469A46DDE9168924D006A8FFF7A2
:10617000E7FFA30735D002AA04F110052068083410
:1061800054F8041C1346AC4203C31A46F6D106ADBC
:1061900002AC1AF0020F4346CDF8009023D02946F6
:1061A00020460AAAF9F738FE0AA93846FFF7C8FFC1
:1061B0000EB0BDE8F08713F0040F0DD106AB0E460C
:1061C00001F1100C1D463068083656F8041C1A46BA
:1061D000664503C21346F6D1214602A8FFF7B0FF79
:1061E000D6E706ADD5E73A4629462046F9F714FE2C
:1061F000DEE713B50024CDE90044FFF7ABFF02B0A2
:1062000010BDF9F70FBF20BF704720BF7047914204
:10621000F8B503D348F2E610F9F764FDB2FA82F359
:106220003BB1C3F1200499409A4020FA04F498400D
:1062300021434FEA124C93B2040C87B2B1FBFCF538
:106240000CFB151E05FB03F64FEA0E4E0EEB10403D
:10625000864205D9361A964294BF01260226AD1B06
:1062600004EB0141280405FB1211B1FBFCF40CFB0B
:106270001411634307EB0147BB4205D9DB1B934273
:1062800094BF01230223E41A2043F8BD70B50446ED
:1062900015461E46FFF7BBFF049B00FB154430600C
:1062A0001C6070BD2DE9F0411D4607460C461646A0
:1062B00052EA050303D144F67260F9F713FD85B97C
:1062C000914204D2FFF7A3FF2946BDE8F0810846BA
:1062D0002946FFF79CFF05463246384606FB154126
:1062E000F0E7B5FA85F80123400803FA08F3C8F18E
:1062F0001F0840EAC470A3FB0212610803FB0522D9
:10630000FFF785FF30FA08F04FF0000102D00138A6
:1063100061EB010100FB05F3A0FB062C06FB01333A
:10632000BF1A634464EB0304B742AC41CDD30130E0
:1063300041F10001C9E762B1013910B5841810F8C4
:10634000012B11F8013FA04201D09A42F7D0D01A98
:1063500010BD10467047431A934200EB020310B57C
:1063600008D3013902469A420BD011F8014F02F8C6
:10637000014BF8E70A4412F8014D8A4203F8014D37
:10638000F9D110BDF0B5C9B20446A30726460ED117
:106390004FF0013522F003034D43E718BC420CD106
:1063A000334402F003021A44934209D1F0BD002A9B
:1063B000FCD0013A04F8011BE7E744F8045BEDE781
:1063C00003F8011BF0E7FFF7DDBF00280CBF6FF0FB
:1063D000150000207047002070470723037000203D
:1063E0007047002070470020704710F8012B11F80B
:1063F000013B012A28BF9A42F7D0D01A70470346C2
:1064000011F8012B03F8012B002AF9D1704703463C
:1064100013F8012B002AFBD1181A013870472DE917
:10642000F0478C468E46089E154604461946002BBA
:1064300040F0D080724547D9B2FA82F74FB1C7F128
:1064400020030EFA07FCBD40BC4020FA03F343EAE8
:106450000C0C4FEA154EA8B2230CBCFBFEF80EFB49
:1064600018CC08FB00F943EA0C43994528D9EB18EE
:1064700008F1FF3204D2994502D9A8F102022B4457
:10648000A3EB0903A4B2B3FBFEFC0EFB1C330CFB15
:1064900000F044EA0344A04214D92C190CF1FF3354
:1064A00004D2A04202D9ACF102032C44241A43EADC
:1064B00002401EB1FC40002334607360BDE8F087E9
:1064C0004246DDE76346F1E7002A79D0B2FA82F36B
:1064D000002B3FD01946C1F1200302FA01F500FA62
:1064E00001F42EFA03F20EFA01FE20FA03F3AFB222
:1064F00043EA0E034FEA154EB2FBFEFC0EFB1C20D6
:106500001A0C0CFB07F842EA004290455AD9AA1827
:106510000CF1FF3004D2904502D9ACF102002A44BC
:10652000A2EB08029BB2B2FBFEFC0EFB1C220CFB92
:1065300007F743EA02439F4246D9EB180CF1FF32BA
:1065400004D29F4202D9ACF102022B44DB1B42EA87
:10655000004202E0AEEB020301224FEA154EAFB259
:10656000200CB3FBFEFC0EFB1C330CFB07F840EACF
:10657000034398452AD9EB180CF1FF3004D2984513
:1065800002D9ACF102002B44A3EB0803A4B2B3FB85
:10659000FEFC0EFB1C330CFB07F744EA0344A74246
:1065A00016D92C190CF1FF3304D2A74202D9ACF151
:1065B00002032C44E41B43EA00400F46114678E7EF
:1065C0001F2188E76046ABE76246BFE76046DBE72E
:1065D0006346EFE7734506D916B9002108466DE713
:1065E000C6E9000EF9E7B3FA83F787B9734501D31B
:1065F000824207D8841A6EEB030301209C461EB921
:1066000000215BE73846FAE7C6E9004CF8E7C7F136
:10661000200CBB4000FA07F422FA0CF520FA0CF12A
:10662000BA401D432EFA0CF30EFA07FE4FEA154945
:1066300041EA0E011FFA85FEB3FBF9F809FB183099
:106640000B0C08FB0EFA43EA00439A4540D9EB18BD
:1066500008F1FF3004D29A4502D9A8F102002B4478
:10666000A3EB0A0389B2B3FBF9F809FB183308FB63
:106670000EFE41EA03418E452CD9691808F1FF331B
:1066800004D28E4502D9A8F10203294443EA00400E
:10669000A1EB0E01A0FB02984145CE46434602D332
:1066A00006D14C4504D20138B9EB020E68EB050364
:1066B000002EA5D0B4EB0E0261EB030101FA0CFC35
:1066C00022FA07F3F9404CEA0303C6E9003197E7E1
:1066D0004046C5E74346D9E708B5094BD3E8AF3F85
:1066E00043B1F7F7A9FF04A1D1E90001BDE80840D3
:1066F00013F01EBF08BD00BF389C1C000000000046
:10670000608900200000000013B500246FF0090329
:106710004FF4806212491348009417F081FD12492A
:10672000104821F0C7FA1149114817F03BFB2246E7
:1067300004211C2006F086FB01220E4BD3E8EF1F3C
:10674000C3E8E02F0028F9D103A1D1E9000113F03B
:10675000EFFE204602B010BD389C1C000000000077
:1067600030C10020507E00200A060400F5A402007B
:10677000C88900206089002070B4174E0C46B042D2
:10678000154608D00136B0420FD0023EB04210D0BC
:1067900070BC1BF03DBE0AA3D3E90023C5E900236A
:1067A0000E4B0020236070BC704707A3D3E9002381
:1067B000F4E707A3D3E90023F0E700BFAFF30080BD
:1067C00002C0FF7F0000000003C0FF7F0000000048
:1067D00001C0FF7F0000000002C0FF7F03004E8069
:1067E000024B19680A441A60704700BFEC81002010
:1067F0000B460221014A02481CF0F1BD04AC030023
:10680000689B03000321024A02481CF0EABD00BF56
:1068100030AC0300689B03000221024A02481CF0CE
:10682000E0BD00BF42AC0300689B03001FB500221F
:106830000B460392062B3AD8DFE803F035302B26BF
:10684000211A040040F201130622ADF80E301C4B51
:1068500003A91A701FF09EFF034600282CD0BDF834
:106860000C20012100921748174A1DF06DFD23E00E
:1068700040F202230522ADF80E30114BE8E7134B2E
:10688000042203930E4BE3E7114B032203930C4BBB
:10689000DEE7104B02220393094BD9E70E4B01228E
:1068A0000393074BD4E70D4B0393054BD0E702212D
:1068B0000B4A04481CF093FD05B05DF804FB00BFD3
:1068C000490C0020689B03006CAC030004002020EE
:1068D0000C0020201C0020203C0020207C002020D8
:1068E00054AC0300014817F085BB00BF50080020DE
:1068F00008B505480321054A1CF073FDBDE80840B2
:10690000034817F077BB00BF689B03009BAC0300F4
:106910004008002008B508460FF0D8FB014B18606E
:1069200008BD00BFE881002030B5134D89B003AC2D
:106930000FCD0FC42B680222236001240F4B104996
:10694000009403A808F07AF910F1780F034607D1F4
:106950000C4B1C700C4A03210C481CF042FD05E056
:1069600030B10B4A214609481CF039FD09B030BD51
:10697000044B1C70074AEEE7A09C0300B4A203007E
:10698000BCA20300A78E0020CEAC0300689B0300CE
:10699000E9AC03000EAD030010B51A4B1B7833B100
:1069A000194A032119481CF01CFD002409E01EF0BF
:1069B0005AF8044638B10346154A012113481CF021
:1069C0000EFD204610BD05F083FB2046114905F061
:1069D000FBFA044610B1104A0346EEE701460120D7
:1069E00005F0A8FB044610B10C4A0346E5E7012078
:1069F00005F010FD044610B1094A0346DDE7094AD7
:106A0000CFE700BFA68E00202FAD0300689B0300D8
:106A10005BAD03007CAD03008CAD0300B1AD0300A2
:106A2000D6AD0300F8AD0300044B1B782BB9044B23
:106A30001B7813B9034817F0DDBA7047A78E002002
:106A40009E900020F881002070B505460E4B86B060
:106A500001AA03F11006144618685968083303C4E4
:106A6000B3422246F7D11B7828462370074A084BC9
:106A700001A905F0C7F9034620B10121054A0648DE
:106A80001CF0ADFC06B070BDB49C030034080020BF
:106A9000A481002005AE0300689B030070B5154A71
:106AA000032115481CF09DFC144B1A7802BB0122EF
:106AB000134D1A702C68134A134B1146204613606D
:106AC0000CF0F4F9034660B10221104A0A481CF0A8
:106AD00086FC2B689C420BD12046BDE87040FFF736
:106AE000B3BF0321BDE87040094A03481CF077BCDE
:106AF00070BD00BF3DAE0300689B0300A58E002063
:106B0000E8810020A0810020A574010074AE03007C
:106B100091AE030000B50C4B8DB0186848B101A9C7
:106B200010F04AFA034638B10221084A08481CF01E
:106B300056FC0DB05DF804FB9DF80530002BF8D134
:106B4000FFF7ACFFF5E700BFE8810020B1AE03001E
:106B5000689B030003460221014A02481CF03FBC27
:106B6000D8AE0300689B030010B50C460321074A0A
:106B700007481CF036FC074816F09AFD24B1204661
:106B8000BDE81040FFF7E6BF10BD00BFEFAE030049
:106B9000689B03004C0E002010B5064A06480221EF
:106BA0001CF01FFCBDE8104040F21B6200230348AC
:106BB00017F036BDFAAE0300689B0300E8240020FE
:106BC000F0B583B02C4D04462B6800AF002B50D09D
:106BD0002A4B1B785BB9282813D10321284A29485E
:106BE0001CF0FFFB002528460C37BD46F0BD264BA8
:106BF0001B88834205D1254A032122481CF0EFFB64
:106C0000F0E7A300B3F5C87FB8BF4FF4C873204ABC
:106C10006E4610888CB0FB806A463C807C80B880D1
:106C20009BB21C494FF0640CCDE905147D216143F2
:106C3000B1FBFCF1CDE907100A2109934B430A93FC
:106C400007234FF463510F4842F8103F1CF0CDFB6F
:106C500039462868B5461FF0EEFD054630B10221E1
:106C600003460D4A07481CF0BAFBBCE70B4A234613
:106C7000C2E76FF07F05B6E7E8810020989000201A
:106C800023AF0300689B03002C0C002062AF0300BD
:106C90007C8E002090AF0300EAAF030012B0030027
:106CA0000120F8B5334B344C18700B78334D022B60
:106CB00000AF25D0202B2AD0834258D10321304A5F
:106CC00030481CF08EFB0623002223702E4B1A70D6
:106CD0002E4B1A785AB12278052A08D12C4A10680E
:106CE00028B12C4A117800221A70FFF79FFD2278F4
:106CF0002B789A4202BF0022274B1A70BD46F8BD7E
:106D00000321264A1F481CF06CFB0523DCE72B7887
:106D10001D4A042B22D82B786E46DBB22370002349
:106D20001370237888B0062BDAB298BF1C4B88B05A
:106D300094BF53F822301B4B6A461B491148CDE9DA
:106D400005134FF40073ADF81C30184B4FF4E651A7
:106D500042F8103F1CF049FBB546B9E70423107018
:106D600023700221124A07481CF03BFBB0E70321C5
:106D7000104AF8E79D9000204A0C0020490C0020A2
:106D800043B00300689B03009A9000209990002074
:106D9000E8810020480C00209C90002056B00300A1
:106DA00088A203003BB0030069B0030003000001A8
:106DB00079B00300B7B003002DE9F8434FF07D0828
:106DC00064254FF00A09434B434A1B88108808FB8F
:106DD00003F3424A0C4611886E4600AF8AB0B3FBFB
:106DE000F5F36A4609FB01F1DFF8F4C0CDE90701CC
:106DF000CDE905C305234FF4235142F8103F39482C
:106E00001CF0F3FAB5468EB06A4621886388B4F860
:106E100004C0E088DFF8D0E00B90CDE905E108FB85
:106E200001F1B1FBF5F1CDE9071308FB03F3B3FB67
:106E3000F5F3CDE9093C092309FB00F044F6C00154
:106E40000C9042F8103F27481CF0CFFA2388B54633
:106E5000052B618802D9B1F5C87F14D96C468AB078
:106E60006A462248CDE905030623CDE907314FF4F0
:106E7000C87109914FF442511A4842F8103F1CF072
:106E8000B4FAA54606E0A38843B10221184A154882
:106E90001CF0A5FA0020BD46BDE8F883E388B1EBFD
:106EA000830F4FEA830002DAB3F5486F0AD96C46C4
:106EB0008AB06A460F4D0993CDE90553CDE9070124
:106EC0000623D7E7074803210B4A1CF08AFA012062
:106ED000E1E700BF2C0C00207C8E00202A0C002053
:106EE000CCB00300689B030005B1030065B103004B
:106EF000A7B10300C0B1030007B20300B0B500AFF3
:106F00008AB06A460D888C884888CB880993062306
:106F10000649CDE90740CDE9051505484FF4435131
:106F200042F8103F1CF061FABD46B0BD2DB203001F
:106F3000689B030098B501240C4800AF01800C4801
:106F40008AB002800B4803800B480470CDE9072308
:106F50006A460523094C0A48CDE905414FF42351FF
:106F600042F8103F1CF041FABD4698BD2C0C0020A1
:106F70007C8E00202A0C00209890002064B2030030
:106F8000689B030008B5302019F0E0FB38B10023FE
:106F90008385011DBDE8084003481CF029BABDE8FF
:106FA0000840FFF7F9BD00BF3C90030070B50378BF
:106FB0008AB004460E4607AD032B20D8DFE803F065
:106FC00002191B1D11492846FFF719FA0595637828
:106FD0001E210493A37830460393E3780C4A02936E
:106FE0002379019363790093A3791BF017FF0AB00B
:106FF00070BD0849E7E70849E5E70849E3E70A21E2
:107000002846074A1BF00AFFE0E700BFA8B20300CA
:10701000CAB20300AFB20300B6B20300C0B20300AD
:10702000ECB703002DE9F04188B000AF0C460646EE
:107030001FF094FB3946FFF7B9FFE8468AB06A466D
:10704000079400241E4B4FF44351CDE905371D4BE7
:107050001D4808931D4B1E4D09931E4B42F8103FCF
:107060001CF0C3F91C4BC5461C7006231B4A136059
:107070001B4A13702B689E4219D11A4817F0D6FA92
:107080002822194B28681C70184B1C70184B1A804A
:107090004FF4C872174B1C80174B1A800FF040F842
:1070A000164B2C601B7833B9154816F0A3FF203718
:1070B000BD46BDE8F081134B1C70FFF7B5FCF6E749
:1070C000EDB20300B9110400689B03000002020442
:1070D000E8810020050000029E9000206408002046
:1070E0004A0C0020B8240020A58E00209890002093
:1070F0002C0C00207C8E00202A0C0020A68E002064
:1071000008820020A78E0020B0B588B0036800AFC9
:10711000394618681446FFF749FF8AB0094A0A4BF6
:10712000CDE905274FF40072ADF820206A46079498
:107130004FF41351054842F8103F1CF056F9203720
:10714000BD46B0BD10B3030004000001689B0300FE
:107150002DE9F0430C4695B000AF07F10408054651
:107160001FF0FCFA4146FFF721FF34B36E468AB0A8
:107170006A46474B0794CDE90538464B464C089381
:10718000464B4FF443510993454B464842F8103F54
:107190001CF02BF92368B5469D420AD128460EF013
:1071A000BFFF00232360404B1B7813B93F4816F004
:1071B00021FF5437BD46BDE8F08301263C4B3146E4
:1071C00020461E7012F006FB284607F124010FF03E
:1071D000F3FE044618B10346364A022136E097F81A
:1071E0002510354A354BE9468AB0002908BF1346B9
:1071F0006A460793324B33490893334BCDE9051860
:10720000284842F8103F4FF423511CF0EEF897F84D
:107210002530CD46012B1FD103212C4A21481CF0DB
:10722000E0F828460EF052FF294D1B4B18602B78D2
:10723000002BBED00028BCD0264C2088FFF7C0FC15
:10724000034638B9287023880321234A15481CF0C7
:10725000C6F8AEE7214AC0E72822214B21481C701E
:10726000214B1C70214B1A804FF4C872204B1C809C
:10727000204B1A80002341F66A0217F0D1F91DF065
:10728000F2FB0346002894D01B4A3146DEE700BFDC
:1072900050B30300B9110400E88100200002020489
:1072A00005000002689B0300A68E002008820020D3
:1072B0009E900020B1AE03003DB3030045B3030030
:1072C0000002010373B30300040000028BB3030048
:1072D00097900020280C0020BAB30300E8B3030005
:1072E000A58E0020B8240020989000202C0C0020AF
:1072F0007C8E00202A0C00201DB4030010B50B78F2
:10730000052B00F29480DFE803F003802C617246C5
:107310008B68002B00F08B804868002800F0878085
:10732000434A1368DBB1181F00231360414A1360FE
:1073300020F09CFD002200233F4816F02DF9002884
:1073400075D0828D011D3D481CF05BF800286ED081
:107350003B4A0221BDE810403A481CF042B80438CC
:10736000E6E74A68CB68108D034437489BB2138523
:107370000278002A5BD14A68134413F8013C0A2BB7
:1073800001D00D2B53D1012303702C48BDE81040D0
:1073900083685B69184700242B4B30201C7019F060
:1073A000D5F930B18485011DBDE8104023481CF09B
:1073B0001FB8264A234802211CF013F8BDE81040EC
:1073C00040F21B620023224817F02AB9302019F03E
:1073D000BDF9014648B10023838518482822BDE83D
:1073E0001040836804311B691847184AB1E74B689D
:1073F000191F1B8D23B1BDE81040164820F0CABBF1
:107400000846BDE8104020F031BD094B186808B9A6
:1074100048681860074A8B68116819441160028D2A
:10742000BDE81040521A014404481BF0EABF10BDE9
:107430009C81002098810020B00E00203C90030029
:107440003AB40300689B0300A48E0020FAAE030048
:10745000E82400209C0E002037B504460D460D4A56
:1074600003210D481BF0BDFF2946204605F032F8E8
:10747000284605F0E1F820461DF0D9FA0022002345
:107480000648CDE900230023054A18F0E5FF03B0C4
:1074900030BD00BF58B40300689B0300A80C002057
:1074A0006CDC020013B50B46044641BB0321174AAE
:1074B00017481BF096FF20461EF019FE03460321D5
:1074C000144A13481BF08BFF20461EF010FE124B8F
:1074D0001860124B1B689C4202D12046FFF7B4FA99
:1074E0000F4B204601A901931FF03EF9034620B13E
:1074F00001210C4A06481BF072FF02B010BD0221A8
:10750000094A03481BF06BFFE3E700BF74B40300B4
:10751000689B030086B4030060080020E881002017
:10752000FB009042B2B4030093B403002DE9F04F86
:1075300093B004AF4FF0FF324FF0FF33554816F0D1
:1075400035F9554B1B6820F03DFC4FF47A74A0FBD5
:10755000040547F61222002304FB0151F8F764FEEC
:107560000646002503214D4A4D481BF03AFFA84628
:10757000A9464C4A484B4C481C680388033C012CE4
:10758000B8BF01249BB2A1B2994288BF0488137886
:1075900088BFA4B2002BEDD04FF0000A1FF0E3FF2C
:1075A000424B83461989CDE901AA4148CDF800A094
:1075B000A3B2404A00680CF0FDF978601FF0D3FFD9
:1075C0007B68FBB1022100933B4A4B4634481CF0D8
:1075D000BBFED14620F0F6FB4FF47A7CA0FB0C0EEC
:1075E000002347F612220CFB01E1F8F71DFE831B76
:1075F000B3F57A7F8246BCD32D4B186880B900263C
:1076000030461CE0A0EB0B00962808F1010804D9D5
:107610004D4538BF4D469946DCE709F10109D9E7E8
:1076200007F10C010FF0C8FC0028E8D13E6A002EDB
:10763000E6D00023A8FB0601204AF8F7F5FD204B11
:107640001B7813BB1F4B1B78062BDAB21FD81E4BBF
:1076500053F82230EB468EB004AA1C49D562C2E929
:1076600005134FF4007300251386194BC2E9096016
:10767000C2E9078444F2C041094842F8103F1BF0B8
:10768000B4FE5646DD46A84673E7124BE2E7124BBE
:10769000E0E700BF3C0E002060080020E5B40300D6
:1076A000689B03009E9000202E0C0020A4810020E7
:1076B000E8810020A88E002006B5030040420F009C
:1076C0009A9000204A0C002088A203002AB50300EB
:1076D00008000001D2B403003BB00300014815F0DC
:1076E000E7BF00BF3C0E00207FB512F051F8034603
:1076F00020B10121694A6A481BF071FE00200EF09A
:1077000005F9044640B10346664A012164481BF06E
:1077100066FE002004B070BD634A032160481BF080
:1077200060FE6249624816F03DFB6249624816F00D
:10773000E7FD624815F0BCFF1CF014FF604E3046B8
:1077400020F0C5F940B901215E4A55481BF049FEB9
:107750006FF012035C4AD8E7302018F0F7FF0546B7
:1077600050B3848559495A4816F0CAFDB3681B685E
:107770002BB3224630465749984703460028E9D1A3
:107780003046291D1BF034FE03460028E2D1524B3F
:1077900001AC0193514B03902146514802931DF0D7
:1077A000A3F9054670B1012103464E4A3C481BF03F
:1077B00016FE4D4A2B46A8E76FF00B03CAE76FF0A1
:1077C0005703C7E70321494A35481BF00AFE4848DA
:1077D00004F04EFE034608B1464A96E701250190A3
:1077E000C4E9010020468DF8085004F0DBFD424852
:1077F00004F0DAFB4149424816F0D4FA0321414A29
:1078000027481BF0EEFD20468DF804501DF048F986
:10781000034620B102213C4A21481BF0E0FDFFF75E
:10782000BBF8054600287FF474AF0321374A1C4893
:107830001BF0D7FD302018F089FF0446A0B90121C4
:10784000334A17481BF0CDFD324C237803F0FF007C
:1078500023B9013505F0010111F0BCFF002147F605
:10786000122017F0FFFEF0E703262B4B011D1A88AC
:107870009B788280868532468B7011481BF0C1FD53
:10788000034640B10121254A05481BF0A8FD2046CA
:1078900020F0ECFAD8E7224A3146D2E787B5030058
:1078A000689B0300A2B50300C1B50300296901006C
:1078B000F8810020156B0100B82400201C0E002068
:1078C0003C900300D7B50300EDB50300856F0100C0
:1078D000E8240020FD72010041790100696B01007C
:1078E000A481002007B6030031B6030051B603009F
:1078F000280800206FB6030020080020E7330300AB
:10790000088200208BB60300A3B60300D0B60300A4
:10791000F8B603009E900020991D04001FB70300D5
:107920004CB7030010B5054C0220217811F052FF2E
:10793000237883F00103237010BD00BF4B0C00209F
:10794000F0B583B015465C4A0C46136802AF2B4471
:10795000136003212B46594A59481BF040FD032D63
:1079600023782CD96E468AB08AB094F801C0A078EA
:10797000E17802AADFF84CE15162C2E905E306238F
:107980004FF44351C2E907C042F8103F4C481BF086
:107990002CFDB5462378242B40F088806378532B48
:1079A00032D16388484A5BBA9BB213600321474ACD
:1079B00043481BF014FD01200437BD46F0BD11D132
:1079C0006E468AB08AB06078A17802AADFF800C15A
:1079D000C2E90701C2E905C305234FF4235142F868
:1079E000103FD3E7022D07D162780321009234487B
:1079F000384A1CF0A9FCCDE7012DCBD10321364A32
:107A00002F481BF0ECFCC5E74C2B02D1FFF78AFF97
:107A1000D1E7502B4AD1022D48D9A4786D46062CC7
:107A200098BF2E4B8AB08AB094BF53F824302C4BA9
:107A300002AA2C49D461C2E905134FF400731384E0
:107A4000294B4FF4135142F8103F1D481BF0CDFC59
:107A5000AD46264D264A2B78A34208BF11781078F0
:107A600014BF002181F0010100F0FF0320B1214B80
:107A70001B78181B434243411F48006800289AD0D6
:107A80000B4398D12B78042B0CD8042C0AD82B78D4
:107A9000A34207D0174B05211C7001231370FEF77A
:107AA000C5FE88E7002321461370F8E70221134A38
:107AB00003481BF096FC7EE7EC8100206BB70300C7
:107AC000689B0300A1B7030060080020F3B7030020
:107AD000BDB70300D4B70300E6B7030088A20300D4
:107AE0003BB003000DB80300040000014A0C002065
:107AF00099900020480C0020E881002039B803004C
:107B000044F6244307B5ADF804300B4B186850B168
:107B1000022201A904F0B8FC034638B10221074A49
:107B200007481BF05CFC03B05DF804FB0321054A29
:107B300003481BF056FCF6E7E88100205BB8030021
:107B4000689B030080B8030013B50E4B0446186809
:107B500090B145F224330422ADF804300DEB02015C
:107B600063BAADF8063004F08FFC034630B1022151
:107B7000054A06481BF033FC02B010BD0321234622
:107B8000034AF6E7E881002093B80300689B0300EE
:107B9000B9B80300B0B582B01A4B0446186800AFFC
:107BA00080B1194B03221C7045F22403391DBB80A0
:107BB000BC7104F069FC034638B10221134A144831
:107BC0001BF00DFC0837BD46B0BD062C98BF114B0D
:107BD0006D468AB06A4694BF53F824300E4B0F4965
:107BE0000794CDE905134FF40073ADF820300C4B2A
:107BF0004FF41351064842F8103F1BF0F6FBAD4618
:107C0000E0E700BFE8810020490C0020E2B8030053
:107C1000689B030088A203003BB0030006B9030081
:107C20000400000184B02DE9F04F8DB002AF07F1E0
:107C3000500484E80F00A64B6D461B688AB0BB60F9
:107C400002AAB7F87C30A34907F15404C2E905132E
:107C500040F201331384A04BD4614FF4135142F826
:107C6000103F9E481BF0C1FB01229D4BAD461A7090
:107C70001CF0F9FE034638B110F1780F04D0022150
:107C8000984A96481BF0ABFBFEF7CEFE0422204636
:107C9000954921F048F838B9FFF744FE2C37BD4626
:107CA000BDE8F04F04B07047032220468F4921F011
:107CB0003AF810B9FFF724FFF0E7062220468C4976
:107CC00021F031F840B901228A4B1A708A4A032107
:107CD00082481BF086FBE1E708222046874921F015
:107CE00022F818B9834B1870854AF0E72046022223
:107CF000844921F018F80446002840F0DD808249CC
:107D000007F1200207F1560021F066F826460146E9
:107D1000A346A146A046A246C7E90344C7E90544D5
:107D2000FC61002944D00846024610F8015B202D72
:107D3000FAD0092DF8D0002D00F0BE805278002A2C
:107D400000F0BA80102207F1240178601BF090F84F
:107D50007A6A7B68934200F0AF80643D0C2D00F29C
:107D6000AB80DFE805F007A916A9A91BA9A9A920DE
:107D7000A9A9120001238346FB616349002007F192
:107D8000200221F029F80146CBE701230646BB611A
:107D9000F3E701231FFA80FA7B61EEE701231FFA64
:107DA00080F83B61E9E701231FFA80F9FB60E4E713
:107DB000FB697960002B7FD0BB69002B7CD07B698D
:107DC000002B79D03B69002B76D0FB68002B73D059
:107DD0001FFA8BF50A2D28BF0A25B8F5C87F28BFE2
:107DE0004FF4C87840F2EF13B8F1060F38BF4FF0E8
:107DF0000608994528BF9946444BB9F1170F38BF7B
:107E00004FF01709BAF1010F1D6038BF4FF0010A9A
:107E100041F6856200233E48CDE9002318F01CFBA3
:107E200079683C4A084646FA00F303F0010313540C
:107E300001300728F7D1264B1968515C19B9115D3B
:107E400000293CD01C601A68B968DFF8CCB08A42BF
:107E500006D0DBF800201AB11868C0B2FFF79AFE0E
:107E600000222E4B48461A60FFF76EFE2C4B6C46E4
:107E70008CB0A3F8009002AA2A4BC2E9076AC2E9B3
:107E800005350723C2E909894FF4635142F8103FD1
:107E900012481BF0AAFADBF80030A5469BB9012274
:107EA000214BA3F80080214B1A7003214346204A3E
:107EB0000A481BF094FAF1E602211E4A08E7013451
:107EC000072CBCD1BFE74046FEF77AFEE6E600BFCE
:107ED000640800202CB9030004000001689B030023
:107EE000A68E002048B9030065B903006AB90300F3
:107EF00073B903009B9000206FB903007EB90300A3
:107F00007AB9030087B903008AB90300F081002021
:107F1000E00C0020410C0020E8810020EC810020D2
:107F20002E0C0020A1B90300280C002097900020FF
:107F3000D2B903008CB903002DE9F04395B04FF09E
:107F4000FF324FF0FF33264808AF15F02FFC3022E8
:107F50000021384620F0C8FE4FF000094FF0FF33F3
:107F60004FF0FF321F4815F017FBBDF84C40838DD2
:107F7000C4F128049C42064628BF1C464FF0000866
:107F80001CB930461FF072FFE8E7BDF84C0008F15D
:107F90000401043022463144384420F07FFEBDF80D
:107FA0004C30A04423446C469BB2ADF84C30503367
:107FB0006B4403F82C9C0CAD0FCD0FC495E80F005B
:107FC00084E80F0097E80F00FFF72CFEB48DADF8A2
:107FD0004C90A4EB0804282C28BF2824D0E700BF2D
:107FE0001C0E00209C0E002070B50D460646302069
:107FF00018F0ACFB0422FF236DBA03718285467131
:10800000C5808118044608481BF0FBF9034648B1B7
:1080100006480121064A1BF0E2F92046BDE87040FF
:108020001FF024BF70BD00BF3C900300689B03009D
:108030000ABA03002DE9F04383B0674B674C02AFE7
:1080400026681A68511C196065490968B2EB810FEE
:108050002ADB644A127802F0FF012ABB196007216B
:1080600023686148013393FBF1F2C2EBC2029B1A11
:1080700023602368C35C4BB12368062B00F2998010
:10808000DFE803F09593918F8D8B0D00236801330A
:1080900093FBF1F2C2EBC2029B1A2360E9E7534A59
:1080A000032153481BF09DF92368524DB34203D17D
:1080B0002A7823689A427ED0F6B2062E96BF4E4B9F
:1080C0004E4953F8261023686E46DBB2062B98BF44
:1080D000494A8AB094BF52F82330484B02AAD36170
:1080E000474B48481362484BC2E905014FF42351FE
:1080F0003F4842F8103F1BF078F92068B546C0B2FF
:10810000FFF748FD4FF001094FF0FF324FF0FF330A
:108110003E4815F04BFB00223D4B1C681A603B4863
:1081200015F0C6FA4FF47A736401B4FBF3F4394ED8
:108130002978394A96F800C0384BE8468AB0BCF135
:10814000000F18BF1346C9B2A0B202AAC2E90703C2
:1081500040F20243DFF8C8C09384324BC2E905C144
:10816000234842F8103F4FF433511BF03EF9337867
:10817000C546DFF8B4800BBB98F80030F3B9287817
:10818000A1B2FFF731FFB9F1000F02D0012388F847
:1081900000300437BD46BDE8F083244A80E7244A16
:1081A0007EE7244A7CE7244A7AE7244A78E7244A8F
:1081B00076E7244A74E74FF00009A5E7337898F88A
:1081C0000020DBB2D2B20321009209481E4A1CF003
:1081D000BBF800233370D6E7F48100206408002048
:1081E000F08100209B900020410C002027BA030062
:1081F000689B03004A0C002088A203003BB00300E8
:108200000002010321BB0300040000026C0E0020E9
:10821000EC8100209D9000201DBA0300B9110400DC
:1082200040BB0300050000019C90002046BA0300FB
:1082300065BA030083BA0300A1BA0300BFBA030002
:10824000DDBA0300FCBA030058BB03002DE9F0417E
:1082500010F0030407464FD121F00306DFF8B4E025
:10826000DFF8B4802D4A8D0800EB060C60451CD168
:108270006FF0030303FB0515B81900230544A8425A
:1082800042D124484C405843234B4FEA7040584356
:10829000234B604080EA10405843224B80EA503024
:1082A000584380EA1040BDE8F08150F8043B0EFBD3
:1082B00003F34FEA734308FB03F363404FEAF343CE
:1082C00003EB83039C18D1E71B68043D7B434FEA13
:1082D00073430CFB03F363404FEAF34303EB830365
:1082E0009C18032DA6EB0503EED86FF003028B0854
:1082F0005343CD18C01AC0E70D460024054FDFF8E0
:1083000018C0064A4618ECE710F8012B42EA03238E
:10831000B5E700BF512D9ECC9335871B646B54E6A7
:108320006BCAEB8535AEB2C22DE9F84F04461BF09F
:1083300070F8B0FA80F0C0F11F0004EB8006D6F8A8
:108340001090CD0005F1040A0B4606358FB2B9F145
:10835000000F0AD10121E26881400A43E2603361E3
:1083600024F80A706753BDE8F88F4FEAC90604364F
:1083700034F806B04FEACB0808F1060834F80830A4
:1083800099450CD001210A4A0A481BF0CAFF002374
:1083900083F31188BFF36F8F0423184602DF24F89C
:1083A0000AB024F8059024F80870A753DBE700BF53
:1083B000CDBB0300C89B030010B500EBC1035B8875
:1083C0000446DB070A460ED41BF028F834F8303098
:1083D000C01A814207D134F831102046511A1BF0DF
:1083E0001DF882420CD00121064A07481BF099FF74
:1083F000002383F31188BFF36F8F0423184602DF35
:1084000010BD00BFF1BB0300C89B03002DE9F8437A
:1084100000EBC103DF880446B94202F104080BD126
:10842000012303FA02F2C36823EA0203C3600023B4
:1084300040F82830BDE8F883B3F80490FD004FEA17
:10844000C9060636835B0435994202D1435B9942E3
:108450000CD00121084A09481BF063FF002383F375
:108460001188BFF36F8F0423184602DF44F8287089
:10847000A75324F80590DDE7CDBB0300C89B03009C
:108480002DE9F84F8A4600AF002900F09A80046871
:108490000E1F361BF50826F0070604EB0608B8F891
:1084A00002B01BF0010B16D1E94688B06A46464B74
:1084B000CDE90531032342F8103F4FF4C2515B462A
:1084C000424802F0F1FACD468BF31188BFF36F8F6B
:1084D0000423184602DF294620461AF09FFF34F88D
:1084E0003030C01A854217D0E94688B06A46384B0A
:1084F000CDE9053A032342F8103F00234FF4C2515F
:10850000324802F0D1FA0023CD4683F31188BFF33D
:108510006F8F0423184602DFA15B2046691A1AF008
:108520007DFFA84217D0E94688B06A46294BCDE9BD
:10853000053A032342F8103F00234FF4C251234869
:1085400002F0B2FA0023CD4683F31188BFF36F8F98
:108550000423184602DFB8F80230294623F001034D
:10856000A8F8023020461AF059FF04EBC0035B88DC
:108570008046DA070CD401462046FFF71DFF41462E
:1085800020461AF050FF4246294620461AF097FF2F
:10859000A65BAE1B04EBC6035B88DB070DD431463C
:1085A0002046FFF709FF314620461AF03CFF2A46D5
:1085B000314620461AF083FF354629462046FFF70C
:1085C000B3FEBD46BDE8F88F8ABC0300C89B03001C
:1085D0003ABC030063BC0300B2F5802F2DE9F843D9
:1085E0000ED33E494FF437733D4A3E481BF030F8F6
:1085F0003D481BF02DF84FF4377139481BF01FF838
:10860000042A0CD8394940F2E323354A35481BF097
:108610001FF837481BF01CF840F2E321EDE7043A5D
:10862000CD1D114425F0070521F00706A6EB05082E
:10863000B8F1170F4FEAD8070CD82E494FF43B7307
:10864000274A28481BF004F829481BF001F84FF48A
:108650003B71D2E7B7FA87F44FF00009C4F120026A
:10866000C4F12404A4000734E408631CBB42056081
:10867000AF60C5F80C900CD91F4940F20233184A7C
:1086800018481AF0E5FF1A481AF0E2FF40F20231EA
:10869000B3E74946920005F1100020F025FBA2B295
:1086A000530043F001036B803B1B9BB205EBC401FD
:1086B0005800A5F80090488025F83420A6F80290CC
:1086C00025F8083005EBC7035A88214642F001021D
:1086D0005A802846BDE8F843FFF726BE27BD0300B1
:1086E000AFBC0300EDBC03003DBD030054BD03005F
:1086F00075BD03008EBD0300B7BD03002DE9F04F2B
:1087000091B0009302F004030293C2F3C203013359
:10871000840705460E46DDF868A00392059340F0F5
:10872000C781041D002837D101F00706341DC6F1AA
:108730000806009B4FF0000804275A1E4FF0FF3335
:10874000C1460193C3463B46CDF810800DB1009958
:1087500021600598002800F3C08094480099814268
:1087600003D393488142C0F0B8800399601B11F095
:10877000020C40F0CB80B9F10F0F40F2CA808D4956
:1087800040F281238C4A8D481AF062FF8C481AF01F
:108790005FFF40F28121B6E00729CAD86FF01B00C5
:1087A00011B0BDE8F08F7A285AD84B280FD8472847
:1087B00056D829282DD825284FD051D8202818BF81
:1087C00023280CBF4FF0010B4FF0000B6EE04C382C
:1087D0002E2845D8DFE800F06A4444444444444429
:1087E0004444444447444444444444444454444733
:1087F000475454546A4768446A4418471844447CB0
:108800007A47444447447A0000204FF0000B042785
:1088100034E001212A38C0B201FA00F010EA0E0F4C
:1088200044D110F0625C2BD110EA010B3ED06046BF
:10883000013C3C44B4FBF7F47C4325B1A3EB050CAD
:10884000A444B445AAD8002800F0978005990139BE
:1088500005915AF8041B009178E7019901390191BB
:108860004FF0000B22E012F8010C6C2832D10020EE
:1088700012F8023C83466C2BC9D108273B46D7E748
:108880000AF1070A2AF0070A073424F00704FAE875
:1088900002BC35B106982044B0423FF67FAFC4E930
:1088A00000BC4FF0000B083408273B4612F8010FBC
:1088B000002800F08980BBF1000F7FF474AF2528F9
:1088C000F4D14FF0010B019B013301930427ECE736
:1088D00058469AE700208346AAE7039988072FD5D0
:1088E0004FF0010C601BB0F5007FFFF444AF31493D
:1088F0004FF41F73304A31481AF0AAFE31481AF07B
:10890000A7FE4FF41F712C481AF099FE4FF0000C8F
:10891000E9E705B309F140010DEB010E0199C0F340
:1089200087000EF8200C0EF8101CBCF1000F0ED0C2
:1089300060F07F000EF8200C08F1010809F1010930
:10894000C5F108014FF6DA7E04340691AEE70498CB
:1089500001300490F2E7BCF1000F01D00136EDE7E1
:10896000029802360028E9D10098CDE90632FDF7D9
:108970004EFDDDE906320644E0E7042B08D10AF19A
:10898000040015B1DAF800102160824604348DE746
:108990000AF1070323F0070303F1080A1DB1D3E925
:1089A0000001C4E90001082308347FE7A48E030016
:1089B000001F04007F0F0400EABD0300EDBC0300AC
:1089C00039BE030018BE0300631BB3F5806F0CD3E0
:1089D000394940F2D223394A39481AF039FE394828
:1089E0001AF036FE40F2D2218DE71DB9A6F1080437
:1089F000E018D5E6029A9B0828602B709DF810308D
:108A0000BAB1EB7085F80280B8F1000F05D00022F2
:108A100008A8C5F1010791450DD14FF0000AC5F135
:108A2000010308AF01930DF1300BD14512D1601B4A
:108A3000B6E66B70E6E710F8013B190608D507EBC0
:108A4000040CB44503F07F033FF6A8AE04F8013BE5
:108A50000132E0E7B8F1000F03D097F90020002AB7
:108A600016DB029BC3B11AF80B2004F8012B00227D
:108A7000019B18191044B0423FF690AE3878009927
:108A800004F8010B2046039220F008F9039A1444DD
:108A90000AF1010A0137C8E73A7855F82230009305
:108AA000029B009845F82230FDF7B1FC421CDFE73D
:108AB0006FF00D0074E600BF7F0F0400EABD0300F5
:108AC000EDBC030053BE03002DE9F04F95B000AF9D
:108AD0008A460546C7E9083258B99A4940F299339F
:108AE000994A9A481AF0B4FD40F2993196481AF022
:108AF000A6FD49B903784678807800EB83002844C6
:108B0000564521D8A0EB050ABB6F95F8028003F00B
:108B10000103BC6F3B61EB78B8F1000F0CBF002480
:108B200004F00104FB6113B1BB6F9A0715D4A4B91B
:108B30007B6A1BB1514628463A6A984756463046EA
:108B40005437BD46BDE8F08F441C2046FDF75FFC5E
:108B5000013020440AF1010AD2E7BB6FC3F3C0031E
:108B60007B612B78FB609B007B606B68BB60FB6864
:108B700005EB830B7B6A002B71D15646D844ACB110
:108B80001C461BF8013B55F82300FDF740FCFB6F2A
:108B900001303BB1D7F88030A34282BFFB6F23F88E
:108BA00014000134C3450644EBD1D846BB6F4FF0E7
:108BB000000913F0050F0CBF4FF0020B4FF0010B33
:108BC000FB699945BBD298F8013008F1020855F8C5
:108BD00023A05F4B9A45C0F080815E4B7A699A452D
:108BE0002CBF002301230AB318F8021CB8687B626B
:108BF0001AF0F7FC7B6AC8B1EA468AB06A46564B5F
:108C00000593BB68CDE906314FF40073ADF8203011
:108C1000524B42F8103F00234FF41251504801F0DC
:108C200043FFD546023E09F10109C9E723B13B697B
:108C30002BB9A6EB0B06F6E7BB6F9B07F3D55046A7
:108C4000FDF7E5FBFB6F43B1D7F880309C423FBF97
:108C5000FA6F431C22F8143001340644E3E7002C79
:108C600065D1B8F1000F68D0BB6F580768D5C14611
:108C700007F140004246594620F010F80BEB08037C
:108C8000BB610023334AF9698B426BD3BA6F95F805
:108C900001B03969920704EB0B0348BF0022DBB235
:108CA00058BF4FEA5902002940F0E180B96F11F036
:108CB000040F14BF494600216B70A970EA70284662
:108CC0003A6A79687B6A9847061EFFF638AFFB68F8
:108CD00049462B70FB693A6AEB7085F801B07B6AF4
:108CE00085F8028007F140009847B0F10009C0F212
:108CF000F0807B68FA69B86903EB420141443A6A43
:108D00007B6AAAEB010198470028C0F2E4804FF08B
:108D1000000BB14409EB000607F1300AA345C0F08F
:108D2000A88000213A6A08467B6A984707E74446CC
:108D30004FF0000907F130009CE74446C1469DE72B
:108D4000A1469BE76ABE0300EABD0300EDBC030039
:108D5000A48E0300001F040085BE03000400000170
:108D6000289B0300B869DFF88CC110F8021B10F8CB
:108D7000016CB86155F826006045C0F0B48090429F
:108D800078692CBF4FF0000B4FF0010B30B1B86881
:108D90003B601AF026FC3B68574A60BBBBF1000FF2
:108DA0002BD0396959B10F2C36D9544940F243437D
:108DB000534A54481AF04CFC40F2434196E6B96FCE
:108DC000490718D5B9F10F0F09D94F4940F2464369
:108DD0004B4A4C481AF03CFC40F2464186E609F109
:108DE000280007F1280C09F1010100EB0C0909F832
:108DF000106C5FFA81F9013345E7B86F800715D52C
:108E00000F2C09D93D4940F24D433D4A3D481AF0E7
:108E10001FFC40F24D4169E6611C04F1280007F196
:108E20002804041904F8206CCCB2E4E7B9F10F0F60
:108E300009D935494FF48A63314A32481AF008FC9F
:108E40004FF48A6152E609F1280C07F1280EF44428
:108E500009F101000CF8101C07F1500109F1020999
:108E600051FA80F05FFA89F900F8106CC3E700212D
:108E700022E71BF80A3055F8239087F82F30FB6F54
:108E800023B3D7F880309B4520D2FB6F33F81B808B
:108E900001213A6A7B6A07F12F00984700281ADB04
:108EA0000644B8F1000F06D14846FDF7B0FA00F1CC
:108EB00001081FFA88F8414648463A6A7B6A984793
:108EC000002808DB06440BF1010B27E74FF00008F0
:108ED000DEE74E4633E6064631E67B69002B3FF47B
:108EE000ABAE002380E67869002886D04FF0000BF7
:108EF0004DE700BFA48E0300001F040028BF03003D
:108F0000EABD0300EDBC030047BF0300014B18603E
:108F1000704700BF6808002080B505460E4617461A
:108F2000984616F02DFC034604F09EF8DFF83C90BE
:108F3000044649F80030424639463046A8470C4BB3
:108F40001B7873B90B4940F246330B4A0B481AF0B1
:108F50007FFB0B481AF07CFB40F2463106481AF0C2
:108F60006EFB54F8090004F017F800BF0800000079
:108F700068960020A3BF030078BF0300EDBC030088
:108F8000B6BF030038B50D460446202200211FF06D
:108F9000ABFE0022EB68E361AB68A3612B68236240
:108FA0006B68A26263622A6923B1591E194208BF25
:108FB00042F0010222610122002104F12C001EF086
:108FC00002FE48B1054906482F23064A1AF040FB25
:108FD0002F2104481AF033FB38BD00BFFEBF030049
:108FE000EDBC0300D8BF03002DE9F04F002789B086
:108FF000CDE90123436A04468B428846BA46059769
:10900000079754D300F11406EFF31185402383F33F
:109010001288BFF36F8F3046A94616F09BFE58B9F1
:1090200084234D4A4D494E481AF012FB31464D48B3
:109030001AF00EFB842163E0304616F0AFFE079A6B
:109040002AB1394620461AF0E9FB0023079306A906
:1090500020461AF00AFB06998346414530D3226820
:10906000236A204613F8221003EB820A21F0030141
:1090700003F82210216842461AF01BFBE3682060C7
:10908000984218D04FF0000B304616F071FE50B3E6
:1090900089F31188BFF36F8F059929B1A2690AB1CD
:1090A0002046904700230593BBF1000FACD15046FA
:1090B00009B0BDE8F08F236943F008032361E1E7BD
:1090C00018B120461AF00FFBDEE7DDE90132134349
:1090D00039D003911EF0E8FD0399A0BB9DBB30463B
:1090E00016F046FE78B94FF499731B4A1E491C4886
:1090F0001AF0AEFA31461D481AF0AAFA4FF49971E7
:1091000015481AF09CFA85F31188BFF36F8F04F1AC
:109110002C00DDE9012314F049FB8346EFF31189AC
:10912000402383F31288BFF36F8F304616F012FE90
:1091300000283FF475AFBBFA8BFB304616F02EFECD
:109140004FEA5B1BA0E7204607AB05AA27681AF089
:10915000E9FA834698E700BF07C0030034C0030064
:10916000EDBC030049C003005FC0030076C00300EC
:109170002DE9F0410446C36908460E46984704F1BC
:1091800014050746EFF31188402383F31288BFF3D9
:109190006F8F284616F0DEFD68B984231A4A1B49F2
:1091A0001B481AF055FA29461A481AF051FA842138
:1091B00015481AF044FA284616F0F0FD33783A467E
:1091C00043F001033370616820461AF072FA606060
:1091D00020461AF03EFB284616F0CAFD68B94FF447
:1091E0009973094A0C490A481AF032FA29460B4881
:1091F0001AF02EFA4FF49971DAE788F31188BFF369
:109200006F8FBDE8F08100BF07C0030034C00300CA
:10921000EDBC030049C003005FC0030076C003003B
:109220002DE9F0470446002700F11406EFF31188FA
:10923000402383F31288BFF36F8F304616F08AFD08
:10924000054668B98423394A39493A481AF000FA80
:10925000314639481AF0FCF9842134481AF0EFF904
:10926000304616F09BFD2369A168180702D4636895
:109270008B4200D2636A5B1A002B41D0206A10F83F
:10928000213000EB810913F003023CD0022A04D103
:1092900050F821205FEA920A05D1DA0720D4484627
:1092A000E36998478246A168524620461AF001FABF
:1092B0005146A06020461AF00AFA2F46304616F0B2
:1092C00057FD10BB4FF49973184A1C4919481AF0FE
:1092D000BFF931461A481AF0BBF94FF49971BCE74F
:1092E00043F0020300F82130E3694846A568984737
:1092F0002946024620461AF0DCF90025A060DDE789
:109300001D46A946DAE71546FBE788F31188BFF347
:109310006F8F002D8AD137B1B9F1000F03D104F15D
:109320002C0014F0C5F94846BDE8F08707C00300DB
:1093300034C00300EDBC030049C003005FC003005C
:1093400076C003002DE9F0410446C36908460D4686
:10935000984704F114060746EFF31188402383F37E
:109360001288BFF36F8F304616F0F4FC68B984237F
:10937000274A284928481AF06BF9314627481AF03D
:1093800067F9842122481AF05AF9304616F006FD92
:109390002B7823F001032B7023699B0705D5E26826
:1093A000236A03EB82039D4222D12B7823F0020330
:1093B0002B70D4E90231994204D13A4620461AF082
:1093C00078F9A060394620461AF081F9304616F047
:1093D000CFFC90B94FF499730D4A11490E481AF019
:1093E00037F931460F481AF033F94FF49971C9E74C
:1093F0002B6867F39F032B60E8E788F31188BFF3BE
:109400006F8F04F12C00BDE8F04114F051B900BF9A
:1094100007C0030034C00300EDBC030049C00300D3
:109420005FC0030076C0030070B5044600F1140568
:10943000EFF31186402383F31288BFF36F8F284622
:1094400016F088FC68B984231A4A1B491B481AF095
:10945000FFF829461A481AF0FBF8842115481AF03B
:10946000EEF8284616F09AFC2369A0681B0702D480
:109470006368834213D2646A241A284616F078FC83
:1094800078B94FF499730B4A0E490C481AF0E0F87A
:1094900029460D481AF0DCF84FF49971DEE71C1AE2
:1094A000EBE786F31188BFF36F8F201E18BF0120F2
:1094B00070BD00BF07C0030034C00300EDBC030053
:1094C00049C003005FC0030076C003002DE9F84FD8
:1094D0000546AB8B08461907904616D501280CBFE8
:1094E00043F0100343F02003AB831435284616F0F5
:1094F0003FFC002840F0B181AE494FF49973AE4A69
:10950000AE481AF0A5F829469DE0022803F00701AD
:1095100040F07D8128461AF01AFA052800F2FA80F8
:1095200001A353F820F000BFEB9401000F98010055
:1095300015970100B995010053960100B3960100FB
:1095400002F00702531F012B1AD80023062A2E68A7
:10955000A4B2C5E9003309D1334603E0EA8B0132F6
:10956000EA831B68002BF9D144F002042846AC833F
:109570001AF0EDF9002800F05A8144F0200455E17A
:10958000042A0DD1A4B22846AC831AF0E0F90646AD
:10959000002800F04C8144F020040026AC8346E112
:1095A000874940F21B13874A84481AF051F840F269
:1095B0001B1184481AF043F849B183494FF4AB7347
:1095C000804A7E481AF044F84FF4AB71F1E72B68FB
:1095D0004BB97E4940F257137A4A78481AF038F866
:1095E00040F25711E5E72B691F684FB978494FF4EE
:1095F000AD73744A71481AF02BF84FF4AD71D8E787
:109600000E468A464FF00609AC8B24F0070444F05E
:109610000604A4B2AC83AB68002B00F00F814FF0BE
:10962000010B44F00804AC8305F11404204616F045
:109630009FFB002878D15F494FF499735E4A5F48D9
:109640001AF006F8214663481AF002F84FF49971AF
:109650008EE0022909D0604940F25D13594A57480B
:1096600019F0F6FF40F25D11A3E7EE8B4EB15B49B6
:109670004FF4AF73534A514819F0EAFF4FF4AF71FA
:1096800097E72B695F684FB9514940F261134D4A22
:109690004A4819F0DDFF40F261118AE7AC8BB2460F
:1096A00024F0070444F00404A4B24FF00409AC838E
:1096B000B1E7012909D04A494FF4B273414A3F4802
:1096C00019F0C6FF4FF4B27173E72B684BB93F49ED
:1096D00040F265133B4A394819F0BAFF40F2651170
:1096E00067E72B699F684FB939494FF4B473354A1E
:1096F000324819F0ADFF4FF4B4715AE70026AC8B35
:10970000B24624F0070444F00504A4B24FF0050962
:10971000AC8380E72A4940F26B132A4A274819F0A4
:1097200097FF40F26B1144E788F31188BFF36F8F06
:10973000BBF1000F1ED1002E33D117B128462949A5
:10974000B847EFF31188402383F31288BFF36F8F7C
:10975000204616F0FFFA00284AD18423164A2249EF
:10976000164819F075FF2146204819F071FF842131
:1097700011481FE7A9680029DDD0D1F80080002931
:10978000D9D053464A462846D1F804B0D847B8F154
:10979000000F04D0D8F8003041469846EFE7434622
:1097A000FAE7314653464A46284636681AF0FBF82F
:1097B000C1E700BF5FC0030007C00300EDBC0300AA
:1097C0007F0F040096C00300BBC00300C7C00300A6
:1097D000EAC0030076C0030001C1030017C1030003
:1097E00026C103006998010034C0030049C003008A
:1097F000204616F0D3FAAC8B24F00804A4B2AC8354
:10980000E20621D524F01003AB8304F00701D5F85C
:1098100018A0AA8BBAF1000F22F00704BFF690AE91
:1098200000232E68C5E9003344F00104AC8304F042
:10983000070989454FF000077FF4EDAE0EB9002F00
:10984000DED04FF0000BECE6A3067FF54EAE24F021
:109850002003AB8304F007015CE688F31188BFF3B3
:109860006F8FBDE8F88F00BFF8B504460D4600F1D4
:109870001406EFF31187402383F31288BFF36F8F31
:10988000304616F067FA68B984230C4A0C490D4833
:1098900019F0DEFE31460C4819F0DAFE8421074843
:1098A00019F0CDFE304616F079FAA5613A46204609
:1098B000BDE8F8400121FFF709BE00BF07C0030063
:1098C00034C00300EDBC030049C003002DE9F0479C
:1098D00004460E461AF057F8051E66DB04F114091B
:1098E000EFF3118A402383F31288BFF36F8F48464A
:1098F00016F030FA804660B98423374A3749384831
:1099000019F0A6FE4946374819F0A2FE84213248D4
:1099100043E0484616F042FA4FF6FF72E38BA78BFE
:10992000934207F0070743D0062F2CD8DFE807F053
:109930001F43092B1F041F006FF085054FF000081F
:1099400002E002250133E383484616F011FA0028AD
:1099500034D14FF49973204A2349214819F078FEF5
:109960004946224819F074FE4FF49971CFE700235D
:109970003360636823B9C4E9006687B13D46DDE71B
:109980001E606660F9E71A4915484FF4E473194AF6
:1099900019F05EFE4FF4E471164819F050FE52467D
:1099A00002212046FFF792FD3D462846BDE8F0879C
:1099B0006FF00A05C2E76FF00405BFE78AF311886C
:1099C000BFF36F8FB8F1000FEFD000233A46314656
:1099D000204619F0E8FFE8E707C0030034C00300A1
:1099E000EDBC030049C003005FC0030076C0030064
:1099F00026C1030096C0030008B54268034602F082
:109A00000302032A81600AD06AB90849084845233D
:109A1000084A19F01DFE4521064819F010FE00689D
:109A200000225A6008BD0020FAE700BF7F0F040043
:109A3000EDBC03003CC103002DE9F04F1D46036C53
:109A400004461B7999B0DB0703D5002019B0BDE8A7
:109A5000F08F826903684FF0000A05FB0233C06B88
:109A6000049383689B68002B4AD004999847002888
:109A7000ECD1216C08A80B6849795B4203F0200304
:109A80001A46D4F8189005931FF02EF9B9F1000F7B
:109A9000DBD0059E236C4E4528BF4E461B68B3465F
:109AA0005B4203F020030693D0462B4608AA03929C
:109AB000BBF1000F07D1A9EB060916EB0A06B24667
:109AC00045F10005E2E7069F10AA5F4528BF5F4603
:109AD0000092204642460197079319F09FFF90B9E4
:109AE0003A46039810A91FF00EF960B9079B039A34
:109AF00017EB0808ABEB070B43F100033A44D6E73A
:109B00006FF05700A2E704480121049B034A1AF0B2
:109B100011FC6FF0050099E7609B030062C1030030
:109B2000002200232DE9F04F00279FB0CDE9082344
:109B3000036C05461B794FF0FF32039300F12803B5
:109B4000029328304FF0FF3319F0B5FFB8463E4678
:109B50000DF1480A0DF1580BEB69B3420DD8EB69D2
:109B6000434555D1002F53D16FF0850402981AF068
:109B7000D2F820461FB0BDE8F08F6A6CA96950008A
:109B8000884294BF3346731EA1EB42022846CDE9BA
:109B900000BACDE9082319F066FF04460028E5D194
:109BA0009DF8593085F82430199B03F47023B3F5E0
:109BB000803F2BD252465946284619F0DEFF28B383
:109BC000199B08F1010803F47F42B2F5844F0BD1D1
:109BD000DBB2012B07D00121994A9A4819F060FFA6
:109BE0006FF07A04C2E70746284608A919F030FF4B
:109BF000DDE908232846CDE900BA19F0E4FF041E88
:109C0000B4DB9DF8593085F82430A8D00136A3E79D
:109C1000B34249D16B6C089A0EAED21A099B284602
:109C2000009663F1000319F009FF044600289DD156
:109C3000304695F8241019F040FF18B9284608A9B5
:109C400019F006FFDDE9086712AB0DF15808019322
:109C500032463B462846CDF8008019F004FF044602
:109C6000002883D1199B03F47023B3F5803F40D2C1
:109C7000404619F033FF00283BD0199B03F47F4284
:109C8000B2F5844F02D1DBB2012BA4D105F124033C
:109C9000009332463B46284619F034FF811C0446A7
:109CA00043D1002385F8243000266B6C089A5B00B2
:109CB000B2EB0309099BB04663F1000B5F46CDE9A7
:109CC000089BCDF810B00DF1680ACDF814B0049BD4
:109CD0004E4573EB0B012BD3039BC5E90487DE4391
:109CE000DDE9082306F00106C5E902230DF1280A83
:109CF0006AE02B6AD80712D432463B462846FFF763
:109D00009BFE044600287FF431AF009032463B466C
:109D100028461AF053F804460028B7D026E7012158
:109D2000494A484819F0BCFE1EE70028BCD01DE790
:109D30004A465B462846CDF800A019F07FFE04464F
:109D400000287FF413AF504695F8241019F0B5FEA3
:109D500070B1BDF86A102646082907D9286C19F099
:109D6000D0FF1C99059F08440619B046CDE9089B11
:109D7000696CB9EB010189466BF1000BA7E7284636
:109D8000CDF800A019F05AFE044600287FF4EEAE8C
:109D9000002E4DD02B6C5A79534613F8011B91427B
:109DA00017D0D5E90223D5E90487BB4208BF424555
:109DB00004D1BDF82A10002940F0AA80696C521A1B
:109DC00063F10003C5E90223424573EB0707D6D2CE
:109DD00002E00134102CE0D16A6CAB695200E968F2
:109DE0009B1A61F10001CDE90831284608A919F054
:109DF0002FFE12AB019316AB00932846DDE9082332
:109E000019F0E1FE041EFFF6B1AE012C1ED00024B5
:109E10006B6CAA69A96803EB4303D21AA44208BF7A
:109E200091427FF4A3AE28461AF049F804469DE615
:109E3000504695F8241019F040FE0028B1D1CBE728
:109E400093C10300609B0300B0C103000021D5E96A
:109E500002636A6C07919DF85910961985F82410D1
:109E600043F100081AAFA969CDE90868A1EB4201E6
:109E70008E4232D303213F4A3F4819F011FE07AB0F
:109E800000932846D5E9022319F057FE044610B185
:109E9000A31C7FF46BAED5E902232846FFF7CCFD67
:109EA000044600287FF462AE079B28460093D5E95C
:109EB000022319F083FF044600287FF457AE6A6C32
:109EC000AB6902EB42029B1AEA681B18C5E904025F
:109ED000AB6028461AF07CF846E0324643462846F6
:109EE000009719F0ABFD044600287FF43FAE3846DA
:109EF0009DF8691019F0E1FD28B1BDF86A3013B979
:109F00001B9B013307D06A6C961948F10008AAE739
:109F10006FF01C042AE6194A0321174819F0C0FD06
:109F2000EB68284608A9CDE9084319F091FDDDE961
:109F3000086707AB009332463B46284619F0FDFD03
:109F4000044610B1A21C7FF411AE32463B462846AF
:109F5000FFF772FD041EFFF609AE079B3246009321
:109F600028463B4619F02AFF044600283FF44FAF2D
:109F7000FCE500BFDCC10300609B030003C20300DB
:109F80002DE9F04786B00D46044602AF50B94B4A62
:109F900001214B4819F084FD6FF015001037BD46C4
:109FA000BDE8F08728301DF0D9FDE06B83681B69A0
:109FB00098470246206408B9424AE9E7102119F09F
:109FC000A0FE60641368013B1F2B01D93E4ADFE706
:109FD0001379DB0711D4E06B21683A1D1CF0E6FC15
:109FE00008B13A4AD4E7A3692BB1BA68B3FBF2F1DE
:109FF00002FB11330BB1364ACAE7636CA26903EB6B
:10A0000083039A4205D20121324A2D481AF092F96F
:10A01000C2E7E369012B01D82F4AB9E72046FFF7D1
:10A020007FFD002838D1012384F82530D4E90623A8
:10A03000032100922248294A1AF086F9D4E9023213
:10A04000E9468AB002AE00254FF0060AB046244920
:10A05000C6E90625C6E90835716148F810AF4FF426
:10A0600043512B464246164800F01EFDD4E9043207
:10A07000CD468AB01B49C6E90753C6E90512756289
:10A08000C6F810A00E482B4642464FF4435100F04C
:10A090000BFD2846CD4681E7002D3FF47FAF02211E
:10A0A0000346114A06481AF045F9204619F0DFFE2A
:10A0B0002046FFF735FD0028B5D06FE718C2030032
:10A0C000609B030023C2030045C2030062C2030079
:10A0D0007AC203008EC20300BAC20300FBC20300AF
:10A0E00012C3030028C303003DC303002DE9F04F52
:10A0F000894617461E46044685B038B901214C4AA8
:10A100004C4819F0CDFC6FF0150509E090F82530AA
:10A1100053B90121484A474819F0C2FC6FF00C05B9
:10A12000284605B0BDE8F08F3146006C19F0E9FD16
:10A13000636CA26903EB8301521A96428246E2D80D
:10A14000B6F5803FDFD20EB1002FDCD0BAF1000FA0
:10A1500003D0082E94BF9A469A4404F128084FF081
:10A16000FF324FF0FF33404619F0A5FC4FF0000BD3
:10A17000E3695B4558D0D4E90221002A3DD0D4E9F7
:10A1800004531AEB050043F100038242994134D392
:10A19000636C9A4200D186BB1022002168461EF0F3
:10A1A000A3FD94F82430082ECDF80490ADF8026099
:10A1B0008DF8013018D90295684619F073FC082E05
:10A1C00006D932463946204619F0E8FE054638B928
:10A1D0006946204619F0D9FD002814BF05463546CA
:10A1E000404619F098FD9BE7731E072BE4D83246D2
:10A1F000394602A81EF052FDDEE7204619F078FE2F
:10A20000054630B103460D4A01210A481AF092F87A
:10A21000E6E7204619F0DCFE054610B1084A034681
:10A22000F2E70BF1010BA3E76FF01B05D8E700BFC6
:10A2300018C20300609B030064C3030078C30300DB
:10A24000A2C303002DE9F04F15461E46002200234D
:10A250008BB088460446CDE9042348B93048012133
:10A26000304A19F01DFC6FF015000BB0BDE8F08FFF
:10A2700090F825303BB92A4801212B4A19F010FCEF
:10A280006FF00C00F1E74FF00009D0E9022304AFB2
:10A290000DF1180BCDE902B7D4E90201CDE90001B7
:10A2A00041462046CDE9042319F0CBFC0028DCDB35
:10A2B00011D039462046DDF814A009F1010919F042
:10A2C00092FC0028D1D1DDE9042314994945E1D25B
:10A2D000079A424502D06FF00100C6E7BDF81A7038
:10A2E000002FF8D0082F0AD83DB1BE42324628468A
:10A2F00028BF3A4608A91EF0D1FC3846B5E7002D24
:10A30000FBD0089A53460244B74294BF0197019686
:10A310002046009519F082FB0028EED0A5E700BF8B
:10A32000609B030018C2030064C3030008B558B95A
:10A330000749084840F23513074A19F089F940F2F5
:10A340003511054819F07BF94368587908BD00BFFD
:10A350000AC40300EDBC0300D2C3030010B548B922
:10A3600008490948A023094A19F072F9A0210748B1
:10A3700019F065F903681B6913B1BDE8104018476F
:10A38000184610BD0AC40300EDBC0300D2C303008D
:10A390002DE9F843044606460127DFF8408094FA89
:10A3A000A4F5B5FA85F507FA05F308EB05156FEA8C
:10A3B000030924EA03042B7B5BB12846FFF7CEFF99
:10A3C00038B96B6804222846196806EA090619F0AC
:10A3D00038FF002CE3D13046BDE8F883009C030031
:10A3E00010B5002288B00E490E481DF033FD002242
:10A3F00000230024CDE906230E234FF40062CDE9AB
:10A400000334CDE90144084B08490094084814F08E
:10A410005DFA084906481DF04DFC204608B010BD05
:10A4200019A50100A829002065A80100709E002040
:10A430001825002021C403002DE9F047DFF8B8906B
:10A440002E4C8046A9EB04038F2B0F460BD92C49C9
:10A4500040F253132B4A2C4819F0FAF840F25311EA
:10A46000284819F0ECF8294819F0CFFE064660B3E9
:10A4700000252846BDE8F087237B8BB12368DB6885
:10A480000BB1204698476368204683F806A0FFF783
:10A4900065FFB0B9636804222046196819F0D1FE3F
:10A4A000013610344C4514D9194940F25F13154A4E
:10A4B000154819F0CDF8174819F0CAF840F25F11A5
:10A4C000CEE70AFA06F31D43EAE705464FF0010A14
:10A4D000E8E7D1D3B8F1000FCBD0002DC8D0284683
:10A4E000FFF756FF0546002FF7D0002140F2391044
:10A4F00015F0B8F8F1E700BF209C0300009C0300B2
:10A5000056C4030029C40300EDBC03002C820020C4
:10A5100086C40300A7C40300014813F0C9B800BFF4
:10A520002C0E0020014B53F820007047E0A20300DE
:10A5300008B5034608462BB1044A136000F096FDA7
:10A54000002008BD6FF01500FBE700BF6C0800207D
:10A5500010B5044C237813B9034813F0A9F801236C
:10A56000237010BD9F9000202C0E002010B50446D3
:10A57000094819F04AFE3CB1084BD3E8EF1F0139F6
:10A58000C3E8E21F002AF8D1054815F0D3FFBDE863
:10A590001040044813F08CB8248200202882002048
:10A5A000A82900202C0E00200022044BD3E8EF0F36
:10A5B000C3E8E12F0029F9D1704700BF24820020B1
:10A5C00070B5FFF7F1FF0546104C114EB4421AD991
:10A5D000104940F21623104A104819F039F8104873
:10A5E00019F036F840F216210B4819F028F82046E9
:10A5F000FFF79CFE28B123685B6813B1294620460B
:10A6000098471034E2E7F2D370BD00BF009C03000E
:10A61000209C030086C4030029C40300EDBC030092
:10A62000A7C4030010B5044C04492046FEF7AAFC59
:10A63000034B1C6010BD00BF640C0020CCA20300C3
:10A64000188200200023154A10B51370144A1549CA
:10A650001360154A15481360FFF76AFFFFF7E2FF22
:10A66000134B144918468B4215D9134940F22B134A
:10A67000124A134818F0ECFF124818F0E9FF40F2B4
:10A680002B110E4818F0DBFF1A1A5C681211013208
:10A6900022711033E7E7F7D310BD00BFA090002070
:10A6A0002482002040420F0028820020074203003D
:10A6B000009C0300209C030086C4030029C40300FF
:10A6C000EDBC0300A7C4030001460022002301489B
:10A6D000FEF78ABC640C00200148FEF7A1BD00BF54
:10A6E000640C0020024B01461868FEF72BBE00BF29
:10A6F000188200200148FEF797BE00BF640C0020BE
:10A70000F8B5314B1B78002B5BD0FFF7E5FF044613
:10A71000002846D12D4B2E4D1B68002B19DD1DF056
:10A7200051FB4FF47A76A0FB060747F6122200236E
:10A7300006FB0171F5F778FDD5E90032C01A40F249
:10A74000E93361EB0201984271F1000101D3FFF797
:10A7500037FFD5E9003213F57A7342F10002C5E9FB
:10A76000003274B3BDE8F840FFF7C4BF2846FFF7D6
:10A77000DDFD20B12B68214628461B68984710351F
:10A78000B54211D9134940F20A23134A134818F06D
:10A790005FFF134818F05CFF40F20A210E4818F0E2
:10A7A0004EFF104D104EEBE7E0D32046FFF79AFF27
:10A7B0000E4BD3E8EF1F0139C3E8E21F002AA9D0EE
:10A7C000F7E70020F8BD00BF9F9000202482002002
:10A7D000A029002086C4030029C40300EDBC0300A7
:10A7E000A7C40300009C0300209C030028820020D3
:10A7F00070B5154D297831BB0120FFF71DFE134CB4
:10A80000134EB44218D9134940F2CF13124A1348D9
:10A8100018F01EFF124818F01BFF40F2CF110E482F
:10A8200018F00DFF2046FFF781FD18B12368204680
:10A830009B6898471034E4E7F4D3FFF761FF0028E2
:10A84000FBD101232B7070BDA0900020009C030061
:10A85000209C030086C4030029C40300EDBC030050
:10A86000A7C403002DE9F843374F384BFB1A1B09E7
:10A870000AD137494FF46F73364A374818F0E8FE6B
:10A880004FF46F71334819E000210846FFF7D4FDFB
:10A890000446A8B140F21B684FF000092F4B1B780B
:10A8A0009BB92F4940F246332E4A2B4818F0D0FE70
:10A8B0002D4818F0CDFE40F246312A4818F0BFFE70
:10A8C0004FF0FF384FF0FF39E8E702F0CDFB274BA0
:10A8D000274A1B58136033B1264B1B68092B02DD36
:10A8E000254812F0E5FE002544B12046FFF750FD53
:10A8F000044618B94FF0FF384FF0FF39FFF700FF5B
:10A90000064628B935B91C4842464B4612F04EFF60
:10A910003546E9E70D4D08E0F5D22B689B691BB180
:10A9200000222846114698471035BD42F4D91349F4
:10A930004FF46C73074A084818F08AFE104818F064
:10A9400087FE4FF46C719DE7209C0300009C030080
:10A95000C6C4030029C40300EDBC030068960020B0
:10A96000A3BF030078BF0300B6BF030008000000C8
:10A9700020820020288200202C0E002086C40300A4
:10A98000A7C4030013B52C4819F03FFC2B4B1B78D0
:10A99000002B35D0EFF31184402383F31288BFF3EB
:10A9A0006F8F274815F0D6F968B98423254A2649C0
:10A9B000264818F04DFE2249254818F049FE84210A
:10A9C000204818F03CFE1E4815F0E8F9FFF798FE05
:10A9D0001B4815F0CDF968B94FF49973194A1D4910
:10A9E0001A4818F035FE16491B4818F031FE4FF48E
:10A9F0009971E5E784F31188BFF36F8F02B010BD42
:10AA0000164B1B68002BF9D050B9002200231448C4
:10AA1000CDE9002347F61222002315F01DFDEDE7D6
:10AA20000928EBD10E4815F085FD0E4802B0BDE8AF
:10AA3000104012F03DBE00BF28820020A0900020F0
:10AA40001C82002007C0030034C00300EDBC0300DB
:10AA500049C003005FC0030076C0030020820020CD
:10AA6000A82900202C0E002010B5064B04461B68B8
:10AA700098472146A0600448FEF77AFBBDE81040E5
:10AA8000FFF780BF6C080020640C0020044A054BCF
:10AA90009B1AB1EBD30F34BF52F83100002070473E
:10AAA000A09A0300009C03002DE9F04F8FB0C1F382
:10AAB0004A2604AF0D469046B8607B600C0D002E10
:10AAC00066D04FF000090A234FF0040B07F1140A77
:10AAD000FE60C7E90799C7F824900093CDF808B045
:10AAE000CDF804A007F11C034A464046F968FDF77B
:10AAF000EBFFB0F5006F03461CD36C468AB0D8F864
:10AB0000041004AB2B481A46C3E9050140F2FF715B
:10AB1000D9614FF400711984274B42F8103F4FF46C
:10AB200012514B462548FFF7BFFFA5462C37BD46BF
:10AB3000BDE8F08FC0F30A0604F11700184420F0B6
:10AB4000070080083B60FFF7BFFD66F3532504460E
:10AB500030B33B6800F11001C7E908390A23F961F5
:10AB6000CDE901AB00934046154AF96807F11C0393
:10AB7000FDF7AAFF002813DA1249134840F24913DF
:10AB8000124A18F065FD40F24911104818F057FDBF
:10AB900004F1170020F007008008FFF795FD044638
:10ABA00066F353252A4620467B68B96819F069FB8D
:10ABB000BCE700BFEFC4030004000001709B03006A
:10ABC000554203005BC50300EDBC03002EC5030026
:10ABD0002DE9F04F87B00546DDE9106BDDE9127A0B
:10ABE0008846144699462FB33B465A46102100200A
:10ABF000CDF800A0CDF814A0FDF780FD00280BDAF9
:10AC000027494FF4B473274A274818F021FD4FF421
:10AC1000B471244818F013FDB0F5006F01460BD352
:10AC200040F2FF730221214A214807B0BDE8F04FEE
:10AC300019F080BB3946384604F0070305F00704D5
:10AC4000E40044EA831444EA402444EA065406F14A
:10AC50001700084420F0070080080391FFF734FD37
:10AC60000546A0B19FB13B465A460399CDF800A0D6
:10AC70001030FDF743FD002809DA094940F28D1331
:10AC8000084A094818F0E4FC40F28D11C1E74B4630
:10AC900022464146284607B0BDE8F04F19F0F1BA08
:10ACA0005AC503002EC50300EDBC030064C50300B4
:10ACB000709B0300406820B1034BC01A40F3CF00E3
:10ACC00070474FF0FF307047A09A03000EB403B5F1
:10ACD00003AB53F8042B01460448019302F06AFCCD
:10ACE00002B05DF804EB03B0704700BF0DAD01008A
:10ACF000CA0605D48B064CBF02490349FFF7E6BFDD
:10AD0000704700BFB81104009CC5030038B54B68FC
:10AD100005461A68CB680C469A4202D1084619F0DB
:10AD20002DFB6368D3E8EF2F511CC3E8E01F002818
:10AD3000F8D1A3689D5463681A68E3689A4209D9F8
:10AD4000054906487223064A18F082FC722104481D
:10AD500018F075FC002038BDCEC50300EDBC030023
:10AD60009FC503002DE9F04F89B099469DF85080AA
:10AD7000159B044606930D46DDE916A3189F059220
:10AD80000493B8F1000F00F0A180B8F1040F0BD9C3
:10AD900088494FF41573884A884818F059FC4FF4D5
:10ADA0001571854818F04BFC07F48073079319F070
:10ADB00046FA07F0020B0246002856D0204680498A
:10ADC000FFF784FF0646BBF1000F08D017F0440FD1
:10ADD0004DD12A4620467B49FFF778FF064407F00D
:10ADE000010353B1784B204653F82820774B78491C
:10ADF000002A08BF1A46FFF769FF07F48073002B8B
:10AE000007F0080318BF4FF00009002B5BD0714B0F
:10AE1000204653F828207049FFF758FF0546059B48
:10AE20002BB11A4620466D49FFF750FF0544B9F192
:10AE3000000F05D04A4620466949FFF747FF054401
:10AE400068483544069B002B47D02246664918F0D7
:10AE500097FB002841DA654940F2B123564A57482A
:10AE600018F0F6FB40F2B1219BE70646ABE7604BDA
:10AE700018680028B2D05F4B4FF47A7B1B684FF004
:10AE80003C0CB5FBF3F5B5FBF0F14FF4616300FB4F
:10AE900011550BFB05F5B1FBF3F2B5FBF0FE03FB1F
:10AEA000121100FB1E55B1FBFCF30BFB05F5B5FBC6
:10AEB000F0F50CFB131120460091CDE901E54E4958
:10AEC000FFF704FF8AE707F00805A8E7B9F1010FCB
:10AED00045460CBF43484948B4E7049B002B54D077
:10AEE000DDF810903946B9F1100F204628BF4FF019
:10AEF00010090026FFF7FCFEB54218DC0026334699
:10AF000020461AF803203E49FFF7E0FE0136102ED6
:10AF100013D0710703D120463A49FFF7D7FE4E45BB
:10AF20003346EDD320463849FFF7D0FEEEE7204602
:10AF30003449FFF7CBFE0136DEE7002620463349D1
:10AF4000FFF7C4FE33461AF803202046A2F120037F
:10AF50005F2B28BF2E222E49FFF7B8FE0136102E98
:10AF60000DD0720703D120462649FFF7AFFE4E45AC
:10AF70003346E8D320462349FFF7A8FEEEE7049BBB
:10AF8000CA44B3EB09030493AAD1B8F1000F0AD065
:10AF9000FB0704D520460D4A0D49FFF797FE3946B9
:10AFA0002046FFF7A5FE204609B0BDE8F04F19F096
:10AFB000E5B900BF03C603009FC50300EDBC030055
:10AFC0000EC6030012C60300F0A20300FEC5030074
:10AFD00045B9030004A3030037C603003DC60300C0
:10AFE00041C603000DAD0100B5D5010046C6030002
:10AFF00034820020308200201BC6030097430300E8
:10B000004FC6030057C6030055C6030059C60300C8
:10B010005BC6030042F20F7373B58B4228BF0B4629
:10B0200005680446052168460D4A17F0F7FE0646F6
:10B03000636828460B225B680A4919F091F9636836
:10B040003246694628465B6819F08AF963681B2214
:10B0500028465B68044919F083F902B070BD00BF4F
:10B0600086BB0300B91D04009D1D040000210123BF
:10B07000064A904206D8064A01B901231360054BDF
:10B0800018607047012140085B00F2E740420F0062
:10B0900030820020348200200122014B1A70704758
:10B0A000A1900020014B0020196070474C820020C5
:10B0B0000148FFF7AFBF00BF34A3030010B5064B34
:10B0C0000C461868FFF72EFA2146BDE810400346EB
:10B0D0000F220248184700BF4C82002034A303000F
:10B0E0000122F8B5084B094D094E1A70D5E9004701
:10B0F0000CB92C60F8BD214630463A4600F01EF8E7
:10B10000241A0644F4E700BFA290002040820020E9
:10B11000A390002010B9074B18707047064B1B789E
:10B120001BB141F288301CF0CEBC9D20002114F0F0
:10B1300099BA00BFA1900020A29000202DE9F0470D
:10B1400080460F460425DFF87C901F4E99F800409A
:10B15000ACB91CF0ABFC3A4682464146204611F0A1
:10B1600001FB044650461CF0A9FCECB101233370EE
:10B1700099F800307BB93C462046BDE8F0873A4656
:10B180004146002011F0EEFA0446EEE728466C1E18
:10B19000FFF7C0FF2546002011F02EFB0028EAD063
:10B1A0003378002BF2D1E6E7337833B1013D2846FE
:10B1B000FFF7B0FF3378002BC8D13378002BDAD0FB
:10B1C000DAE700BFA2900020A1900020F8B50D465C
:10B1D0000446064F4618B44201D12846F8BD14F87B
:10B1E000011BBB680148DB699847F4E72090030026
:10B1F00010B543681C6809481CF069FC48B9084947
:10B2000008489923084A18F023FA9921064818F0AB
:10B2100016FA23685B685C6010BD00BF20900300D5
:10B22000C8C60300EDBC03008AC60300014B0360DF
:10B230000020704778A3030070B5104B0D461C68C2
:10B24000B4B10F4B196800238B4202DB6FF0010091
:10B2500070BD224612F8106B864202D014460133AC
:10B26000F2E7E0681CF033FC28B100202C60EFE727
:10B270006FF00C00ECE76FF01200E9E778080020AF
:10B2800078A3030010B5436888B0029383680C4626
:10B29000CDE9033200230A68C068CDE906230549D9
:10B2A00001AA05931BF086FB079808B9059B23604C
:10B2B00008B010BD8744030010B54FF42814DFF820
:10B2C00020C086B0CDE904C40824029404AC0194E3
:10B2D000BDF8204000941AF08AFE06B010BD00BFF1
:10B2E000180028002DE9F0410C4B05461C680E465D
:10B2F00017467CB100F098F963682046D3F81080B7
:10B3000032463B462946C047044600F097F920469E
:10B31000BDE8F0816FF00104F9E700BF74820020FE
:10B3200000230360044B5A6812B9C3E90000704758
:10B3300010605860704700BF78820020014B186091
:10B34000704700BF74820020002330B585B0CDE97E
:10B3500002330546019000F067F9094B1C6844B9B7
:10B36000284600F0EBF8044600F068F9204605B0E6
:10B3700030BD636820461B6801A998472468EEE742
:10B38000788200201FB5CDE90101039200F04CF94D
:10B39000074B1C6824B900F051F9204604B010BDD9
:10B3A000636820461B6801A998472468F2E700BF3C
:10B3B000788200200022024BC3E90022704700BFC0
:10B3C000788200200022024BC3E90022FFF7F2BF7F
:10B3D000808200202DE9F74307460C4609B100237F
:10B3E0000B600026254DDFF898904D4524D925495E
:10B3F0009D23254A254818F02BF9254818F028F9EF
:10B400009D21214818F01BF9D5F8008038464146A7
:10B4100001AA19F0AEF850B116B954B92E4606E09B
:10B4200000224046316819F0A4F80028F5D11835FB
:10B43000DBE7019B2360F1E7E6D3164B1D68C5B13E
:10B4400055F8188C3846414601AA183D19F091F874
:10B4500050B116B954B92E4606E000224046316874
:10B4600019F087F80028F5D1AD69E8E7019B236062
:10B47000F1E7304603B0BDE8F08300BF209C030035
:10B48000989C03002EC70300FCC60300EDBC03001C
:10B49000A7C40300808200202DE9F04784B002AFEA
:10B4A000D7F8289004460D46164698467860B9F1BC
:10B4B000000F07D0D9F8001031BBD9F804A0BAF1B9
:10B4C000000F28D12046391DFFF784FF08B3D0F8BC
:10B4D0000C904346324629467868C847C8B16D4645
:10B4E0008AB002AA124BD061C2E905344FF400734E
:10B4F0001384104B42F8103F00234FF411510E48B3
:10B50000FFF7D2FAAD4604E03A1D19F032F80028F0
:10B51000D3D1002007E0D9F80830324600932946FD
:10B5200043467868D0470837BD46BDE8F08700BF7E
:10B5300056C7030004000001D09B03002DE9F0472B
:10B5400080464FF000470026DFF8C090DFF8C0A02B
:10B550003D46304C4C452FD92F494FF489732F4A23
:10B560002F4818F075F82F4818F072F84FF48971C9
:10B570002A4818F064F82F46EAE7B8F1000F03D123
:10B5800022694AB91834E5E700224146206818F0DC
:10B59000F0FF0028F4D1F5E76368BB4206DDAF4257
:10B5A00002D0AB42A8BF2B461D46EBE7EAD190473D
:10B5B000002E08BF0646E5E7DFD3DAF80040FCB10D
:10B5C000183CB8F1000F03D122694AB9A469F6E723
:10B5D00000224146206818F0CCFF0028F4D1F5E79E
:10B5E0006368BB4206DDAF4202D0AB42A8BF2B4628
:10B5F0001D46EBE7EAD19047002E08BF0646E5E777
:10B60000AF42B8D13046BDE8F08700BF989C030038
:10B6100080820020209C03002EC70300FCC603008C
:10B62000EDBC0300A7C403004FF0FF324FF0FF331F
:10B63000014811F039BD00BF080E0020014811F08B
:10B64000FBBD00BF080E002038B5094DFFF7ECFF29
:10B650002B785BB9FFF7B6FE00F032F9044608B963
:10B6600001232B70FFF7EAFF204638BD0024F9E7DD
:10B67000B49000202DE9F04F00F108069BB007467A
:10B68000894608234FF00041304607AA18F093FD81
:10B69000002827DB089D0DB9284623E025F0010A84
:10B6A000492307AA5146304618F085FD0AF1804B20
:10B6B00059460446304618F08BFD0823804629463B
:10B6C000304605AA18F077FD00280BDB002C069DFC
:10B6D00002DDB8F1000F08DC5146384618F0E1FFF2
:10B6E0000028D8D01BB0BDE8F08F04F168030DEB43
:10B6F00003040023414604F84C3C054ACDF8009071
:10B7000003AB07A8CDE9036BFFF7C6FEE8E700BF70
:10B71000E34503002DE9F04F9BB004468846CDE990
:10B720000123002900F0BC804A2140461DF020FB87
:10B73000019B814693B3029BB3FA83F56D094FF0E9
:10B74000000B49464046FCF781FD4FF0FF36DA46D4
:10B7500020F0404020F01F0040F00043009304F12F
:10B760000803039394F85C305B4519DA53454AD3D8
:10B77000009F760006F01E0637436DB90125DDE90E
:10B78000012304F10806304607F18041FEF7AEFCC4
:10B79000002842DB002D50D100203EE00125CEE7FD
:10B7A000009B039803EB4B073946492307AA18F07F
:10B7B00002FD831C06D1B6F1FF3F08BF5E460BF1C8
:10B7C000010BCFE7002828DB49280BD93649374839
:10B7D0004FF4DF73364A17F03BFF4FF4DF71344804
:10B7E00017F02DFF002200F168036B44484503F871
:10B7F0004C2C05D14A46404607A91DF084FAA8B151
:10B800000AF1010ADBE7BAF10F0F09D92948012132
:10B81000294A18F086FD6FF01B001BB0BDE8F08FC1
:10B82000009B84F85CA043EA4A07A6E7002DA6D057
:10B830003946204618F035FFEFE700230693636D85
:10B84000002B22DA636D47F0010505932946082392
:10B85000304605AAFEF74AFC0028DEDBA36D304621
:10B860000593616D082305AA0695FEF73FFC0028A5
:10B87000D3DB636D4246C4E9155339464B46304627
:10B88000FEF734FC00EAE070C7E70A4802210B4AE1
:10B8900018F047FD204618F0AAFE0028D2D0BCE7D9
:10B8A0006FF01500B9E700BFB1C70300EDBC03009E
:10B8B0007BC70300D09B0300C5C70300E5C7030097
:10B8C0007FB50123694603200193FFF7B5FC0446C9
:10B8D00068BB032002AA01A918F0F7FD044610B1C5
:10B8E00010F10C0F23D1009B03999A68134DB2FB02
:10B8F000F1F2C5E908125A68DB68AA602B656B642F
:10B90000C3B105F1080018F04FFC044678B985F87A
:10B910005C00284618F06BFE044640B9084E2846E5
:10B920006E60FFF7FDFC28466E60FFF707FD2046BE
:10B9300004B070BD6FF01204F9E700BFE0290020E9
:10B9400048A4030008B5044817F06CFE034817F03C
:10B9500069FE002008BD00BF19C803004FC80300DE
:10B9600010B50024094B86B009480393CDE904447F
:10B9700012F03CFC03AB00934FF4A3620A23054989
:10B98000034812F04DFC204606B010BD7CC80300F1
:10B99000402A002070A6002008B50121024A034871
:10B9A00018F05FFF002008BD8AC80300D09A03008A
:10B9B00038B5C51C25F00305782D09D91649174857
:10B9C0007023174A17F044FE7021154817F037FE10
:10B9D000144CD4F8503123B1D4F85831EA18782AED
:10B9E00015D97C2101201CF048FA58B100230360CE
:10B9F000D4F854313BB9C4E954000023043318444B
:10BA0000C4F8585138BD1860C4F85401F5E715461C
:10BA1000D4F85401F2E700BFCCC80300EDBC03002A
:10BA2000A1C80300888200200848D0E8EF3F43F017
:10BA30000203C0E8E23F002AF7D1436AA0F59C70F8
:10BA40001B680BB141681847704700BFC0830020D6
:10BA5000022808B502D8034B185C08BDFFF79CFF0D
:10BA60000020FAE7C51D04002DE9F041184C0546F9
:10BA7000D4F834310E46222B08D9164A0121164833
:10BA800018F0EFFE00273846BDE8F081036818780B
:10BA9000FFF7DEFF80463044FFF78AFF08B90F4A00
:10BAA000ECE7D4F8343130445A1CC4F834212A8AE3
:10BAB00004EBC307033304EBC30422816B8A606089
:10BAC000A372424629681C371DF0E8F8DBE700BF87
:10BAD0008882002016C90300D09A030032C90300EF
:10BAE00070B5054638B90B4A01210B4818F0B9FE6C
:10BAF0000024204670BD0078FFF7AAFF0646FFF736
:10BB000057FF044608B9054AEEE7324629461DF0BC
:10BB1000C5F8EEE74FC90300D09A030063C90300DC
:10BB200010B5A0F12C03D3E8AF3FDB0706D4BDE886
:10BB3000104002210C4A0D4818F093BEA0F5B274D3
:10BB4000A0F5AE71206807F009FA034658B101214B
:10BB50000648074A18F0EEFB2046BDE810406FF09B
:10BB60000B0118F0A2BE10BD78C90300D09A0300E3
:10BB70008EC903002DE9F3417E4C0D4623688342B4
:10BB800008D001217C4A7D4818F06BFE6FF00D0152
:10BB900020465EE0137C032B00F0B2800ED8022B0F
:10BBA0001CD177494FF4F973764A774817F050FD66
:10BBB000764817F04DFD4FF4F9713EE0052BF0D1BA
:10BBC000002977D1D4F83431012B64D9238C04F5C2
:10BBD000B271013323820323237667E031B9204613
:10BBE00018F079FE002002B0BDE8F081CF68284649
:10BBF0000821FFF739FF4FF000084FF420530646A5
:10BC000001A928688DF80480ADF8063019F062F8B3
:10BC1000B0B142F60103694628688DF80080ADF89E
:10BC2000023019F057F858B1594940F24B13554AB0
:10BC3000554817F00DFD40F24B11524817F0FFFC2C
:10BC400056B9544A01214D4818F00BFE6FF00B0114
:10BC5000484818F02AFEC5E7304618F050FE054661
:10BC600048B94D4940F25F13464A474817F0F0FC87
:10BC700040F25F11E1E73B6803607B684360006866
:10BC8000FFF72EFF286008B9444ADBE7AB88E38260
:10BC9000B2889A4202D1FFF7C7FEA3E70023A36050
:10BCA00005232376B3883E49013323823D481BF0A8
:10BCB000EBFF97E7002642F60303286801A98DF8F9
:10BCC0000460ADF8063019F005F850B9082128468F
:10BCD000FFF7CAFE044618F032FE23680360012015
:10BCE00081E731462846FFF7BFFE0028F7D12B8AAF
:10BCF00001212D4A214818F01DFB6FF00B0147E789
:10BD00000029C8D000238DF8043042F603032868C8
:10BD100001A9ADF8063018F0DDFF48B123494FF412
:10BD2000DE73184A184817F093FC4FF4DE7184E76D
:10BD30002046298A18F077FD10B96FF0020127E735
:10BD4000EE6818F0FCFD054648B919494FF4E47354
:10BD50000C4A0D4817F07CFC4FF4E4716DE7336832
:10BD60000360736843600068FFF7BAFE286000282C
:10BD7000B5D1C2E788820020AFC90300D09A030082
:10BD80007F0F0400A1C80300EDBC030046CC0300F4
:10BD9000D1C90300EACA030013CB030032CB03006E
:10BDA000EC830020402A002060CB03009ECB0300E0
:10BDB00029CC030070B505460E46002421462846CE
:10BDC00018F0D5FD0446A0B118F0B9FD58B90A49DC
:10BDD0000A484FF40F730A4A17F03AFC4FF40F71F8
:10BDE000074817F02CFC0168304618F073FF002854
:10BDF000E4D1204670BD00BF32CC0300EDBC03008F
:10BE0000A1C80300F8B506460D4619B1097811F02E
:10BE1000FD0F4CD1002A4AD0284CD4E8EF1F41F046
:10BE20000100C4E8E70F002FF7D111F0010141D163
:10BE3000A4F59C74002DC4E9006314BF0123002302
:10BE4000C4E9541184F86031C4F85C21C4F8341199
:10BE5000C4F858110AD02878FFF7FAFD294602469F
:10BE600004F59E701CF01AFF04F59E75144BA56036
:10BE7000E3604FF6FF730125E38200231149124866
:10BE80002376258211F08EFF3046104907F066F8C0
:10BE9000044650B10E4A034629460E4818F04AFAA5
:10BEA0006FF00101054818F0F5FC2046F8BD6FF071
:10BEB0001504FAE76FF07704F7E700BFC0830020AE
:10BEC00075BB010021BB0100EC83002090820020A3
:10BED0005CCC0300D09A03001FB5094A01AB10687F
:10BEE000516803C39068074A044601AB03CBC2F80C
:10BEF0004640C2F83E00C2F8421004B010BD00BF78
:10BF0000C89C0300048400201822054BA3F84A2093
:10BF10002822DA644FF4C872A3F85020704700BF9B
:10BF2000048400202DE9F04703780546092B0C46D0
:10BF30001CD1114F97F82130C3B1002697F820A0EB
:10BF400090F80180564511D207EB46194246484603
:10BF500069681CF0E8FE60B96378C4F81890013392
:10BF60006370012384F81C802375A3700120BDE851
:10BF7000F0870136E6E700BF04840020F8B50546E7
:10BF80000E461746074B1C6854B154F8043C043C59
:10BF90001B681BB13A463146284698476468F3E768
:10BFA000F8BD00BFFC83002050B100234360054B67
:10BFB000021D596811B9C3E9002270470A605A602E
:10BFC000704700BFFC83002070B505460C4692B058
:10BFD00000296AD04FF0FF324FF0FF33344811F0A0
:10BFE00063F8052D5ED8DFE805F0035A1E5A5A5A49
:10BFF000304E96F82050002D51D12046FAF707FA1E
:10C00000431E1F2B02464DD8214630461CF046FEEB
:10C0100096F82030013386F82030254811F00CF9CD
:10C02000284612B070BD234D95F82B30002B36D129
:10C03000206807AE6862A379A28885F82A302A852D
:10C040002378032B25D8DFE803F0021E20221A49AB
:10C050003046FAF7D4F9059663781E210493A37845
:10C06000164A0393E3780AA802932379019363792C
:10C070000093A37916F0D2FE95F82B30013385F8A2
:10C080002B300025C9E70E49E2E70E49E0E70E49EB
:10C09000DEE70A2130460D4A16F0C0FEDBE76FF0FE
:10C0A0000B05BAE76FF01505B7E76FF01505B7E7B1
:10C0B000F40D002004840020A8B20300CAB20300DB
:10C0C000AFB20300B6B20300C0B20300ECB7030086
:10C0D00008B54FF0FF324FF0FF330B4810F0E4FF8C
:10C0E00000220A4B83F8202083F8222083F82B209B
:10C0F00083F8302083F8342083F836200248BDE8E6
:10C10000084011F099B800BFF40D0020048400200D
:10C110000022074B83F8212083F8232083F82C206A
:10C1200083F8312083F8352083F83720704700BF2B
:10C130000484002008B5830628D0FFF7E9FF10F03B
:10C14000020F18BF0122134B18BF83F82C20C2071F
:10C1500044BF012283F82120C20644BF012283F894
:10C160002320420744BF012283F83120020744BF45
:10C17000012283F83520820648BF01224FF00000DB
:10C1800048BF83F8372083F8381008BD6FF01500DA
:10C19000FBE700BF04840020F0B51C4F054697F86C
:10C1A0003C300E4687B073B3037963B30023019329
:10C1B00018F059FC164B02AC0FCB84E80F00214657
:10C1C00001AB304607F14A020AF0A6FF114B0835D1
:10C1D0001C6848B1BCB154F8043C043C9B680BB1EA
:10C1E000284698476468F5E7019E4CB154F8043C32
:10C1F000043CDB6813B13146284698476468F4E78D
:10C20000019809F08DFF07B0F0BD00BF0484002045
:10C21000D49C0300FC8300202DE9F04F5B4C95B0CB
:10C2200006460D465022002168461CF05DFD94F83C
:10C2300038308DF8033094F82C3013B101238DF889
:10C24000003094F8213023B19DF8003001338DF88F
:10C2500000303389D6F8008003F001071B078DF802
:10C2600004705ED537B9B94694F88BB0DFF820A1D9
:10C27000D94549D38DF8047094F82C30CBB1002700
:10C2800094F82B80D6F80090424C474511D22146B5
:10C29000072248461CF037FDA2460734002860D12B
:10C2A0000123CDF830A08DF801308DF82C308DF8B9
:10C2B00002302B68AA6828469C1A37496A46AF881C
:10C2C00002F06AF9AB68AF8013FA84F32B60334B4A
:10C2D0003468CDE903359DF803309DF8045002968B
:10C2E000002B40D09DF801209DF800309A423ED1AD
:10C2F00005A902A82A46FFF741FE21466846FFF736
:10C300004BFF15B0BDE8F08F5046072241461CF0A8
:10C31000FAFC0AF1070A10B109F10109A8E701279F
:10C32000A8E7002FA8D094F88A30D8F80010C3EB03
:10C33000C3035233E150E218B8F80430938098F800
:10C340000630937194F88A30013303F0070384F8C0
:10C350008A3094F88B30072B9CBF013384F88B30E4
:10C360008AE7013791E79DF80230002BC0D10C4BD2
:10C370001C68002CC5D054F8043C043C5B6813B125
:10C38000294602A898476468F3E700BF04840020A8
:10C39000568400202884002025BF01004E84002000
:10C3A000FC83002038B50546174C184803F052F9B5
:10C3B0003C22002120461CF097FCEDB12B7984F83B
:10C3C0003C302A688AB11368C4F83E305368C4F818
:10C3D00042309368C4F84630AA684AB11368C4F87A
:10C3E0004A3053680A4A536038BDFFF775FDF3E7DA
:10C3F000BDE83840FFF788BDFFF76EFDFFF784FD0D
:10C4000084F83C50F0E700BF04840020940800202A
:10C410004E840020034608B1012805D104480021BC
:10C4200000F83E3F03F0BEB86FF01500704700BF44
:10C4300004840020034B9B681BB1481E18BF0120D9
:10C44000184770479084002010B51C46034B1146D6
:10C450001B680BB122469847204610BD90840020EF
:10C46000024B5B6803B11847704700BF90840020FF
:10C4700030B1044B02681A6042685A6082689A6060
:10C48000002070479084002070B50E461546044683
:10C4900086B00021182268461CF026FC0B490C4B84
:10C4A000CDE90116ADF80C5004932CB9694620462D
:10C4B00006F0D8FB06B070BD0122204606F010F948
:10C4C0000028F3D16FF01500F4E700BF8CA403003F
:10C4D00061C401002DE9F04196B00C46054618F004
:10C4E00044FA18F00CFA4B4B076811AA03F1100C30
:10C4F000164618685968083303C663453246F7D1B3
:10C500001B783846337011A918F0E4FB064628B1B1
:10C510006FF08506304616B0BDE8F0814FF0FF336E
:10C52000A360A3813C4B02AA03F1100817461868C8
:10C530005968083303C743453A46F7D11B78284664
:10C540003B7002A9FFF736FC074638B9334A012190
:10C55000334817F0E6FE6FF01506DBE72E4B07AA0F
:10C560009446186859680833ACE8030043456246AE
:10C57000F6D11B78394628468CF8003007AA18F007
:10C5800044FA08B9274AE2E78388394663810023E1
:10C590008DF8043042F60213284601AAADF80630A1
:10C5A00018F033FA08B9204AD1E783880CAAA3818E
:10C5B0001E4B03F11008174618685968083303C763
:10C5C00043453A46F7D11B7828463B700CA9FFF744
:10C5D000F1FB074608B9164AB9E7144B11AA94466D
:10C5E000186859680833ACE8030043456246F6D141
:10C5F0001B78394628468CF8003011AA18F005FA45
:10C6000008B90C4AA3E783882846238118F0ABF9C0
:10C6100020607FE734A2030045A2030096CC03000C
:10C62000B89B0300B5CC0300E8CC030056A203007E
:10C630000ECD03002DCD030070B5051DD5E8EF3FED
:10C6400043F00202C5E8E12F0029F7D19B0727D468
:10C650000126154B868303614389038383894383C2
:10C6600000F12003D3E8EF1F3143C3E8E21F002AA3
:10C67000F8D100F11001006807F01CFA044668B117
:10C680000A4A034631460A4817F054FED5E8EF3F00
:10C6900023F00203C5E8E23F002AF7D1204670BD2F
:10C6A0006FF07704FAE700BFAD4A030060CD0300E6
:10C6B000B89B030008B50348034A0021121A18F07A
:10C6C00030FA08BD381000206C960020074808B5E5
:10C6D000074A0849121A18F026FABDE80840064829
:10C6E000064A0749121A18F01EBA00BF200500209A
:10C6F00038100020081F0400180500202005002025
:10C70000001F04002DE9F04706460C4600AF002943
:10C7100036D0D1E90012E9468AB06D46A3684FF0E1
:10C72000050AE8461F48CDE90723CDE9050148F889
:10C7300010AF002342464FF421511B48FEF7B4F9D5
:10C74000D4E90312CD466369AD461848C5E907230D
:10C75000C5E90501C5F810A0002342464FF4215158
:10C760001148FEF7A1F9CD46E3690121104A0E48B0
:10C7700017F0E0FDA36901210E4A0B4817F0DAFD1E
:10C78000012E07D1EFF305830B4A31460648103BD3
:10C7900017F0D0FD2146304610F08EF8BD46BDE8BA
:10C7A000F08700BF80CD0300C09B0300AFCD030026
:10C7B000DECD0300EDCD03001BCE030030BFFFF73D
:10C7C000FDBF00BF2DE9F04105460B4EDFF82C8080
:10C7D000324606EB0807CC1B204609491CF05EFADE
:10C7E000A01942460021083C1CF07EFAAC6707F114
:10C7F0000800BDE8F08100BF000000000800000054
:10C80000989C030010B5244C2449254818F098F949
:10C81000A36A99013ED52248224918F091F91E20B9
:10C82000A36ADA0104D51E481F4918F089F91F20B0
:10C83000194CA36ADB0204D519481C4918F080F989
:10C840000220A36A1C0304D51548194918F078F989
:10C850002120114CA36A590304D51148154918F039
:10C860006FF92220A36A9A0304D50D48124918F0E3
:10C8700067F92320084CA36ADB0304D508480F4955
:10C8800018F05EF92420A36A6FEA03436FEA1343AA
:10C89000A36210BD1D20C3E700ED00E02ECE030013
:10C8A000C09B030046CE030059CE030073CE0300A5
:10C8B0009DCE0300BBCE0300E0CE0300FACE030002
:10C8C00070B506460D46334C3349344818F038F9F4
:10C8D000A36AD9064DD53148314918F031F91120F4
:10C8E000A36A1A0704D52D482E4918F029F91220F9
:10C8F000284CA36A9B0712D52B49284818F020F929
:10C90000636BA26A110609D50121284A234817F052
:10C9100011FD1EB1A36A23F08003A36213201D4CF6
:10C92000A36ADA0704D51D48214918F009F9142033
:10C93000A36A9B0604D519481E4918F001F9152071
:10C94000144B9A6AD60602D49A6A940713D59B6A46
:10C95000D90610D5184940F22D13184A184816F078
:10C9600077FE184816F074FE40F22D11134816F0A9
:10C9700066FE1020B4E7074B9A6A920642BF5A6AD5
:10C9800022F400525A629A6A42F0FF029A6200232D
:10C990002B7070BD00ED00E025CF0300C09B0300AD
:10C9A0003BCF03006ECF030081CF030099CF03007C
:10C9B000AFCF0300CECF03002FD00300FDCF030085
:10C9C000EDBC030079D0030070B506460D46284C37
:10C9D0002849294818F0B4F8A36AD9043CD5264858
:10C9E000264918F0ADF81720A36A1A0504D5224885
:10C9F000234918F0A5F818201D4CA36A9B0512D5F1
:10CA00001D48204918F09CF8A36BA26A100409D5B0
:10CA100001211D4A184817F08DFC1EB1A36A23F4AA
:10CA20000043A3621920124CA36A590504D5124889
:10CA3000164918F085F81A20A36ADA050ED50E48B3
:10CA4000134918F07DF81B20094A936A43F47F4389
:10CA5000936200232B7070BD1620C5E7A36A9B0468
:10CA6000F2D505480B4918F06BF81C20ECE700BF25
:10CA700000ED00E0DDD00300C09B0300F3D0030015
:10CA80006ECF030004D103001DD1030032D1030097
:10CA90004DD10300CECF0300F0B58BB07A4B0446E6
:10CAA0005868002500AFC0F3080385F31188BFF371
:10CAB0006F8F02F07F46B6F17F4F07D102F00C0670
:10CAC000082E12D17149724818F03AF8714940F2B3
:10CAD0001B43714A714816F0BBFD714816F0B8FD52
:10CAE00040F21B416C4816F0AAFD16074CBF0C46DD
:10CAF0000125002CEAD00022FA71DA1E092A00F280
:10CB0000A280DFE802F005989B7BA0A0A0A0A09ED9
:10CB100064495F4818F014F800235B4EFB71F36A18
:10CB20009A0705D560495A4818F00AF800232DE005
:10CB3000F36A002B01DA5D49F5E7F36A5B006DD516
:10CB40005B49534817F0FCFF7369A26943F4807393
:10CB50007361BFF34F8FBFF36F8F32F8023C72697E
:10CB600022F480727261BFF34F8FBFF36F8F03F4B3
:10CB70007F42B2F55F4F2AD1DBB2022B27D1236867
:10CB800001214C4A424817F0D5FB2368FA79DAB9FB
:10CB900007F1080604F1200C324620686168083469
:10CBA00003C264451646F7D17A6A002D68D0C2F3F5
:10CBB000080121B96FEA52226FEA42227A621846CE
:10CBC00007F10801FFF79EFD2C37BD46F0BD2E4B47
:10CBD0009A6AD2B22AB10120F91DFFF771FE03460D
:10CBE000D4E79A6A12F47F4F04D00120F91DFFF7B1
:10CBF000EBFEF4E79B6AB3F5803F02D3FFF702FE3A
:10CC0000EDE72D4940F2ED23234A244816F020FD9C
:10CC10002A4816F01DFD40F2ED2163E726494FF446
:10CC20003C731D4A1D4816F013FD254816F010FDF3
:10CC30004FF43C7156E70020F91DCEE70020F91DA6
:10CC4000D5E720496FE7204A6E4610F4F87F8AB096
:10CC50001E4918BF11466A46103B07934FF40073F4
:10CC60001B48ADF820301B4BCDE9050142F8103FC1
:10CC700000234FF411510648FDF716FFB54655E75E
:10CC80006FF308029AE700BF00ED00E093D10300C4
:10CC9000C09B0300BED10300FDCF0300EDBC030029
:10CCA000D1D103000FD2030026D2030047D20300E4
:10CCB00055D2030074D203007F0F040090D203000A
:10CCC000B4D20300E4D203007AD1030065D103009B
:10CCD00008D3030004000001064B5A6942F0100219
:10CCE0005A615A6942F480625A615A6922F0080214
:10CCF0005A61704700ED00E0EFF30880EFF309811F
:10CD000001B57246FFF7C8FE01BD00BF002080F3E9
:10CD10001488BFF36F8F002080F30A8880F30B889C
:10CD20000F4880F308880DF039FE00200D49086097
:10CD3000BFF34F8F00F02CF8402080F311880A4891
:10CD40004FF40061401880F30988EFF3148002214A
:10CD5000084380F31488BFF36F8F00F0B7F800002A
:10CD600070DC002094ED00E030C500200023184660
:10CD70000649D1F89020C2F30722934200DB7047A6
:10CD8000C1F89830C1F8A0000133F6E700ED00E0EB
:10CD900010B572B6002484F31388FFF7E7FF23462B
:10CDA0004FF0FF300C4A03F120010133102B42F801
:10CDB0002100F8D100234FF0FF30074A03F1600152
:10CDC0000133102B42F82100F8D162B6BFF34F8F28
:10CDD000BFF36F8F10BD00BF00E100E01EF0040F35
:10CDE0000CBFEFF30880EFF30980816911F8021C92
:10CDF0000229FFD001B5724617F097FE01BD00BFB2
:10CE000000B2002807DB01234109034A00F01F009C
:10CE1000834042F82130704700E100E000B2002872
:10CE20000CDB01220649430900F01F008240203339
:10CE300041F82320BFF34F8FBFF36F8F704700BFC0
:10CE400000E100E038B5D30704460D4612D48B1C30
:10CE5000072B10D96B23114A1149124816F0F8FB21
:10CE6000294611480623224616F0F2FB6B210B4897
:10CE700016F0E5FB002320B20028ACBF00F16040B3
:10CE80000A4A4FEA4313DBB2ABBF00F5614000F042
:10CE90000F0080F80033135438BD00BF1BD30300CC
:10CEA00052D30300EDBC03006DD3030014ED00E08A
:10CEB000044B054A23F07F039360BFF34F8FBFF30A
:10CEC0006F8F70470000000000ED00E008B5FFF72D
:10CED000EFFF074AD2F8883023F47003C2F8883095
:10CEE000FFF7E8FBFFF7F2FB00F09CF80FF040FEC5
:10CEF00000ED00E042F8203C009B0B4942F81C3C4E
:10CF0000019B21F0010142F8183C029B42F8081CE9
:10CF100042F8143C4FF0807342F8043C0023203A5E
:10CF20000265C367704700BF198F010000B50D4B44
:10CF300015469860826F0C4B0E461A60836E83F321
:10CF40000B882C4686F309880020044B984720461E
:10CF5000002100220023024C204700005F4B030009
:10CF6000198F0100188A00209C8400201022014B98
:10CF70001A61704700ED00E0054B5A699B689A42C0
:10CF80001FBF044A536843F080535360704700BF8B
:10CF9000188A002000ED00E0084B9B6883420BD10B
:10CFA000EFF3058343B1064B5A6842F080525A6052
:10CFB0005A6A22F400425A6212F0E8BB188A002032
:10CFC00000ED00E014498A684FF030001044EFF3A0
:10CFD000098C80E8F01F402080F31288BFF36F8F28
:10CFE0000E4F4FF000664A698A603E60906F0C4CAD
:10CFF0002060D06F0023D36780F3118802F13000E6
:10D0000090E8F01F8CF3098802F1000004B517F0D6
:10D010009FFDBDE804407047188A002004ED00E041
:10D020009C8400200023402040F20F1210B5044CD5
:10D03000E1180133934281F80003F9D110BD00BF1C
:10D0400000E100E008B5EFF30583064A103B02EB70
:10D05000C30152F8330049688847BDE80840FFF72C
:10D060008BBF00BFC89003000148006870470000F4
:10D070009C8400201FB50121094B0A4A0A4800F090
:10D080000FF90023064A0393084B0121019301A8DD
:10D09000D31A029300F028F905B05DF804FB00BF35
:10D0A0000000042000000020DCA403003810002051
:10D0B0000A7A0B6810B562F304031C46CB68520968
:10D0C00023F01F0343EA4203044A43F00103C2F87A
:10D0D0009800C2F89C40C2F8A03010BD00ED00E0FE
:10D0E00010B50A4BD3F89030C3F30723013B9842A5
:10D0F00008D901210346064A064817F01BF96FF0CC
:10D10000150010BDFFF7D4FFFBE700BF00ED00E006
:10D11000B1D30300909B03002DE9F04F89461446DC
:10D1200006464FF000084F4D85B0C84527DAD6F8BF
:10D1300004A0BAF1000F44D0BAF11F0F17D91AF0AA
:10D140001F0F14D1D6F800B01BF01F0F0FD1584697
:10D1500017F028FD07460AEB0B00013817F022FDF7
:10D16000874210D06FF015073F4A3B4601E0434627
:10D170003E4A01213E4817F0DDF86FF015042046C5
:10D1800005B0BDE8F08F17F1160FEDD0BC42EBDD16
:10D19000C5F89870D5F89C10C5F89870D5F8A030EF
:10D1A00021F01F0143F01F0BD6E900321A449942C7
:10D1B00002F1FF3A1AD1D34507D13146F8B217F040
:10D1C000FAFC08F101080C36AFE73146C5F8987053
:10D1D000D5F89C30E0B263F30402C5F89C2017F048
:10D1E000EAFC10F1160FC8D0441CEAE7C5F89870A5
:10D1F000D5F8A020013B23F01F0302F01F021343C8
:10D20000D3453146E0B2C5F8A030E8D017F0D3FCE2
:10D2100010F1160FB1D0C5F89870D5F89C209DF884
:10D2200008300BF1FF3B62F304038DF80830D5F8AA
:10D23000A0309DF808205B0863F347128DF80820A2
:10D24000D6E900321344009323F01F035B44A3EBA1
:10D250000A03013023F01F036946C0B20393FFF7AE
:10D260003FFFBEE700ED00E0FDD30300D7D303008E
:10D27000909B03000522044BC3F89420BFF34F8F0B
:10D28000BFF36F8F704700BF00ED00E0BFF35F8F0B
:10D290000022024BC3F89420704700BF00ED00E06D
:10D2A00038B50C4D0C462A78FFF736FF287016303B
:10D2B0000FD140F28913084A0849094816F0C8F905
:10D2C0002146084816F0C4F940F28911024816F0C8
:10D2D000B6F938BDB590002020D403007F0F0400BC
:10D2E000EDBC03004FD403002DE9F74F314D8946C3
:10D2F00006464FF00008AB462F4FC84502DB03B08F
:10D30000BDE8F08FD6F804A0BAF1000F4CD0316818
:10D310000846019117F046FC019904460AEB01000A
:10D32000013817F03FFC84424FF01402234B15D014
:10D3300002FB08F36FF015024BF8032040F299133B
:10D340001F4A2049204816F083F949461F4816F025
:10D350007FF940F299111A4816F071F914F1160F7D
:10D360002C60EBD01978A142E8DD02FB08B0C7F8C9
:10D370009840C7F89840D7F89C4000F10801007B1E
:10D3800064F304000871D7F8A0000C79400860F33A
:10D3900047140C71D7F89C1021F01F016960D7F871
:10D3A000A01021F01F01296108F1010814350C3685
:10D3B000A3E700BFA084002000ED00E0B5900020AE
:10D3C00020D403007F0F0400EDBC03007BD40300D6
:10D3D0002DE9F0416B4D6C4ED5F890303468C3F3B5
:10D3E00007239C4286B013D940F20223674A68495A
:10D3F000684816F02DF9D5F8902021466648C2F30A
:10D40000072216F025F940F20221604816F017F9BC
:10D410000020FFF73BFF614BC5F8C03084421BD1B1
:10D420005F4D01A82C70FDF701FF002607464FF065
:10D4300061085C4CB74216D100202B785149D1F8D5
:10D440009020C2F307229342C0F295800020FFF79C
:10D4500011FF06B0BDE8F081716801EB0011FFF724
:10D4600027FE0130DAE7019A300102EB0613D3F808
:10D470000CC00CEA0401B1F1807F57D00AD8B1F595
:10D48000001F29D0B1F5800F43D0B1F5801F14D013
:10D490000136CFE7B1F1006F48D0B1F1805FF7D12D
:10D4A00059689B681258013B21F01F000344CDE9E5
:10D4B000021223F01F0301220BE0596812589B68E7
:10D4C000CDE902122122013B21F01F00034423F089
:10D4D0001F038DF8102036E0596812589B68CDE97B
:10D4E00002124122013B21F01F00034423F01F03DD
:10D4F0001CF0010F8DF81020059325D02A498423B4
:10D50000224A244816F0A4F8284816F0A1F88421ED
:10D510007BE759689B681258013B21F01F000344C8
:10D52000CDE9021223F01F030222D2E759681258F4
:10D530009B6821F01F00013BCDE90212034423F058
:10D540001F038DF810800593287802A9FFF7C8FD06
:10D5500000280CDA0E4940F235230C4A0D4816F02B
:10D5600077F8134816F074F840F235214DE72B7820
:10D5700001332B708CE7C1F89830C1F8A00001335B
:10D580005DE700BF00ED00E0E8A4030020D4030045
:10D590007F0F0400EDBC0300AAD40300AAFF4400DF
:10D5A000B59000200000F0FFDED4030004D5030096
:10D5B00033D50300F0B587B007460E461446002168
:10D5C000102268461D461BF08FFB02238DF80230A7
:10D5D000054B2A4621466846CDE90476019315F0AD
:10D5E000ADFC07B0F0BD00BFE94B030008B5024831
:10D5F00015F0F4FBFEE700BF6CD5030008B5024B45
:10D600001B689847002008BDB4840020034B044ADF
:10D610001860937843F0020393707047B48400203D
:10D62000D408002008B50649064821F00701C1F1D9
:10D63000005202F58022FAF7CFFF002008BD00BF9C
:10D640004B3F0120B884002070B541690446867ABA
:10D650000A4D59B1437ADB0706D42C2303FB06534A
:10D660005B6A1B689B689847002363612C202146F6
:10D6700000FB0650BDE870401AF097BAD80E0020A3
:10D680002C22024B02FB0030704700BFD80E002056
:10D690002C21827A054B01FB02339A6A1B7F801A88
:10D6A0001B3323F00303B0FBF3F07047D80E0020C8
:10D6B00038B52C24827A064B04FB02335B6AD3E92B
:10D6C00001240C601568FFF7E3FF04FB005038BD30
:10D6D000D80E002008B543684BB1074907485A23C4
:10D6E000074A15F0B5FF5A21054815F0A8FF038237
:10D6F0004369C36008BD00BF96D50300EDBC0300BD
:10D7000071D503002DE9FF470546684617461C46BC
:10D7100003911AF059FBDDE9008955B95C4940F2E3
:10D7200001135C4A5C4815F093FF40F2011159481F
:10D7300018E005F11406EFF3118A402383F31288F1
:10D74000BFF36F8F304612F005FB68B98423534A4C
:10D750005349514815F07CFF3146524815F078FF87
:10D7600084214E4815F06BFF304612F017FB6B8B8F
:10D77000002B5AD02A8B9A4239D9002200232846FE
:10D780000FF00AFF0446002831D0304612F0F0FABC
:10D7900068B94FF49973414A43493F4815F058FF1F
:10D7A0003146424815F054FF4FF49971D9E78AF396
:10D7B0001188BFF36F8F039D002D59D042464B4611
:10D7C00068461AF026FB2C21A27A394B204601FB31
:10D7D00002335B6A03A91B681E68DDE90023B047BA
:10D7E0006061002837D12046FFF72EFF2EE06C8BBA
:10D7F0003046631E6B8312F0BBFA0028C9D08AF34F
:10D800001188BFF36F8F2B7F2A8B1B33121BAC6ADF
:10D8100023F0030302FB0344254B264AEB1A9B101B
:10D820005343A3722B7FE372C5E7304612F0A0FA90
:10D830000028AED08AF31188BFF36F8F23463A4693
:10D8400028460FF0A9FE04460028B4D10024204643
:10D8500004B0BDE8F087039B9D420BD916494FF4F5
:10D86000AB730C4A0C4815F0F3FE4FF4AB715EE756
:10D870002B46656100210122616022816382E27A88
:10D8800004F118001BF030FA2046FFF723FFDEE713
:10D8900007DF030071D50300EDBC030007C00300E0
:10D8A00034C0030049C003005FC0030076C003001A
:10D8B000D80E0020A38B2EBAB0D5030070B50C464D
:10D8C000054658B9284940F29D13284A284815F0C2
:10D8D000BFFE40F29D11254815F0B1FE49B925491A
:10D8E0004FF4CF73214A224815F0B2FE4FF4CF71A6
:10D8F000F1E7EFF31186402383F31288BFF36F8FB4
:10D900001D4812F027FA60B984231C4A1C491848A4
:10D9100015F09EFE18491B4815F09AFE8421174801
:10D92000DAE7154812F03AFA002323606B689BB9D6
:10D93000C5E90044104812F01BFA80B94FF49973FE
:10D940000E4A11490A4815F083FE0B490F4815F09D
:10D950007FFE4FF49971E2E71C606C60EAE786F3A2
:10D960001188BFF36F8F70BD9BF9030071D5030061
:10D97000EDBC03001CED0300C484002007C00300BD
:10D9800034C0030049C003005FC0030076C0030039
:10D9900070B5044658B9234923484FF4D573234A38
:10D9A00015F056FE4FF4D571204815F048FEEFF300
:10D9B0001186402383F31288BFF36F8F1C4812F047
:10D9C000C9F960B984231B4A1B49174815F040FE6A
:10D9D00017491A4815F03CFE84211648E5E714481B
:10D9E00012F0DCF925682DB162682B68954223603E
:10D9F00008BF63600E4812F0BBF968B94FF4997321
:10DA00000C4A0F49084815F023FE09490D4815F046
:10DA10001FFE4FF49971E0E786F31188BFF36F8F13
:10DA2000284670BD9BF90300EDBC030071D50300CF
:10DA3000C484002007C0030034C0030049C00300B1
:10DA40005FC0030076C00300F8B5054698B12C27E7
:10DA5000184E2C46237A6D68CBB940F2C113164A92
:10DA60001649174815F0F4FD2146164815F0F0FD4B
:10DA700040F2C11108E0144940F2BB130E4A1048AD
:10DA800015F0E6FD40F2BB110B4815F0D8FD013B47
:10DA9000DBB2237253B9E3606360A37A204607FBCD
:10DAA00003631B6A1BB19847002DD2D1F8BDFFF765
:10DAB000CBFDF9E7D80E002071D50300C1D50300D6
:10DAC000EDBC0300CAD503001CED030008B558B92E
:10DAD000074908484FF4F373074A15F0B9FD4FF4AE
:10DAE000F371054815F0ABFD027A0132027208BDF0
:10DAF0001CED0300EDBC030071D5030008B503461F
:10DB000058B90849084840F23123084A15F0A0FDE9
:10DB100040F23121054815F092FD18465B68002B54
:10DB2000FBD108BD1CED0300EDBC030071D5030063
:10DB300070B50D46044658B90F494FF40F730F4A9C
:10DB40000F4815F085FD4FF40F710C4815F077FD67
:10DB500049B90C4940F23D23084A094815F078FDBF
:10DB600040F23D21F1E746681EB10846FFF7C6FFC7
:10DB70004660656070BD00BF4AD9030071D50300DF
:10DB8000EDBC0300DFD5030038B505460C4659B996
:10DB90000C490D484FF412730C4A15F059FD4FF41F
:10DBA00012710A4815F04BFD20B9BDE8384008460F
:10DBB000FFF78CBFFFF7A2FF2146FFF7B9FF28460A
:10DBC00038BD00BFDFD50300EDBC030071D50300F5
:10DBD0002DE9F84F06460C461546FFF78FFF002744
:10DBE00083464FF02C09DFF87CA0BBF81030BBF85F
:10DBF0001220DBF81410D21ADBF80C300BF10C00F9
:10DC00005B1AD21AA24228BF22461FFA82F829467E
:10DC1000424617F006F8B4EB0804474445441DD0CB
:10DC20000C9B53B1DDE90A010D9A98478346A8B1D0
:10DC300001463046FFF7A8FFD7E7B07A09FB00A0FE
:10DC4000436A9B6843B1A34228BF23461946DDE9D6
:10DC50000A23FFF757FDE9E72146F8E73846BDE814
:10DC6000F88F00BFD80E002008B548B90B492B2308
:10DC70000B4A0C4815F0ECFC2B21094815F0DFFC91
:10DC800083883BB108492C23054A064815F0E0FC7F
:10DC90002C21F2E783680B44036008BD1CED0300F0
:10DCA000ECD50300EDBC030018D60300034670B5A5
:10DCB00005688288DC889E68A818A41AAD1B641BBE
:10DCC000A14209D9064907483E23074A15F0C0FC7E
:10DCD0003E21054815F0B3FC0A449A8070BD00BF90
:10DCE00027D60300EDBC0300ECD5030008B50346BE
:10DCF00000689A68821A91420BD90949094840F292
:10DD00005513094A15F0A4FC40F25511064815F0C8
:10DD100096FC9A88401A11441860998008BD00BF8B
:10DD20005BD60300EDBC0300ECD5030008B5828888
:10DD300003468A420BD20949094840F2C313094AF3
:10DD400015F086FC40F2C311064815F078FC521A13
:10DD5000828000680844186008BD00BF4BD60300ED
:10DD6000EDBC0300ECD5030008B503469A880068B3
:10DD70008A420BD20849094840F2CF13084A15F0ED
:10DD800067FC40F2CF11064815F059FC521A0144C5
:10DD90009A80196008BD00BF4BD60300EDBC03009C
:10DDA000ECD5030008B5244A244B1A6009F03EFB69
:10DDB0004FF47A612248D0F82436C3F30802C3F343
:10DDC00009434B4382F480721E49883201FB0233BF
:10DDD0004FF4FA215B00B3FBF1F201FB12331A4955
:10DDE000B3F57A3F28BF0132C1F80429D0F82036B4
:10DDF0004FF47A60C3F30802C3F30943434342F28A
:10DE00001C5082F4807202F2172200FB02334FF49E
:10DE10007A701B0AB3FBF0F200FB12330020B3F55B
:10DE2000FA7F4FF0010328BF0132C1F81C27C1F867
:10DE30000009C1F8003608BD0020A1078C0B0020A6
:10DE400000C0FF00F82A00800000125048B1054BC6
:10DE5000054A1B68B3FBF2F35843044B43F001033C
:10DE6000184770478C0B002040420F0070A203003F
:10DE700070B50B7892B006460C4607AD032B31D82F
:10DE8000DFE803F0022A2C2E19492846F8F7B7FAE2
:10DE900005956378174A0493A3781E210393E378CA
:10DEA0000AA80293237910AD019363790093A379B3
:10DEB00014F0B4FF32460AAB1C4603CCAC421060EF
:10DEC0005160234602F10802F6D120681060304606
:10DED000A388938012B070BD0749D6E70749D4E7FD
:10DEE0000749D2E70A212846064A14F097FFCFE7F0
:10DEF000A8B20300CAB20300AFB20300B6B2030077
:10DF0000C0B20300ECB703000E4B402928BF4021EC
:10DF100070B51D460C4C4618B04203F1020304D103
:10DF2000002305F81130074870BD02781209A25C81
:10DF300003F8022C10F8012B02F00F02A25C03F888
:10DF4000012CE9E7B6900020371E04002DE9F341CB
:10DF5000064617469846214DD5E8AF3FDA0720D54B
:10DF600038B901211E4A1F4816F0DBF96FF0010095
:10DF700018E001A916F021FB02280446F6D102465A
:10DF8000194930461AF0BFFE0028EFD1D5E8AF3F5F
:10DF9000C3F3C0061B0708D5144A2146114816F0E2
:10DFA000C0F9002002B0BDE8F081A5F1D404072239
:10DFB00021464046B84706280AD801210C4A09489C
:10DFC00016F0AFF945F8D46CE671C4F80360E8E7E1
:10DFD0000723B0FBF3F0E071E3E700BFDC060020AD
:10DFE00092D60300109B0300BDB20300B3D603001A
:10DFF000D7D603002DE9F04389B0DDF840909D7934
:10E000005E791F7993F803C093F802E093F80180DA
:10E010000C461B78B9F1000F15D0CDE90639CDE9D2
:10E0200004E81346CDE9027CCDE900560D4A14F010
:10E03000F5FE002813DBA0422CBF6FF01500002076
:10E0400009B0BDE8F083CDE90583CDE903CE1346E1
:10E05000CDE90167044A009514F0E0FEE9E76FF0AE
:10E060001500EDE7FCD6030020D7030010B5FDF73F
:10E07000EBFA044628B101210346034A034816F08F
:10E0800059F9204610BD00BF41D70300109B030083
:10E0900070B504461E4615468CB0AAB129B10A4691
:10E0A00002A8042115F0E2FB02A900912B462246AA
:10E0B000242103A8FFF79EFF70B93146109A03A8E8
:10E0C000FDF710F90CB070BD03462421044A03A8E3
:10E0D00014F0A4FE2328F0D96FF01500F2E700BF7A
:10E0E00066D7030007B50B4B0B48DA79C2EBC202C7
:10E0F000009200221146FFF7CBFF034638B1012101
:10E10000064A074803B05DF804EB16F013B903B0F4
:10E110005DF804FB08060020BDB203006CD70300C5
:10E12000109B030030B5044615468DB09AB129B155
:10E130000A4602A8042115F099FB02A900912B467A
:10E140002246242103A8FFF755FF60B903A816F063
:10E150000CFA0DB030BD03462421044A03A814F084
:10E160005DFE2328F2D96FF01500F2E766D70300B1
:10E1700007B5009313460A4601460348FFF788FF98
:10E1800003B05DF804FB00BF40E903000A46014606
:10E190000148FFF7C7BF00BF40E9030007B5009380
:10E1A00013460A4601460348FFF772FF03B05DF8C5
:10E1B00004FB00BF3AE9030007B5009313460A4683
:10E1C00001460348FFF764FF03B05DF804FB00BF9E
:10E1D0009CE7030007B5002203460091034811465F
:10E1E000FFF756FF03B05DF804FB00BF32E9030000
:10E1F00008B502480FF0FEFE002008BDD40900203B
:10E20000F8B5194DD5E8AF3F13F0010F2E4628D0D1
:10E2100015F8CD3CA5F1D4078BB900F035FB0446C9
:10E2200030B10121114A124816F07BF82046F8BDA2
:10E23000FB7923B900F038FB04460028F1D1D5E87A
:10E24000AF3F5A0701D406F081FCD6E8EF3F23F434
:10E250000062C6E8E12F0029F7D11B0501D5FFF7C1
:10E26000C7FF0024E2E700BFDC06002087D70300D9
:10E27000109B030010B50024094B86B00948039396
:10E28000CDE904440FF0B2FF03AB009340F638022F
:10E290000A23054903480FF0C3FF204606B010BD0E
:10E2A000BAD70300E82A002088AB002001460148C5
:10E2B00010F0AAB8E82A0020884208B501F110033E
:10E2C00010D9984213D20E4940F2B3230D4A0E489A
:10E2D00015F0BEF90D4815F0BBF940F2B32109481D
:10E2E00015F0ADF9EFD000F110029142EAE70138E4
:10E2F00013F8012D8B4200F8012FF9D108BD00BFA2
:10E30000F5D70300C3D70300EDBC03004CD80300CE
:10E31000034630B41A780846012A11D0022A20D0C8
:10E3200062B9124A02F1100452F8045BA24241F8A9
:10E33000045BF9D15B881A0A8270C37030BC7047E5
:10E340000A4A02F1100452F8045BA24241F8045B4D
:10E35000F9D15B681A0C190E42700170C3F30722E1
:10E36000EAE7591C30BCFFF7A7BF00BF481E0400F6
:10E3700010B516F019FD19F097FC044608B910F015
:10E3800025FF064BD3E8AF3F0BB10A2098471CB9D5
:10E39000BDE8104010F08CBF10BD00BFC884002045
:10E3A000811EC9B21E2938B5044604D81A4820FA7D
:10E3B00001F1C9070CD419497A23194A194815F0F3
:10E3C00047F9194815F044F97A21154815F037F93D
:10E3D000164816F015FC0546D0B1082C1AD00CD8FA
:10E3E000022C10D0042C15D011490E485223114A8A
:10E3F00015F02EF952210F48E8E7102C01D0202CFF
:10E40000F2D1052100E0042105F10C0016F015FC05
:10E41000284638BD0221F7E741000040ADD803008F
:10E420007ED80300EDBC0300F2D80300B40F002037
:10E430007F0F040012D90300034BD3E8EF2FC3E88A
:10E44000E10F0029F9D17047C88400200F2810B5CA
:10E450000CD80D280CD90A4816F0D2FB044618B186
:10E4600004210C3016F0E9FB204610BD1328F2D031
:10E4700009B10448F0E70220BDE81040FFF790BF63
:10E480000C100020300F002038B50B6805460C46F4
:10E490004BB90E490E48FA230E4A15F0D9F8FA2165
:10E4A0000C4815F0CCF84A68DA600B684A895A8241
:10E4B0000868FFF7C9FA2046102200211AF014FC60
:10E4C0002846BDE8384016F06FBC00BF44D90300B1
:10E4D000EDBC03007ED803002DE9F84305460C4649
:10E4E0001F4616464AB92649D623264A264815F01D
:10E4F000AFF8D621234815F0A2F838B92349D7231D
:10E50000204A214815F0A4F8D721F3E7CA684B69DF
:10E510009A4207D11E49DB231A4A1B4815F098F886
:10E52000DB21E7E7084616F057FC804638B1194969
:10E53000DD23144A144815F08BF8DD21DAE701F1E8
:10E540000C09484605F10C0116F064FBE3686269AA
:10E5500031469B1A13FA86F36B82012348466B728D
:10E560002E82FFF7E3FBE36828467B60638AC4F8EA
:10E570000C807B81A4F812803C60BDE8F88300BF6A
:10E580007BD603007ED80300EDBC030051D9030005
:10E5900056D9030073D90300F0B505460E46174659
:10E5A00085B0AB88012B0ED9284616F05DFB0446DA
:10E5B00048B1AB88984208D9022100930D4A03461E
:10E5C0000D4815F0C1FE05B0F0BD284616F04CFB15
:10E5D0002B688DF80800013C394602A88DF80940E7
:10E5E0000393B0470028EED021462846FFF79EFB54
:10E5F000D7E700BF93D90300C09A0300F8B50646D9
:10E600000024094DEF79E3B29F4202D86FF0010078
:10E6100007E02946304616F0E8FB0735631C08B1D1
:10E620002046F8BD1C46EEE70806002070B51A4EDD
:10E630000622314605461AF066FB38B34FF0FF302C
:10E640004FF0FF3106F008FA044608B306222946C7
:10E650000C3016F0E6FA2146002242F2050006F0E0
:10E66000C5FB044648B110F10D0F04D102210B4A3D
:10E670000B4816F0C2FB204670BD33462A6843F8AB
:10E680006929AA88B280012283F868200024F2E771
:10E690006FF06804EFE700BF71060020BED90300E9
:10E6A000E09A030073B504460D46D1B128461C49D3
:10E6B00016F09BFBA8B91B4A2968C4EBC40411518E
:10E6C000A318AA889A80AA799A71174816F097FB1E
:10E6D000430703D5FFF78CFD16F0FAFA002002B0CD
:10E6E00070BD6E46304616F042FB0028F7D130462A
:10E6F000FFF784FF0028F5DA0A4A0098C4EBC40447
:10E700001051B179B088A31898809971002DDCD090
:10E7100012592A609A88AA809B79AB71D5E700BF0D
:10E72000241E040008060020DC06002008B528B1DD
:10E73000054816F064FB030601D5012008BD024818
:10E7400016F05DFBF9E700BFDC06002070B504465B
:10E7500029BB38B3264916F048FB18BB2046FFF703
:10E760004DFF00283EDA23786BB9224AD379002B7B
:10E7700038D120681060A179A08891710121908022
:10E780001846D17170BD012B04D1A37903F0C003E9
:10E79000C02B07D00121184A184816F02EFB6FF045
:10E7A0001500EFE7134DEB79012B1ED005F1D400D6
:10E7B00016F025FBC30707D4002CF0D020460C49E7
:10E7C00016F013FB0028EAD1EE792146731C30467F
:10E7D000EB71FFF767FF08B93046D3E7EB79013BF0
:10E7E000EB71CFE76FF07700CCE76FF00B00C9E774
:10E7F000241E040008060020CDD90300E09A03007F
:10E800002DE9F341044640B91A4A02211A4816F08C
:10E81000F4FA002002B0BDE8F081002141F20900C5
:10E8200001AA06F0E3FA054608B1144AEDE7019E95
:10E830000622D6F80C80124908F1010738461AF072
:10E8400062FA28B1062238460E491AF05CFA18B965
:10E850003046FFF7F9F8DCE7D8F801303046C4F865
:10E860000130BB882570A4F80530FFF7EDF80120D2
:10E87000D0E700BFFBD90300E09A030014DA0300DD
:10E88000311E04002B1E040007B56846FFF7B8FFD1
:10E89000044BD87118B169460020FFF703FF03B09D
:10E8A0005DF804FB080600202DE9F041304E88B0E9
:10E8B000F179002954D196F8C24014F0010411D125
:10E8C0002C4A02212C4816F098FA0024F4711625DF
:10E8D00000240127F379E0B283422BD8002B3FD0EC
:10E8E00000203AE06A464FF6094006F07FFA08B188
:10E8F000224AE6E7DDF800C0DCF80C5095F801800C
:10E90000B8F1000F0ED0AB1C02AA123517461868DA
:10E910005968083303C7AB423A46F7D118683860E4
:10E920009B88BB806046FFF78FF8B8F1000FCDD110
:10E93000134AC6E708AB05FB003353F8182C33F82D
:10E94000143C6946CDF80120ADF805308DF8007013
:10E95000FFF7A8FE01340028BCD008B0BDE8F08164
:10E960000021084608B0BDE8F041FFF7EFBE00BF48
:10E970000806002032DA0300E09A03005EDA0300A2
:10E980007EDA030038B50C4661B108480578012DE0
:10E9900005D10130FFF74AFE00B9257038BD0020CF
:10E9A0000870FBE76FF01500F8E700BF08060020CD
:10E9B00010B50C4641B300F03DF9A8B100F11003C9
:10E9C000184616F01CFAC1050ED5184616F017FAAF
:10E9D000C20409D50E4B1B78012B03D10123002063
:10E9E000237010BD0023FAE700F024F920B11030A5
:10E9F00016F005FAC305F1D4002016F010FA00282D
:10EA0000EFD101232370ECE76FF01500E9E700BFB9
:10EA1000080600202DE9F8430E4690461D4607469D
:10EA200048B143B10C0313D5710709D50121374A09
:10EA3000374816F0E2F96FF015042046BDE8F88378
:10EA400016F003FA04460028F7D101232B70F4E7EF
:10EA50008A07047829D02F49B8F1000F05D0B306F2
:10EA600003D591F8D83058064CD5C4EBC40411F83E
:10EA70000490B9F1010F0AD101342144384616F04F
:10EA8000C6F904460028D8D185F8009002E0B9F113
:10EA9000000FF9D0B8F1000F05D0B10642BF2B78B6
:10EAA00043F002032B700024C7E711F0040311D0D8
:10EAB0001849C4EBC4040F5D012F08D1013421446F
:10EAC00016F0A5F904460028B7D12F70E5E7002F0E
:10EAD000E3D1FAE7104816F092F98206C0F3401627
:10EAE00005D5184600F004FCB0FA80F676093846E1
:10EAF00016F0ABF9044601202870002E9DD000F0DE
:10EB0000F7FB9AE76FF0850497E700BFA7DA0300E9
:10EB1000E09A030008060020DC0600202DE9F74FEC
:10EB2000884601904FF0FF314FF0FF3005F094FF21
:10EB3000044600284ED020210C30FFF7B7F80027FC
:10EB40000646002120221AF0CFF83946D8F80050A6
:10EB500006F1010BD8F804309F4208D3317000222F
:10EB60002146019803B0BDE8F04F06F03FB96A783E
:10EB7000881C13181F2B95F800C05FFA80F915D96F
:10EB8000BCF1090FC9F11F0201D1002A0CDC0121DF
:10EB9000124A134815F0C5FB2046FEF755FF6FF0EB
:10EBA000150003B0BDE8F08F4FF0080C5FFA82FA51
:10EBB0000AF1010E0BF801E00131C9B20BF801C0F6
:10EBC00069685844D1441AF069F801375FFA89F14D
:10EBD0000835BFE76FF06800E3E700BFCCDA030059
:10EBE000A09A0300F7B5CDE90001694642F208009A
:10EBF00016461D469DF82070FFF790FF044648B961
:10EC00005FB90B4BD3E8EF1F41F00401C3E8E21FEB
:10EC1000002AF7D1204603B0F0BD694642F2090050
:10EC2000CDE90065FFF77AFF0028EAD00446F1E756
:10EC30003006002000487047200600202DE9F04FE4
:10EC4000D0F810A089B0BAF100040546B64818BF44
:10EC50000124039316F01BF947070E46934640F133
:10EC60008881D5F8048018F4806F0BD06FF01504FC
:10EC7000002340F201119B4540F08481204609B0F9
:10EC8000BDE8F08FD5F81090B9F1000F02D018F060
:10EC9000030FEBD0A54F2878FB798342E6D9C0EB70
:10ECA000C0000722A24938441AF02DF80028DDD010
:10ECB00018F0030F06D197F87030082B02D8AB6814
:10ECC0009F2BD3D918F0300F72D0B9F1000FCDD0EF
:10ECD00018F0100F6FD108F46038B8F5603FC5D058
:10ECE0002846FFF723FD80460028BFD0914816F044
:10ECF000CEF8C0F30023C00500F13E81CDE9053315
:10ED0000CDF81B30AB686A68ADF81030EB6812F4D0
:10ED1000004FADF8123014BF06230723D10348BFBC
:10ED200003F00503920348BF03F0FB03DFF8F891FB
:10ED30008DF81D30D9E8EF3F23F48073C9E8E23F36
:10ED4000002AF7D12B7822463B7687F86F30696826
:10ED50000DF11503A9F1BC00FFF75CFE0446002885
:10ED600086D1A9F1B303BAF1000F30D02A69116836
:10ED700049F8B31C9188998092799A716B689C07C5
:10ED800027D0BAF1000F2BD013F0100F0CBF0123C6
:10ED900004238DF814302B691A68CDF816209A8850
:10EDA000ADF81A209B798DF81C304FF000081AE05E
:10EDB000B9F1000F8FD1D5E902239A423FF656AF41
:10EDC0001F2A7FF653AFB3F5804F84D94EE7584AD8
:10EDD000CDE7980502D4039B002B3CD0022300E032
:10EDE00053468DF814304FF0FF304FF0FF3105F0EF
:10EDF00033FE0446002800F0C2800F2204A90C3024
:10EE000015F00FFF2146002242F2060005F0EEFF4A
:10EE1000044600287FF42CAFBAF1000F1FD06868B9
:10EE200010F0030027D107460121434816F032F8BD
:10EE30000446002845D00121404A414815F071FAA6
:10EE4000002F3FF415AF3846002107F0FDF9384692
:10EE500007F066F90CE703238DF81430A5E759464F
:10EE60003046129B039ACDF80080FFF7BBFE0446A4
:10EE70000028D4D0FCE63C7E07222D49314887F893
:10EE80006F4019F040FF60B920462F4907F050FF4E
:10EE9000074610B96FF00B04EAE6052107F0D4F934
:10EEA000C2E72046274907F095FF00287FF4DEAE31
:10EEB000387E244907F03CFF07460028EAD00621A7
:10EEC000ECE717B1384607F02BF96B6813F0030F26
:10EED000184B1FD0D3E8EF2F42F40072C3E8E12FA4
:10EEE0000029F7D1B8F1000F30D0D3E8EF2F42F46A
:10EEF0008062C3E8E12F0029F7D16A6851072ED557
:10EF0000D3E8EF1F41F48051C3E8E21F002A3FF429
:10EF1000AFAEF5E7D3E8EF2F22F40072C3E8E12F9C
:10EF20000029DFD0F6E700BFDC060020080600203D
:10EF3000241E04003006002020060020E5DA03002D
:10EF4000A09A0300290600201D1E0400D3E8EF2F1D
:10EF500022F48062C3E8E12F0029CED0F6E7D3E89F
:10EF6000EF1F21F48051C3E8E21F002A3FF480AE76
:10EF7000F5E76FF00A047BE66FF0770478E66FF050
:10EF8000680475E632888A4204D1726812B1127838
:10EF9000D20702D4013308366DE6054905480FF063
:10EFA000AFF90023044A03480FF03AFB66E600BFBE
:10EFB00055F00100380600201C4E0E0010B51E480A
:10EFC00015F08EFF1D4815F062FFC1052ED51B48B8
:10EFD00015F05DFF820515D519490722194819F06A
:10EFE00092FE03461849087E1BBB0522174907F00D
:10EFF00059FF044630B10021417207F025F920463F
:10F0000007F08EF800210C4815F044FF044670B953
:10F010000F4815F03CFF830608D5204600F068F93C
:10F02000204615F0FCFE012000F062F90024204685
:10F0300010BD06222131DAE720060020300600202C
:10F04000241E040029060020080600201D1E0400BE
:10F05000DC06002010B5FFF7B1FF034630B1BDE874
:10F0600010400221024A034815F064B910BD00BFE8
:10F0700000DB0300A09A030070B505460E464FF072
:10F08000FF304FF0FF3186B005F0E6FC0446A0B13A
:10F0900002210C30FEF70AFE094A4670057003A9EA
:10F0A00020460523009505F0C5FC0022214642F2CA
:10F0B0000C0005F09BFE06B070BD6FF06800FAE72B
:10F0C000DC06002008B50C4B0246400903EB80002B
:10F0D00015F009FF02F01F0340FA03F313F00100DB
:10F0E00006D122B9054815F0FEFE40F3C01008BD58
:10F0F0006FF07700FBE700BFCC840020DC06002027
:10F10000084A430902EB8302012300F01F008340F9
:10F11000DB43D2E8EF0F1840C2E8E10F0029F8D135
:10F12000704700BFCC84002030B587B00022002398
:10F130005D480DF0B9FF0446002840F092805B481E
:10F1400015F0D1FE10F00103584D46D02B1D93E869
:10F15000070006AB03E90700554815F0C4FEC0F3ED
:10F160004013524815F0BFFE044600286CD07BB116
:10F170000C2250490DEB020019F0C5FD0446002891
:10F180006CD000210846FFF777FF0446002865D1C0
:10F190000023ADF80930BDF80E309DF80C00ADF835
:10F1A0000530BDF810308DF80400ADF80730431E6F
:10F1B00058420DF109015841FFF7FAFB04460028B7
:10F1C0004CD14FF0FF304FF0FF3105F045FC0546C4
:10F1D000002849D16FF0680440E0354815F083FEFF
:10F1E00010F0800F344A0ED04FF480749089D1898A
:10F1F0001269ADF80C40ADF80E00ADF81010ADF886
:10F2000012300592A8E72D4C03AB2068616803C358
:10F21000A068186092F8D930180748BF0523234822
:10F2200048BF8DF80D3015F05EFE810706D53023FE
:10F23000ADF810306023ADF80E308DE71B4815F0A7
:10F2400052FE4207F3D487E743B10146FFF714FFAC
:10F25000044618B9174B2861C3E9010012480DF0A4
:10F26000EBFF204607B030BD072201A90C3015F096
:10F27000D8FC2246294642F20B0005F0B7FD0446B1
:10F280000028EBD19DF80D10012001F00101FFF7DE
:10F29000F3FE04460028E1D1064B06AA12E9070056
:10F2A00083E80700DAE700BFE8840020CC84002070
:10F2B000DC060020DC8400200806002028A20300D1
:10F2C0004422002110B5084819F00EFD064B03F149
:10F2D0001C001C4618F042FC04F1300018F03EFC03
:10F2E0000022024B1A6010BDCC840020188500203B
:10F2F000044B0038597C18BF012001F00101FFF7D1
:10F30000BBBE00BFCC840020032838B5054603D11E
:10F31000BDE83840FFF708BFFFF7D4FE0446A8B9A0
:10F320000B4B6A0903EB8203012205F01F018A409F
:10F33000D3E8EF0F1043C3E8E10F0029F8D1FFF73E
:10F34000F3FE044610B12846FFF7DAFE204638BD2A
:10F35000CC8400202DE9F04F00F10C088BB004465E
:10F36000404615F081FC0646864815F0BCFD00F0CD
:10F3700001038448039315F0B6FDC0F380030293A4
:10F3800016B90BB0BDE8F08F039B13B9029B002B9D
:10F39000F7D0238A082B07D801217B4A7B480BB082
:10F3A000BDE8F04F14F0BDBF09214046FEF7DCFC7C
:10F3B000037A228A01339A420546EDD30123ADF840
:10F3C00024307F238DF81E30037A471C03445B7A78
:10F3D0008DF81D30FF238DF81C300023ADF822304E
:10F3E0000278042A98BF6A4B8DF81F2098BF9B5C57
:10F3F000ADF82030037A6348019315F074FD00F0F6
:10F400000109604815F06FFD8246B9F1000F0BD07D
:10F41000BDF820305A0707D5297A40460131013E10
:10F42000FEF784FCF6B2ABE7384615F0B9FC0DF1F7
:10F43000100B00284FD03946584615F0A6FCB9F1FC
:10F44000000F02D11AF0040F59D1524BD3F800A08B
:10F45000BAF1000F14D0E2686369B4F810B0A2EBFF
:10F460000309019B9DF81F2023829DF91D1043462F
:10F4700004A8D0476369A4F810B013FA89F3E360D5
:10F4800004AB0693444B1B68002B36D053F8089905
:10F49000B9F1000F01D0A9F108091A688AB1E16831
:10F4A0006269B4F810B0A1EB020A019A41462282C7
:10F4B0001B6806A898476369A4F810B013FA8AF38A
:10F4C000E360B9F1000F18D0D9F8082002B1083A6A
:10F4D0004B469146E1E76B78FF2B09D12F4B18681B
:10F4E00004909A889B79ABF804208BF80630A6E745
:10F4F000394615F087FC0346F1E7002306932148BF
:10F50000BDF8203015F0EFFC10F0010984D1DB07C5
:10F5100082D50322484604A907F0C4FC824600288D
:10F520003FF47AAF022015F0E1FCD5F801305046E7
:10F53000CAF87E30BB88AAF88230BB798AF884305A
:10F5400016F0E1FFA8B11F2349468AF8093050465A
:10F5500006F07AFE504606F0E3FDFFF7E5FD0346B0
:10F5600000283FF459AF02210D4A084814F0E2FE8A
:10F5700052E75046022106F067FE504606F0D0FDE5
:10F580004AE700BFCC84002026DB0300F89A030082
:10F59000581E04001885002010850020241E040039
:10F5A0003FDB0300F8B50546224815F09CFC4307F5
:10F5B0000F463CD52A78012A03D96FF0150420465E
:10F5C000F8BD6B780F2BF8D843F6FC746888031FDE
:10F5D0009BB2A342F1D8A9880B1F9BB2A342ECD8DF
:10F5E0008842EAD37AB90022002313480DF05CFD6B
:10F5F00004460028E3D1FFF765FD044640B10E48FC
:10F600000DF01AFEDBE715F037FC0028EBD1D4E74C
:10F6100028686968094E0A4B03C6A8681F603060F5
:10F620002046FFF771FE044606F12400E8E76FF07C
:10F630000A04C4E7DC060020FC840020D0840020FB
:10F64000188500200020024B186015F04FBC00BF49
:10F65000188500200A4A00F10803116831B9816059
:10F66000516839B9C2E90033002070478B4204D099
:10F670000968F3E70B605360F6E76FF0100070471E
:10F680001085002008B5034815F02DFC00F001009E
:10F6900008BD00BFCC84002010B50268D2F8BC3091
:10F6A0005BB90D490D484FF43C730D4A13F0D0FF80
:10F6B0004FF43C710A4813F0C2FFD2F8C0401968F9
:10F6C000A34200F1440008BFC2F8C0108342C2F850
:10F6D000BC10E6D110BD00BF96DB0300EDBC0300FB
:10F6E00065DB030003460121014A024814F022BEF3
:10F6F000B0DB0300E89A030080B500AF88B06A462B
:10F70000074BCDE90530032342F8103F00234FF4A7
:10F71000C2510448FBF7C8F96FF00B00BD4680BD2D
:10F72000D8DB0300E89A030010B50B4A13683BB11D
:10F73000D36C23B1FFF7E0FF6FF00B0010BD012386
:10F740004C2000FB03205B42044C03F04C031A44A2
:10F75000446000200A60F1E71C8500205CA50300DE
:10F7600070B5044652EA030007D100221346204632
:10F77000BDE87040043106F0F5BE0E48007870B95F
:10F780000D4940F246330D4A0D4813F061FF0D4814
:10F7900013F05EFF40F24631084813F050FFFDF7CA
:10F7A00063FC094D094ED5F8885030588542DED1AA
:10F7B000DBE700BF68960020A3BF030078BF03000B
:10F7C000EDBC0300B6BF0300088000200800000065
:10F7D00073B5054618462B680BB39B7A072B1ED1D1
:10F7E000002A0CBF012302230E7A9E4209DD01216B
:10F7F0000C4A0D48009614F0A7FD6FF0150002B0FA
:10F8000070BDCB7A072BF8D9C8618A6105F1300049
:10F8100018F0C0F9284615F073FB0020EFE76FF0F1
:10F820007F00ECE7FFDB0300E89A03002DE9F84FC7
:10F83000064688469146D0F8BC4000AF3CB1443CF7
:10F84000236B5BB92046FFF727FF646CF6E705F0F2
:10F8500057FA00263046BD46BDE8F88F04F1300A5D
:10F86000504618F0ACF905460028F0D0B37A072BC3
:10F870000BD0384940F2D633374A384813F0E8FE07
:10F8800040F2D631344813F0DAFE15F0A5FA80B113
:10F890006C4688B06A46324BCDE90535032342F801
:10F8A000103F00234FF4C2512E48FBF7FDF8A54648
:10F8B000CFE72846FEF70AF9A56C06469DB9A38C4A
:10F8C000058A403B9BB23F2B03D8238D9D4228BF26
:10F8D0001D46042106F10C00FEF708FA0580A38CF2
:10F8E00004354380A56445452AD8B6F810B0AB4529
:10F8F00012D10022002350460DF04EFE864209D060
:10F9000019494FF48163144A144813F0A1FE4FF4CF
:10F910008161B7E7FEF798F8A38CA3F140023F2A74
:10F9200006D8AB451ABF00221346104AF361B261F4
:10F930002046FFF7B1FE236B13B1204615F0E0FA25
:10F94000A36C98452CBF0021A3EB0801C9F8003037
:10F95000A1647FE71FDC030065DB0300EDBC03004F
:10F9600040DC0300E89A030058DC03004150030028
:10F970002DE9F34104464FF000083D4D3D4FBD4297
:10F9800071D93D494FF4D3733C4A3D4813F060FEB2
:10F990003C4813F05DFE4FF4D37110E029884B1EF4
:10F9A0003E2B0FD940F2A913344A3749344813F09B
:10F9B0004FFE2988354813F04BFE40F2A9112F481D
:10F9C00013F03DFE204615F032FB0646019068B16B
:10F9D00040F2AD13294A2E49294813F039FE2988EF
:10F9E0002C4813F035FE40F2AD11E8E720466B6875
:10F9F00001A99847002831DB019B2A889A829A84C2
:10FA000003F11002D2E8EF1FC2E8E06F0028F9D13D
:10FA10005E649E649E60A16B03F1080201BBC4E9B1
:10FA20000D221C60C3F80C8003F1300018F0A9F817
:10FA3000019843681B6803B19847019B1033D3E8D2
:10FA4000EF1F41F00101C3E8E21F002AF7D101983E
:10FA50004368DB6913B100F11001984708358EE760
:10FA60000A60A263DDE799D302B0BDE8F08100BF70
:10FA70004C9A0300649A030001DD030065DB030078
:10FA8000EDBC0300A7C4030068DC030097DC03009F
:10FA9000C2DC0300D6DC03007FB50D460646042118
:10FAA00005F10C00FEF760F92A8A43880446934268
:10FAB00008D000931346444A0121444814F044FC02
:10FAC00004B070BD417839B90121414A3F4804B0C2
:10FAD000BDE8704014F025BC0278122A22D0132A07
:10FAE0001AD0012AECD0022113463848394A14F0C2
:10FAF00021FC617802220120356815F07EFA044667
:10FB00000028DDD002210C30FEF7D0F8002321467A
:10FB100003704370284624E0022BD1D002220092C9
:10FB20002D4AC9E7082B03D0082200922B4AC3E7CD
:10FB30003468A37A072B02D00221294AC6E7E3786A
:10FB4000A3B10222012015F058FA05460028B7D0CB
:10FB500002210C30FEF7AAF80023294603704370F7
:10FB6000204604B0BDE8704015F077BAEB6813206A
:10FB70001A88ADF808205A88ADF80A209A88ADF89E
:10FB80000C20DB880222ADF80E3015F036FA05465F
:10FB9000002895D002A9204607F076F806460221F3
:10FBA00005F10C00FEF782F886F00103DBB203805A
:10FBB0002946204615F051FA002E81D0204602A990
:10FBC00016F010FE7CE700BF28DD0300E89A030072
:10FBD00049DD0300D5DD03006ADD030095DD030088
:10FBE000C7DD030008B50B8A032B06D80121044AA0
:10FBF000044814F096FB002008BDFFF74DFFFAE71C
:10FC0000FDDD0300E89A030038B50B8A0546032B97
:10FC10000C4609D801210F4A0F4814F082FB2046F8
:10FC2000BDE83840FDF710BF042104F10C00FEF7D9
:10FC30009BF84188284615F021FA30B9074A0B464F
:10FC40000548022114F076FBE9E7436821465B6929
:10FC50009847E4E71BDE0300E89A030038DE030060
:10FC600070B5134A0C4613780646013313F0FF01B2
:10FC70000ABF01230B46194613701220082215F003
:10FC8000BCF9054688B108210C30FEF70FF8228830
:10FC90002946028062884280A2888280E288C280EF
:10FCA0003046BDE8704015F0D8B96FF00B0070BD5C
:10FCB0003791002023281FD81A2804D8431E182B58
:10FCC0000ED906207047A0F11B03082B1ED8DFE8D1
:10FCD00003F0051D1B231D19251D0500032070477A
:10FCE00001230F4A83401A40C2B90E4A1A40002A23
:10FCF0000CBF06200120704700F07F03522B05D176
:10FD000000207047012070470520704710F0400F19
:10FD100014BF00200620704704207047022070475F
:10FD2000AAAA8A025455450138B50446EFF3118555
:10FD3000402383F31288BFF36F8F244810F00AF832
:10FD400068B98423224A2349234813F081FC1F49C0
:10FD5000224813F07DFC84211D4813F070FC1B48E1
:10FD600010F01CF8002323601D4B5A689AB9C3E9B0
:10FD7000004416480FF0FCFF80B94FF49973144A01
:10FD80001849154813F064FC1049174813F060FC3B
:10FD90004FF49971E0E714605C60EAE785F311883D
:10FDA000BFF36F8F11480EF025F9031E0CDA012105
:10FDB0000F4A104814F0BEFA002383F31188BFF3F2
:10FDC0006F8F0323184602DF38BD00BFBC850020BB
:10FDD00007C0030034C00300EDBC030049C00300AA
:10FDE000B48500205FC0030076C00300180A00201D
:10FDF00088DE0300A89A0300011F01480DF074B8C3
:10FE0000380D002008B50B4B1B7873B90A4940F236
:10FE100046330A4A0A4813F01BFC0A4813F018FC40
:10FE200040F24631054813F00AFCFDF71DF9064B78
:10FE3000185808BD68960020A3BF030078BF0300D0
:10FE4000EDBC0300B6BF03000800000010B5044677
:10FE5000807AFDF715FC0B4B83420BD00A490B4807
:10FE60004FF4B5730A4A13F0F3FB4FF4B571084829
:10FE700013F0E5FB2046FDF70BFC1822054B02FBB7
:10FE8000003010BD040F0020E0DE0300EDBC0300D5
:10FE9000B1DE0300C08500202DE9F84F0746084673
:10FEA0000C46FFF7D3FFE3680646D0F8089007F149
:10FEB0005002D2E8AF2FD20709D40121294A2A489B
:10FEC00015F008F96FF015052846BDE8F88F228A6D
:10FED0005AB9264926484FF4DA73264A13F0B8FB7C
:10FEE0004FF4DA71234813F0AAFBE268127802712A
:10FEF000002202601B78D22B0FD13B682146186884
:10FF000016F099FA054640B101211B4A164815F032
:10FF1000E1F82046FDF798FDD6E70023D4F80C80E1
:10FF2000D4F814B0B4F810A01A462146B760381DB2
:10FF3000FFF74EFC05460028C6D010F1690F04D12A
:10FF400001210E4A084815F0C5F86369A8EB0B08B3
:10FF500013FA88F3E360A4F810A0C6F8089035609F
:10FF6000B2E700BF0CDF0300A89A030026DF0300FE
:10FF7000EDBC0300B1DE03004CDF03005FDF0300D4
:10FF80000121024A024815F0A5B800BF82DF030034
:10FF9000A89A030010B5044600F14C03D3E8EF1F04
:10FFA00041F00101C3E8E21F002AF7D1201F15F03C
:10FFB000ACF804F16C0004490EF0A2F92068BDE829
:10FFC000104003F0F1BE00BFE512020073B50E460B
:10FFD000438D418B01328B4228BF0B469A42054626
:10FFE00009D9022100921A481A4A14F0ADF90024E6
:10FFF000204602B070BD3046FFF75CFE6FF0140380
:020000022000DC
:10000000034113F001030ED0FFF7FCFE124BD3F8AF
:100010008830834219D0114B1B681A1A18BF4FF051
:10002000FF32134600E00E4A00210E48FFF798FB0E
:1000300004460028DCD0FFF709FF0121856004F1A8
:100040000C00FDF733FE0670D2E70022E9E700BF9F
:10005000A89A03009FDF030008800020B0860020DC
:100060001C4E0E00040F002070B5044601F10C0078
:100070000D4614F001FE266801462B8AEA683068B6
:1000800016F052F91E2100222046FFF79FFF01467D
:1000900030B90121044A054815F01CF8002070BD54
:1000A000204615F03AF9F9E7C4DF0300A89A0300E7
:1000B000F0B51E4603680D460039044618BF0121FD
:1000C00087B01868174616F040F938B904F15000A7
:1000D00015F055F9002848D1122014E0002E46D022
:1000E00018220021684618F0FFFD77B10022132185
:1000F0002046FFF76BFF019038B91E4801211E4AC8
:1001000014F0E8FF112007B0F0BD236831461B68EA
:1001100030460093BDF83030184AADF812300D9BD0
:100120008DF808500393BDF83830ADF81030012336
:100130008DF814306B4615F0FEF89DF814307BB145
:100140004FB10198FDF780FC3246294620469DF8C4
:10015000143015F01FF9182D07D19DF81400D2E7BF
:10016000019911B1204615F0D8F80020CBE7012005
:10017000C9E700BFA89A0300E1DF03007351030041
:10018000F7B5144605460E464FF4957201462068B1
:1001900015F0AFFF207430B92946206816F010F929
:1001A00020B908232374002003B0F0BD6B8A5B06DE
:1001B00012D501230193E38929460093AF68A389EF
:1001C000A2682068B84738B110F1FF0F32BF0E2087
:1001D0004042C0B22074E6E700220023094814F030
:1001E0000FFD606008B90923DCE70683E3894383D8
:1001F0006068A289A1680C3014F013FD002301206F
:100200002374D1E7E00F00202DE9F3410B8A044667
:100210000D4643B90121294A294814F05BFF00200B
:1002200002B0BDE8F0810768012105F10C00FDF77F
:100230009BFDBB7A0646072BF1D154F8043C002BFA
:10024000EDD0002203781F4F043C17F832004FEA2C
:10025000C208984207EBC20114D12A8A487890421A
:1002600026D90121009316481346174A14F06CF85A
:1002700004234744BA78012AD1D1002BCFD00022E1
:10028000317811E001321E2ADFD1104A02210C48D8
:1002900014F050F831780846FFF70CFD2122C240D7
:1002A00012F00102BBD10623204615F073F8B6E721
:1002B0004B682046294698470346DAE7FADF0300F1
:1002C000A89A030084A503002FE0030015E00300B3
:1002D000F8B5104A074600230F480D4614F090FC6D
:1002E000044638B901212B460C4A0D4814F022F877
:1002F0002046F8BD00F10C0609213046FDF7B4FC9C
:100300002046FFF7A3FD012187603046FDF7CEFCB4
:100310000570EDE71C4E0E00040F0020B0DB03005B
:10032000A89A03002DE9F04F06460025CB6887B058
:100330001B78504F04933068036A73B9002D40F066
:100340008E8019213046FFF7C3FF0146002800F0D8
:100350008E80304614F0E1FF81E02030FDF718FB7D
:100360004FF00003BB80BB68B0F818A0028AC168D8
:10037000044640483B6014F054FCD6F80080D8F89E
:10038000205035B14FF0000B638BD5F800900593EA
:10039000D5B9049B012B68D1BB88002202933B682E
:1003A00018210193638B304600935346FFF780FE7C
:1003B000054628B1034618213046228B14F0EAFF87
:1003C0002046FDF741FBB6E72A8B524532D16A8BB6
:1003D000002ADED0B988059B581882422ED12A8A7D
:1003E000F888114481423EDC3846E96814F019FC73
:1003F0002A68BBF1000F14D1D8F82410C8F82020C7
:100400008D4201D1C8F82420002328462B60FDF737
:100410001BFBB9F1000F0FD0D9F800204D469146D3
:10042000B6E7CBF80020D8F82420954208BFC8F8DA
:1004300024B0E9E7AB46ECE74A46EFE7072520465C
:10044000FDF702FB30682030FDF7A2FA04460028D1
:10045000F5D12B4652461821304614F09BFF002060
:1004600007B0BDE8F08F0D25E9E70025A8E70E20CD
:10047000F6E700BFE40900202DE9F0410E8A0446AA
:10048000043EF6B2022E08468CB001D0102E64D184
:1004900004210C30FDF768FC0DF108080588478839
:1004A000011D3246404614F042FC002857D0A5B347
:1004B00000268FB3AF4230D34FF42053404601A9FA
:1004C0008DF80460ADF8063014F004FC48BB14222B
:1004D000002107A818F008FC11212046FFF7F8FEBC
:1004E0000990002837D001210C30CDE90748FDF7ED
:1004F000DDFB00230A90394603701A4A0B93284605
:1005000007AB14F018FFDDE909131B78FBB90846A7
:10051000FDF79AFA0A2301E03D4601232A461021FD
:100520000EE042F60103404607A98DF81C60ADF8C5
:100530001E3014F0CFFB0028C9D010232A461946DC
:10054000204614F027FF00200CB0BDE8F0812046C3
:1005500014F0E3FEF7E71120F6E70420F4E70E209D
:10056000F2E700BF990B02002DE9FF410368044642
:100570000D461868012115F0E8FE40B904F150005D
:1005800014F0FDFEA0BB122004B0BDE8F0811022E3
:100590000021684618F0A8FB21212046FFF798FEAD
:1005A000029038B34FF00108009405F10C072B8A34
:1005B000012B04D82046029914F0AFFE18E038460B
:1005C00014F05AFB6B4601460B4A06468DF80C8028
:1005D00014F0B1FE9DF80C30002BE8D00298FDF726
:1005E00033FA3246202120469DF80C3014F0D2FE1A
:1005F0000020C9E71120C7E7035603002DE9FF419A
:10060000036804460D461868012115F09EFE40B9A6
:1006100004F1500014F0B3FEA0BB122004B0BDE8FA
:10062000F08110220021684618F05EFB0F21204661
:10063000FFF74EFE029038B34FF00108009405F129
:100640000C072B8A012B04D82046029914F065FE72
:1006500018E0384614F010FB6B4601460B4A06467C
:100660008DF80C8014F067FE9DF80C30002BE8D05C
:100670000298FDF7E9F932460E2120469DF80C302C
:1006800014F088FE0020C9E71120C7E78756030051
:10069000F0B51D46036804460E4685B00121186872
:1006A000174615F052FE38B904F1500014F067FEF9
:1006B00050BB122005B0F0BD65B310220021684682
:1006C00018F012FB39462046FFF702FE029018B3DD
:1006D000BDF828302946ADF80430012328468DF8AE
:1006E0000C300E4A6B46009414F025FE9DF80C3039
:1006F00002995BB10846FDF7A7F92A463146204624
:100700009DF80C3014F046FE0020D3E7204614F08C
:1007100004FEF9E70120CDE71120CBE7875603005F
:100720002DE9F0410E8A0446043EF6B2022E084638
:100730008CB001D0102E76D104210C30FDF714FBC3
:100740000DF1040805884788011D3246404614F023
:10075000EEFA002869D085B377B3BD422DD80121C8
:10076000606815F0F2FD064678BB42F602038DF88C
:10077000000069464046ADF8023014F0ABFA20B3F1
:1007800042F60303404606A98DF81860ADF81A300A
:1007900014F0A0FAC8B1012D03D14FF6FF739F42A8
:1007A00013D004F1500014F0EAFD002814BF00201B
:1007B00012200CB0BDE8F0813D4601232A460821F5
:1007C000204614F0E7FD0020F3E7182200210DEB8E
:1007D000020018F089FA09212046FFF779FD0890F8
:1007E000F8B101210C30CDE90648FDF75FFA00238E
:1007F000099003700A2339468DF82C30284606AB41
:100800000B4A14F098FD9DF82C3008992BB108463E
:10081000FDF71AF99DF82C30D0E7204614F07DFD45
:10082000D1E71120C5E70420C3E70E20C1E700BFD0
:10083000510C02002DE9F0430F460446062187B013
:1008400007F10C00FDF790FA0588EDB1B0F80280D1
:10085000B8F1000F17D0454516D8002382888DF8CF
:1008600000308DF804304FF42053684601A9D7F8C2
:100870000C90ADF80220ADF8063014F02BFA0646C5
:1008800060B10A2301E0454601232A46062120469D
:1008900014F080FD002007B0BDE8F083014614226B
:1008A00001A83F7C18F020FA07212046FFF710FD31
:1008B0000290D8B10A2341468DF81530284601AB85
:1008C0000B4ACDE9036901948DF8147014F033FDDF
:1008D0009DF8153002992BB10846FDF7B5F89DF843
:1008E0001530D2E7204614F018FDD3E71120D2E7E7
:1008F0003D0A02007FB5CB6804461D888DB15E8835
:1009000076B1B5420DD810220021684618F0ECF9F6
:1009100005212046FFF7DCFC019058B9112007E0C3
:10092000354601232A460421204614F033FD0020D9
:1009300004B070BD6B4631462846084A009414F056
:10094000FAFCDDE9011323B90846FDF77DF80A2317
:10095000E8E7204614F0E1FCE9E700BFE5510300B9
:100960002DE9F0470D460446042186B005F10C0040
:10097000FDF7FAF92368B0F80090B0F80280012181
:100980001868EF682E8A1FFA89FA15F0DEFC40B964
:1009900004F1500014F0F3FC28BB122006B0BDE8AF
:1009A000F087BAF1000F43D01422002101A818F0FB
:1009B0009BF9236851461B685046019301231E4A48
:1009C0008DF81430F6B201ABADF812800397ADF894
:1009D000106014F0B0FC9DF8143033B1524616216B
:1009E000204614F0D7FC0020D8E720680299203078
:1009F000FCF764FF17212046FFF76AFC0290C8B19C
:100A000004210C30FDF752F90546A0F80090A0F83B
:100A10000280029831460C30FDF748F939463246DB
:100A2000281D18F03BF92046029914F076FCDAE70D
:100A30000120B3E71120B1E7810102002DE9F04365
:100A400042F60103002591B0D2F8008006460F4619
:100A500000680BA9D8F8049014468DF82C50ADF816
:100A60002E3014F037F900286DD04FF42053306841
:100A70000BA98DF82C50ADF82E3014F02BF938B1AD
:100A8000A3681BB15A88BA4200D25F80012010E0EF
:100A90006168084614F006FBB8F82A20B8F81A3046
:100AA0009A4294BFC0EB0200C0EB0300032803D8B6
:100AB000002011B0BDE8F0830846FDF71FF8054699
:100AC0006168084614F0EEFA6B8A2A8AA3EB020CDE
:100AD0006B69EA68D21AACEB0203B8F82AC0B8F81E
:100AE0001A20944594BFC0EB0C00C0EB0200834277
:100AF00028BF03466BB9887AFCF7C2FD00220023A9
:100B000014F07EF805460028D2D001466068FDF753
:100B10003BF8002300933146D6F804801023484662
:100B200002AAC047061E0EDB227CE068964227D050
:100B300001460BA814F0FBF840B9237C134A0221AC
:100B4000134813F0F7FB0023A3609FE7F2B202A95A
:100B500006A814F0ECF810B90E4A3346EFE706A9E0
:100B60000BA814F0B7F80028EDD10023042163741A
:100B700005F10C00FDF79AF8A0600780A36884E7F0
:100B8000324602A918F0BFF8EDE700BF4EE00300BF
:100B9000A89A03006DE003002DE9FF414FF0000823
:100BA0004FF4205305460E46006802A91446176804
:100BB0008DF80880ADF80A3014F08CF8A0B142F638
:100BC0000103286803A98DF80C80ADF80E3014F0ED
:100BD00081F848B123691BB15A88B24200D25E80C5
:100BE000012004B0BDE8F0816168286814F072F853
:100BF00010B100232361F3E7E368A0681A786AB1B3
:100C0000B7F81AC0798D038A8C4594BFC3EB0C03E7
:100C1000C3EB0103934201DA0020E2E704210C3028
:100C2000FDF744F820610680236929465E80074B62
:100C30000194009338460023A26814F059FC002860
:100C4000EADB2069003818BF0120CAE79D52030083
:100C50002DE9F34717680546894600685168144630
:100C6000D7F804A014F036F8804600284BD195221E
:100C70002946504615F03DFA0646207540B1E36816
:100C80001B780BB184F81480002002B0BDE8F08717
:100C90002946504615F092FB10B908232375F3E757
:100CA000A0682675FCF72AFF02210C30FCF7FEFF36
:100CB000164B2061A0F8009000930194334629461A
:100CC0003846A26814F014FC002807DA10F1FF0F70
:100CD00032BF0E204042C0B22075D5E72369002BF9
:100CE000D2D0A06814F0DEF97B8D7A8B9A4294BF43
:100CF000C0EB0200C0EB0300E3681B78984294BF8E
:100D000000200120C1E70120BFE700BFB55003006C
:100D10002DE9F04182B000AF04468846002200234E
:100D200039463B480CF054F80546B0B16D4688B0E2
:100D30006A46384BCDE90534032342F8103F0023BF
:100D40004FF4C2513448F9F7AFFEAD466FF00B06D1
:100D500030460837BD46BDE8F081FFF753F82F4B0A
:100D6000302218602946386817F0BEFF3B68002221
:100D70001C603C680023C4E90155C4E90A552848B1
:100D8000391D7D600CF024F8064688B123686C4656
:100D900088B06A462349CDE90513032342F8103F82
:100DA0004FF4C4512B461C48F9F77EFEA546CDE70B
:100DB0000146A822786817F097FF78681A4B83607D
:100DC000583016F0DEFE7B685033D3E8EF2FC3E8CF
:100DD000E16F0029F9D17B681C60A36A7D682BB99B
:100DE00004F10C0016F0CDFEC4E90866A26A05F114
:100DF000A003C5F8A020E26AA36202B9E362172249
:100E00007B685A855A830433C8F80030A0E700BFD6
:100E1000180D00208CE00300A89A0300B086002083
:100E2000380D0020B1E00300F009002008B5837AF6
:100E3000072B06D002210C4A0C4814F04BF9002075
:100E400008BD042114F01AF910B9094A0121F3E789
:100E500000F14C03D3E8AF3FDB0701D4054AF5E7C7
:100E600050F8040CECE700BFC7DD0300A89A0300AC
:100E7000D6E003000CDF03002DE9F04F85B000AF92
:100E8000B860EFF31188402383F31288BFF36F8FAC
:100E90006D480EF05FFF68B984236C4A6C496D4859
:100EA00012F0D6FB68496C4812F0D2FB84216748E7
:100EB00012F0C5FB694D64480EF070FF284614F02F
:100EC000E7F8044660482E680EF052FF68B94FF408
:100ED00099735E4A62495F4812F0BAFB5A49614809
:100EE00012F0B6FB4FF49971E1E788F31188BFF374
:100EF0006F8F002C5CD02046FEF7A8FF036900210D
:100F0000D0E902581822FB60D0F800A090F80490B5
:100F1000B0F806B017F0E8FEA07AFCF7B1FB616903
:100F2000034659B1627AD00706D45A6A204612683D
:100F30007B60926890477B68002262612146184678
:100F400016F033FEB9F1000F0DD065B12B6853B127
:100F50001B6843B1BAF1000F2ED001215346424A1B
:100F6000424813F0E7F91EB30020B96816F08CFE72
:100F700000281DDA6C468AB06A463D4B05933D4B0E
:100F8000CDE906304FF40073ADF820303A4B42F80B
:100F9000103F00234FF411513448F9F785FD002329
:100FA000A54683F31188BFF36F8F0323184602DF32
:100FB0001437BD46BDE8F08F281D14F094FB484659
:100FC000FEF778FE012101FA00F010F01404CAD1F6
:100FD00010F0090F05F1500315D110F0220F23D0A6
:100FE000D3E8AF3FDA0704D4244A204814F072F85B
:100FF000B9E76B6D002BB6D00023214A05F17000D4
:101000000DF00EFBAFE72A681568D3E8AF3FDB07AA
:10101000EAD5B8F1000FA6D0A3B29B45A3D92846C4
:10102000F968C0470134F7E740F21633154A16490C
:10103000084812F00DFB0621144812F009FB40F29B
:101040001631104834E700BFBC85002007C00300FC
:1010500034C00300EDBC030049C00300B485002088
:101060005FC0030076C00300F1E00300A89A03000C
:1010700029E103005D1E0400040000010CDF0300F1
:101080001C4E0E00B1DE03007F0F040010E10300D0
:10109000F8B50F461646FFF7C9FEB0B1846A204680
:1010A0001CB150F8A04904B1A03C731C194638B1DA
:1010B000428B458DAA4228BF2A469A4207D264B97C
:1010C00002210A4A0A4813F035F90020F8BD3246D9
:1010D0003946BDE8F840FEF779BFD4F8A05005B115
:1010E000A03D20460B462C46E2E700BF44E103004A
:1010F000A89A0300002337B5054601930C46FEF776
:1011000081FE0E4B1B68834204D00D4BD3F8883010
:10111000834201D100252C4601A92A4623460948CD
:101120000BF056FE014630B91022019817F0DCFD95
:10113000019803B030BD0020FBE700BFB08600205F
:1011400008800020580D002010B50446806818B1B2
:10115000FCF77AFC0023A3602146BDE8104001485B
:101160000BF0C2BE580D00202DE9F7430446703045
:101170000F4690461E460DF059FA606D50B9022197
:10118000144A154813F0A6FF204603B0BDE8F0430B
:1011900000F090B8114B98424FF0000317D045680B
:1011A0004360606DD0F80C90FFF7CEFF00232068FD
:1011B000636514F0C9FA3DB12068CDF8009043464C
:1011C0003A4631460068A84703B0BDE8F0831D46A3
:1011D000ECE700BF5FE10300A89A0300B48600209B
:1011E000F7B550F8044C0546002C5FD000F19C0187
:1011F00004F1280014F0AAF82E1F05F1540700226C
:10120000002338460CF0C8F9024690BB2B6D2BB179
:1012100001466FF067033046FFF7A6FF002345F84D
:10122000043C05F14C03D3E8EF1F21F00101C3E8B2
:10123000E21F002AF7D1A36A002B37D104F1200660
:101240003046FCF7A5FBB8B904F10C0600220023D8
:1012500030460CF0A1F990B966689EB92146144851
:1012600026600BF041FE286803B0BDE8F04002F0B4
:10127000EDBDFCF7E9FBC2E7FCF7E6FBE0E7FCF7B6
:10128000E3FBE3E7A26833689642636008BFA360AC
:1012900077683FB1F3686FF067010093002320681F
:1012A0001A46B8473046FFF74FFFD5E703B0F0BD09
:1012B000180D002010B504460430FFF791FF1321EC
:1012C000606805F0A7F9034630B1BDE81040012180
:1012D000024A034813F02EB810BD00BF76E10300A8
:1012E000A89A0300F0B589B0044654F8703D00AFE9
:1012F0003846196805F006FE6E4688B06A460B4B04
:10130000CDE905374FF40073ADF81C30084B42F8B7
:10131000103F00234FF4E2510648F9F7C5FB204681
:10132000B546FFF7C7FF2437BD46F0BD94E1030083
:1013300003000001A89A030008B5436D6BB1084A89
:1013400093420AD0CB68DB78002B08BF0E23002223
:101350001146FFF709FF002008BD0E23F7E700BF85
:10136000B486002070B50D4658B9224940F6CA73BC
:10137000214A224812F06CF940F6CA711E4812F058
:101380005EF949B91E4940F6CB731B4A1B4812F05F
:101390005FF940F6CB71F1E7FFF748FD044628B945
:1013A0002846FCF751FB6FF07F0070BD00F10C0682
:1013B0002946304616F0EEFBA46AC4B154F8A05991
:1013C00005B1A03D0022104607E022467DB1D5F8C8
:1013D000A03003B1A03B2C461D46831C01D1002A3E
:1013E000F4D13146204614F021F80028EDD1002038
:1013F000DBE700BFA5F70300B1DE0300EDBC03008F
:101400001CED030038B50C46054658B9184940F69E
:10141000DF73184A184812F01BF940F6DF711548BF
:1014200012F00DF949B915494FF47E63114A12487B
:1014300012F00EF94FF47E61F1E70DF0C7FE284679
:10144000FFF7F4FC20B90DF033FF6FF07F0038BDDB
:101450000023236083683BB9C0E9014414F074F9A8
:101460000DF026FF0020F2E71C608460F6E700BF65
:10147000A5F70300B1DE0300EDBC0300C0E10300EB
:1014800010B50C4608B301B3FFF7D0FCE8B1836A8E
:101490003BB153F8A02902B1A03A596D8C4206D055
:1014A00062B90430214613F051FF204602E0204685
:1014B000064A5A65BDE81040FFF746BED2F8A010B4
:1014C00001B1A03913460A46E7E710BDB4860020F3
:1014D00008B516F04BFE38B101210346034A044813
:1014E00014F049FA6FF0040008BD00BFCBE103001F
:1014F000C89A030010B51846144607491022A047A1
:10150000041E07DA01212346044A054814F033FA81
:10151000204610BD0024FBE7E82B0020E1E103009A
:10152000C89A030070B50D4C064623780D468342D9
:1015300004D12846611C14F076FA58B9237CB342D2
:101540000AD12846064914F06EFA10B1012004EBC6
:10155000001070BD0020FAE70020FAE7F4860020B2
:101560000587002070B50D4C064623780D46834252
:1015700004D12846611C14F056FA58B9237BB342B3
:101580000AD12846064914F04EFA0028054808BF3B
:10159000002070BD2046FCE70020FAE7902B0020D9
:1015A0009D2B00209C2B002070B50E4C0546237807
:1015B0000E46834203D1601C14F035FA68B9237BD0
:1015C000AB420CD13146084814F02DFA20B101206D
:1015D000404200F00C00204470BD0020F8E70020DD
:1015E000FAE700BF868E0020938E002070B5204B56
:1015F000144682689A420FD1A568C66875B92279E7
:101600003046216814F017FA024628B11949013012
:1016100014F045FA15701581012070BDE0680028AE
:10162000FBD02B888B420AD0F6D2E068A368013841
:101630000433E060003818BF0120A360EDE725689F
:1016400022792946304614F0F6F9024660B9304650
:10165000084914F0F0F902460028E6D02946013086
:1016600014F01DFA23791370A3685B881381DCE7FB
:10167000B91C0200241E0400102110B50648FCF716
:10168000A9FD034630B1BDE810400121034A0448DA
:1016900014F071B910BD00BFD82B002002E2030086
:1016A000C89A030038B5054648B1154B1A4613F8D9
:1016B000011C5C1E15F032F858B1204606E01149B5
:1016C0000F4814F0B0F978B10D4B581E38BD00200A
:1016D000FCE72846217C04F1110215F01FF80028D0
:1016E000F5D004F11000F1E7054B064903F11000B5
:1016F00014F099F90028EAD0014B03F10F00E5E757
:10170000F5860020241E040070B54A1C0C460546D0
:1017100088B910460D4914F086F9A8B904F10A06F3
:1017200004F10B025DB12846A17A14F0F7FF00B96D
:101730000026304670BD097814F0F0FFEDE7104642
:10174000024914F070F9F2E72646F2E7241E04007D
:1017500038B5054648B1154B1A4613F8011C5C1EF6
:1017600014F0DCFF58B1204606E011490F4814F090
:101770005AF978B10D4B581E38BD0020FCE72846B9
:10178000217C04F1110214F0C9FF0028F5D004F106
:101790001000F1E7054B064903F1100014F043F97E
:1017A0000028EAD0014B03F10F00E5E72187002074
:1017B000241E04002DE9F04707468946904614F0A0
:1017C000A0FE00283ED049463846FFF7CBFE05462E
:1017D000C0B91D4814F06AF91C4E044608B306F15E
:1017E000140014F063F9F0B9012406F10C0560420D
:1017F00000F00C0001304946304414F050F90C233D
:101800005C433755012105F1080001FA08F114F095
:1018100030F9BDE8F04747F6122200230C480CF0DF
:10182000FFBE3546E3E70B4940F22A530A4A0B480C
:1018300011F00EFF0A4811F00BFF40F22A51064842
:1018400011F0FDFEBDE8F087982B0020902B0020C2
:10185000A82B002058E2030028E20300EDBC03009F
:101860006AE203000246014610B5042311F8010B99
:101870000832FCF77DFC034630B1BDE81040012181
:10188000024A034814F077B810BD00BF89E2030094
:10189000C89A03002DE9F04180460F4616461D46C2
:1018A000FFF782FE044680B91749FFF77DFE044624
:1018B00030B9BDE8F0410121144A154814F0F9B8D7
:1018C000394600F8018B14F0EAF8238973B962896C
:1018D00072B926816581214611F8010B14F011FEC1
:1018E00080B12046BDE8F041FFF7BCBF9E4204D363
:1018F0006289AA4206D29E42ECD263892681AB421B
:10190000E9D2E7E7BDE8F081241E0400A5E2030068
:10191000C89A030008B583685BB10949094840F6D5
:101920006753094A11F094FE40F66751064811F0DA
:1019300086FE06490130BDE8084014F0B0B800BF8B
:10194000C4E20300EDBC030028E20300241E0400EF
:1019500008B50121024A034814F0ABF8002008BD85
:10196000DBE20300C89A030038B514460E4B8268C8
:101970000D469A4215D122792168C06814F05BF8AF
:1019800078B1D4F8C8302F2B03D9FFF7E1FF00203E
:1019900038BD04EB83021581018901335181C4F8FC
:1019A000C8300120F4E700BFB91C020008B50121CE
:1019B000034A044814F07DF86FF0150008BD00BF1D
:1019C0002FE30300C89A030008B513468168074A4D
:1019D000914209D11A791968C06814F02CF818B12D
:1019E0000023036043600381012008BDB91C02008D
:1019F00040F23912002301480CF012BE682C00207E
:101A000008B50421084814F034F86FF002010648C4
:101A100014F03AF8044814F049F8C30701D5FFF769
:101A2000E7FF002008BD00BF982C0020024608B543
:101A30000749013014F033F800230C3202F8043C5B
:101A4000D2E8EF1FC2E8E03F0028F9D108BD00BF8F
:101A5000241E040010B5FFF7A7FD044678B1014627
:101A600011F8010BFCF792FB034620B10121044A57
:101A7000044813F080FF002323606360A36010BD5F
:101A80003BE30300C89A03002DE9F84306460D46E0
:101A90001948002117469846DDF82490FFF72AFBE5
:101AA000044660B14560C7604A4630469DF8201044
:101AB000FFF7EEFA054638B92046FFF745FB6FF011
:101AC0000B052846BDE8F88300220123114613F0D8
:101AD0001EFF2846A5603A464946C047054618B14C
:101AE0002046FFF731FBECE721463046FFF78AFC42
:101AF00005460028E5D0F3E71C4E0E002DE9F04323
:101B000085B00E4690469946044600AF58B901216B
:101B1000344A354813F0CDFF6FF0150528461437C9
:101B2000BD46BDE8F08307F1080113F0ADF80546A6
:101B3000A0B16D4688B06A462C4BCDE905344FF410
:101B40000073ADF81C302A4B42F8103F00234FF4CD
:101B5000E2512548F8F7A8FFAD46DDE72046391DDC
:101B600012F02BFD786858B10A22294611F080F94D
:101B7000034628B101211F4A1B4813F0FCFECBE7A6
:101B8000002007F10801FFF70FFD044620BB002EDF
:101B9000C4D01949FFF708FD044638B90121174A96
:101BA000114813F086FF6FF00B05B7E7002307F12C
:101BB000080100F8013B13F072FF04F10801042250
:101BC0004846C047041EA9DA012123460C4A0648AC
:101BD00013F0D1FE2546A1E7002EEED10660466047
:101BE00086609BE792D60300C89A030058E303007F
:101BF0000300000174E30300241E04008FE30300CC
:101C0000E1E103002DE9F047284B164682680746BC
:101C10009A422BD1C568AB8A43B34FF000086C1CC5
:101C200005F11509B4F807309BB12246304614F887
:101C3000011C14F073FDE0B9214614F8010C05F005
:101C4000A1F830B1837A072B08BF48F0010804F0EF
:101C500067FA0A344C45E5D1B8F1000F06D1AB69FB
:101C6000A5F8148013B14146384698470120BDE8D5
:101C7000F08706F1700A5146307A14F042FC78B9C8
:101C80000B4B9D4202D1304614F03BF920460949E6
:101C900013F005FF002304F8013CA4F80730D8E74F
:101CA0005146204613F0FBFED3E700BFB91C0200EB
:101CB000400A0020241E04002DE9F0471F46BDF80D
:101CC000203006468846D1F80C90002B4ED17B1E62
:101CD000012B4ED8012F49460CBF15781588FFF708
:101CE00013FD0446B8B915B93846BDE8F087494632
:101CF000FFF70AFD044638B91F4802211F4A13F0B6
:101D0000D8FE6FF01000F0E706F17001013013F01B
:101D1000C6FE337A2370D9F81C30DBB9B4F808A0BA
:101D20002581B9F81430AB4203D04946404613F040
:101D3000C2FEAA4505D00022307A06F17001FFF7F5
:101D400039FD002DD0D10E49601C13F0A8FE25707E
:101D50002581C9E72A464146304698470028C4DB1A
:101D600001380128DAD96FF00D00BEE76FF00600E8
:101D7000BBE76FF00C00B8E7C89A0300B1E30300BB
:101D8000241E040073B50C460546082104F110001A
:101D9000164613F06EFE122304223146CDE90032BE
:101DA00028462246024BFFF76FFE02B070BD00BF0F
:101DB0004F5F030008B50121114813F05AFE10F0DF
:101DC000010F104B0AD1104A9A610D4813F06EFEB4
:101DD000830713D4BDE80840FFF70ABE1A8B588B5F
:101DE000012A4FF6FF7205D8904207D04FF6FF72D6
:101DF0005A83EAE790421983E7D0F7E708BD00BFAE
:101E0000982C0020482C00200100FFFF2DE9F04114
:101E10009846BDF818300646012B174636D843447D
:101E2000012B454635DCFFF73DFC044668B9FFF75A
:101E300039FC044648B90221194A1A4813F039FE00
:101E40006FF010052846BDE8F081B8F1000F11D001
:101E50000023217A21FA03F2D00703D53A78DA4039
:101E6000D20719D50133032BF4D13B7803F00703D4
:101E70001943217206F17001601C13F010FE337AD1
:101E800001212046237014F087F8DBE76FF0060588
:101E9000D8E76FF00C05D5E76FF01205D2E700BF69
:101EA000CBE30300C89A030010B56FF002010446AB
:101EB0000E4813F0E9FD0D4813F0F8FDC20704D5F4
:101EC000002200230A480CF0ABFB204613F0FDFC77
:101ED00058B12046FFF7E6FB38B1037ADB0704D59B
:101EE000BDE81040012114F057B810BD982C002017
:101EF000682C00202DE9F04385B0894616469846A7
:101F0000044600AF58B90121414A424813F0D1FDBF
:101F10006FF0150528461437BD46BDE8F08307F17C
:101F2000080112F0B1FE0546A0B16D4688B06A46C0
:101F3000394BCDE905344FF40073ADF81C30374B05
:101F400042F8103F00234FF4E2513248F8F7ACFD5D
:101F5000AD46DDE72046391D12F02FFB786858B1F9
:101F60000A22294610F084FF034628B101212C4A99
:101F7000284813F000FDCBE7002007F10801FFF728
:101F8000D1FA044690B9FFF78DFB044638B9012118
:101F9000244A204813F08DFD6FF00B05BAE70023AB
:101FA00007F1080100F8013B13F079FDB9F1000FCA
:101FB0002AD0022239464046B047061E07DA0121E0
:101FC0003346194A134813F0D6FC3546A2E73B784E
:101FD000022E237209D00221144A0E4813F069FD23
:101FE0000021204613F0D8FF94E77B78012B05D918
:101FF0000F4A3146074813F0BEFCF1E7204603F0D4
:10200000010113F0B9FF85E72046FFF70FFD81E7D7
:1020100092D60300C89A030058E3030003000001AE
:1020200074E30300F7E30300E1E1030019E40300B4
:102030006DE4030037B504460D46FFF773FA024618
:10204000D0B1037A0C308DF8043013F02FFD10F06E
:10205000010318BF01238DF80530022301AA294688
:102060002046FCF79BF8034620B10121034A0448AF
:1020700013F081FC03B030BD0346F0E7BEE403007B
:10208000C89A0300104908B5104813F0CCFC01466B
:1020900040B90E4B581E13F06FFF0C4911F8010C9C
:1020A000FFF7C8FF08490A4813F0BDFC014650B9C4
:1020B000084813F061FF084B187C03F11101BDE8DB
:1020C0000840FFF7B7BF08BD241E0400F5860020B6
:1020D0000587002004870020F4860020012110B528
:1020E000214813F0C6FCC3073DD402211E4813F05B
:1020F000C0FC08401FD11D491D4A0B881D4CA2423F
:1021000016D900B10B801C4940F26B531B4A1C4886
:1021100011F09EFA1B4811F09BFA40F26B511748E0
:1021200011F08DFA5068083203449BB20120E6E7B3
:10213000F8D300B10B80144914480CF0E1F840F2D8
:10214000391200231148FCF7B1F8114911480CF07D
:10215000D7F80221104813F08CFCBDE810400F495D
:102160000F480CF0CDB810BD148700209E8E0020C3
:10217000889A0300A09A0300EEE4030028E203001B
:10218000EDBC0300A7C40300CB600300F82B0020C4
:10219000D52A0200682C0020982C0020CF60030074
:1021A000A82B002003462DE9F04198B3008A88BB94
:1021B00001244FF0140C1949DFF864E0714528D967
:1021C000184940F2E763184A184811F041FA1848D4
:1021D00011F03EFA40F2E761134811F030FAD1E90C
:1021E0000076BB4204D30CFB0672143A93420ED91C
:1021F0003444A2B214460831E0E70CFB05784345AD
:102200000AD001356219B54292B2F6D1F2E7002543
:10221000F8E7E4D3BDE8F0811046FBE7889A0300B5
:10222000A09A0300E7E4030028E20300EDBC0300EA
:10223000A7C403002DE9F74F99464FF6FF73BDF889
:1022400030500746002D08BF1D462B4B90461B887B
:102250000091834232D203B0BDE8F08F40468958E6
:10226000019312F037FD019B90B101340AF1010A8C
:10227000A4B2736853452CD9009B9C42EBD8BC4256
:10228000F3D30BFB0AF231688B18B8F1000FE5D1DC
:10229000B9F1000F0BD1013D1846ADB221460E9A9F
:1022A0000D9B9847002DD6D00028DED1D3E7DA6801
:1022B0009145DAD1EFE74FF0000ADAE701244FF059
:1022C000140B0E4E06E0C6D273682344BB42F2D212
:1022D0009CB208360A4B9E42F5D90A4940F2AF73C8
:1022E000094A0A4811F0B4F9094811F0B1F940F26D
:1022F000AF71054811F0A3F99E8E0020889A030063
:10230000A09A0300E7E4030028E20300EDBC030009
:10231000A7C4030030B5E5B010220021684616F0CE
:10232000E3FC1822002105A816F0DEFC4FF4105340
:10233000ADF8103080231022ADF812304FF48063D6
:10234000244C6946CDE906340DEB020062AB0EF079
:10235000E1FE0BAD034630B11F4A01211F4813F0C7
:102360000AFB65B030BD01464FF4AE72284616F048
:10237000BBFC22462846D5F85C1115F0F4FE034656
:1023800008B1174AE9E72B464FF6FF710120154ABD
:1023900013F090FE10222846134904AB15F0F8FE06
:1023A0000446D5F85C010EF06FFE14B10F4A2346C7
:1023B000D3E721460C4B03F11002187812F8014DB7
:1023C0000131082903F8014B1070F6D1084813F0C9
:1023D00050FBC6E70002C00316E50300C89A0300DD
:1023E0003FE503007B590300D82B00205DE5030087
:1023F000982C00202DE9F04118490446A1F1300045
:1024000015461E46BDF818700CF06CF9144813F010
:102410004DFB010705D4FFF77DFFFFF733FEFFF704
:102420002BF92046FFF73EF968B1037ADA070AD59F
:1024300000F10C04204613F039FBC30703D402213A
:10244000204613F016FB10233A46069331462846E1
:10245000BDE8F041034B13F094BC00BF282C0020D2
:10246000982C0020D82B002010B51A4813F01EFB22
:10247000C0F3C00080F0010408B9FFF74BFF154816
:1024800013F014FB0346134813F010FBDA061FD5B4
:10249000830606D5E4B1FFF7F5FDBDE81040FFF770
:1024A000EBB820210B4813F0E4FA10220A498818EF
:1024B00016F029FC48B909480CF0B8F8BDE81040FE
:1024C0006FF00101034813F0DFBAFFF773FCE2E796
:1024D00010BD00BF982C0020D82B0020682C0020B5
:1024E00008B51021034813F0C4FAFFF7BDFF002020
:1024F00008BD00BF982C00202DE9F04FB9B000AF07
:102500000C46904638493A46D7F80801994612F0E9
:1025100030F840B9FFF74AFA6FF015052846E4375E
:10252000BD46BDE8F08F3E68391D304612F045F8D3
:102530003EB901212D4A2E4813F0BBFA6FF0150465
:102540003FE0786800BB4FF0000B07F1080A5146E6
:10255000304687F814B012F097FB054608B36C4676
:1025600088B06A46234BCDE905364FF40073ADF8C9
:102570001C30214B42F8103F4FF4E2515B461C489F
:10258000F8F792FAA546D9E70A22002110F070FC6C
:1025900003460028D7D00121184A154813F0EBF95B
:1025A000CCE7C7F810A0E4B1C022484607F12001EB
:1025B000C047041E07DA01212346114A0C4813F0D4
:1025C000DAF92546AAE7A40807F12003C7E906348B
:1025D0004FF6FF7101200B4A07F1100313F06AFD5B
:1025E0009CE72346F2E700BF73E5030092D60300A1
:1025F000C89A030058E303000300000174E30300DA
:10260000E1E10300ED150200F0B5B5B005460E4658
:10261000FEF7A8FF31460446284613F072FF002853
:1026200041D0002C3FD004F108076FF0010138467B
:1026300013F02AFAC2071AD500234FF6FF7133931D
:10264000012001AB1A4A01968DF8085013F032FDB3
:10265000339B53B39B0003AA31462846FBF7ACFDDE
:10266000034620B10121134A134813F084F96FF097
:102670000201384613F008FA830703D5314628468D
:10268000FFF7D8FC384613F011FA60B9234603F877
:10269000010BC4F80100C3F80300D7E8EF3FC7E817
:1026A000E20F002AF9D135B0F0BD1A46D4E700BFD9
:1026B000691902007AE50300C89A0300002307B5F0
:1026C0000193FFF76FFD411C89B20846034A01AB35
:1026D00013F0F0FC019803B05DF804FB27590300E8
:1026E0002DE9F04387B00C461546804602AF70B91D
:1026F000744940F60E53744A744810F0A9FF7448A8
:1027000010F0A6FF40F60E516F4810F098FF61B927
:10271000704940F60F536C4A6C4810F099FF6C48B2
:1027200010F096FF40F60F51EEE7837A072B40F04A
:10273000C38000233B7342F60303206807F10C01BA
:10274000FB8112F0C7FA0646002843D1D4F8049062
:10275000B9F1000F05D101215F4A604813F0A9F9D2
:10276000AAE001232146009007F10802C847031E92
:1027700011DA6D4688B002AAD36104235849C2E930
:10278000051442F8103F4FF4015133465348F8F70F
:102790008BF9AD4690E0012B05D00121514A4F48FD
:1027A00013F0E9F888E03B7A13F0300F00F08480F2
:1027B0002046FFF783FF044660B9464940F62D5393
:1027C000414A424810F044FF474810F041FF40F6AC
:1027D0002D5199E7002320683B7342F6021307F15D
:1027E0000C01FB8112F076FA88B12046FFF766FFF4
:1027F000044660B9374940F63353334A334810F042
:1028000027FF394810F024FF40F633517CE70026BB
:1028100042F60219206839463E70A7F8029012F07D
:1028200059FA18BB002320683B7342F6021307F1E4
:102830000C01FB8112F04EFA064600283CD1D4F878
:102840000490B9F1000F86D0022300902146404643
:1028500007F10C02C847031E8BDB022B9DD1BB89FD
:1028600005EA0300003818BF012026E042F6030302
:102870002068391D3E71FB8012F02CFA0028D1D05F
:102880004FF42053206807F108013E727B8112F05B
:1028900021FA0028C6D042F60103206807F10C0196
:1028A0003E73FB8112F016FA0028BBD02046FFF7DA
:1028B00005FF04460028ADD100201437BD46BDE811
:1028C000F08300BFA5F7030028E20300EDBC03007E
:1028D00098E50300ADE50300B2E50300C89A0300E4
:1028E000C6E50300ECE5030005E603002DE9F84327
:1028F000894651680746B1F81280154618F09408C9
:102900003BD10222FFF7ECFE002839D000211E48FF
:10291000AE8AFEF7EFFB0236044660B11B4B32462F
:102920004360C5601D213846FEF7B2FB064638B944
:102930002046FEF709FC6FF00B052846BDE8F8833A
:1029400001234246414612F0E2FFA98A06F10C003B
:102950000231FBF7ABF920F8029BAA8A296916F02D
:102960009DF921463846A660FEF74CFD0546002835
:10297000E3D02046FEF7E8FBDFE74FF0FF35DCE76A
:102980006FF01505D9E700BF1C4E0E002D5903004E
:1029900030B505460C468BB071B9464940F6B333A5
:1029A000454A464810F054FE454810F051FE40F6A6
:1029B000B331414810F043FE4B6873B90B6863B9FB
:1029C000404940F6B4333C4A3C4810F041FE3C4894
:1029D00010F03EFE40F6B431EBE73B4813F066F8EA
:1029E000420761D515B1AB7A072B60D160680590BD
:1029F000FFF7D8FB2268ADF818003AB305A9029199
:102A0000324900230191012100914FF6FF71059396
:102A1000FFF710FC059B1BB96FF001000BB030BD38
:102A20006360059B04A9186800238DF8103042F6F6
:102A30000303ADF8123012F04DF970B90598C36870
:102A40009B799B0605D46FF01500E7E70028E8D1D5
:102A5000E2E713F0E8FAADF81800BDF818003DB150
:102A60000123014622462846A375FFF73FFFD5E71D
:102A70006FF07F0307930223ADF8203042F6021374
:102A8000ADF8123005ABA5750293114B4FF6FF71EF
:102A90000193012304AA00932B4609948DF810504A
:102AA000FFF7C8FB0798B9E76FF00A00B6E76FF0C9
:102AB0007F00B3E71BE6030028E20300EDBC030040
:102AC00022E6030038E60300DC0600205B59030021
:102AD000A12D0200F7B500F130050446A0F1200752
:102AE000284612F0E3FF8307C0F340060ED51949CC
:102AF00040F2BA43184A194810F0AAFD184810F0DD
:102B0000A7FD40F2BA41144810F099FD54F8083C72
:102B10006FF001012846019312F0B6FF114B3946C0
:102B200044F81C3C104B304644F8183C01AB44F8C8
:102B3000103C042324F8086C24F8066C24F80C3CA0
:102B4000FFF726FF18B90221284612F092FF03B0C2
:102B5000F0BD00BF55E6030028E20300EDBC030012
:102B600086E60300C4A60300A91E02002DE9F04773
:102B7000334B81680446994200AF5CD1D0F80C8099
:102B8000156808F1010608F11509B6F80730EBB130
:102B90003246284616F8011C13F0C0FDB0B14FF4C0
:102BA00095722146284613F0A4FA032812D1EA466A
:102BB00088B06A46234BCDE9053442F8100F002354
:102BC0004FF4C4512048F7F76FFFD5460A364E45FB
:102BD00031D0DAE74146204612F06DFF1B4B984595
:102BE00029D1287A05F17001FEF7DEFC044610B306
:102BF00003890BB94389F3B1284603F083FC22898A
:102C0000134B144923F82020628903EB80035A8078
:102C1000182202FB00110B6104230F4A28464A6068
:102C20000E4A8B828A60FFF7B3FE20B101210C4A65
:102C3000054812F03EFF0120BD46BDE8F08700BF09
:102C4000B91C0200A1E60300C89A0300400A002054
:102C50007E8E0020C4860020C4A60300B55F03005A
:102C6000B5E6030030B505460C468BB071B9444952
:102C700040F6D223434A444810F0EAFC434810F09F
:102C8000E7FC40F6D2213F4810F0D9FC4B6873B9FD
:102C90000B6863B93E4940F6D3233A4A3A4810F0EC
:102CA000D7FC3A4810F0D4FC40F6D321EBE7394882
:102CB00012F0FCFE42075DD515B1AB7A072B5CD153
:102CC00060680590FFF76EFA2268ADF818003AB315
:102CD00005A90291304900230191012100914FF68D
:102CE000FF710593FFF7A6FA059B1BB96FF0010072
:102CF0000BB030BD6360059B04A9186800238DF8F4
:102D0000103042F60303ADF8123011F0E3FF70B952
:102D10000598C3689B79DB0605D46FF01500E7E7DB
:102D20000028E8D1E2E713F07EF9ADF81800BDF80D
:102D300018002DB101462246284613F0F8F9D7E7CE
:102D40006FF07F0342F6021207930123ADF81220C1
:102D500005AA0292114AADF82030CDE900324FF6B3
:102D6000FF712B4604AA09948DF81050FFF762FA00
:102D70000798BDE76FF00A00BAE76FF07F00B7E78A
:102D80001BE6030028E20300EDBC030022E603007B
:102D900038E60300DC0600205B590300A12D020089
:102DA0002DE9F0473D4B1546826807469A423AD1D5
:102DB000D0F80C803A4B98451DD10026394C20465E
:102DC000394912F030FE78B90722214614F8010C77
:102DD00004F068F850BB2B6921461A6914F8010CFD
:102DE00053881288FEF756FD731C022B4FF0010624
:102DF00004F10C04E3D108F1010608F11509B6F855
:102E00000720AB899A420BD1314616F8010C03F02A
:102E1000B9FF824620B1837A072B0AD003F080F9EC
:102E20000A364E45EBD10120BDE8F08703F078F972
:102E3000DAE7D8F8203023B13946984708B9504628
:102E4000ECE77C8A14F09404F9D1AB89022B17D1FA
:102E5000B6F8074014F002040AD050462A69A9883F
:102E6000FFF744FD044618B92A69937D0133937531
:102E7000504603F055F9002CAC60D1DA0020D3E7BE
:102E8000012BF5D1B6F8074014F00104F0D05046FC
:102E90002A69A98813F04BF90446E9E7B91C020036
:102EA000400A0020878E0020241E040073B50D46C2
:102EB000044670B9214940F65263214A214810F076
:102EC000C7FB214810F0C4FB40F652611C4810F0CB
:102ED000B6FB09B10B6863B91C4940F65363184A45
:102EE000184810F0B5FB1A4810F0B2FB40F65361D9
:102EF000ECE7837A072B1AD1061D4FF48031304658
:102F000012F0B7FDC30315D402232046CDE90033E8
:102F10002A46104B1049FEF7B7FD044620B16FF466
:102F20008031304612F0B0FD204602B070BD6FF027
:102F30007F04F9E76FF07704F6E700BFA5F7030019
:102F400028E20300EDBC030098E50300D2E603008D
:102F500022E60300FF5A03006359030070B50C46D4
:102F6000054686B070B9734941F2D713724A734867
:102F700010F06EFB724810F06BFB41F2D7116E48F7
:102F800010F05DFB09B14B6863B96E4941F2D8138B
:102F9000694A6A4810F05CFB694810F059FB41F23D
:102FA000D811ECE70A890AB1CB8963B9664941F2C5
:102FB000D913614A614810F04BFB614810F048FB9F
:102FC00041F2D911DBE79A420CD9604941F2DB1397
:102FD000594A5A4810F03CFB594810F039FB41F26D
:102FE000DB11CCE7837A072B40F0A1800B7C062B0A
:102FF00010D8DFE803F004045A5A629528000B68E1
:10300000CBB11B784BB1022B13D00121504A514850
:1030100012F0B1FC6FF0150009E0082301930623BC
:10302000224600934C494D4B2846FEF72DFD06B035
:1030300070BD1623F2E7102304212246CDE90031AA
:10304000474B4849F0E708680028E3D00678002E8F
:10305000E0D14FF4245302A98DF80860ADF80A308E
:1030600011F038FE08B342F60213206803A98DF868
:103070000C60ADF80E3011F02DFEB0B142F6031326
:10308000206804A98DF81060ADF8123011F022FE0E
:1030900058B142F60413206805A98DF81460ADF804
:1030A000163011F017FE0028B4D1082304222E494F
:1030B000CDE9003222462D4BB6E7086880B30026E2
:1030C0004FF4205302A98DF80860ADF80A3011F0D2
:1030D00001FE00289ED042F60103206803A98DF866
:1030E0000C60ADF80E3011F0F5FD002892D042F6DC
:1030F0000203206804A98DF81060ADF8123011F0B9
:10310000E9FD002886D042F60303206805A98DF862
:103110001460ADF8163011F0DDFD00283FF47AAFF1
:1031200004232246CDE900331149124B7CE76FF0AE
:103130007F007CE7A5F7030028E20300EDBC030055
:1031400022E60300D2E60300E9E6030016E70300E7
:1031500043E70300C89A0300D56103004B5E0300F8
:103160006F5B0300793102009D3202009F5B030018
:10317000053602002B5B03002DE9F0478EB00646B2
:1031800017461C46169D31B12A4600216B680EB0C9
:10319000BDE8F047184763B902213D4A3D4812F0A7
:1031A00088FC2A46002130466B6898470EB0BDE87F
:1031B000F0871378062B08D0142B05D00121364A4E
:1031C000344812F0D8FBECE702214FF00008C1466A
:1031D000013C8DF81010A4B207F1010A9C420CD2F8
:1031E000002CDED1B8F1000FDBD02A464146304634
:1031F0000EB0BDE8F04712F0CFBF1422002109A89D
:1032000015F072FDBAF8002093B2002BC9D0BAF8BD
:1032100002101FFA81F8B8F1000FC2D04345C0D8A0
:103220009DF8103013B3022B25D02B7CADF80C1079
:10323000002B42F6010308BF4FF42053ADF80630CF
:1032400004AB029301AB099302ABADF834200C93AD
:103250002A4630466B688DF8049009A998470028E3
:10326000A4D03B78E41AA4B29A44B7E7BAF8043081
:10327000ADF81230D9E70AF104030DF111000AF19B
:10328000140C53F804EB634540F804EBF9D1CCE798
:1032900058E70300C89A030062E703002DE9F04FE6
:1032A00093B0174680461C460A461C9D31B12A46FB
:1032B00000216B6813B0BDE8F04F1847297C022944
:1032C00040F083804BB9A84AA84812F0F2FB2A4686
:1032D000002140466B6898475BE03B78062B08D09E
:1032E000082B05D00121A24AA04812F044FBEEE7CA
:1032F0001146002642F6020A013C8DF82010A4B2C5
:1033000007F1010B9C420BD2002CE0D1002EDED045
:103310002A463146404613B0BDE8F04F12F03CBF9C
:10332000BBF800901FFA89F6002ED0D0BBF802003F
:103330009DF82020ADF81C00BBF80410ADF81E105D
:1033400062B1022A15D0296831B308A811F0C2FC75
:1033500010B33B78E41AA4B29B44D3E708AA0692C0
:103360009BF806209BF8071042EA0122ADF82220C4
:10337000E9E70A236881A981A5F8089040460192EF
:1033800000932A467B4B7C49FEF77EFB86B2002EDB
:10339000BED113B0BDE8F08F4FF000031022002122
:1033A0000EA88DF81430ADF816A015F09DFC05AAF6
:1033B0000D9206AA109240462A466B68ADF84490DA
:1033C0000DA998470028C4D1E3E7032966D113B9B2
:1033D0000221654A78E73B78072B02D0152B81D173
:1033E00002220026013C8DF82020A4B207F1010939
:1033F0000DF1200A9C4287D3B9F800B01FFA8BF672
:10340000002E3FF464AF9DF8203063B1022B13D03F
:103410002968F1B1504611F05DFCD0B13B78E41A57
:10342000A4B29944E6E799F8053099F8062043EAF2
:103430000223ADF82230EBE709F105030DF121027B
:1034400009F1150153F8040B8B4242F8040BF9D132
:10345000DEE799F80230B9F803208DF81E304FF0FE
:1034600000038DF8143042F603030021ADF81C2050
:103470000EA81022ADF81630CDF818A015F034FCC7
:1034800005AB0D9306AB10932A4640466B68ADF82A
:1034900044B00DA998470028C0D17AE72B681E7860
:1034A0002EB94CB9304A0221304812F002FB2A46AC
:1034B000002140466B68FDE6B3F802A0013CA4B2CF
:1034C00007F10109AAF5245A3B78A34204D9002C3C
:1034D000EDD1002EEBD01BE7012C01D8274AE2E703
:1034E000B9F800B01FFA8BF6002EE0D0BAF1040F45
:1034F000DDD801A353F82AF00D350200AF340200E5
:10350000153502001D35020061350200032C09D873
:103510001B4AC8E7032C05D81A4AC4E7032C01D874
:10352000194AC0E7B9F80230ADF820302B681022F4
:1035300000210EA8039315F0D7FB039B2A460D9399
:1035400008AB109340466B68ADF844B00DA998479E
:1035500000283FF41EAF3B78E41AA4B29944B3E7C5
:10356000082C15D8094A9EE758E70300C89A0300BB
:1035700062E70300175B0300CD35020076E7030026
:1035800084E7030092E70300A0E70300AEE703002F
:1035900099F802308DF8203099F803308DF82130F9
:1035A00099F8052099F8043043EA0223ADF8223057
:1035B00099F806308DF8243099F8073099F80820EA
:1035C00043EA0223ADF82630B0E700BF70B5102BF8
:1035D00005461146049C0BD00121084A084812F008
:1035E000CAF92246284663680021BDE870401847A2
:1035F0002246BDE8704012F039BE00BF62E703000A
:10360000C89A03002DE9F04F8FB00746189D184661
:1036100029B953B90221544A544812F04AFA2A46A9
:10362000002138466B6898479BE01378012B07D040
:10363000022B20D001214E4A4C4812F09CF9EEE7B3
:103640000B464FF00409013880B248458DF8103020
:10365000E5D34FF00008B0FBF9FBC246541CCDF88F
:10366000008004AEBBF1000F08D12A46384600990D
:1036700012F092FD75E04FF01209E4E72388019300
:10368000BDF804300093B8F1000F53D19DF810300D
:10369000002B37D0022B3CD02968002945D12B7C48
:1036A000042B4DD14FF42053304602A98DF808A0C9
:1036B000ADF80A3011F00EFB00283BD042F60103B2
:1036C000304603A98DF80CA0ADF80E3011F002FBC6
:1036D00080B342F60203304609A98DF824A0ADF864
:1036E000263011F0F7FA28B342F60303304609A951
:1036F0008DF824A0ADF8263011F0ECFA00BB4FF0A5
:10370000010819E0A378E27843EA0223ADF8123009
:10371000C2E7A31C0DF1110204F1120153F8040BCE
:103720008B4242F8040BF9D1B6E7304611F0D2FAD9
:103730000028B4D04FF000080BF1FF3B4C4491E758
:10374000102200210AA815F0CFFABDF804302A464D
:10375000ADF8343038466B68099609A998470028B7
:10376000EAD10FB0BDE8F08F58E70300C89A030014
:10377000BCE7030007B50A4670B9294941F23D3359
:10378000284A29480FF064FF28480FF061FF41F2F2
:103790003D3124480FF053FF09B1096861B924494C
:1037A00041F23E331F4A20480FF052FF1F480FF0EE
:1037B0004FFF41F23E31ECE7837A072B2CD153685F
:1037C0003BB908234FF0040ECDE9003E194B1A49CE
:1037D00009E0012B11D0117B5B00019341B1202343
:1037E00016490093164BFEF74FF903B05DF804FB42
:1037F0000E2314490093144BF5E7538933B10C237E
:103800004FF0040CCDE9003C104BE0E70A23022105
:10381000CDE900310E4BDAE76FF07F00E5E700BF3E
:10382000A5F7030028E20300EDBC030022E6030035
:10383000D2E60300975E030055380200015D0300E5
:10384000035C0300075C0300DB5B0300575B0300C2
:10385000435B03002DE9F04F83B002AF80469146F1
:103860001D460E46BC6A41B96BB925680023224645
:103870000093F1B24046A8472EE0B1F5807F28BF03
:103880000E262568F2E76368002B6ED1013D26897C
:10389000B4F80AB0ADB202F1010A002D4CD099F88B
:1038A0000030AB4228BF2B46012B0AD802213D4AEB
:1038B0003D4812F060F80023009322460421256859
:1038C000D8E7BAF80020023B91B29BB241B901217E
:1038D000364A354812F0EDF80437BD46BDE8F08FA2
:1038E0008E4201D88B4517D26D468AB002AA304B62
:1038F000C2E9076BC2E90531052342F8103F0023F6
:103900004FF422512848F7F7CFF8AD460023009333
:10391000256822460E21ADE7228100932246002130
:103920004046D4F800C00AF10203E0470028D3D093
:1039300099F80030AB4206D921464046FFF71AFFFE
:103940000028C9DAE2E7238962899A4205D1002377
:1039500000932568224619468CE70133238199F8A4
:103960000030ED1AADB29A4497E700951346D4F8AB
:1039700000C02246E0470028AED0238A013B9D428A
:1039800003DA009633462568E4E7638921461D443F
:1039900040466581FFF7EEFE00289DDA009633462B
:1039A0002568B6E7CEE70300C89A030006E80300DF
:1039B00015E803002DE9F04F85B01D46DDE90F89BC
:1039C0000F46934606469DF8383070B9324941F2A9
:1039D0006E33324A32480FF03BFE32480FF038FE69
:1039E00041F26E312D480FF02AFE61B92E4941F2A5
:1039F0006F332A4A2A480FF02BFE2A480FF028FE80
:103A000041F26F31EEE7827A072A3CD15BB3D221D3
:103A100005F10E02FDF73CFB0446002838D00221D8
:103A20000C30FAF743F94FF0000A00220023078018
:103A30002946CDE9002320465A46CDE902AAFAF7E5
:103A4000C7F8A842074611D041F28B33134A1749F1
:103A500013480FF0FDFD29463A4615480FF0F8FDD2
:103A600041F28B31BEE75221AA1CD3E741462046E2
:103A700053464A4611F04BFF2146304605B0BDE89B
:103A8000F04FFDF76FBC6FF07F0005B0BDE8F08F21
:103A90006FF00B00F9E700BFA5F7030028E2030071
:103AA000EDBC030022E603000EE803007CE80300FF
:103AB0008CE8030070B50D46064670B9424941F2E4
:103AC000E943424A42480FF0C3FD42480FF0C0FDAF
:103AD00041F2E9413D480FF0B2FD09B10B6863B90D
:103AE0003D4941F2EA43394A39480FF0B1FD3948BE
:103AF0000FF0AEFD41F2EA41ECE78B8963B937493B
:103B000041F2EB43314A32480FF0A2FD31480FF049
:103B10009FFD41F2EB41DDE74B8963B9304941F24A
:103B2000F1432A4A2A480FF093FD2A480FF090FDEE
:103B300041F2F141CEE7837A072B3CD1FDF708FE35
:103B4000044658B9FDF704FE0446002836D006F1B5
:103B50007001013011F0A3FF337A2370A36893B191
:103B60000022143B9D422CD018892989884205D116
:103B70009889A989884228BF42F001025B690BB18C
:103B8000143BEFE76AB930462946164AFEF7FAF8C1
:103B9000064630B1A36813B92046FDF7BBFE304698
:103BA00070BDA26805F114036A61E268A36002B9FE
:103BB000E3600026F3E76FF07F06F0E76FF00B0697
:103BC000EDE76FF07706EAE7A5F7030028E20300C8
:103BD000EDBC030022E60300BDE80300D6E80300C5
:103BE000E4E80300875C0300F8B50C46054670B9AD
:103BF000344941F24F53344A34480FF029FD3448D8
:103C00000FF026FD41F24F512F480FF018FD61B91A
:103C1000304941F250532C4A2C480FF019FD2C48E2
:103C20000FF016FD41F25051EEE7837A072B42D197
:103C3000FDF78EFD0646002840D08368002B3DD05E
:103C400000221746143B9C4209D0188921898842DA
:103C500008BF47F001075B691BB1143BF3E7012282
:103C6000F9E75AB304F1100011F020FF430703D520
:103C70002146284612F039FB6FB104F1140106F118
:103C8000080012F023F9B36813B93046FDF742FE7D
:103C900057B9002007E0214628460F4AA781FEF7C2
:103CA00071F80028E9D0F8BD002321461A462846BD
:103CB0002668B047EDE76FF07F00F4E76FF015007E
:103CC000F1E700BFA5F7030028E20300EDBC030005
:103CD00022E603001BE60300875C03002DE9F047A2
:103CE0008C68064690469946BDF820A024B154F849
:103CF000145905B1143D0CB9BDE8F087238943453B
:103D000011D153464A46214630462768B84750B934
:103D100021463046FFF768FF034620B10221064ADC
:103D2000064811F028FE2DB1696901B114392C46FD
:103D30000D46E0E72946FAE7F7E80300C89A0300D2
:103D4000F0B587B007460E461546FDF701FD04465F
:103D5000C8B12A46314603A810F056FFBDF810300E
:103D6000042B10D9042103A8F9F7FEFFBDF81010A9
:103D700046880288B14208D201213346084A0948E0
:103D8000009510F0E1FA07B0F0BD2146031D009642
:103D90003846FFF7A3FF314603A8F9F7E5FFDDE753
:103DA00016E90300C89A0300012330B500F170053D
:103DB0008FB0044603902946007A8DF8103012F037
:103DC000A0FB90B1227ACAB102AC042120460FF0C8
:103DD0004DFD009424210A4A2B4605A8FAF70AF95A
:103DE00005AA10460749F7F7CDFA4FF6FF710120F3
:103DF000054A03AB12F05EF90FB030BD0092E9E75F
:103E00009CE70300F92402006D2B02002DE9F0412C
:103E10000D4B06461B680F46904623B153F80449E4
:103E200004B1043C0BB9BDE8F0811B681BB14246EC
:103E30003946304698472CB1656805B1043D2346A4
:103E40002C46EFE72546FAE7188700202DE9F74FC3
:103E5000044603464FF6FF7101203A4A04F170060A
:103E600012F028F93146207AFEF7CEFB3146207A4F
:103E700012F047FB50B1237A4FF6FF718DF80430F2
:103E800001206B46304A009612F014F92046FDF7E7
:103E90005FFC074640B92046FDF704FC05460028B4
:103EA0003DD103B0BDE8F08F8568002DF3D055F803
:103EB0001489B8F1000F01D0A8F114084FF00009DF
:103EC000CA4601E04546984605F1100B6FF008011F
:103ED000584611F0D9FD3146207A12F012FB80B914
:103EE0002B464A4639462046A5F80CA011F0ABFEF9
:103EF000B8F1000FCFD0D8F81430002BE2D0143B2B
:103F0000E0E7584611F0D2FDC307E9D47B781BB136
:103F10003146781C11F0C3FD05F11409E8E731467C
:103F2000207A12F0EEFA28B9284603B0BDE8F04F27
:103F3000FDF77CBD3146681C03B0BDE8F04F11F0C1
:103F4000AEBD00BF051C0200C919020008B50A4B2E
:103F500042689A420ED1C3685BB90849084841F6E5
:103F60002313084A0FF074FB41F6231105480FF0A4
:103F700066FB198208BD00BF553802001BE603002E
:103F8000EDBC030028E203007FB54FF4205200236C
:103F9000ADF8162004AA02920A4A0120CDE90032A7
:103FA0004FF6FF7105AA04938DF81430FEF742F91D
:103FB000049B012B14BF6FF01500002007B05DF8C3
:103FC00004FB00BFC563030080B500AF88B06A463C
:103FD000074BCDE90530032342F8103F00234FF48F
:103FE000C2510448F6F760FD6FF00B00BD4680BD7E
:103FF0004BE90300189B030010B50B4A13683BB153
:10400000D36C23B1FFF7E0FF6FF00B0010BD01236D
:104010004C2000FB03205B42044C03F04C031A4489
:10402000446000200A60F1E7408700203CA70300BD
:10403000C3681B780221024A024812F027BA00BF67
:1040400077E90300D89A030038B5C5682B78B3B96F
:10405000B5F801400F21204602F01CFAE978054628
:1040600070B90C4A138813B1538843B901236FEA1E
:1040700004506FEA105022F81300074AD15438BD9B
:104080004172012102F0E0F82846BDE8384002F014
:1040900047B800BFA08E00203891002070B5C368DB
:1040A0001D787DBBB3F801600F21304602F0F2F9B4
:1040B000044638B901213346BDE87040124A13481E
:1040C00012F0E4B9294602F0BFF8A378012B04D01E
:1040D0002046BDE8704002F023B8231DD3E8AF3F6F
:1040E000DB07F5D50321204602F0AEF8032010F0DF
:1040F000FDFE03460028EBD00221054A034812F0DA
:10410000C5F9E5E770BD00BF9FE90300D89A030039
:104110003FDB030010B501210C30F9F725FE0378D1
:104120000121BDE81040024A024812F0AFB900BFB9
:10413000C5E90300D89A0300014610B50848F9F70D
:10414000BDFB0849084813F09FFD031E06DABDE8D1
:1041500010400121054A064812F098B910BD00BF71
:104160003C070020740A0020482D0020E7E90300E6
:10417000D89A030073B5C4680121B4F801603046D1
:1041800002F088F9054640B9012133460E4A0F482E
:1041900002B0BDE8704012F079B923788DF8003094
:1041A00043B9E37805348DF8013014F8013C0194EB
:1041B0008DF802306946284602F074FF284601F067
:1041C000AFFF02B070BD00BF04EA0300D89A03003D
:1041D0002DE9F14FC56801212E88304602F05AF9C9
:1041E000044640B901213346284A294801B0BDE8B8
:1041F000F04F12F04BB9B5F80280EE881FFA88F341
:10420000AF88A3F11B022D89E02A1FFA86FA1FFA54
:1042100087F91FFA85FB04D902211E4A1C4812F0B7
:1042200035F9AAF11B03E02B05D9022153461A4A9E
:10423000174812F02BF944F24812A9F5A4739BB267
:10424000934205D902214B46144A114812F01EF937
:1042500044F24812ABF5A4739BB2934205D90221F4
:104260005B460F4A0A4812F011F92046A4F8A680CE
:10427000A4F8A870A4F8AA60A4F8AC5002F088FCD6
:10428000204601B0BDE8F04F01F04ABF1FEA03002D
:10429000D89A030043EA03006CEA030095EA03009E
:1042A000BCEA030073B5C5680121B5F8016030466A
:1042B00002F0F0F8044640B9012133461C4A1D487B
:1042C00002B0BDE8704012F0E1B82B781A2B19D17A
:1042D000C378012B27D14FF48041043012F0CBF882
:1042E00043040FD4D4F88C3069460093D4F894304A
:1042F00020460193FBF7B4FC204602B0BDE87040B5
:1043000001F00EBF2B7873B940F2E242B5F80330EA
:104310005343C4F88830B5F80530A4F89030B5F8A8
:104320000730A4F89230204602F0CEFBE4E700BF4D
:104330001FEA0300D89A030010B5002486B003AB2F
:1043400000934FF462724FF0FF3305490548CDE901
:104350000344059409F064FF204606B010BD00BF79
:1043600010B50020A02C002010B5084C01460622F4
:1043700094F86F0002F096FD38B994F86F000522AA
:10438000BDE81040024902F08DBD10BD08060020B6
:104390001D1E04000121024A024812F06AB800BF43
:1043A000E3EA0300D89A03000B46B0B50D8A00AFCC
:1043B00004462946D868F9F7A7FD8AB06A46094B32
:1043C000CDE90750CDE9053440F20243ADF8243081
:1043D000054B4FF43251054842F8103F12F058F89F
:1043E000BD46B0BDFDEA030005000001D89A0300F8
:1043F00070B5C5680121B5F80160304602F04AF891
:10440000044638B901213346BDE870400B4A0C48D8
:1044100012F03CB82B783BB9D5F80330C0F898308F
:10442000D5F80730C0F89C30201D4FF4003112F051
:1044300022F82046BDE8704001F072BE1FEA03007A
:10444000D89A030037B50446084602EBC3039A42E4
:1044500002D16FF05E0010E0114611F8085BA54232
:1044600011D1038A5178994209D908480121084A93
:1044700000940FF069FF6FF0150003B030BD536872
:1044800098470020F9E70A46E1E700BFD89A030001
:104490001FEB03002DE9F0470C460AF097FEE56894
:1044A0002B78022B75D0042B0AD001213D4A3E48BF
:1044B00011F0ECFF2046F9F7C7FA6FF015040EE093
:1044C000B4F81080B8F1020F0ED84346374A364888
:1044D000012111F0DBFF2046F9F7B6FA00240AF0BB
:1044E000E7FE2046BDE8F08768783E280CD1B8F199
:1044F000030F02D12E4A4346E9E7EB78012B01D0A6
:104500000A2B46D1032704E011F09AFF0746F8076B
:104510003FD504F10C0601213046D4F814A0F9F778
:1045200005FC02213046F9F71FFC814600783E2841
:1045300007D1E3681B78012B01D00A2B06D1032693
:1045400014E011F07DFFC10706460FD441F26A1353
:10455000184A194919480FF07BF8002383F3118892
:10456000BFF36F8F0323184602DF0226144A062387
:10457000214699F8000011F0B2FFB2070DD563692A
:10458000A5EB0A0513FA85F5E560A4F81080BB07D2
:10459000A4D52046FFF7D0FDA0E72046F9F754FA4E
:1045A000F5E700BFD1EB0300D89A030041EB03000D
:1045B0005DEB03007DEB0300B8EB0300EDBC0300F3
:1045C000A0A7030010B5012104460C30F9F7CCFB7D
:1045D0002146BDE810400223014A007811F07FBF58
:1045E000D0A7030073B53E48F9F7D2F90446002876
:1045F00073D000F10C05284610F036FB0228034664
:1046000003D0042847D0374A03E0238A032B05D878
:10461000354A0121354811F039FF13E004212846BD
:10462000F9F7A2FBFF23428806882376238AC6F384
:104630000B009A42608309D0012100922B482C4A3A
:104640000FF082FE2046F9F7FFF912E00F2101F08A
:1046500021FF054610B9638B264ADAE701F052FFC5
:1046600021462076320B284601F0B4FC284601F0A2
:1046700057FD214BD3F834317BB32049204813F048
:1046800003FB031E29DA01211E4A184802B0BDE8C7
:10469000704011F0FBBE28460221F9F765FB054684
:1046A00000783E2812D011F0CBFE10F002060DD19A
:1046B00040F69C43144A154915480EF0C9FF86F38D
:1046C0001188BFF36F8F0323184602DF04232146AE
:1046D000104A287811F003FFB4E702B070BD00BFA4
:1046E0003C0700207AEC0300E5EB0300D89A0300B6
:1046F00006EC03002AEC030008060020740A0020E0
:10470000482D0020E7E903007DEB03004CEC03009B
:10471000EDBC0300E0A7030010B5012104460C30F6
:10472000F9F722FB2146BDE810400923014A007831
:1047300011F0D5BE00A80300F8B50121044600AF72
:104740000C30F9F711FB0678002321463046104A59
:10475000FFF778FE5F3019D1258AE0682946F9F71E
:10476000D3FB6C468AB06A460A4BCDE90750CDE9C7
:10477000053640F20243ADF82430074B4FF4325176
:10478000064842F8103F11F083FEA546BD46F8BD2D
:1047900048A803008EEC030005000001D89A03002E
:1047A0002DE9F3470023074688461646DFF81091A7
:1047B000D9E8EF4FC9E8E23F002AF9D144B9012115
:1047C0003B46404A404802B0BDE8F04711F05EBEAB
:1047D0002046F8F75DFF4FF00C0A3C4D0AFB0050F5
:1047E0004388BB4220D02046F8F752FF0AFB005016
:1047F000438801210093364A3B4633480FF0A4FD1D
:10480000D9E8EF3FC9E8E24F002AF9D1002B54D094
:10481000304931484FF41F63304A0EF019FF4FF40E
:104820001F612E480EF00BFFA64208D02046F8F775
:1048300051FF328AF16804F10C0010F0F2F92046C1
:10484000F8F726FF0C2606FB00504368ABB1B8F121
:10485000000F12D12046F8F71BFF012106FB005084
:104860004268536803F01F00814010685B0900EB49
:104870008300137AEBB111F0FEFD2046F8F708FF34
:104880000C2606FB005083686BB12046F8F700FF4A
:10489000704305F800802046F8F7FAFE06FB005545
:1048A000A86808F005FF204602B0BDE8F047F9F718
:1048B000CBB8C94311F0EFFDDFE702B0BDE8F087E8
:1048C00038070020C0EC0300D89A0300D8870020E6
:1048D000E8EC03001BED0300EDBC03007DEB0300DF
:1048E0002DE9F84FD0F80C90018A99F8004000AFFC
:1048F000A30001338B4278D96D468AB06A46CDE970
:10490000073105233A484FF42151CDE905043948D0
:1049100042F8103F11F0BCFDAD46BD46BDE8F88F32
:1049200001212B46344A334811F0B0FD013699F885
:1049300000309E42F1DA09EB8603B3F801500F21F3
:104940002846B3F8038001F0A5FD04460028E7D00F
:1049500000F1C80AB8F1000F03D1204601F0E0FBD6
:10496000E4E7656985B90121244A224811F081FDF7
:10497000234940F28923234A23480EF069FE40F27E
:10498000892120480EF05BFEA2692B6895422046E3
:10499000636108BFA36101F0A9FA08F089FEC5F8B8
:1049A00000B0236A93B9C4E90755DAE8AF3F08F1CC
:1049B000FF381FFA88F863B9144940F29223114A6C
:1049C00011480EF045FE40F29221DAE71D602562A3
:1049D000EBE7DAE8EF3F013BCAE8E23F002AF8D113
:1049E0000021204601F08EFAB4E70026B3469EE788
:1049F00020ED0300D89A03004BED030067ED0300A0
:104A00007F0F04007DEB0300EDBC03007EED03008F
:104A100008B5FAF755FC064BD3E8AF2F02F00B02AE
:104A2000D3E8EF1FC3E8E02F0028F9D108BD00BF8D
:104A3000DC06002010B5C1E900239DF808300C46C3
:104A40000B72F8F725FE0C22024B02FB00335C6070
:104A500010BD00BFD8870020F8B502460B461048AD
:104A600010F0CEF80446C0B104210C30F9F7FCF880
:104A70002046F8F70DFE0C2700260A4D07FB0050D4
:104A800046802046F8F704FE07FB0050866020466B
:104A9000F8F7FEFD07FB00556E602046F8BD00BF2D
:104AA000880F0020D88700200138C0B204289ABFA0
:104AB000014B185C00207047831E040070B5C56868
:104AC0000121B5F80160304601F0E4FC044638B934
:104AD00001213346BDE870400A4A0B4811F0D6BCAC
:104AE000E878FFF7E1FF84F8A4002879FFF7DCFFFE
:104AF00084F8A500204602F089F82046BDE8704001
:104B000001F00EBB1FEA0300D89A030010B504465B
:104B100092B048226846064914F0C0F8112C9DBF97
:104B200012AB03EB840454F8480C024812B010BDD9
:104B3000E49C0300C4B00300034B0146D3F85001CA
:104B400082689268104700BF080600202DE9F04FE8
:104B500091B0042100AF4B4811F08DFC6D46FAF77F
:104B6000AFFB88B06A46484B4FF4E6510593474B7C
:104B7000474806934FF40073ADF81C30454B464C44
:104B800042F8103F11F084FCAD46E179434B444EAE
:104B900007F12008012998BF1E4640462146F9F733
:104BA00067F98AB06A463F4BCDF81C80CDE90536DF
:104BB0003D4B4FF4235108933C4B354842F8103F8E
:104BC00011F066FCA246AD460125394EDFF8E480BF
:104BD000E3790AF1070A9D423BDB94F870506E4678
:104BE0002846FFF793FF8CB06A46B4F87210B4F809
:104BF0007630CDE907514FF40075DFF8BCC009935A
:104C00002E4BCDE905C0ADF828504FF4535142F872
:104C1000103F1F4811F03CFCB54694F871603046D7
:104C2000FFF774FF8AB06A46B4F874302449CDE9BE
:104C30000763244BCDE90510ADF824504FF43351F0
:104C4000134842F8103F11F023FC4437BD46BDE83D
:104C5000F08F51463846F9F70BF9E9468AB06A46B3
:104C600040F20133CDE905650797ADF820304FF4E8
:104C70001351074842F8108F11F00AFC0135CD4658
:104C8000A6E700BFDC0600209BED0300ADED0300AE
:104C9000D89A03000300000108060020B91104009F
:104CA00097ED0300B1ED03000002010304000002D0
:104CB000C0ED030004000001D1ED03000600000177
:104CC0000FEE03000500000108B50848C37933B9A9
:104CD0000321074A074811F0CCFB002008BD08213A
:104CE000D43011F0C8FBFFF731FFF6E708060020CB
:104CF00036EE0300D89A0300004870477CAD0300ED
:104D000010B50B490B4812F0BFFF041E0FDA41F239
:104D10006343094A09490A480EF09AFC21460948AA
:104D20000EF096FC41F2634103480EF088FC10BD82
:104D3000640A0020A02C00207DEB030046C603007F
:104D4000EDBC030063EE030070B505460C4639B1B7
:104D5000CB684A699B1A032B0ED86FF0150509E042
:104D60004FF0FF304FF0FF31FFF776FE044618B9E1
:104D70006FF06805284670BD2046F8F789FC0C22C4
:104D8000164BA61802FB0033032130465D80F8F76E
:104D9000ADFF0580238A0121033B837030460FF06D
:104DA0005CFF40F635439D420FD12046FFF7C4FE1D
:104DB00005460028DED001210346094A094811F0C2
:104DC00065FB2046F8F740FED4E72146064812F07E
:104DD000E1FE0025FFF794FFCCE700BFD887002055
:104DE00068EE0300D89A0300440700202DE9F0473D
:104DF00084B0804691460C4600AF71B94FF0FF3049
:104E00004FF0FF31FFF728FE0446C0B96FF0680588
:104E100028461037BD46BDE8F087887AF8F730FCA1
:104E20003A4B83420BD03A493A484FF4D7733A4A47
:104E30000EF00EFC4FF4D77137480EF000FC012243
:104E40000021384612F0BFFE2046F8F721FC0C2363
:104E5000DFF8C8A003FB00A087602046F8F736FE05
:104E600001464046FFF770FF054618B12046F8F7A7
:104E7000EBFDCDE700233846294A08F097FC0646AB
:104E800090B14FF4F173244A264922480EF0E0FB1A
:104E90003246414624480EF0DBFB85F31188BFF310
:104EA0006F8F0323184602DF2046F8F7F1FB0C232F
:104EB00058431AF80060FEB16D468AB06A461B4B33
:104EC0000796CDE905381A4B4FF43251089340F25A
:104ED0000243ADF82430174B174842F8103F093E03
:104EE00011F0D6FA2046AD46F6B2F8F7ADFD092E20
:104EF00008D8124B9D578BE7B9F1000FB6D0C9F80F
:104F0000004085E76FF0040582E700BF880F0020AE
:104F10007F0F0400EDBC03007DEB0300D887002069
:104F2000B4C40400FEBF03008AEE0300CFEE03000A
:104F3000B911040005000001D89A0300791E04008D
:104F4000F0B585B006460DF103010020F9F71AFD12
:104F50000446002846D14FF0FF304FF0FF31FFF7F5
:104F60007BFD0746002840D019210C30F8F79EFE43
:104F700005462146192213F0B7FE9DF8033006F1CD
:104F800070012B73681D11F06DFA194B38469A8920
:104F9000D4332A8033F8C62C6A8001930723029306
:104FA0000123B6F88C208DF80C30A5F80D20B6F84A
:104FB0008E20A5F80F20B6F89020A5F81120B6F89D
:104FC0009220A5F81320F8F763FB0C22094B394611
:104FD00002FB003301AA5A6042F20D002246FFF79D
:104FE00005FF0446204605B0F0BD6FF06804F9E700
:104FF00008060020D8870020F8B53C28044600AFFA
:105000001AD1F9F717FE6FF48071103011F043FADE
:105010000020FFF7A9F9054630B90121314A32488D
:1050200011F027FABD46F8BD4472002101F00CF9D9
:10503000284601F075F8F5E702283DD10021024627
:10504000084601F02FFF054680B90121274A26486E
:1050500011F00FFA03200FF049FF03460028E1D0BA
:105060000221234A204811F011FADBE7031DD3E89F
:10507000AF3FDB0706D5032101F0E6F8284601F033
:105080004FF8E7E7403009F067F910F00C0608D157
:1050900015482146174A11F0ECF9314628466C7242
:1050A000EAE72846FFF74CFF0028E7D00121124A23
:1050B0000D4811F0DEF9E1E76D468AB06A460F4B04
:1050C0004FF41251CDE905300D4B0748079340F2DC
:1050D0000133ADF820300B4B42F8103F11F0D8F9F6
:1050E000AD469FE7EEEE0300D89A03000FEF0300F2
:1050F0003FDB03002DEF030053EF03006FEF0300CE
:10510000B91104000400000130B54FF0FF304FF03A
:10511000FF3185B0FFF7A0FC0446B0B10C4B002571
:10512000019307238DF80C500293F8F7B1FA0C2283
:10513000084B214602FB003301AA5A6042F20E00DE
:105140002A46FFF753FE05B030BD6FF06800FAE75E
:10515000DC060020D88700202DE9F0438DB00478CC
:10516000054600AF5CB17949794840F28353794AEA
:105170000EF06EFA40F2835176480EF060FA764AED
:10518000B0F80180118848F47043994257D0518893
:10519000994256D10123002122F813106F4A12F8C8
:1051A0000390EB782E1D012B08BF6D4B304608BFD6
:1051B00093F86F400FF0F4FD3146002843D007F11B
:1051C00008000FF0E2FDD5F81130C7F80130B5F84E
:1051D0001530A7F8053001233B70E87800283FD14F
:1051E000022207F1080101F05DFE0446EB7823B9C5
:1051F0006FF080015B4811F04EF9D4BB07F1100449
:1052000031462046F8F734FE6D4688B06A46564B64
:105210004FF4E251CDE905344FF40073ADF81C3082
:10522000524B534842F8103F11F032F91321AD466A
:10523000404611F06AF93437BD46BDE8F083234695
:10524000A9E7A146ADE720460FF0DCFD014607F1D6
:10525000080011F007F93146384611F003F9BCE7B0
:10526000012804D107F10800FFF77EF8BDE700240C
:10527000BCE7204640F2E242B5F8013007F10801F0
:1052800020F8703B11F0EEF8B5F8173053430022C8
:10529000C4F88830B5F81930A4F89030B5F81B3050
:1052A000A4F89230EB786272324A012BC4F8A42041
:1052B00002F14702C4F8A8204FF4A472E370A4F8E6
:1052C000AC200FD1394604F1770011F0CBF8F9F793
:1052D000B1FC217A224BC1EBC101194404F17E00DB
:1052E00011F0C0F8E3786BB9394604F17E0011F093
:1052F000B9F8217A1A4BC1EBC101194404F17700C6
:1053000011F0B0F80721204600F09EFFB9F1000F20
:1053100005D00121204684F8099000F095FF204631
:1053200001F068F9204600F0FBFEE378002B82D103
:1053300003200FF0DBFD034600283FF47CAF022181
:105340000D4A0B4811F0A2F875E700BF8BEF030080
:10535000EDBC03007DEB0300A08E002038910020FF
:1053600008060020DC0600209FEF03000300000178
:10537000D89A030001011B003FDB030000B5C168A0
:1053800089B0087820B109B05DF804EBFFF734BEAE
:10539000B1F801308DF80000ADF80130CB7801A8EC
:1053A0008DF80330B1F80B300431ADF81730B1F897
:1053B0000930ADF81930B1F80B30ADF81B304B7B2C
:1053C0008DF81D3011F04EF8084B68461A689B881E
:1053D000CDF80B20ADF80F30CDF81120ADF8153019
:1053E000FFF7BAFE09B05DF804FB00BF311E0400F0
:1053F0000022F0B585B0114640F6034002AFFFF73A
:10540000F5FC044600285BD1FFF702FB214641F280
:1054100003003A1DFFF7EAFC0446002850D17A68E1
:10542000C34DD16805F17803D1F80100D1F805101A
:1054300003C31046F8F708FB214641F201003A1D6C
:10544000FFF7D4FC044600283AD17868C3685A783C
:1054500085F870205A88A5F872201A7985F871208D
:10546000B3F80720A5F87420B3F80530A5F8763016
:10547000F8F7EAFA214641F202003A1DFFF7B6FCBE
:105480000446E8B9D7F804C005F18006DCF80C2022
:10549000531C4132344618685968083303C4934298
:1054A0002646F7D16046F8F7CFFA95F87C305806D3
:1054B0000AD401219F4AA04810F0DBFF6FF01204CC
:1054C00020460C37BD46F0BD95F8AF103A1D11F0DF
:1054D000040100F01381002142F28700FFF786FCEF
:1054E00004460028ECD17B68944AD968D1F80200C0
:1054F000D1F8061003C21846F8F7A6FA002142F2C6
:1055000002003A1DFFF772FC04460028D8D17E68DD
:10551000F468B4F801309AB292B1E27882B1A5F899
:10552000FC30E3780A2B06D00A220221009282483E
:10553000834A0EF009FFE2788248114612F043FBDD
:105540003046F8F781FA1F2395F87C60A5F81031F2
:1055500016F0200619D14FF0FF304FF0FF31FFF762
:105560007BFA0446002800F0908102210C30F8F705
:105570009DFB0123214603704670324640F66D4084
:10558000FFF734FC044600289AD195F89C3019079F
:1055900012D5002142F21C003A1DFFF727FC0446F9
:1055A00000288DD17868C368D3F80120D3F805307E
:1055B000C5E93823F8F748FA4FF0FF304FF0FF31D4
:1055C000FFF74AFA0646002800F05F8108210C30F8
:1055D000F8F76CFB95F8D820314612F0020416BF9C
:1055E0002F230F230024920695F8D92048BF43F0BB
:1055F000400312F0090F95F9DF2018BF43F4006350
:10560000002AB8BF4FF4806400220370C4F307245B
:10561000C3F30723447143708270C27002718271B8
:10562000C27142F20100FFF7E1FB044600287FF45B
:1056300047AF95F87C30B5F8FC1098066ED4C9B920
:1056400041F205003A1DFFF7D1FB044600287FF424
:1056500037AFB5F8FC307C684BB9E368B3F801208C
:10566000A5F8FC209A883748114612F0ACFA20467B
:10567000F8F7EAF94FF0FF304FF0FF31FFF7ECF9A0
:105680000446002800F0018108210C30F8F70EFBD9
:105690001023037088230022437002262023214612
:1056A0008270C670027142718271C37140F601400E
:1056B000FFF79CFB044600287FF402AF01463A1D29
:1056C0004FF60140FFF792FB002841D01E4A02210D
:1056D000194810F0CEFEEB79002B40F0C6800FF099
:1056E000D4FB044600287FF4EBAE01F03DFE0446F7
:1056F00000287FF4E5AEFFF7E7FAE1E642F20300A7
:10570000FFF774FB044600287FF4DAAE7B680B4A8F
:10571000D968D1F80100D1F80510EBE60029A9D12C
:1057200001210A4A044810F0A4FE6FF00404C7E601
:1057300008060020BBEF0300D89A0300E006002013
:10574000DFEF03000807002048F0030025F0030006
:105750007B686E46DC688AB0B4F80130042B96BFD3
:10576000574A584952F8231002AAD3614FF40073E4
:1057700055481384554BC2E9050142F8103F4FF4D8
:105780001351534810F084FEB4F80120B546022AA4
:10579000B4F8033049D1052B47D84E4A52F82310AC
:1057A0006E468AB002AAD3614FF400734A4813844C
:1057B000464BC2E9050142F8103F4FF413514448EB
:1057C00010F066FEB546637994F806C0032B98BFC7
:1057D000424AB4F80760D4F809006C468CB094BF14
:1057E00052F82310374902AAC2E9073C4FF400736C
:1057F000DFF8ECE093853B4BC2E905E1C2E90960C3
:105800004FF4735142F8103F314810F041FEA54665
:105810007868F8F719F900214FF602403A1DFFF7B2
:10582000E5FA044618B1304A51E72649B8E77868E6
:10583000C368B3F80130A5F8C130F8F705F995F859
:10584000C1305A077FF547AF21464FF603403A1D56
:10585000FFF7CCFA08B1254A39E77868C3685B7866
:1058600085F8C030F8F7F0F835E72E78002E7FF491
:1058700036AF95F8C1309B061FD54FF0FF304FF083
:10588000FF31FFF7E9F8044610B96FF0680417E636
:1058900006210C30F8F70AFAD5F8013021460360EA
:1058A000134B32469B8883804FF60640FFF79EFAE3
:1058B000044600283FF413AF02E66FF08504FFE5CD
:1058C0008CA70300C4B003006CF0030004000001C7
:1058D000D89A030074A7030085F0030064A70300AF
:1058E0009DF0030007000001CAF00300F3F003007D
:1058F0000906002010B5FFF77BFD034B1B6813B1B1
:10590000BDE81040184710BDE487002073B5064677
:105910002E4D03212E4A2F4810F0ABFDD5F8500133
:1059200012F0D5F848B901212B4A2A4810F0A1FD00
:105930006FF01204204602B070BD6FF0020105F155
:10594000D40010F0A8FD012110F095FDC3073AD452
:10595000F8F78CFB04460028ECD1204B1E60012296
:1059600005F59070114612F02EF905F59E7012F0B3
:1059700008F91B4808F03AFC6FF0070340F698025C
:1059800018491748009408F04BFC1749144812F0C6
:1059900091F9D5F85001154983681B68984704466A
:1059A00030B101210346124A0A4810F06FFDC1E7E9
:1059B00026B902B0BDE87040FFF71ABD05F1C4007A
:1059C00008F018FBB6E76FF07704B3E7080600208D
:1059D0001CF10300D89A03003BF10300E487002088
:1059E000482D002098B8002053F103009544020090
:1059F0005CF1030073B5C368D9789A781E8842EACF
:105A00000122ADF8002059791A79B4B242EA012294
:105A1000ADF80220D9799A79204642EA0122ADF800
:105A200004201A7A5B7A012142EA0323ADF806309A
:105A300000F030FD054658B901211D4823461D4A96
:105A400010F024FD0221204610F0E6FD02B070BDEA
:105A5000694601F019F938B91E21204610F0DCFD25
:105A6000284600F05DFBF1E74FF0FF304FF0FF31CB
:105A7000FEF7F2FF04460028F2D00E210C30F8F7B2
:105A800015F900230680C0F80A30BDF80030214621
:105A90004380BDF802308380BDF80430C380BDF878
:105AA0000630038142F22000FFF74EF9D8E700BF2D
:105AB000D89A03001FEA030038B5042104460C30CD
:105AC000F8F752F9034640885D7818B122461978F4
:105AD000FEF766FE35B1044807F0EAFDBDE8384040
:105AE000FFF70EB938BD00BF28070020B0B5044647
:105AF000032100AF0C30F8F737F9E268034611785C
:105B000040F63542B0F80100904216D16C468AB09A
:105B10006A46104B1048CDE90531104B4FF4125135
:105B2000079340F20133ADF820300D4B42F8103F9F
:105B300010F0AEFCA546BD46B0BD1D7810B12246A2
:105B4000FEF72EFE002DF6D0064807F0B1FDFFF758
:105B5000D7F8F0E778F10300D89A0300B9110400F0
:105B6000040000012807002038B509F02FFB2F4D55
:105B7000D5F83C31002B56D00022002305F590705B
:105B800007F014FE00284ED10022002305F59E7078
:105B900007F002FD044668B940F6AC43244A2549A3
:105BA00025480DF055FD84F31188BFF36F8F032353
:105BB000184602DFD5F830315BB101211F4A204879
:105BC00010F057FCD5F83001F7F73EFF0023C5F879
:105BD00030312046F7F77AFFC5F830012046FEF74E
:105BE000ABFF0346C8B10121164A154810F04EFC20
:105BF000154807F05DFD2046F7F74AFD0C22134BD0
:105C000002FB0033588818B122461F21FEF7C8FD59
:105C10002046F7F719FFFFF773F8FFF771F8BDE8B3
:105C2000384009F045BB00F03DFDF8E708060020CC
:105C30007DEB03001CED0300EDBC0300B0F103009D
:105C4000D89A030068EE030028070020D8870020B8
:105C500010B50446F7F71CFD044901EB001120467E
:105C6000F8F712FCBDE81040FFF74AB8E8870020BB
:105C700070B50546134B1C6844B154F8203C203CD9
:105C800013B12846697A9847246AF5E70E4C0F4EFF
:105C9000B44215D90E4940F2B6730E4A0E480DF0C3
:105CA000D7FC0E480DF0D4FC40F2B67109480DF057
:105CB000C6FC236813B12846697A98472434E7E77D
:105CC000F7D370BD80880020649A0300889A03008F
:105CD00027F30300F0F20300EDBC0300A7C40300A8
:105CE00008B50B4B1B7873B90A4940F246330A4A90
:105CF0000A480DF0ADFC0A480DF0AAFC40F246310E
:105D000005480DF09CFCF7F7AFF9064B185808BD95
:105D100068960020A3BF030078BF0300EDBC03001A
:105D2000B6BF03000800000010B50C4681780129B9
:105D30000BD00C490C4840F2EE330C4A0DF088FCB5
:105D400040F2EE3109480DF07AFCA16904F1180027
:105D50001160E26900211A60E27ABDE8104012F099
:105D6000C3BF00BF42F30300EDBC0300F0F2030029
:105D700010B510F0EEFB034630B1BDE81040012134
:105D8000024A03480EF0D6BA10BD00BF54F3030018
:105D9000B89A030010B5827A0346072A1AD1043054
:105DA000D0E8EF2F42F48061C0E8E41F002CF7D167
:105DB00054050FD410F05EFC81030BD4DA7822B1C5
:105DC000054A92F8D820120704D5BDE810401846BD
:105DD000FFF7CEBF10BD00BF0806002070B5054616
:105DE00000220023164807F0E1FC38BB154B1C6865
:105DF00034B154F8183C203C03B19847246AF7E7C3
:105E0000114C124EB44213D9114940F27C63114A2D
:105E100011480DF01DFC11480DF01AFC40F27C6198
:105E20000C480DF00CFCA36803B198472434E9E753
:105E3000F9D32846BDE8704008F0DCB870BD00BF5B
:105E40005C0E002080880020649A0300889A03007A
:105E500027F30300F0F20300EDBC0300A7C4030026
:105E60002DE9F0410446FFF73BFF1B4BD3F8883088
:105E7000834223D140270025EFF3118287F3128854
:105E8000BFF36F8FE16929B1206A0B688142E3613A
:105E900008BF236282F31188BFF36F8FD1B1D1E9BC
:105EA00001680E48C1E9015511F074FE1EB10022CF
:105EB00041462046B047FEF723FFDDE70849094881
:105EC0004FF49373084A0DF0C3FB4FF493710648E7
:105ED0000DF0B5FBBDE8F08108800020C40E002065
:105EE00075F30300EDBC0300F0F203000448B0F8C2
:105EF000FC3000F58070002B08BF0020704700BF09
:105F00000806002070B588B004460E46FFF7E8FE8C
:105F1000144BD3F88820824205D1204608B0BDE852
:105F20007040FFF79DBF24342146184611F0ACFEA7
:105F3000051E0FDA4FF4AF730B4A0C490C480DF0F5
:105F400087FB29460B480DF083FB4FF4AF710648E1
:105F50000DF075FB1EB16946204608F051F808B0F7
:105F600070BD00BF08800020F0F2030046C60300A9
:105F7000EDBC0300BBF3030038B5002204468A429F
:105F800002D10024204638BD012004F1D003D3E81B
:105F9000EF5F002D04D1C3E8EC0FBCF1000FF6D188
:105FA00002D0D8340244EAE7002CEAD0D022002103
:105FB000204612F099FE04F14000044908F0A0F9CF
:105FC000034904F1240007F0EDFEDBE74172020013
:105FD0007B660300F7B516460D4601210446FFF720
:105FE00091FF012E23D0022E52D123693BB13148BB
:105FF0000121314A0EF095F9204610F05CFB256135
:1060000021690B8A012B53D9CA681288043292B2D3
:1060100093424DD343D9012100922648274A0EF0DE
:1060200093F9204603B0BDE8F04010F044BB20696E
:1060300040B9234A31461F480EF073F9204610F04C
:106040003AFB01E02A8A2AB9284603B0BDE8F040AD
:10605000F7F7FABC018A438A47695B1AC168C91B12
:106060005B1A9A420CD9174A314612480EF059F978
:10607000002220462169F9F7C7FD00232361E3E7E9
:10608000E9680C300EF0CDFD2846F7F7DDFCB7E7E8
:10609000012133460C4A07480EF04CF9CEE70023A5
:1060A00001222046236103B0BDE8F040F9F7ACBD02
:1060B00003B0F0BDB89A0300D6F3030056F4030012
:1060C000F3F3030011F4030038F40300034610B5A2
:1060D00090B100F1D002104610F0CCFAC0B1411CD2
:1060E000D2E8EF4F844204D1C2E8EC1FBCF1000FAC
:1060F000F6D1F0D1184610BD0649074840F2B55315
:10610000064A0DF0A5FA40F2B55104480DF097FA91
:106110000346EFE7A5F70300EDBC0300F0F2030030
:1061200038B5044670B9284940F2DF53274A284859
:106130000DF08EFA27480DF08BFA40F2DF5123481C
:106140000DF07DFA243007F0A3FE04F1D003D3E86C
:10615000EF2F511EC3E8E51F002DF8D1002A0CDCFB
:106160001D494FF4BE63194A19480DF071FA1B48D6
:106170000DF06EFA4FF4BE61E1E7012A23D160B160
:10618000174940F2F953114A11480DF061FA1548C8
:106190000DF05EFA40F2F951D1E7134B9C4212D355
:1061A00003F5D87294420ED2E41AD823B4FBF3F26A
:1061B00003FB12443CB90D4807F07AFABDE83840B9
:1061C0000B4807F017BF38BDA5F70300F0F2030036
:1061D000EDBC030071F4030090F4030098F4030095
:1061E000B6F40300CAF40300F02D00205C0E00207A
:1061F000940A002010B50446FFF768FF08F0E6FF98
:10620000104A04F1C403D2F8141161B9C4F8C410DF
:10621000D2F8181159B9C2E9453309F049F8BDE877
:106220001040FEF76DBD8B4205D00968EDE70B60AD
:10623000C2F81831F1E709F03BF82046FFF770FF8C
:10624000EDE700BF080600202DE9F843857A0446F3
:106250008D420E4600AF1DD1082D98BF6C4B6C4689
:1062600088B094BF53F825306A4B6A466A49CDE935
:1062700005134FF40073ADF81C30684B42F8103F23
:1062800000234FF4E4516648F4F70EFCA546BD46E2
:10629000BDE8F8838172DDB1022D1CD0A37A082BF2
:1062A00000F2B28001A252F823F000BFFF620200A8
:1062B00099630200696302008F6202008F6202002C
:1062C0008F6202008F620200E56202008F620200AC
:1062D000FFF7FCFEE2E78378012BDFD1403008F0C6
:1062E000A5F9DBE70023C4E90D33E378012BCED118
:1062F00000234C4A04F1400008F00AF9C7E7082DD2
:10630000C5D8DFE805F02A0521172626212A2A000C
:1063100004F14005284608F089F901212046FFF7DD
:10632000F1FD204610F0C7F900220023284608F0AE
:1063300077F9ACE702200EF0D9FD034620B1022127
:10634000394A37480DF0F6FF637A13B12046FFF75C
:106350008FFC2046FFF7E4FE99E73346334A0221DB
:106360002F480DF0E7FF92E7A378012B8FD1304B38
:106370009D8A002D8BD00A2340F2E730002147F69A
:1063800012265D434FF47A720023E5FB0601E9F71C
:106390004BFF02460B46ADE7637A3E2B0FD16D46AD
:1063A00088B06A46234BCDE90534032342F8103FF9
:1063B00000234FF4C4511A48F4F776FBAD461C4D48
:1063C00005F58078616911B9FEF79AFC5FE7A2696B
:1063D0000B68914208BFA36163610023D1E90169A1
:1063E0001548C1E9013311F0D5FB26B16FF06D02FC
:1063F00049462046B047B5F8FC30002B14BF404654
:10640000002007F055F9DDE70C4A3346A7E700BF47
:106410005CA8030001F503000BF503000300000175
:10642000B89A03005A6202001CF503004DF5030000
:106430000806002064F50300C40E00208BF503005D
:106440002DE9F84306460F4690460025DFF83090C8
:10645000684200F0D8004844FFF738FE044620B1F7
:1064600083781E4208D1FFF75BFE6B1C022B4FF0B6
:106470000105EDD1BDE8F8834146B8472046F2E773
:10648000F02D0020002201200149FFF7D9BF00BFF5
:10649000955D02002DE9F04105460E464FF00008DB
:1064A000154F3846FFF712FE044658B1837A012B88
:1064B00002D0073B012B03D82388AB420ED02046E5
:1064C000FFF72EFE08F10103022B4FF0010807F140
:1064D000D807E6D100242046BDE8F081A3781E420B
:1064E000F9D102212B46054A05480DF023FF20462D
:1064F000FFF716FEEEE700BFF02D0020A7F5030022
:10650000B89A030008B5114B98420AD303F5D87224
:10651000904206D2D822C01AB0FBF2F302FB13035A
:1065200073B10B4940F21B630A4A0B480DF090F817
:106530000A480DF08DF840F21B6106480DF07FF817
:10654000074BC0105843C0B208BD00BFF02D00205B
:10655000BEF50300F0F20300EDBC030035F70300C5
:1065600013DA4B682DE9F84305460F4616461C46DC
:106570009046994611F098FB58B11749174840F2D8
:106580003763174A0DF064F840F2376114480DF094
:1065900056F834430BD0FFF7A3FB124BD3F88830E7
:1065A000834207D10221104A10480DF0BAFE4FF085
:1065B0000008C1460E4942464B46002D14BF2846EE
:1065C00008460EF01DFB044618B1791D0C30F7F794
:1065D0004BFB2046BDE8F8834FF70300EDBC0300FA
:1065E000F0F20300088000205EF70300B89A030071
:1065F000D80E002010B50446054807F0FBFC2046E5
:10660000F9F7B6F92046BDE81040FFF731BB00BFEF
:10661000840A002010B5837A0446023B062B35D845
:10662000DFE803F00D0434343427320041720021D6
:10663000FFF70AFEBDE810400220F8F765BE837838
:10664000012B06D1403007F0F1FFBDE81040FEF706
:106650005BBD4FF4F4630F4A0F4910480CF0F8FF8C
:10666000A1780F480CF0F4FF4FF4F46109480CF0E6
:10667000E6FF00880FF049FF38B9A37A072B03D152
:1066800008212046FFF7E0FD002010BD6FF07F00DD
:10669000FBE700BFF0F203007F0F0400EDBC030036
:1066A00087F703002DE9F04F002387B000AFFB60B0
:1066B0007B619D4B5A8B3AB19C4ED6F814413CB944
:1066C0001C37BD46BDE8F08F1B68002BF4D1F7E7FF
:1066D00054F8C43903B1C43B0025954913E013466F
:1066E000B6F8FC20002A00F0DA81D6F80821C2B9F9
:1066F00004F1C405002BE3D0D3F8C4201C46002AC3
:10670000EDD0A2F1C4039C42EAD18A4940F2B933E8
:10671000894A8A480CF09CFF40F2B93186480CF057
:106720008EFF0A68002AE3D0D4F8B020002ADFD018
:10673000D4F8B420002ADBD0D4F8B820002AD7D06F
:10674000A37A072B41D12046904700283DD004F181
:10675000C8000FF08FFF022837DC2046FFF7B6FC99
:1067600004460028ACD0A37A072B40F09581204640
:10677000D4F8B030B6F8FC1007F110029847804604
:10678000002800F07481B6F8FC203B699A4208D3D7
:106790000146D4F8B450204607F1140307F10C0267
:1067A000A8473B69D7F80CA07B60B8F81030D7F841
:1067B0001490002B3BD162494FF424735E4A5F482A
:1067C0000CF046FF4FF42471A8E704F1C403AB4278
:1067D00009D15C4940F2D633574A58480CF038FF8B
:1067E00040F2D6319AE7D4F8C420C5B9D6F81811CA
:1067F000C6F814218B4201D1C6F818210023204687
:10680000C4F8C430D4F8B83098470028ABD0A37A85
:10681000072B40F041812046FFF7ECFCA3E72A60FC
:10682000D6F81821934208BFC6F81851E6E740464B
:106830000EF0D2FA48B1424940F297233E4A3F480F
:106840000CF006FF40F2972168E7B6F8FC303E48AE
:10685000002B08BF00200022002306F0A7FF60B134
:10686000374940F2A723344A34480CF0F1FE374848
:106870000CF0EEFE40F2A72150E7002200232C4846
:1068800006F08AFE054660B92D4940F2B2232A4A35
:106890002A480CF0DDFE2E480CF0DAFE40F2B22160
:1068A0003CE7C0E901A97B68B6F8FCB05B4598F805
:1068B000083098BFB7F804B0013B012B09D925492E
:1068C00040F2D2231C4A1D480CF0C2FE40F2D221F5
:1068D00024E740460EF080FA814638B11E49AC23C9
:1068E000154A16480CF0B4FEAC2117E70146002209
:1068F00000230D48F6F706FF824658B1F6F7C8FEAA
:10690000164B414603EB00135A465046F7F7E4FD99
:10691000804638BB124940F2DB23074A07480CF097
:1069200097FE40F2DB21F9E65C0F0020080600200C
:10693000C40E00209EF70300F0F20300EDBC03003C
:106940007F0F0400AAF7030008070020C5F7030023
:10695000DAF70300EAF7030012F80300E8870020E3
:106960002CF80300B6F8FC307A6894F8CCA09A4270
:106970008EBF4FF001090AF1020A5FFA8AFA84F821
:10698000CC9004F1C80BDBE8EF3F0133CBE8E23FEA
:10699000002AF8D100232B60A369002B6BD1C4E936
:1069A000055594F80290B9F1010F67D108F10C0375
:1069B000042118467B60F7F799F922880AF0FD0A4E
:1069C00042EA0A320280B8F810207B68043A42801A
:1069D000022118460EF041F94046FEF7ADF8824616
:1069E000002859D0DBE8EF3F013BCBE8E23F002A2B
:1069F000F8D1294604F114000FF042FE294A494615
:106A0000534629480DF096FC4046F7F71DF8D5E9A6
:106A1000018900232946C5E90133244811F0BAF859
:106A2000B8F1000F04D06FF06D0249462046C04710
:106A3000B6F8FC301E48002B08BF002006F038FED8
:106A40006D4688B06A461B4B05936FF00403CDE991
:106A50000634042342F8103F4FF40151124800233A
:106A6000F4F722F81321AD462046FFF7D3FD204668
:106A7000FFF756FB24E61D60A56192E740F2FF2375
:106A80000D4A0E490E480CF0E3FDA1780D480CF0BC
:106A9000DFFD40F2FF2141E6FEF732F9E7E79368B8
:106AA000FFDE00BF68EE0300B89A0300C40E0020AA
:106AB000080700205DF80300F0F203007F0F0400D8
:106AC000EDBC030040F8030040F2E2432DE9F04141
:106AD000D0F888600446B6FBF3F6031D18460FF0A5
:106AE000C9FD8204B6B213D5B4F88C20B2420FD8D7
:106AF000B4F88E20B2420BD3D4E92412914207D1CC
:106B0000D3E8EF1F21F40051C3E8E21F002AF7D1B8
:106B1000184B1D6865B155F8107C203D37B13146E2
:106B20002046B4F89230B4F89020B8472D6AF1E7C7
:106B3000114DDFF84880454519D9114940F2FC73E1
:106B4000104A11480CF084FD10480CF081FD40F211
:106B5000FC710C480CF073FD2F6937B131462046AB
:106B6000B4F89230B4F89020B8472435E3E7F3D373
:106B7000BDE8F08180880020649A0300889A0300B1
:106B800027F30300F0F20300EDBC0300A7C40300E9
:106B9000F8B5174B05461C685CB1203C00F1A60611
:106BA000A36913B1314628469847246A0CB1203CAA
:106BB000F6E7104C104E05F1A607B44215D90F495F
:106BC00040F60D030E4A0F480CF042FD0E480CF043
:106BD0003FFD40F60D010A480CF031FDA36913B1E9
:106BE0003946284698472434E7E7F7D3F8BD00BF75
:106BF00080880020649A0300889A030027F303002A
:106C0000F0F20300EDBC0300A7C40300F8B5174B76
:106C100005461C685CB1203C00F1A406636913B111
:106C2000314628469847246A0CB1203CF6E7104CC0
:106C3000104E05F1A407B44215D90F4940F61E03C2
:106C40000E4A0F480CF004FD0E480CF001FD40F612
:106C50001E010A480CF0F3FC636913B1394628465B
:106C600098472434E7E7F7D3F8BD00BF80880020B9
:106C7000649A0300889A030027F30300F0F20300EC
:106C8000EDBC0300A7C403002DE9F0410746084608
:106C90000D460FF032FC064618B900263046BDE816
:106CA000F0811C4B1C6884B154F8143C203C0BB997
:106CB000246AF8E72946384698470028EDD0284648
:106CC0000FF01BFC0028F3D1E7E7134CDFF84C80F2
:106CD000444518D9124940F63D03124A12480CF0B7
:106CE000B7FC12480CF0B4FC40F63D010D480CF026
:106CF000A6FC2946384698470028CED028460FF0F3
:106D0000FCFB20B9C9E7C9D2E368002BF1D12434D8
:106D1000DEE700BF80880020649A0300889A0300A1
:106D200027F30300F0F20300EDBC0300A7C4030047
:106D300038B505460C460E480221FFF71DF9B0B1E3
:106D4000057223680367A388A0F87430A37980F8DC
:106D5000763001238370074BC0F8B030064BC0F883
:106D6000B430064BC0F8B830054BC0F88C3038BD95
:106D7000F02D00202DF80100295D02006966030056
:106D8000180028002DE9F04106460F464FF0000894
:106D90000F4D2846FFF79AF9044620B18378012B5E
:106DA0000DD0FFF7BDF908F10103022B4FF00108E8
:106DB00005F1D805EDD100242046BDE8F0813A4622
:106DC00031460FF0ABFC0028F6D12046E9E700BFC2
:106DD000F02D0020F0B589B000AF0D46FFF7D2FFCF
:106DE000044618B329463846F7F742F8A37A6D46A9
:106DF000082B98BF0F4A8AB094BF52F823300E4B2D
:106E00006A46CDE907730D4B0D4909930D4BCDE94A
:106E1000051442F8103F00234FF442510A48F3F79B
:106E200043FE2046AD46FFF77BF901202437BD46DF
:106E3000F0BD00BF5CA8030001F5030001030204DC
:106E400080F8030005000002B89A030038B5044634
:106E500013480FF00FFC420702D46FF00A0038BD50
:106E600008460FF04AFB10B96FF01500F7E7F8F786
:106E700009FC0028F1D10A480FF0FCFB0306C0F31F
:106E8000C0150AD40DF0F8FF0028EDD021462846A1
:106E9000FFF7A0FF0028E2D0E6E76FF07700DEE71B
:106EA000DC0600202DE9F84305460E4690460027F3
:106EB000DFF84C90784200F0D8004844FFF706F91C
:106EC000044620B18378012B08D0FFF729F97B1CF9
:106ED000022B4FF00107EDD100240DE036B1324610
:106EE00029460FF01BFC08B92046EEE7A37A43457C
:106EF000FAD1237AAB42F7D12046BDE8F88300BF30
:106F0000F02D002070B58B780646012B0C4692B010
:106F100042D191F8703007AD032B37D8DFE803F08A
:106F2000023032341E492846EFF769FA059594F885
:106F300071301E21049394F872301A4A039394F826
:106F400073300AA8029394F87430019394F8753062
:106F5000009394F876300BF061FF32460AAB10AD27
:106F60001C4603CCAC4210605160234602F108027B
:106F7000F6D1206810603046A388938012B070BDAF
:106F80000949D0E70949CEE70949CCE70A21284653
:106F9000084A0BF043FFC9E700238DF82830DCE7EF
:106FA000A8B20300CAB20300AFB20300B6B2030036
:106FB000C0B20300ECB7030010B583780B70C37840
:106FC0004B70037A8B70847A082C0ED82F4B1B5D84
:106FD00081F82830012381F8293000234B858378FC
:106FE000012B12D06FF0150010BD40F65533284A22
:106FF000284929480CF02CFB214628480CF028FB96
:1070000040F6553122480CF01AFB00F170038B60FA
:10701000037A234AC3EBC30313444B60C27800F1E5
:10702000770300F17E0442BB1A462346C1E90323DD
:1070300040F2E242D0F888304B61B3FBF2F30B83AD
:10704000B0F890304B83B0F892308B8300F1A403FA
:107050000B6200F1A6034B62D0F8A0302BB15B7C31
:10706000DA0644BF012381F82B30D0F8A03013B1E9
:107070005B7C9B0603D40020B6E72246D6E791F856
:107080002B3043F0020381F82B30F4E7881E040014
:10709000F0F203007F0F0400EDBC0300B9F8030019
:1070A00008060020F8B505460E46144B1C6844B18E
:1070B00054F8043C203C13B1314628469847246AD2
:1070C000F5E70F4C0F4FBC4215D90F494FF46063E1
:1070D0000E4A0F480CF0BCFA0E480CF0B9FA4FF407
:1070E00060610A480CF0ABFAE36913B131462846F7
:1070F00098472434E7E7F7D3F8BD00BF8088002025
:10710000649A0300889A030027F30300F0F2030057
:10711000EDBC0300A7C403002DE9F04105460E466F
:1071200090461F46002B49D01B6823B10221264AF6
:1071300026480DF0F6F841462846FFF787FE04463C
:10714000002836D1284641460FF0BEFA05460028F1
:1071500037D096E80F001E4C04F1080C8CE80F00A5
:10716000A38A002B08BF4FF49673A382238A03B926
:10717000A3892382638A03B9E389022128466382B3
:10718000FFF762F828460FF0BEF90446A0B10021CF
:1071900028466972FFF758F82846FEF7C1FF03201A
:1071A000F8F7B2F8034620B102210A4A07480DF069
:1071B000C1F82046BDE8F0813D60FAE76FF01504A4
:1071C000F7E76FF00B04F4E7D1F80300B89A030077
:1071D000080600203FDB030038B5044608460D468C
:1071E0000FF08BF938B3154B93F8D830990707D4C3
:1071F000E37873B129462046BDE83840F8F730BD42
:1072000094F898309A07F3D5201D0FF033FA430411
:10721000EED4294620460FF0E5FA58B92B88A4F899
:107220008C306B88A4F88E30AB88A4F89430EB884F
:10723000A4F8963038BD6FF01500FBE70806002073
:10724000F7B510F8363C0446A0F140068BBB30463B
:107250000DF076FE3A4B1D684DB155F81C3C203DB3
:107260001BB1304614F8371C98472D6AF4E7354DAA
:10727000354FBD4216D9354940F2C573344A3548B9
:107280000CF0E6F934480CF0E3F940F2C5713048EF
:107290000CF0D5F96B681BB1304614F8371C9847D1
:1072A0002435E6E7F6D3304603B0BDE8F040FEF7FC
:1072B00037BF10F83E3C012B3AD110F83D3C8BB95A
:1072C000FDF722FF693033D10221244A24480DF012
:1072D00028F840F239120023204603B0BDE8F04000
:1072E00007F09EB9A0F13C05D5E8EF3F23F400522A
:1072F000C5E8E12F0029F7D19B0411D5E36C69465D
:107300000093636D30460193FFF766FF034688B92B
:10731000D5E8EF3F23F48053C5E8E23F002AF7D1D8
:10732000D5E8EF3F43F40063C5E8E23F002AF7D118
:1073300003B0F0BD02210B4A09480CF0FBFFEFE758
:1073400080880020649A0300889A030027F30300D2
:10735000F0F20300EDBC0300A7C4030006F903002C
:10736000B89A030039F9030038B5214810F009FC38
:107370000024204D29461E48013410F00BFC0A2C35
:1073800005F10C05F6D10EF02DFAFCF7FDFD0446D3
:1073900028BB0FF053F8044608BB0DF078FE1648E2
:1073A000FEF794FE054638B104300FF063F9C207CA
:1073B00017D42846FEF7B4FE1048FEF787FE0546B0
:1073C00068B104300FF056F9C30705D50023032137
:1073D00028462B72FEF738FF2846FEF7A1FE20460E
:1073E00038BD032128462C72FEF72EFFE1E700BFCF
:1073F000C40E002008880020F02D0020C82E002098
:1074000010B5094C0A44914200D110BD11F8013B5E
:1074100058400309E35C0001C0B243401809205CF6
:107420001B01DBB25840EEE7911E04000122024B23
:10743000C3F80424704700BF002008E037B540239C
:107440000C460A490093411A491105462346084A49
:1074500008480FF01FFA014628B12846234603B01A
:10746000BDE83040184703B030BD00BF9C88002005
:1074700001690300948F0300C9B2012908B509D935
:10748000084909487E23094A0CF0E2F87E210748A2
:107490000CF0D5F80C22036901FB0233986C00F064
:1074A000070008BD14FA0300EDBC0300D7F9030080
:1074B00070B5C9B20129034600690BD918491948AA
:1074C0004FF4F173184A0CF0C3F84FF4F1711648F9
:1074D0000CF0B5F8EFF31186402484F31288BFF363
:1074E0006F8F0C2505FB0104A46C14F0C00401D0BF
:1074F000A24211D1012205FB01008264002086F323
:107500001188BFF36F8F30B90C225B6802FB013327
:107510005B689847002070BD4FF0FF30EFE700BF79
:1075200014FA0300EDBC0300D7F9030070B50D4653
:1075300006490446411A491140220548FFF7B8FFA1
:107540002B4601462046BDE8704018479C88002025
:10755000948F0300F8B500220121054640F2051082
:10756000F5F770FC0F4803F0ABF80446B8B910F01B
:10757000C6F82F690C4938460CF02BFA031E09DBBC
:107580000126BE642D69084905F120000CF021FA9E
:10759000031E02DA1C462046F8BD6E65FBE76FF05D
:1075A0000404F8E75D760200A8A803001FB50022D6
:1075B00001236C46CDE902236B46074ACDE900441E
:1075C0000FF097F928B943F609520023684606F0F0
:1075D000EDF804B010BD00BF0D69030010B5EFF366
:1075E0001184402383F31288BFF36F8F074A136817
:1075F00023F00201DB07116002D4012003F040F800
:1076000084F31188BFF36F8F10BD00BFF488002092
:107610000C22104B014602FB0033002030B4D3E9AA
:1076200010521864EFF31180402484F31288BFF3E2
:107630006F8F9C6C04F0C00444F002049C6480F3DF
:107640001188BFF36F8F1DB12B4630BC024818471D
:1076500030BC70479C880020948F030008B5062832
:107660001CD8DFE800F025250D0F04252500114B5F
:10767000986C10F007001BD1BDE80840FFF7C8BFA9
:107680000120F9E70C494FF443730C4A0C480BF006
:10769000DFFF4FF4437109480BF0D1FF064940F278
:1076A0001633064A06480BF0D3FF40F21631F2E7D4
:1076B00008BD00BF9C8800207F0F0400D7F903009D
:1076C000EDBC030010B4EFF31180402282F3128866
:1076D000BFF36F8F16490B6843F0020413F00103E8
:1076E0000C6017D0134BD3F80C3413F4803311D043
:1076F000EFF3118182F31288BFF36F8F0E4A936C00
:1077000003F0C00343F00203936481F31188BFF3D5
:107710006F8F012380F31188BFF36F8F1BB100209F
:1077200010BCFFF775BF012010BC02F07FBF00BF87
:10773000F488002000E010509C8800202DE9F041E2
:10774000012206464049D1E8EF3FC1E8E02F00287A
:10775000F9D1A3B93D493E484B60CB608A60F2F74E
:10776000B5F800280BDA3B4940F2B5233A4A3B48CA
:107770000BF06EFF40F2B52137480BF060FF002E92
:107780004CD0731E012B55D8012E06D1344BD3F8A3
:10779000503403F00303012B40D010F085FA054666
:1077A00050B1EFF31188402383F31288BFF36F8F3A
:1077B00001252B4C2B4F20E02B4B1B78002BF0D0BE
:1077C0000422274B8046C3F80823F2E745B340461E
:1077D0000DF0D9F9D4F8403413F0FF030DD1D4F8EB
:1077E000082152B1C4F80831D4F80831202201230D
:1077F000C4F84034C7F8A0212361D4F84C24D4F84D
:107800004C34D203E2D503F00303012B01D0012E47
:10781000DCD155B188F31188BFF36F8FBDE8F081DB
:107820000021202007F01EFFD4E704220C4BC3F8F0
:107830000423F3E70D4940F2C723074A07480BF03A
:1078400007FF40F2C72197E798880020888800202A
:10785000BC88002046C60300D7F90300EDBC030036
:1078600000E0105000E100E0689600207F0F040067
:1078700008B5074810F02BF938B10648F5F7C6FEF1
:107880000448F1F743FB002008BD6FF01200FBE74E
:1078900020900300997802000A2838B50446074D65
:1078A00004D1AB680D212846DB699847AB680348D3
:1078B000DB69E1B29847204638BD00BF2090030045
:1078C0000023024A0020C1E90023704700D01700BE
:1078D00000487047CCA80300024B0B6001231360E3
:1078E000704700BFD4A8030008B50122054811461F
:1078F00010F069F902F064FF034B044A0020C3F85A
:107900000C2508BDF888002000B0045080000080DD
:1079100038B515461C461A4681B111F0BFF9BFF3C0
:107920005F8F084BD3F81824D20706D4C4F3080499
:107930001CB101229A60BFF35F8F38BD294611F058
:10794000D3F9ECE700B0045042F2010270B5174BD6
:107950000446C3F80025437B0BB10FF0DFFE002681
:10796000A06800B970BDB0F5007F28BF4FF400706B
:1079700005460346D4E90010227BFFF7C9FF636880
:107980002B44636023680BB12B442360A3685B1B0B
:10799000A360002BE4D0637B0136002BE0D030469F
:1079A0000FF0BDFE0028DBD00120DBE700B0045063
:1079B0002DE9F04106460F4690461C4686B05BB363
:1079C0004FF0FF324FF0FF33194805F0EFFE42F25F
:1079D0000102184BC3F800250FF094FE0546F8B1DC
:1079E00001238DF81530144B4FF4FA50009302AB7D
:1079F00004940193CDE902768DF8148002F0E8FE3C
:107A0000684602F0EBFE04464FF40052094BC3F8FF
:107A10000025074805F04CFE204606B0BDE8F08181
:107A20002346424639463046FFF772FF2C46EBE7C5
:107A3000F888002000B0045049790200084630B4AC
:107A4000114692B140EA030212F00F020DD1002854
:107A50000BDB084DA84208D8C0F5BE1505F58055CA
:107A6000AB4202D830BCFFF7A3BF6FF0150030BCAB
:107A7000704700BFFFCF170010B50C1E10461A4606
:107A80000CDB084B9C4209D8C4F5BE1404F58054A5
:107A9000A24203D811F002F9002010BD6FF01500CA
:107AA000FBE700BFFFCF170070B410460E469BB136
:107AB00042EA030515F00F0111D1002A0FDB094A34
:107AC00090420CD8C0F5BE1202F58052934206D8FF
:107AD000324670BCFFF76CBF184670BC70476FF041
:107AE0001500FAE7FFCF1700084613468AB1114385
:107AF000C1F30B0179B900280DDB084A90420AD87E
:107B0000C0F5BE1202F58052934204D8FF22FFF75F
:107B10004FBF104670476FF015007047FFCF17003A
:107B20000048704720A903002DE9F34743680F1E62
:107B300006461546D3F828806CDBBB18434569D848
:107B400047EA0204C4F30B04002C63D100690EF071
:107B50006BFF4FF0FF39002D55D0002C53D1234639
:107B6000CDE900448022062130460EF063FF044632
:107B7000002848D1A84513D10346CDE90000802252
:107B8000C72130460EF056FF00250446002C3AD19E
:107B900040F21B62002330460EF0ADFF0446DAE7E8
:107BA00082461E4B5A7882B109FA02F137EA010186
:107BB0000BD101219140A94207D8BAF1000F1ED084
:107BC0009AF80110914238BF9A460134042C03F10F
:107BD0000203E7D1BAF1000F13D0002381229AF8F3
:107BE00000103046CDE900333B460EF023FF012361
:107BF0009AF80120044693401F44ED1AC6E79A46BE
:107C0000E3E76FF0150430690EF00CFF204602B078
:107C1000BDE8F0876FF01504F8E700BFA11E04006F
:107C20002DE9F04385B0044602AF00694FF0FF3202
:107C300001210FF0C8FF666830680FF048FFE0B11F
:107C4000337EABB996F84030D90619D420690EF0CE
:107C5000EBFE20460EF0E7FF031E80F2A580012117
:107C6000B34AB4480CF066FB20690EF0DBFE04E07A
:107C7000F0680FF02CFF0028E4D16FF01205F5E05A
:107C8000306A0FF024FF28B9AB4A0121A9480CF053
:107C900048FBF2E7306A96F82410F38C03F03002C8
:107CA000302AD0F810E0D0E901580ED1A34940F2B3
:107CB000F733A34AA3480BF0CBFCA3480BF0C8FC56
:107CC00040F2F7319E480BF0BAFC03F00602042A9A
:107CD00009D19E4940F2FE33994A9A480BF0B8FC0C
:107CE00040F2FE31EEE74FF0010C2D68DA070CFA96
:107CF00001FC54BF43F4D01383F4B0131CEA050F06
:107D000023F480120CD1924940F211438C4A8D48E1
:107D10000BF09EFC8F480BF09BFC40F21141D1E729
:107D2000DEF80050DB074CBF4CEA050525EA0C05E0
:107D3000CEF80050D8F80030984708B1864AA4E73A
:107D40000121306A96F82420036991404268126844
:107D500011420CD17E4940F2A263794A79480BF076
:107D600077FC7C480BF074FC40F2A261AAE71B6828
:107D70001942836814BFDB681B69984705460028D1
:107D80003FF464AF002D02DA15F1860F6ED1206941
:107D90000EF04AFE20460EF046FF054620690EF022
:107DA00041FE05EAE57561E020460EF093FE051EF2
:107DB0000CDDE8070AD50221684A5E480CF0B1FAEA
:107DC0000022002320460EF096FE054620690EF0A4
:107DD00029FE002D06DA2B46614A012155480CF098
:107DE000A9FA4AE720690EF01FFE4FF003090023AD
:107DF00007F104081A469F212046CDF80490CDF8DB
:107E000000800EF017FE054620690EF00BFE15B13E
:107E1000544A2B46E1E740464A4606F1340110F049
:107E200072FF804638B36C468CB097F8048097F8A0
:107E300005E097F806C096F8340096F8351096F8E5
:107E4000363002AAD3620823474EC2E907ECC2E9E2
:107E50000568C2E9090142F8103F44F240012B468F
:107E60003448F2F721FE6FF01505A54628460C3779
:107E7000BD46BDE8F08396F8383073B320690EF044
:107E8000D3FD20460EF026FE051E1FDD96F8383085
:107E9000802225EA0305FD70434606212046CDE9F0
:107EA00000880EF0C7FD054680B90121FB1C009338
:107EB00080220346019120460EF0BCFD054628B9FC
:107EC0000022002320460EF016FE054620690EF023
:107ED000A9FD15B1254A2B467FE796F83750002DAE
:107EE0005AD0FF2D58D015F00B0F52D020690EF04C
:107EF0009BFD15F0080313D001238022FA70019333
:107F0000FB1C00931721002320460EF093FD05462D
:107F1000002837D12269137D43F00103137531E046
:107F2000A90725D400238022B721CDE90033EBE750
:107F3000EAFB0300E09B03008FFA0300D4FA03007E
:107F4000A3FA0300EDBC03000DFB03004AFB030092
:107F50007DFB0300BBFB0300CDFB030002FC030021
:107F60001FFC030048FC030061FC03009FFC0300AE
:107F7000802206212046CDE900330EF05BFD054648
:107F80000028CFD020690EF04DFD2DB1184A2B46A8
:107F900023E76FF08505F9E720690EF045FD63687A
:107FA00093F840309A071DD500238022B92120463E
:107FB000CDE900330EF03EFD0546A0B9636893F8A5
:107FC00040309B070ED526690FF0FCFE4FF47A7502
:107FD000A0FB050C47F61222002305FB01C1E8F7C0
:107FE00023F93061002520690EF01CFDCAE600BFB0
:107FF000B4FC030038B5036961B921496423214AFF
:1080000021480BF025FB21480BF022FB64211D4881
:108010000BF015FB486850B91D496523194A1A48E9
:108020000BF016FB1B480BF013FB6521EFE75868BC
:1080300000B30024884219D108688CB99C68586044
:10804000A14200D19860002008602AB15A680A60F5
:108050009A68596002B9996000200FE02846E9E764
:1080600020609868814208BF9C60ECE70568044680
:10807000002DF3D1002AE9D16FF0150038BD00BF03
:1080800059AF0300EAFC0300EDBC030026FD03002A
:1080900035FD030047FD030008B503685F2B4FEA79
:1080A000531107D80C4A03F01F0352F82120DA407D
:1080B000D2070BD409490A484FF48263094A0BF0EE
:1080C000C7FA4FF4826107480BF0B9FA0360064B18
:1080D00053F8210008BD00BF34A9030091FD03003F
:1080E000EDBC03005EFD030028A9030070B54468E1
:1080F00001F01F05207C86B045EA4015A0680028E5
:1081000072D0B2F5001F04D1294603F0BDF800205B
:108110004EE06068667CB2F5800F46624FF0000664
:1081200001A80196466032D1B3F1007F14BF052348
:1081300004238DF804300023CDE904030393E3689E
:108140006E46CB4013F0010F34D1B2F1A07F31D194
:1081500068460095FFF7A0FF009B203350F82330BE
:10816000DB0727D46A462946A06802F01DFF1630B7
:1081700018D002962946A06803AA02F0B5FD00288F
:1081800016DB01222946A06802F0FCFFBFE7B3F12D
:10819000C06F05D0B3F1007F14BF01230223C8E7ED
:1081A0000323C6E76946A06802F0C8FF0028E0DAAA
:1081B00006B070BD32462946A06802F0F5FE0028E0
:1081C000D8D19DF80010A06802F098FF0028D1D007
:1081D0000749084840F2ED13074A0BF039FA40F21C
:1081E000ED1105480BF02BFA6FF08500E0E700BFBA
:1081F000FEBF0300EDBC0300B4FD03002DE9F04316
:10820000466840F20635337CD00601F01F0747EA86
:10821000431748BF032302EA050558BFC2F34013C2
:1082200087B0B5F5837F14468DF8033043D00DD861
:10823000062D42D005D8A5B1022D12D06FF0150041
:1082400036E0B5F5807FF9D101250AE040F202223F
:10825000954234D0B5F5407F33D0B5F5007FEDD1F0
:10826000042522032FD5012372688B405360B06828
:1082700080BB03A80397FFF70FFF039B00EB83006E
:10828000C4F3004383F00103C4F34044D0F88020DA
:1082900044EA43049DF8033022F4706244EA830404
:1082A00022F00F0244EA05231343C0F88030002077
:1082B00007B0BDE8F0830925D3E70825D1E70625F7
:1082C000CFE70525CDE7630341BF012372688B40EB
:1082D0009360CCE739460DF1020202F065FE14F41A
:1082E000403F804617D13946B06802F0EFFEB8F142
:1082F000000FDCD19DF80210B06802F0FFFE0028EC
:10830000D5D01E491E48F8231E4A0BF0A1F9F821CA
:108310001C480BF094F94FF0000901ABCDE901992D
:10832000CDE90439CDF80C903946B06803AA02F0C3
:10833000DBFC4845BBDB14F4003314D09DF803305C
:10834000C4F3004484F001048DF80E308DF80C5015
:108350008DF80D404B463946B06803AA02F086FD01
:108360000028C4DAA3E7CDE904330DF10303039336
:108370003946B06803AA02F0B7FCF1E7FEBF03007C
:10838000EDBC0300B4FD03004209022A034670B5A8
:1083900003D0012A1FD002B370BD154E3269516857
:1083A0000029F9D0012503F01F030C689D40002926
:1083B000F2D08A682A4014D04B6883B90D498923CA
:1083C0000D4A0E480BF044F90D480BF041F9892194
:1083D00009480BF034F90B4EE0E70B4EDEE7304670
:1083E00098471CB1236821461C46E0E72346FAE77C
:1083F000E88F0300310F0400EAFC0300EDBC03002A
:1084000047FD0300CC8F0300B08F030038B54568EB
:10841000A868C0B102F040FE0146A0B9A86802F009
:10842000F7FD044688B902460949A86802F0A4FD90
:1084300022460121DB20F4F705FD2246012140F20E
:108440000D10F4F7FFFC002038BD6FF00400FBE7CF
:108450008983020008B503685F2B4FEA531107D8E0
:108460000C4A03F01F0352F82120DA40D2070BD444
:1084700009490A484FF48263094A0BF0E9F84FF4BE
:10848000826107480BF0DBF80360064B53F82100CC
:1084900008BD00BF88A9030091FD0300EDBC0300E7
:1084A0005EFD03007CA903002DE9F04F154606464A
:1084B0004FF0010985B000EB8108B04503D10020E1
:1084C00005B0BDE8F08F3268C2F3C323082BC2F3B6
:1084D000080400F2A0805149CF5C40F2FF139C4297
:1084E00008BF4FF0FF34B2F1D05F4FEA126310D2F1
:1084F000192B12D8DFE803F014233734282F341156
:1085000011111111111111111111111111113A71D2
:108510007477382B6AD04E2B25D06FF08500CFE7CB
:10852000C5F80446621C56D003A80394FFF792FFD7
:10853000039B4FF0010A09FA03F3436029E0C5F8F1
:108540000C464FF0000B62E04FF0000AC5F8004601
:10855000611C16D13FE04FF0010AC5F80446F7E769
:10856000C5F80846EDE7C5F81046DBE7C5F86045F5
:108570007388601C03F001032DD0002BD4D14FF081
:10858000010A03A80394FFF765FF039B09FA03F3AD
:1085900083604FF0010B326803A8130444BF4FF00F
:1085A000010A4FF0000B01920394FFF753FF039B66
:1085B000019A00EB8300C2F341223B02D0F8801005
:1085C00043EA8203164A43EA0B030A40134343EA91
:1085D0004A03C0F8803004366FE7C5F86445C7E742
:1085E000C5F86845C4E7C5F86C45C1E703A803941E
:1085F000FFF730FF4FF0010B039B00EB8300D0F837
:10860000803023F0E04343F08043C0F88030631CA7
:10861000E1D0DA46BFE76FF0150051E7A91E04006C
:10862000F0F0FCFF70B5036986B04568044614227B
:10863000002101A81E6810F057FB05238DF80430B7
:10864000002386F8633063680D4A1B68C3F808236B
:108650006B689B070ED5EFF31185402383F31288D7
:10866000BFF36F8F022120460EF043FC85F3118883
:10867000BFF36F8F204601A90EF065FB06B070BDF9
:108680003002180038B5044645680121E8680EF04C
:1086900021FC636819686B69C1F82435EA8BAB8BE0
:1086A000A87E13432A8C13436A8C13436A7E9BB2C1
:1086B0000243287E02431343C1F86C3525692868BC
:1086C00078B100221A4908300FF0C4FB2B68DC6334
:1086D00028680022174968300FF0BCFB2B68C3F8EC
:1086E0009C4061680B68D3F8002242F48022C3F8F2
:1086F00000220822C3F80025CA6A0121C3F83C27DA
:108700000022C3F840271965D3F830110029FBD0A7
:10871000C3F800256368596811F0020106D1D868D2
:108720001C680EF0D7FB0823C4F80035002038BDC4
:1087300069700300796E03002DE9F84304460E4684
:1087400045680FF0B1FAD0B9304B1B7883F00103C4
:108750006268D2F80080A3B94FF0400964276368CB
:108760001B68D3F83031002B3ED101200EF0DCFF26
:10877000013FF4D10021202006F074FFEEE7012331
:10878000E6E740222369EFF3118782F31288BFF3F3
:108790006F8F61680968D1F8301121B987F31188AA
:1087A000BFF36F8FEFE71B6853B1D3F8A4203AB142
:1087B000D3F8B420002A03DAD8F84427C3F8B42049
:1087C000EB6A01221E702046E96A0EF0D8FB6B6846
:1087D0009B0744BF4FF48053C8F8043387F31188D4
:1087E000BFF36F8FBDE8F883EFF311831F4689F362
:1087F0001288BFF36F8F62681268D2F83021002AA6
:10880000DED183F31188BFF36F8FB3E76896002042
:108810002DE9F04F1F46D0F80490036985B01C681D
:10882000029399F80830834688461646D9F80050D6
:1088300073B15D4940F206735C4A5D480AF008FF77
:108840005C480AF005FF40F2067158480AF0F7FE4E
:1088500094F86330002B40F0A38094F8642002F079
:10886000FF03002A40F09C80791C7DD0D9F81010BD
:108870004FEAE77CA1FB070E00234F4A01FB0CE106
:10888000E7F7D2FC40F2FF33984228BF1846C5F8FC
:108890007805D5F8003243F00053C5F8003227EAD6
:1088A000E773DA171F3342F100025B0943EAC26340
:1088B00052094FF0000AC4E91632C4E91086C4E92F
:1088C00012AAC4F850A0D9F8042092075CD5EFF39F
:1088D00011824021039281F31288BFF36F8F02212E
:1088E00058460EF03BFB039A82F31188BFF36F8F5B
:1088F000D9F80420930747D594F86120002A43D083
:10890000B24228BF324693464046D9F8281010F0AC
:10891000C5F9B6EB0B06D84428D194F86120A2EB38
:108920000B02D2B284F86120D9F8280000EB0B01C9
:1089300010F0C1F9029B03F1080ADAE8EF3F43F0B7
:108940000403CAE8E23F002AF7D10122C5F34343FA
:10895000C5F3043502FA05F5184A403342F82350AE
:10896000002005B0BDE8F08F1A46A2E701370BD012
:10897000C5F810A1D5F81031D4E91623CDE90023AC
:1089800004F1080007F068FD0D4BC5F80487C5F831
:108990000867C5F80433012384F86330AB62DFE76E
:1089A0006FF00F00DDE700BF7F0F040002FE030041
:1089B000EDBC030036FE030040420F0000E100E082
:1089C000200218002DE9F04F43688DB01D6803693F
:1089D000D5F8047304461E6803934FF400723B46B7
:1089E0004FF4BA7128460EF069FA20B1F36C13B94E
:1089F000012386F862303B464FF400724FF49271C7
:108A000028460EF05BFA814608B196F862903B4624
:108A10004FF400224FF4A67128460EF04FFA3B4661
:108A200010224FF48871804628460EF047FA3B46E4
:108A30004FF480124FF4A871049028460EF03EFACD
:108A40003B46824620224FF48A7128460EF036FAC1
:108A500020B3636814221B68002107A8D3F880B4F0
:108A6000059310F041F906221BF0010F059B8DF8CC
:108A70001C2042D11BF0020F41D11BF0040F40D14A
:108A80000BF0080220468DF8202007A9C3F880B417
:108A90000EF059F9002120460EF0A6FA049B93B17E
:108AA000002123696268D2F800B01A6882F8601069
:108AB0001868D0E91623CDE90023083007F0CCFC74
:108AC0001023CBF80833B8F1000F02D1BAF1000F30
:108AD0003FD0F36C33B3B8F1000F18D1D5F84C3157
:108AE0008BB99849984840F6C313984A0AF0B0FDEC
:108AF00040F6C31195480AF0A2FD0122C2E7022206
:108B0000C0E70422BEE7C5F84C81D5F84C314A468F
:108B1000514620460EF0DFFABAF1000F19D04FF09F
:108B2000000802E0BAF1000F0BD00021142207A8C0
:108B300010F0DAF80323204607A98DF81C300EF058
:108B400002F9B8F1000F04D00022204611460EF0C1
:108B5000C2FAB9F1000F35D0002386F862302369DC
:108B6000D4F8049053F8088BD3E8EF2F22F4803127
:108B7000C3E8E01F0028F7D1D30303D508F10800AC
:108B800007F0D8FCD8F8401029B120460EF0E2F8E2
:108B90000023C8F8403098F86430002B6FD00023D1
:108BA00088F86430636820461B68D3F8002222F0FE
:108BB0000052C3F800220022C3F81021D3F810316C
:108BC000FFF730FDF9043DD5D5F83031002B39D011
:108BD00063682569D3F80080EFF31189402282F39E
:108BE0001288BFF36F8F2A685B68D2F8B41000292F
:108BF000ACBFD2F8B470D8F844779A0707D54FF4D1
:108C0000805301212046C8F808330EF072F989F329
:108C10001188BFF36F8F2868D0F8A03093B190F817
:108C2000B820002A4ED0EFF31187402383F3128837
:108C3000BFF36F8F294620460EF0B6F987F31188EF
:108C4000BFF36F8F039B0833D3E8EF2F22F00401AB
:108C5000C3E8E01F0028F7D153076FD52046716C99
:108C60000EF08CF82046316C0EF074F8002320468C
:108C7000C6E910330DB0BDE8F04FFFF7D3BCD9F80B
:108C8000043098078ED562681368926AC3F8042787
:108C90000522C3F808270122DA61D3F84C21002A03
:108CA000FBD00021C3F84C11D3F84C21D3F850214C
:108CB0002AB1C3F85011D3F85021D3F80C2788F803
:108CC00061206FE7D0F8A820934210D0D0F8AC20F4
:108CD000D0F8B030BA423B442ED1C0F8B030204674
:108CE0000EF0CDF800289ED12868D0F8B07068301A
:108CF00007F020FC1422002107A80FF0F5FF2B68D5
:108D00002046D3F8A03007A9CDE908372B68D3F85F
:108D1000A4309F421CBF01238DF81C304FF48053B8
:108D2000C8F8083300232A68C2F8A0302A68C2F8BD
:108D3000A4300EF008F885E71F46D8E70DB0BDE86F
:108D4000F08F00BF4FFE0300EDBC030002FE0300E6
:108D500010B50368044623B31A7D12B318690EF0E8
:108D6000B2FE0121236898681B7B02699940436821
:108D70001B6819420ED1104940F2A2630F4A1048F5
:108D80000AF066FC0F480AF063FC40F2A2610B484F
:108D90000AF055FC1368194283680CBF1B69DB6835
:108DA0009847A36933B9636004F11000BDE810402F
:108DB00004F07EBC10BD00BF7DFB0300A3FA0300DE
:108DC000EDBC0300BBFB030008B50121034A0448C6
:108DD0000BF0A7FA6FF0730008BD00BFAAFE0300F6
:108DE000E89B030070B50D1E064604690ADAE16DC2
:108DF0000EF065FBC4F88C5004F17C00BDE87040B7
:108E000004F056BCD4F8A83033B19D4213D90121E7
:108E10002A4A2B480BF085FAD4F8B03033B19D4282
:108E20002AD90121254A26480BF07BFA3046BDE8B5
:108E300070400EF080BA5B1BC4F8A830A3B9D4F818
:108E4000903004F1A8020833C4F89030D4F894307C
:108E500004F19401013BC4F8943004F190000EF049
:108E600004FAC4F8A400D7E7D4F8A430002BD3D078
:108E70002B44C4F8A430CFE75B1BC4F8B030A3B9CF
:108E8000D4F8983004F1B0020833C4F89830D4F81C
:108E90009C3004F19C01013BC4F89C3004F1980023
:108EA0000EF0E3F9C4F8AC00C0E7D4F8AC30002B06
:108EB000BCD02B44C4F8AC30B8E700BFD0FE0300F0
:108EC000E89B03002DE9F04198468B880E469904F3
:108ED00007461546046900F182804FF0FF324FF0DB
:108EE000FF3304F16C0004F061FC2666002D7FD195
:108EF000C4F890500023C4F8943004F1A80204F19F
:108F0000940104F190000EF0B0F90546C4F8A400F5
:108F1000B8F1000F74D1C4F898800023C4F89C30D5
:108F200004F1B00204F19C0104F198000EF09DF9E7
:108F300000231A46D4F894C0C4F8AC00C4F88C30AE
:108F4000624566D100221146D4F89CE0714568D193
:108F500093422CBFC4F8A030C4F8A02015B1D4F8B7
:108F6000A8302BB900286FD0D4F8B030002B6BD0CC
:108F70003146384600F0C6F8054610BB04F15C08DF
:108F8000E66504F1B405284604F08AFC3846304909
:108F90000EF07EFA4FF0FF324FF0FF33284604F018
:108FA00005FC314638460EF074FA38460EF0C3F927
:108FB00040460EF09AF9054600283BD1B3889A0442
:108FC0000AD4E36D13B19B889B0405D40023236668
:108FD00004F16C0004F06CFB2846BDE8F081636F7F
:108FE000002B7FF47AAF236E9E427FF476AF7DE74D
:108FF0002B68C4F89030002B3FF47CAF6B687AE7A5
:10900000D8F80030C4F89830002B86D0D8F8043057
:1090100084E7D4F8901001EBC201496801320B4497
:109020008EE7D4F898C00CEBC10CDCF804C0013119
:1090300062448BE710F1740FC3D138460EF061FA29
:1090400040460EF052F9BCE76FF01505B9E700BFD6
:10905000AB73030008B503685F2B4FEA531107D8C1
:109060000C4A03F01F0352F82120DA40D2070BD438
:1090700009490A484FF48263094A0AF0E9FA4FF4B1
:10908000826107480AF0DBFA0360064B53F82100BF
:1090900008BD00BF9CAA030091FD0300EDBC0300C6
:1090A0005EFD030090AA0300012310B503FA01F14D
:1090B000436804691B6819420ED10E4940F2A2634D
:1090C0000D4A0E480AF0C4FA0D480AF0C1FA40F2FF
:1090D000A26109480AF0B3FA2368194218BF82F066
:1090E000010222B18368DB68BDE81040184783683D
:1090F0001B69F9E77DFB0300A3FA0300EDBC030045
:10910000BBFB03002DE9F0418AB00569064695F8DE
:1091100028300C4600AF0BB3EA6A0B689A421DD1A7
:109120002A6B4B689A4219D195F84030097D9942D3
:1091300014D1B5F84420238B9A420FD16A6BA368EF
:10914000E1B19A420AD1AB6BE268534033F47F43FA
:1091500004D1EA6B23699A4200F0A780A28812F436
:10916000006310D00121524A52480BF0DAF86FF038
:10917000850630462837BD46BDE8F0819A42EDD1DC
:10918000AA6BE368E7E7D10716D56C4688B031686B
:109190006A464948CDE905014FF40071ADF81C104D
:1091A000464942F8101F4FF4E2514248F1F77CFC67
:1091B000A5466FF01506DCE7100705D5404A0121EA
:1091C0003C480BF0AEF8F4E702F4FC63B3F5807FA3
:1091D00001D03C4AF3E721683B4B994201D83B4A16
:1091E000EDE72B68D6F80480D3F80036591C09D077
:1091F0003B60930738463BD4FFF72CFF01233A68C6
:10920000934083604FF0FF33FB6098F81E30226874
:10921000BB74D8F818309A4294BF7A617B61A388F6
:10922000990703F004022AD5002A0CBF0222032268
:10923000C3F300137B764FF0FF333A76FB6198F867
:10924000203087F82030012387F8233087F8243036
:1092500095F82830ABB13946284603F03DF806466C
:10926000B0B1012103461A4A12480BF063F880E7B7
:10927000FFF7F0FE01233A6893404360C2E792088B
:10928000D6E7334639462846124A02F0EFFFE6E7B2
:1092900005F12C0304F11C0254F8041B944243F81A
:1092A000041BF9D1012385F82830002661E700BFAF
:1092B000F8FE0300E89B030012FF03000300000117
:1092C00034FF030053FF030047E8010082FF03005F
:1092D000B3FF03005B7403002DE9F8430446002547
:1092E000012743681B6898476368DE7FDC68B542E6
:1092F00002D30020BDE8F88320682179E38803F0D9
:109300003002302AD0F81080D0E901C90ED12549A9
:1093100040F2F733244A25480AF09AF924480AF023
:1093200097F940F2F73120480AF089F903F0060274
:10933000042A09D11F4940F2FE331B4A1B480AF098
:1093400087F940F2FE31EEE7DCF800C0DA0707FAF1
:1093500001FE54BF43F4B01383F4D0131EEA0C0F84
:1093600023F480120CD1144940F211430E4A0F48E5
:109370000AF06EF911480AF06BF940F21141D2E798
:10938000D8F800C0DB074CBF4CEA0E032CEA0E03F2
:10939000C8F80030D9F80030984708340028A9D11F
:1093A0000135A4E7D4FA0300A3FA0300EDBC0300DF
:1093B0000DFB03004AFB03007DFB0300BBFB030026
:1093C00070B50F48D0E90015541A63EB050664091F
:1093D00044EAC6642026E4FB0615C0E900150949E5
:1093E0000020C1E900230021074BC3E9000106F07A
:1093F000EBFE01462046BDE8704006F04DBE00BFC2
:1094000040310020283100203831002008B50022EA
:109410000121E420F3F716FD164A0020D2F8183790
:1094200023F44033C2F8183702F066F9002820DB35
:109430000120114902F010FA00281ADB02F01EF98F
:109440000E4B20F01F00C3E900010D4B0022C3E9C1
:1094500000014FF0FF304FF0FF310A4BC3E900012C
:10946000094B0A49187A02F031F967220020084BAB
:109470001A6008BD00200E50880B002040310020EB
:109480002031002028310020800B0020C1930200F1
:109490004489002008B502F0F1F8064AD2E900320A
:1094A000C01A054B61EB0201C3E90001400940EA23
:1094B000C16008BD4031002038310020F7B5224B93
:1094C0000146224F187A224BD7E90056D3E90023F0
:1094D0009E4208BF954211D1B1F1806F0ED2490171
:1094E000012938BF012101224D1946F10006C7E9C3
:1094F000005603B0BDE8F04002F056BA154BDFF855
:1095000058C0D3E90043DCE9002CA41843EB0C0C51
:109510004FF0200E22466346C1FB0E23954276EBA8
:109520000301C7E900230DD2291B66EB0C04C829EF
:1095300074F10004B4BF01210021009102F0F4F99C
:1095400003B0F0BD0021F8E7800B0020303100208F
:109550002831002040310020383100202DE9F04131
:1095600012F0FC6F1346D0E9014706690ED044495A
:109570004FF47D73434A44480AF06AF843480AF0BE
:1095800067F84FF47D713F480AF059F802F0300255
:10959000302A0CD13E4940F2F7333A4A3A480AF0B1
:1095A00057F83C480AF054F840F2F731EBE73A4AF2
:1095B0003A4D1A40AA420CD1394940F2FB33314AA4
:1095C00031480AF045F837480AF042F840F2FB31DA
:1095D000D9E703F00602042A09D1334940F2FE33E9
:1095E000284A29480AF034F840F2FE31CBE713F458
:1095F00040221ED09D030CD42C4940F20143214A45
:1096000021480AF025F82A480AF022F840F20141E0
:10961000B9E7B2F5402F0CD1264940F20543194A6B
:1096200019480AF015F824480AF012F840F20541EA
:10963000A9E7DD0205D522B143F3000202F440227E
:109640005340012524688D40254223F480120CD11B
:109650001A4940F211430B4A0B4809F0F9FF184828
:1096600009F0F6FF40F211418DE73468DB074CBF8B
:109670002C43AC4334603B68BDE8F041184700BF61
:10968000E5FF0300A3FA0300EDBC0300540004004F
:10969000D4FA03000DFB03000200030002000100E6
:1096A00078000400C50004004AFB03001401040014
:1096B000630104009E010400EB0104007DFB030034
:1096C000BBFB0300012310B503FA01F143680469F1
:1096D0001B6819420ED10E4940F2A2630D4A0E4892
:1096E00009F0B6FF0D4809F0B3FF40F2A261094846
:1096F00009F0A5FF2368194203D022B183681B69D2
:1097000003E0002AFAD08368DB68BDE81040184700
:109710007DFB0300A3FA0300EDBC0300BBFB0300C9
:1097200008B5034903480DF022FF6FF0150008BD8E
:1097300017020400409B03002DE9F04107468846CC
:109740000025104E27FA05F212F0010210D128FA76
:1097500005F3DB070ED531793068FFF7B3FF044618
:1097600040B1094909480DF002FF2046BDE8F081EB
:109770000122F0E70135042D06F10806E2D10024AC
:10978000F3E700BFA8AA030032020400409B0300D5
:1097900070B500260C4CE2882068217942F4003232
:1097A000FFF7DCFE054648B90136042E04F1080433
:1097B000F1D1BDE870400F21FFF7BEBF0349044857
:1097C0000DF0D5FE284670BDA8AA0300480204008B
:1097D000409B030003280A4610B505D9FFF7A0FFF8
:1097E0006FF01504204610BD074B03EBC00109794B
:1097F00053F83000FFF766FF04460028F2D0034913
:1098000003480DF0B4FEEDE7A8AA030032020400FD
:10981000409B030002460B46014803F045BC00BFD5
:10982000E00D0020014803F007BD00BFE00D00205F
:109830001FB500230A2201930293CDF80B3000914B
:10984000014601A80FF081FA40F26B13074A08495C
:10985000084809F0FDFE084801A9009A09F0F8FE41
:1098600040F26B11014809F0EAFE00BF76020400E5
:109870007F0F0400EDBC0300AF02040003460A465C
:1098800010B5114881680C6864B910496623104A04
:10989000104809F0DDFE104809F0DAFE66210C4898
:1098A00009F0CDFE1946A04768B10C494FF43C734E
:1098B0000B4A084809F0CCFE0A4809F0C9FE4FF4EB
:1098C0003C710748ECE710BD049003000F0304004F
:1098D000DB020400EDBC03002F030400FEBF030005
:1098E000760204005503040008B50A490A480EF040
:1098F000CBF900280CDA09492F23094A094809F055
:10990000A7FE094809F0A4FE2F21054809F097FE9B
:1099100008BD00BF4C890020507E00207F0F04004E
:109920008F030400EDBC0300B8030400094B93F857
:10993000FB31042B02D1810709D47047022B02D1DD
:10994000020704D47047082B03D1830601D5FFF723
:10995000CBBF7047689100202DE9F0418AB00646E0
:1099600000AF0D4639483A4904F01CFA07F11400DB
:10997000E6F77DFC6C4688B06A46364B0593364B5D
:1099800006934FF40073ADF81C30344B42F8103F8F
:109990003349344807F11403F1F786F8A5463248F5
:1099A0000EF095F858B90121304A2E480AF0B9FC5A
:1099B0006FF0120420462837BD46BDE8F0812C4BDD
:1099C00007F10800BB60D7F799FD034638B10121C4
:1099D000284A24480AF0AEFC6FF01504EAE74FF07D
:1099E000FF304FF0FF31FFF715FF04460028E1D1AB
:1099F00021492248D7F7B6F8044610B1FFF712FF05
:109A0000D8E7DFF87C8007F10C00C7F80C80DBF7A3
:109A1000FDFE20B1FFF706FF6FF08504CAE70123C2
:109A2000381D3B71E8F7E3FD0028F3D107F1100082
:109A3000C7F81080DBF7F2FE0028EBD1FFF7F2FE4B
:109A4000336910481D60F4F7F7FCB3E74C89002038
:109A50001B76030045B90300DB030400030000018B
:109A6000C01C4001089B0300049003000204040092
:109A70007D9802002204040048310020F99B020076
:109A800000093D002D99020030B5524887B0D6F745
:109A900015FFC8B9504C514DAC4217D9504940F24E
:109AA0002463504A504809F0D3FD504809F0D0FDD6
:109AB00040F224614B4809F0C2FD63680BB90834D9
:109AC000EAE798470028FAD007B030BDF5D3012463
:109AD000D7F78AF8D7F794F8D7F79EF8E6F7CBFBD5
:109AE000E6F7C7FBE6F7C9FBE6F7CBFBE6F7CBFBF0
:109AF000E6F7C5FBE6F7C5FBE6F7C5FBD7F7A4F825
:109B0000D7F7AEF82146002003AA8DF80C40D6F70F
:109B10003BFF0028D8DB0221002003AA8DF80C406F
:109B2000D6F732FF0028CFDB08230721002003AA45
:109B3000ADF80C30D6F728FF0028C5DB4FF0FB133B
:109B4000039340F20A630321002003AAADF810300A
:109B5000D6F71AFF0028B7DB0421002003AA8DF8EE
:109B60000C40D6F711FF0028AEDB1F230621002092
:109B700003AAADF80C30D6F707FF0028A4DB0323B7
:109B80000521002003AA8DF80C30D6F7FDFE002831
:109B90009ADB1821002003AA8DF80C40D6F7F4FEBA
:109BA000002891DB44F60753984210D9104A0090E0
:109BB000214610480AF0C8FB002383F31188BFF345
:109BC0006F8F0423184602DF6FF00B007CE7002044
:109BD0007AE700BF31980200202A0400202A0400FE
:109BE0004604040076020400EDBC0300A7C4030091
:109BF0007F040400089B030073B5454C94F8FB31C7
:109C0000D3B194F8FB31042B3BD120783E2826D1E8
:109C1000A678B31E5E425E41002200233146F4F76F
:109C200015FC0546E8B9C6B1002384F8FB3102B043
:109C3000BDE87040FFF758BE4FF0FF304FF0FF31E6
:109C4000FFF7E8FD48B9204604F2FB1100F0AEFB37
:109C50000546FFF7E7FD002DD3D002B070BD00260A
:109C6000DAE761780C300231F4F720F8627828499D
:109C70000232ECF732FA2946264B1B6826489847F1
:109C8000D2E7022B25D1002200230820F4F788FB1D
:109C900006460028E1D065880435B5F5FE7F24D35B
:109CA00040F2FB13012100931C4A2B461C480AF08A
:109CB0004BFB6FF00B0301211A4A19480AF03AFBDB
:109CC000002383F31188BFF36F8F0423184602DF4C
:109CD000AAE7082B16D1002200232020F4F760FB0E
:109CE000658806460028D7D1B7E7294606F10C005B
:109CF000F3F7DCFF06492A46ECF7EFF9054B31464E
:109D00001B68BBE70121084A05480AF013FB8BE7F3
:109D1000689100204889002058900300A2040400A4
:109D2000089B0300FC040400C30404002DE9F3476E
:109D30009F4C06462778002F40F0328304238DF88D
:109D400007309C4B0588D3F80080B8F1000F1BD07A
:109D50000DF106030DF10702611CC0470346DFF851
:109D60005882DFF858A2D04522D9954940F2547361
:109D7000944A954809F06CFC944809F069FC40F25B
:109D80005471904809F05BFC0123E8E7D8F8009093
:109D9000B9F1000F09D00DF1060330468C490DF1E1
:109DA0000702C8470128034660D108F10808DAE72E
:109DB000ECD3012B5AD1B5F5105F4FEA95220DD2A5
:109DC00072B3013A072A2BD8DFE812F01F002A00ED
:109DD0006800AB002A002A002A0008013F2A00F090
:109DE000F18142F28802954200F2768242F26C02E0
:109DF000954267D0A5F501522D3A91B2754ACA40F5
:109E000002F0010282F001072CE0304640F20641E8
:109E100030F9032B8A4218D040F21D418A423AD0D1
:109E200042F26302954200F29E8242F2190295428A
:109E300000F29F8242F20C02954209D9A5F5005228
:109E40000D3A91B241F24122D9E7DAF72BFE0346EF
:109E500040F2064240F21D41954218BF8D4214BFA8
:109E60000127002787F001028DF806209DF80620C3
:109E700012B9012B40F08A820F22E3706270012335
:109E800004222371A270A4F805500123002023703E
:109E900002B0BDE8F087DAF7B3FED8E7304640F607
:109EA000634130F9032B8A422FD00DDC40F6034189
:109EB0008A421ED040F62D418A421DD040F6014113
:109EC0008A4212D00127CDE740F67B418A421FD05B
:109ED00040F67C418A42F5D19DF807303E49023375
:109EE0008DF80730E8F70DFB01E0D6F7F7FE0346E3
:109EF000E8E7E6F7B3F9FAE79DF8073036490333A8
:109F00008DF80730E7F797FFF1E7D6F7F9FEEEE7B0
:109F10009DF80730304904338DF80730E8F7CDFA63
:109F2000E5E73288A2F58052013A082ACAD801A191
:109F300051F822F0599F02006B9F02007F9F0200A0
:109F4000C59E0200C59E0200C59E0200C59E02007D
:109F5000C59E02009F9F02009DF807301E480833EF
:109F60008DF80730E7F755FFC1E79DF807301A482D
:109F700040338DF807300DF052FB0023A2E700229A
:109F80009DF8073008338DF80730134B1A605A607C
:109F9000E37A23F0600343F06003E372EDE79DF89A
:109FA00007300D4806338DF80730E7F78EFF9EE740
:109FB000649300205C890020202A0400202A0400E9
:109FC0004604040046050400EDBC0300A7C40300DA
:109FD00065930020010402096B930020304642F291
:109FE0004B0630F8032B11B2B1422FDCB1F5005F04
:109FF00036DDA2F50052013A4A2A31D8DFE802F0F4
:10A00000363A43304C4F305255585B5E61643030C5
:10A010003030676A306D707982858E97303030309D
:10A0200030A930B230303030303030303030B5BE22
:10A03000C7CA3030303030303030303030303030EF
:10A0400030303030303030303030CD0042F28702A6
:10A05000914200F0AE8042F28802914200F0A68068
:10A0600042F26B0295427FF6DBAEBAE6D6F752FEBD
:10A070000346F5E79DF80730CB4803338DF80730EA
:10A08000DAF706FDF4E79DF80730C74808338DF886
:10A090000730E8F708F9EBE7E7F734FFE8E7DBF725
:10A0A00045FBE5E7E8F7A3F9E2E7E8F77BF9DFE747
:10A0B000E8F7C2F9DCE7DAF779FED9E7E7F7E1FF7D
:10A0C000D6E7DBF72DF9D3E7DBF790F9D0E7E7F731
:10A0D000FAFFCDE7E8F782F8CAE7E8F7D5F8C7E76F
:10A0E0009DF80730B04910338DF80730E7F7CDFE03
:10A0F000BEE79DF80730AC4808338DF80730E7F726
:10A1000094FEB5E7E8F72EF9B2E79DF80730A649C7
:10A1100002338DF80730E8F7B0F9A9E79DF807306A
:10A12000A14902338DF80730E8F7B8F9A0E79DF8A8
:10A1300007303F2208338DF80730FF23E371237285
:10A14000A372E37203232373002362726373A37306
:10A1500086E79DF80730944902338DF80730E7F71A
:10A16000DFFE85E7DAF704FD82E79DF807308E48C9
:10A1700008338DF80730E7F7F5FE79E79DF80730EB
:10A18000894904338DF80730E7F7FDFE70E7DAF709
:10A1900007FD6DE7E7F74AFF6AE79DF80730824859
:10A1A00002338DF80730E7F75FFE61E7DBF790F9E0
:10A1B0005EE79DF807307C48073B8DF80730E8F7ED
:10A1C0007AF855E730464FF60B4130F8032B8A42B8
:10A1D00022D8B2F57C4F7FF604AEA2F57C42013A5C
:10A1E0000A2A3FF6FEAD01A151F822F09DA202001D
:10A1F000B1A20200E39D0200E39D0200E39D020084
:10A200000DA30200E39D0200E39D0200E9A202000B
:10A21000FBA2020013A3020002F2FD2189B2182959
:10A220003FF6DFADA2F57D42033A182A3FF6D9ADDD
:10A2300001A151F822F000BF25A30200E39D020016
:10A240002BA30200E39D0200E39D0200E39D0200B8
:10A2500031A30200E39D0200E39D020037A3020048
:10A2600043A30200E39D0200E39D0200E39D020080
:10A27000E39D02003DA30200E39D020049A302000A
:10A28000E39D02005BA30200E39D0200E39D020048
:10A29000E39D0200E39D020061A302009DF80730E8
:10A2A00041480C338DF80730E5F7EFFF034613E024
:10A2B0009DF807303C4A40338DF807300023138067
:10A2C000E27922F0230242F02302E271227A22F0A4
:10A2D000070242F0070222724FF6025125F00802EF
:10A2E000571A18BF0127BDE59DF807302E481733D0
:10A2F0008DF80730E5F7E4FFD8E79DF807302A48E6
:10A3000020338DF80730E5F7FFFFCFE7E5F7D6FFFD
:10A31000CCE79DF80730244801338DF80730E6F785
:10A3200010F8C3E7E8F763F9C0E7DBF76FFABDE7BA
:10A33000E6F71DF8BAE7E8F743F9B7E7DBF76EFA97
:10A34000B4E7E6F718F8B1E79DF80730164904338B
:10A350008DF80730E6F715F8A8E7DBF767FAA5E709
:10A36000DBF770FAA2E7A5F50152243A91B2F52283
:10A3700045E542F2320295423FF474ADA5F5015233
:10A38000033A012A94BF002701276BE59DF80720B7
:10A390000E21A27001226170E270A580A37174E5A4
:10A3A0004FF0FF3074E500BF6B93002038B5094CC7
:10A3B0000D4623781BB9BDE83840E6F77EB9A27890
:10A3C000611C02320EF06AFC0020042320702B7006
:10A3D00038BD00BF6493002070B506460C460F4D93
:10A3E00028460DF074FBA8B1A2B2AB681B6863B934
:10A3F0000B4966230B4A0C4809F02AF90B4809F06F
:10A4000027F96621074809F01AF931462846BDE8C0
:10A41000704018476FF0120070BD00BF0490030039
:10A420000F030400DB020400EDBC03002F03040053
:10A430004FF40071014806F0F3BA00BF67940020A2
:10A440001FB500230A2201930293CDF80B3000912F
:10A45000014601A80EF079FC4FF4AD73074A084994
:10A46000084809F0F5F8084801A9009A09F0F0F841
:10A470004FF4AD71014809F0E2F800BF8F05040008
:10A480007F0F0400EDBC0300BC050400322337B588
:10A490000125ADF8043000231C216846134A8DF8CD
:10A4A0000630ADF800508DF80230E5F739FC04466F
:10A4B000C8B90CF035FA80B2E4F73AF929460C48ED
:10A4C000EBF76CFD044670B901462A468520F2F789
:10A4D000B9FC2A462146E520F2F7B4FC2A4621467B
:10A4E0008A20F2F7AFFC204603B030BD41A4020041
:10A4F0006489002008B54FF0FF304FF0FF31FFF7BF
:10A5000089F948B107490848E223084A09F0A0F848
:10A51000E221064809F093F8EBF773FEBDE8084026
:10A52000FFF780B9D7050400EDBC03008F050400D8
:10A53000024608B50A480B460A4903F065FF0028A1
:10A540000CDA09494723094A094809F081F8094802
:10A5500009F07EF84721054809F071F808BD00BFF1
:10A56000507E0020600700207F0F04008F0304004E
:10A57000EDBC0300E405040008B50A490A480DF0E3
:10A5800083FB00280CDA09492F23094A094809F0FE
:10A590005FF8094809F05CF82F21054809F04FF8E9
:10A5A00008BD00BFC8890020507E00207F0F040036
:10A5B0008F030400EDBC0300B80304000122054B27
:10A5C00005491A63A3F54323D3F818050860C3F8B7
:10A5D0001825704700E01050C48900200122044B68
:10A5E0005A63044B1A68044BC3F81825704700BF20
:10A5F00000E01050C489002000B00450034602213E
:10A60000014A024809F096BE51060400B09B0300BF
:10A6100028B1022806D10420034B1B681847024BBF
:10A620001B68FBE7FFF7EABFD889002010B538B1F7
:10A6300001280BD1BDE8104000200B49E3F78ABF89
:10A640000A4B0220BDE810401B68184708494C23FC
:10A65000084A094808F0FCFF084808F0F9FF4C21B7
:10A66000044808F0ECFF00BF11A60200D8890020C2
:10A670007F0F04006D060400EDBC0300AA06040071
:10A6800008B598B1012804D1BDE808400020E3F7DF
:10A690007DBF07495F23074A074808F0D9FF0748ED
:10A6A00008F0D6FF5F21034808F0C9FF08BD00BFCE
:10A6B0007F0F04006D060400EDBC0300AA06040031
:10A6C000014B186000207047D889002038B5304C05
:10A6D0000D46237C834209D02E495D232E4A2F4804
:10A6E00008F0B6FF5D212C4808F0A9FF04F13803FB
:10A6F000D3E8AF3F2BBB09293DD8DFE801F0053C8B
:10A700003C3C3C24241F3C22A369D3E90020904711
:10A71000012808D0224B984203D00223606384F8BA
:10A720002C3020480EE042F21073A362032384F819
:10A730002C301D4B84F821002363F2E7144802F00B
:10A74000B7FF002038BD002384F82130174B207C50
:10A750001549A362EBF763FC04460028F1D05523AA
:10A760000D4A13490D4808F073FF2146114808F0BF
:10A770006FFF5521B7E79023074A0F49074808F0B4
:10A7800067FF29460D4808F063FF9021ABE700BF43
:10A79000DC89002004070400CA060400EDBC0300A5
:10A7A0001F646602088A0020F8890020FF3F420FDC
:10A7B000260704002F0704007F0F0400520704003F
:10A7C0000122002101480DF0FEB900BFDC89002004
:10A7D000014B5861704700BFDC890020F8B54FF08D
:10A7E000FF3106464FF0FF30FFF714F8054648B139
:10A7F0004849BC23484A494808F02AFFBC2146483A
:10A8000008F01DFF46494748E5F7F8F90446FFF709
:10A8100009F8002C08DA444823460121434A09F08C
:10A8200089FD6FF00B00F8BD40F20113404C23840A
:10A830006369A6616433636242F21073A3626FF0CE
:10A8400073032577636304F13806D6E8EF3FC6E863
:10A85000E25F002AF9D1A36837463BB13549D223DC
:10A860002D4A2E4808F0F4FED221C8E74FF0FF3001
:10A870004FF0FF31FEF7CEFF38B12649D523264AE7
:10A88000264808F0E5FED521B9E7207C04F11C013B
:10A89000EBF7C5FB054658B1D7231F4A26491F4889
:10A8A00008F0D6FE2946254808F0D2FED721A6E7B3
:10A8B000FEF7B8FF00232046214A02F077FF002868
:10A8C0000BDA01211F4A184809F02BFD0123D7E8B4
:10A8D000EF2FC7E8E13F0029F9D14FF0FF304FF0EB
:10A8E000FF31FEF797FF38B10A49E2230A4A0B48C5
:10A8F00008F0AEFEE22182E7207CEBF772FBFEF768
:10A9000091FFD6E8AF3F13B1094802F0C9FF606B71
:10A9100089E700BFD7050400CA060400EDBC0300A8
:10A92000EC890020CDA60200589B03006A070400B2
:10A93000DC89002090070400260704002F0704008C
:10A940000E720B00BC070400064BD3F840231C2AF0
:10A9500005D1D3F84403431E5842584170470020A4
:10A96000704700BF00C0FF0003689A070CD503685A
:10A97000DB070DD50922074BC3F80C250F22C3F8BE
:10A98000042501221A60FEE7034B0360EF3B0360DE
:10A99000704700BF00801050F000FA5008B5012346
:10A9A000404A4148C2F80038404AD2F840231C2AA5
:10A9B00004BF3F4AC2F80C34FFF7D6FF0830FFF758
:10A9C000D3FF0830FFF7D0FF0830FFF7CDFF00F5C9
:10A9D000F470FFF7C9FF374AD2F88C3043F4406374
:10A9E000C2F88C300022D30003F57F0303F5404307
:10A9F000D3F8001401310AD0D3F8001439B1D3F8D8
:10AA000000140132D3F80434402A0B60EBD1254BFB
:10AA1000D3F84024002A41D0FFF796FF48B1234BDA
:10AA2000D3F83423244B9A429EBF1E4B234AC3F8CB
:10AA30004026FFF789FF18B1214B224AC3F8AC2703
:10AA4000FFF782FF48B13422164BC3F82426D3F80F
:10AA50003C2622F40022C3F83C261B4B1549D3F8B0
:10AA60000026D20744BF6FF00102C3F80026174B3F
:10AA7000D3F8182522F00302C3F81825D3F81825B7
:10AA800042F00302C3F81825D1F88C2042F440624A
:10AA9000C1F88C200022C3F8A02508BDC822C3F845
:10AAA0004024B9E70000125000C50D5000C0FF005F
:10AAB0000030055000ED00E0001D0A1840E0A91E1E
:10AAC00000A0085078000A0400E0105000B00450C4
:10AAD0005F2898BF074B4FEA50129FBF53F82230B0
:10AAE00000F01F0023FA00F000F0010088BF0020F2
:10AAF000704700BFE0AA0300034A4309D35C00F09B
:10AB00001F001844C0B27047B21E040010B50446BE
:10AB10000846FFF7F1FF04EB4000838ADA051CD5F5
:10AB2000C3F3432123F4F853838204F1120204F1A6
:10AB3000580032F8023F13F4807F03D0C3F343235D
:10AB400099420AD09042F4D1002204EBC1035A602A
:10AB500004F160000CF004FE00B910BD0549064880
:10AB60004FF4DB73054A08F073FD4FF4DB710348C3
:10AB700008F065FDFEBF0300EDBC0300D407040030
:10AB800010B5016804460846FFF7A2FF58B91049FE
:10AB90004FF482630F4A104808F05AFD4FF4826167
:10ABA0000C4808F04CFD01F01F035F2923604FEAB9
:10ABB000511209D9094940F21943064A064808F0DA
:10ABC00047FD40F21941EBE7054B53F8220010BD59
:10ABD00091FD03005EFD0300EDBC03007F0F040048
:10ABE000D4AA0300072808B50BD90849084840F241
:10ABF000A733084A08F02CFD40F2A731054808F0B9
:10AC00001EFD800000F5807008BD00BF47080400ED
:10AC1000EDBC030012080400F0B50646002487B01E
:10AC2000114F019117F8012B06AB03EBD20313F878
:10AC3000143C02F00702D34013F0010306D10134A3
:10AC4000032CEFD10023184607B0F0BD074A03AD2F
:10AC500007CA85E8070055F824100A6A46F8242038
:10AC60000A62002AEBD0EEE7C21E04002C9D03000E
:10AC7000F7B504460846FFF73FFF04EB4006B38AEA
:10AC80000D46DB072AD520460CF063FE29462046F8
:10AC90000CF07FFD50B120460CF0AAFD0023276880
:10ACA00007EB8000C0F81035C0F8103520460024AE
:10ACB0002946FFF72BFFB48201A80195FFF760FF3B
:10ACC000019B00EB8300D0F88020064B134043F03B
:10ACD0000203C0F88030204603B0F0BD6FF01500CD
:10ACE000FAE700BFF0F0FCFF2DE9F0430E461746EF
:10ACF000044685B058B95A495A4840F25E435A4A08
:10AD000008F0A6FC40F25E41574808F098FC08465F
:10AD1000FFF7F2FED7F800800546B8F1000F19D012
:10AD200020460CF05AFD18BB4346CDE900008DF8D3
:10AD30000E008DF80F000DF10F0230460DF10E01DF
:10AD40000CF07FFD04EB4502938A23F0020343F0ED
:10AD5000010393827B689BB33146204693F80080C1
:10AD6000D3F804900CF02EFD28B1B9F1000F1FD0DC
:10AD70006FF0150027E004EB4500838A23F460435D
:10AD800023F020038382B9F1000F11D0B8F1030F33
:10AD9000EED87B6821685B6893F800C04FEA8C03AB
:10ADA0001944B8F1000F11D1C1F81085C1F8108510
:10ADB00004EB4502938A23F01C0343EA8803938241
:10ADC000BB684BBB002005B0BDE8F083D1F810256F
:10ADD00022F00302C1F8102522681344D3F810258D
:10ADE00022F4473222F47C72C3F8102541F6F07247
:10ADF000D3F8101502EA061242EA08420A43C3F8E1
:10AE0000102504EB4C03A3F86460838A43EA4C33B7
:10AE100043F020038382CBE73146D3E90078204614
:10AE2000FFF774FE002FCDD063689F4206D004F177
:10AE300060000CF07BFC002804DAC4E7A3689845A6
:10AE4000F5D1002004EBC003C3E9017804EB45050C
:10AE5000AB8AC0B243EA402343F48073AB82B1E7CC
:10AE600051080400EDBC0300D40704002DE9FF41A4
:10AE70000D4616461F46044658B93B493B484FF419
:10AE80008D633B4A08F0E4FB4FF48D61384808F0CD
:10AE9000D6FB0846FFF730FE804616B320460CF07E
:10AEA00091FC18B920460CF074FC08BB29462046DA
:10AEB0000CF07AFC10B17378012B19D001238DF8B6
:10AEC0000F300023721CCDE900632846B31C0DF13E
:10AED0000F010CF0B6FC04EB4802938A43F0030325
:10AEE0009382002F3ED0294620460CF06BFC20B9FF
:10AEF0006FF0150004B0BDE8F08100223E782368B1
:10AF000004EB480003EB8603C3F81025C3F81025B3
:10AF1000838A4FEA860C23F4604323F02003838264
:10AF20007978F9B12268134B6244D2F81045BF78A2
:10AF30002340C2F8103541F6F073090401F44031A2
:10AF400003EA05130B433905D2F8104501F48011CB
:10AF50000B432343C2F81035838A43EA463343F058
:10AF6000200383820020C5E751080400EDBC0300E4
:10AF7000D40704000FE0ECFF08B558B907490848AA
:10AF800040F27143074A08F063FB40F27141054803
:10AF900008F055FBC0E9031208BD00BF51080400CA
:10AFA000EDBC0300D407040070B51546044658B93B
:10AFB000134940F27A43134A134808F049FB40F220
:10AFC0007A41104808F03BFB4AB9104940F223335C
:10AFD0000C4A0D4808F03CFB40F22331F1E70CF03D
:10AFE000D8FB48B10846FFF787FD04EB400400207A
:10AFF000A38A5B0B2B7070BD6FF01500FBE700BFE1
:10B0000051080400D4070400EDBC03005C080400F0
:10B01000F8B5044658B91B491B484FF491631B4AC5
:10B0200008F016FB4FF49161184808F008FB90F8FF
:10B03000745090F8757015BB4622294614300DF0F7
:10B0400053FE134B266853F83770AF4212D10025D8
:10B0500040F20D10C6F84451D6F844310D4B9E42D3
:10B0600008BFDB20F1F7CCFE0123284684F87430BA
:10B070002366F8BDE8B2FFF7B5FD0135E5E76FF0EF
:10B080007700F6E751080400EDBC0300D407040084
:10B09000ECAA030000A00D5008B558B908490948AA
:10B0A00040F28F43084A08F0D3FA40F28F41064835
:10B0B00008F0C5FA90F87400003818BF012008BDE8
:10B0C00051080400EDBC0300D407040008B558B9CA
:10B0D0000749084840F29D43074A08F0B9FA40F290
:10B0E0009D41054808F0ABFABDE80840FFF7C0BD38
:10B0F00051080400EDBC0300D407040008B558B99A
:10B100000A490B4840F2A4430A4A08F0A1FA40F267
:10B11000A441084808F093FA074B90F8750003EB38
:10B120008000BDE808400CF01BBB00BF51080400C4
:10B13000EDBC0300D4070400900B002010B50C46B2
:10B1400058B90C490C4840F2AB430C4A08F080FA5D
:10B1500040F2AB41094808F072FA094B90F87500CB
:10B1600003EB80000CF0E2FA0028A4BF207000205E
:10B1700010BD00BF51080400EDBC0300D40704005B
:10B18000900B00202DE9F3410D461646044658B9B0
:10B1900038494FF4A563384A384808F059FA4FF453
:10B1A000A561354808F04BFA0CF0FEFA48B934496D
:10B1B00040F23543304A314808F04AFA40F235410E
:10B1C000EFE720460CF0E5FA2768F8B120460CF0CE
:10B1D000F9FA8046D0B920460CF00AFB0546FFF785
:10B1E00001FD47F800803B58236803EB8503D3F843
:10B1F000102542F00102C3F8102526B10123226870
:10B20000AB40C2F8143302B0BDE8F081D7F8143374
:10B210009B035CBF4FF40033C7F814334EB9194990
:10B2200040F24F43144A154808F012FA40F24F41D9
:10B23000B7E72846FFF760FC04EB4004A38AC3F39A
:10B240008203042B11D0052B11D001A80195FFF723
:10B2500097FC019BC168D94001F0010102312846E9
:10B2600002B0BDE8F0410CF039BB0321F7E7022141
:10B27000F5E700BF51080400D4070400EDBC03004B
:10B28000660804008708040008B558B9074908484B
:10B2900040F22F53074A08F0DBF940F22F510548DE
:10B2A00008F0CDF9BDE808400CF053BB510804008C
:10B2B000EDBC0300D40704002DE9F04F07468DB024
:10B2C00058B97349734840F25C63734A08F0C0F997
:10B2D00040F25C61704808F0B2F9804658F804BB4F
:10B2E00090F87540DBF814136C4BC9B253F8342056
:10B2F000584641F400310CF000FB8203054639D575
:10B300000023CDE909330B93644BE60003EBC4043F
:10B31000636809A819460193FFF77EFC331D049367
:10B320004FF0000A5E4B0DF124090393039A5B4929
:10B3300012F8013B0392049A02EBD3028A5C03F0F9
:10B34000070322FA03F3DB071AD40AF1010ABAF160
:10B35000030F09F10409E9D14FF4003100225846E6
:10B360000CF0CBFA019909A8FFF756FC0028D7D1B9
:10B3700025F400350124002D74D10DB0BDE8F08F07
:10B38000484B53440593D9F800100029DDD091FAB9
:10B39000A1F1B1FA81F1059B1C7841EA44142046E1
:10B3A000FFF7AAFB07EB4000828AC808C2F38203BA
:10B3B000CDE906230293012319F8006001F007018B
:10B3C00003FA01F126EA010109F8001008A808941F
:10B3D000FFF7D6FB0899069A203150F8216012F049
:10B3E000100F079BC6F3014623D021464046029A20
:10B3F0000CF008FA08A80894FFF7C2FB089BF6B205
:10B40000203350F82330C3F301439E4207D100217B
:10B4100020460CF063FA314620460CF05FFA08A88B
:10B420000894FFF7ADFB0122089B02FA03F30362C5
:10B43000A9E7022E14BF02210321204606930CF037
:10B440004DFA069B032B03D0022E07D1012BE6D128
:10B4500021464046029A0CF0D5F9E0E7032EDED1F2
:10B46000022BF4E795FAA5F3B3FA83F304FA03F297
:10B4700025EA020503F5A2725BF8222007EB4303DD
:10B480004046B3F86410C2F301420CF0BBF972E716
:10B4900051080400EDBC0300D4070400ECAA03002B
:10B4A000C21E0400C21E04000123034A03FA00F076
:10B4B00093680343936070479007002073B5044678
:10B4C0000191EFF31186402383F31288BFF36F8F4E
:10B4D0000B4D019B6A6801A8134001930CF026F9FB
:10B4E000002807DB01226B68824023EA02036B60BD
:10B4F0002070002086F31188BFF36F8F02B070BDFB
:10B500009007002008B5154B027AD3F8101521F0EA
:10B5100001010A43C3F810250268B2F5803F0BD33E
:10B520000F4940F2B9730F4A0F4808F091F840F202
:10B53000B9710C4808F083F8C3F8A4264268FF2AC2
:10B5400009D90A4940F2C473064A074808F080F84E
:10B5500040F2C471EDE7C3F8AC2608BD00200E50E0
:10B56000C508040092080400EDBC0300ED080400C7
:10B570000B2808B501D800290BDA0B490B4840F21B
:10B5800016530B4A08F064F840F21651084808F0C8
:10B5900056F8000100F1A04041EAC27100F56220B6
:10B5A000C0F8281508BD00BF27090400EDBC030042
:10B5B000920804000B2808B50BD90B490B4840F240
:10B5C0000B530B4A08F044F840F20B51084808F0BE
:10B5D00036F8000100F1A04000F56220D0F82415F3
:10B5E000D0F8200508BD00BF13090400EDBC03001E
:10B5F000920804000B2808B50BD911494FF4A06339
:10B60000104A114808F024F84FF4A0610D4808F0E2
:10B6100016F8B3F5801F09D30C4940F20253094ACA
:10B62000094808F015F840F20251EFE7000100F177
:10B63000A04000F56220C0F82025C0F8243508BDE0
:10B640001309040092080400EDBC03006309040020
:10B65000012303FA00F010F0670F0AD0064B5B6875
:10B66000DB4303F0670303420CBF6FF015000020BB
:10B6700070474FF0FF3070479007002038B50E4BF1
:10B680001B78012B0BD14FF0FF326FF040430B4C76
:10B69000D4E90001824273EB0105F9D338BD0849B2
:10B6A000084840F21913084A07F0D2FF40F2191176
:10B6B000054807F0C4FF00BF9007002040270E5048
:10B6C000BC090400EDBC03008009040030B50C2562
:10B6D000074B1C1894F8544005FB0433C3E90312CC
:10B6E00018750123034A8340C2F8243330BD00BFDC
:10B6F0009007002000200E50F0B5504D85B02C78FA
:10B70000002C40F095804E4A01AB07CA83E8070041
:10B710004C491846D1F8102522F00202C1F8102534
:10B72000FFF7F0FE0723672202F001012144013BED
:10B73000CCB24FEA5202F7D1052C7CD119464FF01A
:10B74000010C3E4E00246720CFB204E00CFA02F256
:10B7500020EA0200013490FAA0F25FFA84FE7745F5
:10B76000B2FA82F2F2D80131327505292A4482F800
:10B77000547006F10C06E5D10121002432489A08E4
:10B7800001FA02F212F0670F18BF1C500433302B7D
:10B79000F5D1E420F1F734FB2A4B0024D3F810252F
:10B7A000012622F00202C3F8102540F6FF72C3F80A
:10B7B0002823C3F88041C3F88040C3F88441C3F80C
:10B7C0008440C3F88841C3F88840C3F88C41C3F86B
:10B7D0008C40C3F89041C3F89040C3F89441C3F83B
:10B7E0009440C3F89841C3F89840C3F89C41C3F80B
:10B7F0009C40C3F8A041C3F8A040C3F8A441C3F8DB
:10B80000A440C3F8A841C3F8A840C3F8AC41C3F8AA
:10B81000AC401E660D4B0E4A1B685D20B3FBF2F375
:10B8200058430C4B3343984720462E7005B0F0BD6B
:10B830006FF07700FAE76FF08B00F7E790070020D2
:10B84000389D030000200E5000210E508C0B00206C
:10B8500040420F0080A2030038B52C4B0D461B78E8
:10B86000012B0BD02A492B4840F206232A4A07F025
:10B87000EFFE40F20621284807F0E1FE274BD3F8FF
:10B88000102594073CD4D3F8102542F00202C3F8E7
:10B890001025C0B1D3F8482712F0010202BFD3F837
:10B8A000481741F00101C3F848171C4BD3F8401763
:10B8B000D3F844174800F9D42AB9D3F8482722F01E
:10B8C0000102C3F84827164B164A1B68B3FBF2F374
:10B8D000124A03EB4313B3B1D2F84017D2F844171E
:10B8E00049000BD44FF0FF312846FFF7E7FD04462F
:10B8F00010B92878FFF7D8FD204638BD013BEAE7AC
:10B900006FF07704F8E76FF07304F5E79007002015
:10B91000BC090400EDBC03008009040000200E50A7
:10B920008C0B002040420F002DE9F04104461D46DB
:10B93000FFF78EFE904607469DF8186058B11549EE
:10B94000154840F2BB23154A07F082FE40F2BB21A6
:10B95000124807F074FE12490B1993F854300C3357
:10B9600001EBC30041F8332045602B4620466EB101
:10B970000C4EA400FFF73EFE33592BB1FFF77EFEBD
:10B980004045A94100D23751BDE8F081BDE8F04102
:10B99000FFF730BEE5090400EDBC03008009040098
:10B9A0009007002000210E50F8B50546FFF750FE25
:10B9B00058B11149114840F21933114A07F048FEB5
:10B9C00040F219310E4807F03AFE0E48431993F839
:10B9D00054300C3350F8334000EBC30CDCF80460F7
:10B9E000641846F1000640F83340CCF8046028465D
:10B9F000BDE8F840FFF7BCBDE5090400EDBC03005D
:10BA000080090400900700202DE9F7432C4B2D4FAF
:10BA1000D3F82C6307F1880916B903B0BDE8F083A9
:10BA200096FAA6F80123B8FA88F803FA08F3D9437E
:10BA300026EA030607EB080393F854500C2303FB94
:10BA40000573187D40450BD01F49204840F2B7339D
:10BA50001F4A07F0FDFD40F2B7311D4807F0EFFD2A
:10BA60001C4CDB684FEA880214441BB3D9E8EF3F53
:10BA700003EA0102C9E8EC2FBCF1000FF6D123FA6A
:10BA800008F3DB0711D5FFF795FD02460B46216849
:10BA90000029C1D0002121600C2101FB0575296915
:10BAA00040460091E9688847B6E707EBC503D3E94C
:10BAB0001823ECE72268002AAED02360ACE700BF71
:10BAC00000200E5090070020040A0400EDBC030083
:10BAD0008009040000210E5000220D4BC3F8002104
:10BAE000D3F80011C3F80421D3F80411C3F80821D6
:10BAF000D3F80811C3F80C21D3F80C11C3F81021A6
:10BB0000D3F81011C3F81421D3F81431704700BFD3
:10BB10000050045070B54FF4FA7500F15024144EE3
:10BB200004F5802423682BB123689BB1FFF7D4FF71
:10BB300000200EE0D6F80831002BF5D1D6F80C31F4
:10BB4000002BF1D10A200BF0EFFD013DEAD16FF09F
:10BB5000730070BD064BD3F8083123B1FFF7BCFF6B
:10BB60006FF00C00F5E7FFF7B7FF6FF00D00F0E79F
:10BB700000500450F92808B50BD9084908484FF47B
:10BB8000DA73084A07F064FD4FF4DA71054807F0EC
:10BB900056FD054BC3F8000508BD00BF5A0A040056
:10BBA000EDBC0300280A0400005004502DE9F041C8
:10BBB00004460D464FF4FA76114FD7F80084B8F1D9
:10BBC000000F08D00A200BF0AFFD013EF5D16FF059
:10BBD0000A00BDE8F0812046FFF7CCFF01234FF4B7
:10BBE0008870FB60FFF796FF10F1740FF1D010F131
:10BBF0000E0F14BF0020012028704046E9E700BF67
:10BC00000050045010B5054C207820B9FFF764FFB0
:10BC10000123237010BD6FF07700FBE767960020CB
:10BC2000F8B5164B06461B780D46012B02D108B11C
:10BC3000F92909D912491348BE23134A07F008FD10
:10BC4000BE21114807F0FBFC4FF4FA770F4CD4F8F3
:10BC500000343BB10A200BF067FD013FF7D16FF0D4
:10BC60000A00F8BD0123C4F80465C4F80055236038
:10BC70004FF48070BDE8F840FFF74CBF6796002096
:10BC8000A60A0400EDBC03006B0A04000050045037
:10BC90002DE9F0411B4B04461F78012F0CD1F928E8
:10BCA0000AD84618731EF92B06D829B1DFF8588038
:10BCB000A6420BD8002015E014491548D423154A94
:10BCC00007F0C6FCD421134807F0B9FC4FF4FA750D
:10BCD000D8F8003443B10A200BF026FD013DF7D11E
:10BCE0006FF00A00BDE8F0812046FFF743FF4FF4F4
:10BCF0008270C8F80470FFF70DFF0028F2D10134FC
:10BD0000D6E700BF6796002000500450F90A0400EF
:10BD1000EDBC03006B0A04002DE9F0411C4B044606
:10BD20001F78012F0CD1F9280AD84618731EF92B59
:10BD300006D829B1DFF85C80A6420DD8002017E0B4
:10BD4000154916484FF49C73154A07F081FC4FF4CF
:10BD50009C71134807F073FC4FF4FA75D8F800345F
:10BD600043B10A200BF0E0FC013DF7D16FF00A006F
:10BD7000BDE8F0812046FFF7FDFE4FF48470C8F85F
:10BD80000870FFF7C7FE0028F2D10134D4E700BFE6
:10BD90006796002000500450F90A0400EDBC03002F
:10BDA0006B0A0400F8B5184B05461B780E46012BAC
:10BDB00002D1F92800D859B91449154840F259134D
:10BDC000144A07F045FC40F25911124807F037FCBD
:10BDD0004FF4FA77104CD4F800343BB10A200BF042
:10BDE000A3FC013FF7D16FF00A00F8BD0123C4F8AE
:10BDF00000554FF48870E360FFF78CFE0028F4D103
:10BE0000D4F808353360F0E7679600206D0B040026
:10BE1000EDBC03006B0A04000050045070B5134BD6
:10BE200004461B781546012B07D1F92805D846187A
:10BE3000731EF92B01D801B162B90D490D484FF4B9
:10BE4000BE730D4A07F004FC4FF4BE710A4807F0B8
:10BE5000F6FB0134A64207D929462046FFF7A6FE85
:10BE600018B92B78002BF4D1002070BD6796002004
:10BE7000BB0B0400EDBC03006B0A04002DE9F84382
:10BE8000214B044693F800801546B8F1010F18D1F4
:10BE9000F92816D847187B1EF92B12D889B182B120
:10BEA000DFF86890A7422AD94FF4FA76D9F800341F
:10BEB0009BB10A200BF038FC013EF7D10120BDE810
:10BEC000F883134913484FF4CB73134A07F0C0FBB0
:10BED0004FF4CB71104807F0B2FB2046FFF74AFE43
:10BEE0004FF48870C9F80C80FFF714FE10F1740F3E
:10BEF000E4D00D300CBF012300232B7001D00020B3
:10BF0000DDE70134CEE700BF679600200050045003
:10BF10003D0C0400EDBC03006B0A040008B50649A3
:10BF2000064840F21A33064A07F092FB40F21A31F3
:10BF3000034807F084FB00BFF50C0400EDBC0300D0
:10BF4000C10C0400202908B501D9FFF7E7FF054B14
:10BF500040EA0120C3F80005D3F80024D207FBD53E
:10BF600008BD00BF00B0045010B50B4B04680B4A6D
:10BF70000B48844208BF1346B3FBF1F001FB1033BA
:10BF8000834206D2C30704D47E288CBF0020012040
:10BF900010BD0020FCE700BF0024F4000020A10732
:10BFA00000A0045008B503685F2B4FEA531107D86F
:10BFB0000C4A03F01F0352F82120DA40D2070BD4B9
:10BFC00009490A484FF48263094A07F041FB4FF4DC
:10BFD0008261074807F033FB0360064B53F82100EA
:10BFE00008BD00BF08AB030091FD0300EDBC0300DA
:10BFF0005EFD0300FCAA0300F7B51746421C1C4671
:10C0000006460D46089B18D0012902D1BBB10BF0A2
:10C0100030FD01A80196FFF7C5FF019B240200EB4C
:10C020008300D0F88020074B44EA87042C43134058
:10C030001C4344EA4504C0F8804003B0F0BD0BF057
:10C0400024FDE6E7F0F0FCFF2DE9F74F91F82130F1
:10C0500005460C46002B00F0A98091F82280296843
:10C060006E4A6F4E6F486369914208BF0646B6FB41
:10C07000F3F66D4BD3F840331C2B13D1022E95F8F9
:10C08000223040F29680227E12F0FD0F40F0918027
:10C0900072080132D2B2904538BF904643F0100387
:10C0A00085F8223094F8232095F8223062F30003BB
:10C0B00085F82230227CDBB262F3410385F822301E
:10C0C00094F82370002F32D16269584B01219A42B3
:10C0D00014BF4FF005094FF00F09237E3A46012B9C
:10C0E00094BF00230123009320684B46FFF784FF91
:10C0F00000974B463A4601216068FFF77DFF0097A5
:10C100004B463946A27EA068FFF776FF237C3A466D
:10C1100083F00103009301214B46E068FFF76CFFB9
:10C12000012100914B463A46E069FFF765FF94F81C
:10C130002130002B40D04FF0FF336B6294F8211078
:10C1400094F812E0207E627E00293FD0E768217CCF
:10C1500094F8249094F820C02B68B9F1000F10D106
:10C16000D4E900BAD4F80890E469C3F800B6C3F87B
:10C1700004A6C3F80896C3F80C46C3F8B815C3F86C
:10C180001076B11E7C29C3F8B085C3F8C0E501D88C
:10C19000F1071ED52649274840F25653264A07F094
:10C1A00057FA40F25651244807F049FA4FF0020876
:10C1B00055E723F0100373E7E3686B62227C95F880
:10C1C000223062F3410385F82230B7E74FF0FF37A2
:10C1D000BEE7003A18BF01220228C3F82C6513D02D
:10C1E000032814D0012801D142F00202C3F85425DB
:10C1F000C3F8ACC56B686BB12868C0F3083003B0F6
:10C20000BDE8F04FF0F7FCBD42F00402EEE742F06B
:10C210000602EBE703B0BDE8F08F00BF00A00450BA
:10C220000024F4000020A10700C0FF000048E8013E
:10C230004E0D0400EDBC03001B0D0400431C07B5AC
:10C240000ED0019001A8FFF7ADFE019B00EB83002B
:10C25000D0F88020044B134043F00203C0F8803034
:10C2600003B05DF804FB00BFF0F0FCFF2DE9F041E6
:10C270000E4690461F46044600B159B9134914486A
:10C2800040F21F23134A07F0E3F940F21F2111483F
:10C2900007F0D5F990F820508DB94969FFF764FE91
:10C2A00080B120463146C4E90187FFF7CDFE012366
:10C2B000284684F8215084F82030BDE8F0816FF0E2
:10C2C0007700FAE76FF01500F7E700BFDF0D040015
:10C2D000EDBC0300A30D040070B50E46054658B929
:10C2E0001349144840F25723134A07F0B1F940F2BA
:10C2F0005721114807F0A3F990F8203073B190F856
:10C30000213003F0FF0463B94969FFF72DFE58B1EE
:10C3100028463146FFF798FE204670BD6FF0760044
:10C32000FBE76FF00F00F8E76FF01500F5E700BFCF
:10C3300051080400EDBC0300A30D040070B50446D1
:10C3400058B9264940F27E23254A264807F080F94D
:10C3500040F27E21224807F072F990F820304BB964
:10C36000214940F282231E4A1E4807F071F940F22B
:10C370008221EFE70068C0F30830F0F74FFD6368F3
:10C3800043B12146194A51F8043BC3F808232068F9
:10C390000BF056FB2368D3F80006D3F80456D3F805
:10C3A000086694F82230DB0714D4FFF747FF3046C5
:10C3B000FFF744FF2846FFF741FF606AFFF73EFFA3
:10C3C0002368D3F80C06D3F81056FFF737FF28463A
:10C3D000FFF734FF002384F8203070BD51080400BB
:10C3E000A30D0400EDBC0300F60D04000700F81FC8
:10C3F0002DE9FF410E461746054658B9724940F2ED
:10C40000A533724A724807F023F940F2A5316F480C
:10C4100007F015F990F820306BB10B680BB94B6839
:10C420004BB9B3680BB9F3682BB917F008080CD0F7
:10C430006B6A013309D0674940F2A933634A644803
:10C4400007F006F940F2A931E1E795F82130002B19
:10C4500040F0B2806B682BB117F0140F04BF0123BA
:10C4600085F8213005F1100496E80F0084E80F00EC
:10C47000686A431C05D095F822309C0718D50BF04C
:10C48000F8FA33682C6823B103F06043B3F1005F1E
:10C4900006D1B3687BB103F06043B3F1005F0AD00B
:10C4A00000236FF00C0085F8213004B0BDE8F08166
:10C4B0000BF0EBFAE5E795F8223007F0010262F3A2
:10C4C000C303C7F3400060F3820307F0020185F85D
:10C4D0002230002A41D00123C4F84C3700293FD034
:10C4E0000123C4F81437D6E90013D6E902C20026A6
:10C4F000C4F83C17C4F84037C4F804C7C4F8082788
:10C50000C4F80861D4F808010720C4F8000595F8BC
:10C510002200C0060CD58220C4F8840C686800286C
:10C520004DD0C4F80061D4F800010120C4F8040320
:10C53000B8F1000F19D16868A8B901202060D4F8BB
:10C5400008010028FBD0CDE90013CDE902C2042187
:10C550006A4620460BF036FA07E0C4F84C27BDE7E0
:10C56000C4F81417BFE7012323606B68DBB995F8A3
:10C570002230D90644BF0023C4F8843C686A421CB8
:10C5800005D095F822309B070AD50BF07EFAB8F15A
:10C59000000F03D12046291D0BF052FA002084E73A
:10C5A0000BF067FAF3E7042317F0040F14BFC4F885
:10C5B0000833C4F80433F1E76FF00F0075E7B8F102
:10C5C000000FD4D1B9E700BF51080400A30D040047
:10C5D000EDBC0300220E040008B558B90F4940F223
:10C5E000D6330F4A0F4807F033F840F2D6310C48E3
:10C5F00007F025F890F82030011D4BB90A4940F2A8
:10C60000DA33074A074807F023F840F2DA31EEE759
:10C610000068BDE808400BF013BA00BF51080400E1
:10C62000A30D0400EDBC0300F60D040070B5044634
:10C6300058B9304940F2E1332F4A304807F008F842
:10C6400040F2E1312C4806F0FAFF90F822300568FC
:10C65000D90610D5D5F80433DA070CD5D5F8003152
:10C660004BB10023C5F80031D5F80021C5F8843C52
:10C670000123C5F808330421284604F110020BF009
:10C68000A1F9002835D063684BB91D4940F21A431F
:10C69000194A1A4806F0DCFF40F21A41D2E7606AF4
:10C6A000431C05D094F822309E071FD50BF0EDF9FE
:10C6B00094F821301BB12846211D0BF0C1F994F8E4
:10C6C00022202046110742BFD4E904315B182361C0
:10C6D000530742BFD4E906329B18A361002300F838
:10C6E0000C3FD4E90131BDE8704018470BF0C1F9A7
:10C6F000DEE770BD51080400A30D0400EDBC03008B
:10C700002F0F040008B5124BA822002118460CF088
:10C71000EBFA03220F49026142610F4A8161C26153
:10C720004FF480620262002282624262C26201664B
:10C730000A49034641661021816609490267C266BB
:10C74000426711F8010D98540132102AF9D108BD41
:10C75000700400203D0F04007000002060000020E5
:10C76000D51E04002DE9F74F1826DFF88880814692
:10C7700006FB008700FB06667D6AD7F828C04644A2
:10C780007368AC458B46144603EB050025D83B6A1D
:10C79000A3EB050A0AF1FF3E724507D82C440CF0C2
:10C7A0007DFA7C62012003B0BDE8F08FE64472455B
:10C7B0001ED8524601930CF071FA019B2C44E41AE6
:10C7C00005D0224670680BEB0A010CF067FA1823BB
:10C7D00003FB0988C8F82440E4E70CF1FF3CACEB0C
:10C7E000050C944504D325440CF058FA7D62D9E732
:10C7F0000020D8E7700400201822034B02FB00330E
:10C800009A6A586A801A704770040020002310B496
:10C81000074A0849C85C12F8014D844204D101332B
:10C82000102BF7D110BC704710BCFFF76BBF00BFD7
:10C83000D51E04007004002038B5436905463BB995
:10C840000024EA686042537843F00103537038BD16
:10C85000984704460028F3D000F1FF03FE2B0ED9C1
:10C860002123094A09490A4806F0F2FE29680948C5
:10C87000224606F0EDFE2121034806F0E0FEEB68BB
:10C8800044421C70DDE700BF460F0400690F04003E
:10C89000EDBC0300810F040010B50446EDF7A8FFBE
:10C8A00003480121034A07F03CFD20460BF01AF92A
:10C8B000C09B0300A60F04002DE9F84304460D4673
:10C8C00000AFEFF31188402383F31288BFF36F8F1B
:10C8D0000428324A98BF324BE9468AB09668117CE8
:10C8E00098BF53F820306A4688BF2E4BCDE90731F8
:10C8F00040F201332C48ADF824302C4BCDE905042F
:10C9000042F8103F00234FF431512948EEF7CCF89C
:10C91000CD4645B1EB69C3F3080323B10121254A94
:10C92000234807F0FEFC2EB130460BF0C6F908B1E3
:10C93000037803B92048E9468AB06A461F4B07903E
:10C94000CDE9053640F20133ADF820301C4B42F8FA
:10C95000103F00234FF411511548EEF7A5F8294672
:10C96000CD462046FFF798FF042C0CD115498723AC
:10C97000154A164806F06CFE154806F069FE872138
:10C98000114806F05CFE88F31188BFF36F8F3046C4
:10C99000F0F702FBBD46BDE8F88300BF188A00200F
:10C9A00014AB0300B50F0400C30F04000500000121
:10C9B000C09B0300EB0F0400C4B003000C10040084
:10C9C000040000014610040024100400EDBC030024
:10C9D0006310040038B50A4B53F82040013053F877
:10C9E0002050A54200D838BD606830B1037EDB0717
:10C9F00001D4FFF721FF0834F3E723689847FAE7EB
:10CA000028AB0300012270B5364B86B003201A70A4
:10CA1000FFF7E0FF0BF043FA0420FFF7DBFF324C97
:10CA2000324DAC42264628D931494423314A324856
:10CA300006F00EFE314806F00BFE44212D4806F0AC
:10CA4000FEFD54F80C3C059354F8103C049354F844
:10CA5000143C039354F8183C029354F81C3C019383
:10CA600054F8203C009354E90A2354E90C0101F0E6
:10CA7000C9FE54F8303C5E65D3E7AE4204F13004A1
:10CA8000DFD302F0A3FB184CAC421FD9184968232E
:10CA9000184A194806F0DCFD184806F0D9FD68214F
:10CAA000CCE7D4E90A23B3F1FF3F08BFB2F1FF3F5F
:10CAB00005D052EA0301206803D102F009FE3034A8
:10CAC000E2E70F49183003F09FF9F8E7E9D302F0E5
:10CAD000EFFBEAF709FE0B4A938923F001039381E8
:10CAE00006B070BD6896002040990300A09903002D
:10CAF00003110400E2100400EDBC0300A7C403000E
:10CB0000B9ED0200807F0020882370B5134E01220A
:10CB100003FB0066002386B0CDE904230F220193B6
:10CB2000CDE9023214234FF4A0720D4D0D4903FBE1
:10CB30000055044602FB00110B4B3046009501F0F6
:10CB400061FE337C2C7423F004033374074B0134EF
:10CB500003EBC423EE606B6006B070BDF87E00206E
:10CB6000188A002030CD002061D0020030C500209E
:10CB70007FB50020FFF72EFF344B03F5006282F3F0
:10CB8000088883F30A88E023314C84F8223020237C
:10CB9000E377002323766376A37684F82030626AF5
:10CBA00042F4E022626284F82330F0F795F8F0F75F
:10CBB000DDF94FF0FF33A362E362F0F709FCF0F711
:10CBC00059FAEDF73FFD234801F0C6FE224B234AF8
:10CBD00093420ED92249CC23224A234806F038FD3D
:10CBE000224806F035FDCC211E4806F028FD1C33F6
:10CBF000EEE7FCD30120FFF7EDFE02201C4CFFF70F
:10CC0000E9FE02F00FFC1B4B00255C611A4B4FF450
:10CC10006062059301231949CDE903532046184B5F
:10CC2000CDE90155009501F0EDFD0646237C204637
:10CC300023F00403237402F031F82846FFF764FF61
:10CC4000314620460E4AF0F771F900BF30C500208A
:10CC500000ED00E0B0800020948F0300C890030036
:10CC600030110400E2100400EDBC0300A7C403006F
:10CC7000807F0020188A00204811040070CE002018
:10CC800005CA020038B50D4C0D4DAC4213D90D4903
:10CC900025230D4A0D4806F0DBFC0D4806F0D8FCB4
:10CCA0002521094806F0CBFC2046D4E901120AF000
:10CCB00021FF1834E9E7F7D3002038BD780D0020B4
:10CCC000900D0020BA11040050110400EDBC0300C7
:10CCD000A7C40300F8B505460E4600F11404EFF3AF
:10CCE0001187402383F31288BFF36F8F204603F030
:10CCF00031F868B984231B4A1B491C4806F0A8FC7C
:10CD000021461B4806F0A4FC8421164806F097FC37
:10CD1000204603F043F828463146EBF7B1FB05F116
:10CD20000C0002F037FB28B139462046BDE8F84038
:10CD30000BF007B8204603F01BF868B94FF499735D
:10CD4000084A0C49094806F083FC21460A4806F0C7
:10CD50007FFC4FF49971D8E787F31188BFF36F8F89
:10CD6000F8BD00BF07C0030034C00300EDBC0300E2
:10CD700049C003005FC0030076C0030038B50E4C05
:10CD80000E4DAC4212D90E49A2230E4A0E4806F0AF
:10CD90005FFC0E4806F05CFCA2210A4806F04FFC3E
:10CDA00020460AF0B1FE20B92034EAE7F8D300208B
:10CDB00038BD6FF01500FBE7180D0020780D00203E
:10CDC000F8110400D3110400EDBC0300A7C4030054
:10CDD0002DE9F74305460F4691461C4600F108062B
:10CDE000EFF31188402383F31288BFF36F8F30462F
:10CDF00002F0B0FF60B98423314A3249324806F06C
:10CE000027FC3146314806F023FC84212C4826E0DB
:10CE1000304602F0C3FF2B691BB33B601C68EB6913
:10CE20002C610133EB6114B96A6993421FD0EB683E
:10CE3000E41A09D4D5E905235A43A24204D9B4FB24
:10CE4000F3F203FB124494B12149F723214A1E480F
:10CE500006F0FEFB204806F0FBFBF7211D4806F01C
:10CE6000EEFB59EA040214D16FF00B043B6030462C
:10CE700002F07EFFF0B94FF49973114A1749124836
:10CE800006F0E6FB3146164806F0E2FB4FF49971D6
:10CE9000BCE7CDE900942A464146304601F0D4FF74
:10CEA000044618B90F4B9B685B693B60204603B092
:10CEB000BDE8F08388F31188BFF36F8FF6E700BFFA
:10CEC00007C0030034C00300EDBC030049C00300E9
:10CED00015120400D3110400911204005FC0030076
:10CEE00076C00300188A00202DE9F843C368054680
:10CEF000CB1A0E4623D4D0E90512514399421ED9CC
:10CF0000B3FBF2F102FB1133CBB900F10807EFF3E9
:10CF10001189402484F31288BFF36F8F384602F0E2
:10CF200019FFD8B98423414A4149424806F090FB91
:10CF30003946414806F08CFB84213C480CE03F49CF
:10CF400040F21F133E4A3B4806F082FB3D4806F084
:10CF50007FFB40F21F113A4806F071FB384602F0A1
:10CF60001DFFD5F81080B8F1000F40D1EFF3118309
:10CF700084F31288BFF36F8F83F31188BFF36F8F31
:10CF80005BB93149BB23314A2A4806F061FB30487E
:10CF900006F05EFBBB212D48DEE72C68A54226D0BB
:10CFA0002CB3A3683BB92B49A423284A214806F097
:10CFB0004FFBA421EFE7D4E9003213605A60237CD1
:10CFC000C4E9008823F002032374C4F8088004F144
:10CFD000180002F0F5FF2046C4F88080666101F079
:10CFE0005DFE49463846BDE8F8430AF0AABE2B6903
:10CFF00038463360EB692E61013BEB6102F0B8FE0D
:10D0000068B94FF49973094A13490A4806F020FB9E
:10D010003946124806F01CFB4FF499718DE789F3ED
:10D020001188BFF36F8FBDE8F88300BF07C003000E
:10D0300034C00300EDBC030049C003007F0F0400AF
:10D04000D3110400AC120400F9120400CE12040043
:10D05000B7110400111304005FC0030076C0030081
:10D0600008B50D4B9B6893F90E30002B09DB40246B
:10D07000EFF3118384F31288BFF36F8F07F076FD0F
:10D08000F6E7064906481C23064A06F0E1FA1C2189
:10D09000044806F0D4FA00BF188A0020491304009F
:10D0A000EDBC0300281304002DE9F34104461746A4
:10D0B0001E46EFF3058565B154497323544A55481C
:10D0C00006F0C6FA544806F0C3FA7321504806F039
:10D0D000B6FAEFF31188402383F31288BFF36F8F02
:10D0E0004E4802F037FE60B984234D4A4D49494805
:10D0F00006F0AEFA49494C4806F0AAFA842148489D
:10D10000E5E7464802F04AFE484BE2689B6892B168
:10D11000A068984227D057EA06022CD13F4802F077
:10D1200027FE90B188F31188BFF36F8F6FF00F0067
:10D1300002B0BDE8F08193F90E100132C4E9023269
:10D140003648216102F014FE78B94FF49973344ADD
:10D150003749304806F07CFA3049364806F078FA0C
:10D160004FF49971CBE72169E7E788F31188BFF3A2
:10D170006F8F0020DCE793F90E1090F90E30994282
:10D1800005DA9942A8BF19460AF0E0FC0546224696
:10D190004146CDE90076214801F056FE0028E8D04E
:10D1A000EFF31186402383F31288BFF36F8F1B4880
:10D1B00002F0D0FD002897D0184802F0EFFDA068DB
:10D1C000C0B1236821699C420AD04BB193F90E305B
:10D1D0009942A8BF19466FF07F039942B8BF19461C
:10D1E0000AF0B4FC30B131460C480AF0AAFD6FF0E9
:10D1F0000A009DE7002DF6D1084802F0B9FD00288D
:10D20000A3D086F31188BFF36F8FF0E79313040068
:10D2100071130400EDBC0300A5130400388A00203C
:10D2200007C0030034C0030049C00300188A00206F
:10D230005FC0030076C00300F8B50546EFF3058331
:10D2400063B15649EA23564A564806F001FA564851
:10D2500006F0FEF9EA21524806F0F1F98368002B46
:10D2600000F09580514A9268934240F09380C368E1
:10D270004BB94F494FF48173494A4A4806F0E8F9DF
:10D280004FF48171E7E7012B03D0013BC36000201D
:10D29000F8BDEFF31187402484F31288BFF36F8F3A
:10D2A000444802F057FD60B98423434A43493D484E
:10D2B00006F0CEF93F49424806F0CAF984213E48BB
:10D2C000CAE73C4802F06AFD2969A8680AF03EFCFA
:10D2D000EFF3118384F31288BFF36F8F83F3118808
:10D2E000BFF36F8F5BB93749BB23374A2D4806F030
:10D2F000AFF9364806F0ACF9BB213348ACE72C68EF
:10D30000AC4215D100232B48C5E9023302F030FDB1
:10D31000002837D14FF49973274A2D49214806F048
:10D3200097F924492B4806F093F94FF49971C6E711
:10D33000002CE7D0A3683BB92749A423224A194807
:10D3400006F086F9A421D8E70026D4E9003213605C
:10D350005A60237CC4E9006623F002032374A660AC
:10D3600004F1180002F02CFEAC6094F90E30204657
:10D370002B61C4F8806001F091FC39460D480AF039
:10D38000E0FC84E787F31188BFF36F8F7FE76FF0CE
:10D3900015007DE74FF0FF307AE700BF93130400DC
:10D3A00071130400EDBC0300A5130400188A0020CB
:10D3B000CA130400388A002007C0030034C00300E9
:10D3C00049C00300F9120400CE120400B711040092
:10D3D0005FC0030076C003001113040008B5836822
:10D3E0004BB90B490B48A4230B4A06F031F9A42191
:10D3F000094806F024F9D0E9003213605A6000238E
:10D40000027CC0E9003322F002020274836008BD8E
:10D4100011130400EDBC0300CE1204002DE9F04707
:10D4200004460D4691469A469DF8206000F1080793
:10D43000EFF31188402383F31288BFF36F8F3846D0
:10D4400002F088FC60B984234A4A4B494B4806F0F5
:10D45000FFF839464A4806F0FBF8842145481BE0AE
:10D46000384602F09BFC06B16568EFF31183402259
:10D4700082F31288BFF36F8F83F31188BFF36F8F2E
:10D4800063B94049BB23404A3C4806F0E1F83F48B5
:10D4900006F0DEF8BB213C4806F0D1F8234653F8ED
:10D4A0000C6F9E4216D0AEB100243046FFF796FFB7
:10D4B00006F1180002F084FD3046C6F88040C6F838
:10D4C000149001F0EBFB414638460AF03AFC204646
:10D4D000BDE8F087BAF1000F14D0082003F046F938
:10D4E00000283FD00122C0F804900260016801F0DA
:10D4F00003015DB922680A430260626820606AB96C
:10D5000060600BE04846C9F800A0EFE72A68032AEC
:10D510001DD801606168A1B9C4E900000024384643
:10D5200002F026FC08BB4FF49973124A18491348BD
:10D5300006F08EF83946174806F08AF84FF49971CC
:10D540008CE70A6802F0030202430A60D8E722F07F
:10D5500003020A4302602A6802F0030240EA02035F
:10D560002B60DBE76FF00B04D9E788F31188BFF37A
:10D570006F8FACE707C0030034C00300EDBC0300AD
:10D5800049C00300F9120400CE120400B7110400D0
:10D590005FC0030076C003002DE9F74306469046BE
:10D5A0001F4600F10805EFF31189402383F3128829
:10D5B000BFF36F8F284602F0CDFB68B98423254A5C
:10D5C0002549264806F044F82946254806F040F843
:10D5D0008421204806F033F8284602F0DFFB346847
:10D5E000FCB12368726823F00303944220464FF095
:10D5F0000101336008BF73600AF0B7FA0446284699
:10D6000002F0B6FBE8B94FF49973124A1549134872
:10D6100006F01EF82946144806F01AF84FF49971DE
:10D62000D7E758EA0703EAD049462846CDE90087FC
:10D6300006F10C0201F008FC38B90C4B9B685C69E0
:10D6400003E089F31188BFF36F8F204603B0BDE874
:10D65000F08300BF07C0030034C00300EDBC03002B
:10D6600049C003005FC0030076C00300188A002091
:10D6700008B583684BB90B490B48A4230B4A05F046
:10D68000E7FFA421094805F0DAFFD0E90032136072
:10D690005A600023027CC0E9003322F002020274C7
:10D6A000836008BD11130400EDBC0300CE1204001A
:10D6B00070B50446EFF31186402585F31288BFF359
:10D6C0006F8F304802F046FB60B984232E4A2F4901
:10D6D0002F4805F0BDFF2B492E4805F0B9FF8421E6
:10D6E000294818E0274802F059FBEFF3118385F32E
:10D6F0001288BFF36F8F83F31188BFF36F8F63B905
:10D700002549BB23254A224805F0A2FF244805F0FD
:10D710009FFFBB21214805F092FF2568AC4213D042
:10D7200095B12846FFF7A4FF05F1180002F048FC68
:10D7300000232846C5F8803001F0B0FA3146BDE834
:10D74000704010480AF0FDBAD4E902329A4218BF7C
:10D7500001330C48A36002F00BFB68B94FF49973D6
:10D76000094A10490A4805F073FF06490E4805F0BA
:10D770006FFF4FF49971B3E786F31188BFF36F8F92
:10D7800070BD00BF3C8A002007C0030034C0030006
:10D79000EDBC030049C00300F9120400CE120400DE
:10D7A000B71104005FC0030076C00300F7B504465C
:10D7B00016461D46EFF305837BB152EA05030CD0F4
:10D7C0002D4988232D4A2E4805F042FF2D4805F0AB
:10D7D0003FFF8821294805F032FFEFF311874023EE
:10D7E00083F31288BFF36F8F274802F0B3FA60B952
:10D7F0008423264A2649224805F02AFF2249254843
:10D8000005F026FF84212148E5E71F4802F0C6FA0B
:10D81000A368D3B1013B1C48A36002F0A9FA68B920
:10D820004FF49973194A1C49154805F011FF164920
:10D830001A4805F00DFF4FF49971E4E787F311885A
:10D84000BFF36F8F002003B0F0BD56EA05030BD184
:10D850000D4802F08DFA0028E2D087F31188BFF35B
:10D860006F8F6FF00F00EEE722463946CDE9006575
:10D87000054801F0E9FAE6E701140400E1130400A9
:10D88000EDBC0300B71104003C8A002007C0030070
:10D8900034C0030049C003005FC0030076C003002A
:10D8A0002DE9F0410546EFF31188402787F31288F0
:10D8B000BFF36F8F314802F04DFA064660B98423FA
:10D8C0002F4A3049304805F0C3FE2C492F4805F057
:10D8D000BFFE84212A4819E0284802F05FFA00239D
:10D8E000EFF3118287F31288BFF36F8F82F31188F1
:10D8F000BFF36F8F62B92649BB23264A224805F041
:10D90000A7FE254805F0A4FEBB21224805F097FE9E
:10D910002C68A54210D07CB12046FFF7A9FE04F187
:10D92000180002F04DFB6FF00A032046C4F8803067
:10D9300001F0B4F93346D3E70022AA608BB90F484F
:10D9400002F016FA98B94FF499730D4A13490E482C
:10D9500005F07EFE0949124805F07AFE4FF49971F0
:10D96000B8E74146BDE8F04104480AF0EAB988F357
:10D970001188BFF36F8FBDE8F08100BF3C8A0020A3
:10D9800007C0030034C00300EDBC030049C003001E
:10D99000F9120400CE120400B71104005FC00300A6
:10D9A00076C0030007B5074B4FF4006200930649A9
:10D9B0004FF0FF33054800F033FC002003B05DF862
:10D9C00004FB00BF40AB030070DC00200880002097
:10D9D0002DE9FF410446794EEFF31187402383F38D
:10D9E0001288BFF36F8F764802F0B4F968B98423C8
:10D9F000744A7549754805F02BFE7149744805F065
:10DA000027FE84216F4805F01AFE6D4802F0C6F922
:10DA1000D4F88C50F5B9022104F1A4000AF0DFF823
:10DA2000002840D004F19C0500220121284601F085
:10DA3000E1FF0028F8D100234FF0FF3202934FF0AE
:10DA4000FF333946CDE900235D4804F1940202F02A
:10DA50002FF8C1E7D4F890202B68954208BFC4F88E
:10DA60009030C4F88C30D4F8A430554843F0020309
:10DA7000C4F8A430EB68D5F8048023F0040343F025
:10DA80000103EB6002F074F9F8B94FF499734D4A51
:10DA900050494E4805F0DCFD49494F4805F0D8FD96
:10DAA0004FF49971AEE7D4F8A430DD06C3D5C4F8BD
:10DAB000A400434802F05CF90028E6D087F31188FF
:10DAC000BFF36F8F04B0BDE8F08187F31188BFF317
:10DAD0006F8FB8F1000F0AD140493C4840F2F32360
:10DAE0003F4A05F0B5FD40F2F3213D488BE728465B
:10DAF000C047EFF31187402383F31288BFF36F8F82
:10DB00002F4802F027F900283FF471AF2C4802F0AB
:10DB100045F9EB68D90623F0010236D4EA60EB68D8
:10DB20009A0716D5306823F00203EB6088B1002213
:10DB3000036870B141688D4235D103686ABB726871
:10DB40003360904200D17360002340F8083BFFF738
:10DB5000AFFDD4F8A43023F00203C4F8A430DB05F1
:10DB600029D4D4F88C50003D18BF0125144802F088
:10DB7000FFF8002889D087F31188BFF36F8F002D3D
:10DB80003FF42AAF01F056FC26E723F01103EB60C7
:10DB900005F11000FFF78CFDC1E713607368984230
:10DBA00008BF7260D0E702461BB1196818460B46E1
:10DBB000BFE71946FAE70025D8E700BF408A0020F2
:10DBC000488A002007C0030034C00300EDBC0300F6
:10DBD00049C003005FC0030076C00300991404002D
:10DBE0005714040070B5C3680546C3F340069B078D
:10DBF0000C460DD50122002104F1080009F0E3FFD5
:10DC000000232360054B65605A681AB9C3E90044D4
:10DC1000304670BD14605C60FAE700BF408A0020A7
:10DC2000F8B5C36804469A070E46C3F340054FD4BF
:10DC30005F074FD40B680BB983680B60E368D807A4
:10DC400036D5A3685BB92549254840F25713254AC4
:10DC500005F0FEFC40F25711224805F0F0FC0225C9
:10DC60003360376867B3204B9A68D7F888309A4298
:10DC700020D10AF019F880F00100C0B2D7F8A43022
:10DC8000D907C3F380021ED502B308B30023236073
:10DC9000D7F8903083B9C7E92344384609F0BAFF72
:10DCA000E36843F00403E3603368A3602846F8BDEB
:10DCB0000125D6E70020E1E71C60C7F89040ECE7BB
:10DCC0006FF0150506E06FF0120503E01B07DDD5C8
:10DCD0006FF00F0500233360E8E700BF78140400FD
:10DCE000EDBC030057140400188A002073B50446E5
:10DCF000EFF31185402383F31288BFF36F8F22481F
:10DD000002F028F868B98423204A2149214805F007
:10DD10009FFC1D49204805F09BFC84211B4805F011
:10DD20008EFC194802F03AF800230193D4E9042349
:10DD3000B3F1004F08BF012A11D0134802F018F8C0
:10DD4000E0B94FF49973114A1449124805F080FC68
:10DD50000D49134805F07CFC4FF49971DEE703216F
:10DD6000201FA4F1100609F03AFF0028E5D0A369AE
:10DD7000304601A90193FFF753FFDEE785F31188D1
:10DD8000BFF36F8F02B070BD488A002007C0030048
:10DD900034C00300EDBC030049C003005FC00300B2
:10DDA00076C0030038B50D46044648B90C499C239B
:10DDB0000C4A0D4805F04CFC9C210A4805F03FFC3C
:10DDC00039B90A499D23074A074805F041FC9D21BE
:10DDD000F3E7102200210AF087FF656038BD00BF1D
:10DDE0003415040057140400EDBC0300991404001A
:10DDF000F8B5C368064603F00503002B0C4614BFB4
:10DE00000127002729D085685DB91D491D4840F2CA
:10DE1000C1131D4A05F01CFC40F2C1111A4805F05F
:10DE20000EFC0122002104F1100009F0CCFE204676
:10DE30001649FFF7B7FFE36843F01003E360F368A8
:10DE40005B0712D5336823606BB9D5F8903033B9CE
:10DE5000C5E92344284609F0DDFE3846F8BD1C60BC
:10DE6000C5F89040F6E73460F4E7D5F88C302360CD
:10DE7000D5F89030C5F88C40002BEBD1F0E700BF0F
:10DE80007E140400EDBC030057140400F57B03006E
:10DE900038B50446EFF31185402383F31288BFF3AE
:10DEA0006F8F184801F056FF68B98423164A174946
:10DEB000174805F0CDFB1349164805F0C9FB84212E
:10DEC000114805F0BCFB0F4801F068FFE4680D48FD
:10DED00004F01F0401F04CFF68B94FF499730A4A2B
:10DEE0000D490B4805F0B4FB06490C4805F0B0FBA2
:10DEF0004FF49971E4E785F31188BFF36F8F2046E3
:10DF000038BD00BF488A002007C0030034C00300AA
:10DF1000EDBC030049C003005FC0030076C00300EE
:10DF200037B50C46019059B9284940F27D13284A6B
:10DF3000284805F08DFB40F27D11254805F07FFB58
:10DF40004B684BB924494FF4BF73214A214805F06F
:10DF50007FFB4FF4BF71F0E7EFF31185402383F3AC
:10DF60001288BFF36F8F1D4801F0F4FE60B984235F
:10DF70001B4A1C49174805F06BFB18491A4805F065
:10DF800067FB84211648D9E7144801F007FF2046B3
:10DF900001A9FFF745FE0446104801F0E9FE68B903
:10DFA0004FF499730E4A11490A4805F051FB0B4989
:10DFB0000F4805F04DFB4FF49971E3E785F31188A5
:10DFC000BFF36F8F204603B030BD00BF341504008F
:10DFD00057140400EDBC030093140400488A002089
:10DFE00007C0030034C0030049C003005FC0030042
:10DFF00076C003000146014809F046BE08800020B3
:10E0000070B50C46054658B9384940F2CD13384A28
:10E01000384805F01DFB40F2CD11354805F00FFBE7
:10E02000C368DB0509D534494FF4E773304A3148FA
:10E0300005F00EFB4FF4E771EFE709F035FE48B14C
:10E040002E4940F2CF132A4A2A4805F001FB40F23C
:10E05000CF11E2E74CB92A494FF4E873244A254826
:10E0600005F0F6FA4FF4E871D7E7EFF31186402395
:10E0700083F31288BFF36F8F224801F06BFE60B903
:10E080008423214A21491B4805F0E2FA1D49204812
:10E0900005F0DEFA84211C48C0E71A4801F07EFE34
:10E0A00028462146FFF7A4FE0546164801F060FE0B
:10E0B00068B94FF49973144A16490E4805F0C8FA26
:10E0C0001049154805F0C4FA4FF49971E3E786F357
:10E0D0001188BFF36F8F3DB14FF0FF324FF0FF3328
:10E0E00004F11000FFF762FB284670BD34150400F0
:10E0F00057140400EDBC0300B01404004FF70300F4
:10E10000DF140400488A002007C0030034C0030065
:10E1100049C003005FC0030076C0030038B5044661
:10E1200058B9284940F22B23274A284805F090FA8D
:10E1300040F22B21244805F082FAC368DB0509D59B
:10E1400023494FF40B73204A204805F081FA4FF41D
:10E150000B71EFE7EFF31185402383F31288BFF3D0
:10E160006F8F1C4801F0F6FD60B984231A4A1B49E1
:10E17000164805F06DFA1749194805F069FA842127
:10E180001548D8E7134801F009FE204609F049FD7B
:10E190000446104801F0ECFD68B94FF499730E4A3B
:10E1A00010490A4805F054FA0A490F4805F050FA98
:10E1B0004FF49971E4E785F31188BFF36F8F204620
:10E1C00038BD00BF3415040057140400EDBC030033
:10E1D000B0140400488A002007C0030034C00300C4
:10E1E00049C003005FC0030076C0030008B558B9FA
:10E1F0000849094840F22633084A05F029FA40F256
:10E200002631064805F01BFAA82200210AF06CFD11
:10E2100008BD00BF7E140400EDBC030057140400C9
:10E22000F0B589B004460E9D58B92F4940F25333DA
:10E230002E4A2F4805F00CFA40F253312B4805F0D6
:10E24000FEF949B92B494FF45573284A284805F07F
:10E25000FFF94FF45571F1E7D0F8A40010F0010078
:10E2600009D0254940F25533204A214805F0F0F9FC
:10E2700040F25531E2E7C4E9230004F19400C4E917
:10E28000250004F19C00C4E9270055B32879002833
:10E2900040F2011008BF0120C4F8A40000204FF094
:10E2A000FF364FF0FF37CDE90330CDE90100CDE96E
:10E2B00006672046114B009400F008FB55B1296811
:10E2C00011B1204609F0F6FC6B791BB1A38943F02C
:10E2D0000103A381204601F0FBF9C4F8884009B08E
:10E2E000F0BD0120D8E700BF271504005714040033
:10E2F000EDBC03002D150400F3140400D1D9020075
:10E3000038B50D46044658B90F4940F20F430F4A3D
:10E310000F4805F09DF940F20F410C4805F08FF9C8
:10E3200049B90C494FF48263084A094805F090F94D
:10E330004FF48261F1E7302200210AF0D5FC4FF45E
:10E3400080736560E36038BD331504005714040022
:10E35000EDBC03009914040038B5044658B92149AE
:10E3600021484FF48463214A05F072F94FF4846127
:10E370001E4805F064F9EFF31185402383F31288FA
:10E38000BFF36F8F1A4801F0E5FC60B98423194A86
:10E390001949154805F05CF91549184805F058F970
:10E3A00084211448E5E7124801F0F8FCE4681048BD
:10E3B00004F01F0401F0DCFC68B94FF499730D4AB6
:10E3C0000F49094805F044F909490E4805F040F99C
:10E3D0004FF49971E5E785F31188BFF36F8F2046FD
:10E3E00038BD00BF33150400EDBC03005714040012
:10E3F000488A002007C0030034C0030049C003005E
:10E400005FC0030076C00300F7B50C4616461D46F4
:10E41000019058B9334940F28643334A334805F0F6
:10E4200017F940F28641304805F009F949B93049F9
:10E4300040F287432C4A2D4805F00AF940F2874103
:10E44000F1E7EFF31187402383F31288BFF36F8F57
:10E45000284801F07FFC60B98423274A27492348D4
:10E4600005F0F6F82349264805F0F2F88421224801
:10E47000DAE7204801F092FCE36813F01E0F27D181
:10E4800055EA060216D1204601A9FFF7C9FB04464A
:10E49000184801F06DFCE8B94FF49973164A194910
:10E4A000124805F0D5F81349174805F0D1F84FF494
:10E4B0009971DCE743F00803E360019B04F110006D
:10E4C000A36232462B46114901F09EFC0124DFE78E
:10E4D0000024DDE787F31188BFF36F8F204603B078
:10E4E000F0BD00BF7E14040057140400EDBC03000F
:10E4F00033150400488A002007C0030034C003001D
:10E5000049C003005FC0030076C00300EDDC0200D9
:10E5100001460148FFF778BF08800020F7B50C4698
:10E5200016461D46019058B9324940F2A943324A75
:10E53000324805F08DF840F2A9412F4805F07FF8E8
:10E5400049B92F4940F2AA432B4A2C4805F080F8DC
:10E5500040F2AA41F1E7EFF31187402383F31288D9
:10E56000BFF36F8F274801F0F5FB60B98423264A7B
:10E570002649224805F06CF82249254805F068F83C
:10E5800084212148DAE71F4801F008FC204609F001
:10E5900032FB55EA060316D1204601A9FFF740FBDE
:10E5A0000446184801F0E4FBE0B94FF49973164AA9
:10E5B0001849124805F04CF81249174805F048F878
:10E5C0004FF49971DDE7E36804F1100043F00803AC
:10E5D000E360019B3246A36210492B4601F014FC14
:10E5E0000124DEE787F31188BFF36F8F204603B065
:10E5F000F0BD00BF7E14040057140400EDBC0300FE
:10E6000033150400488A002007C0030034C003000B
:10E6100049C003005FC0030076C00300EDDC0200C8
:10E6200001460148FFF77ABF0880002038B504464C
:10E6300058B92349234840F2CB43234A05F008F850
:10E6400040F2CB41204804F0FAFFEFF3118540235C
:10E6500083F31288BFF36F8F1C4801F07BFB60B916
:10E6600084231B4A1B49174804F0F2FF17491A4834
:10E6700004F0EEFF84211648E5E7144801F08EFB14
:10E68000204609F0B8FA204609F0CBFA04460F48B4
:10E6900001F06EFB68B94FF499730D4A0F490948B0
:10E6A00004F0D6FF09490E4804F0D2FF4FF49971E7
:10E6B000E1E785F31188BFF36F8F204638BD00BFB7
:10E6C00033150400EDBC030057140400488A0020F1
:10E6D00007C0030034C0030049C003005FC003004B
:10E6E00076C003002DE9F0410E46054658B93A4977
:10E6F00040F2DC43394A3A4804F0AAFF40F2DC41D8
:10E70000364804F09CFF49B9364940F2DD43334AAC
:10E71000334804F09DFF40F2DD41F1E709F0C4FA0F
:10E72000044648B1304940F2DE432C4A2C4804F0FC
:10E730008FFF40F2DE41E3E7EFF31188402383F3DC
:10E740001288BFF36F8F294801F004FB60B984235E
:10E75000274A2849224804F07BFF2449264804F030
:10E7600077FF84212248CCE7204801F017FBEB68B3
:10E7700003F01F03002B14BF012700270AD02846EF
:10E7800009F039FA284609F04CFA31462846FFF7D5
:10E7900029FA0446154801F0EBFA68B94FF4997369
:10E7A000134A16490E4804F053FF1049144804F068
:10E7B0004FFF4FF49971D5E788F31188BFF36F8F3E
:10E7C0003CB14FF0FF324FF0FF3306F10800FEF787
:10E7D000EDFF3846BDE8F0813315040057140400FE
:10E7E000EDBC0300DF1404004FF70300488A00204B
:10E7F00007C0030034C0030049C003005FC003002A
:10E8000076C003002DE9F04385B00F9D04460F2D1F
:10E810000E46984637D1274B984538D104F1580316
:10E82000C4E91633109B0027A38104230732A57384
:10E8300022F0070506EB0509494623742046C4E982
:10E840000677A760E773EDF7BDFF0E9B073020F05A
:10E8500007002067C4E91A6502930D9BA9EB000924
:10E8600001930C9B4A460093314643462046EEF7FF
:10E8700041FB114B67659B6803B15B6F484663675B
:10E8800005B0BDE8F08305F110031E2BC6D940F298
:10E890004B230A4A0A490B4804F0DAFE29460A4883
:10E8A0006FF00F030E2204F0D3FE40F24B21034819
:10E8B00004F0C5FE61D00200188A0020481504004B
:10E8C0006B150400EDBC0300EB150400F0B587B038
:10E8D0000446DDE91276EFF3058575B1194940F27A
:10E8E0001733194A194804F0B3FE194804F0B0FE72
:10E8F00040F21731144804F0A2FE0595109D0495CE
:10E900000F9D03950E9D02950D9D01950C9D009503
:10E91000FFF778FFB6F1FF3F08BFB7F1FF3F05D023
:10E9200056EA070305D1204600F0D2FE204607B084
:10E93000F0BD3A46334604F11800064901F064FA86
:10E94000F4E700BF9313040048150400EDBC030076
:10E950001C160400B9ED0200012310B50374838175
:10E9600000230446C0E91A3301F0FAFE014B9C6013
:10E9700010BD00BF188A002070B590F91020037CEC
:10E98000002A49DBD90647D163F07F030374264B85
:10E99000984209D1254926485223264A04F058FEB8
:10E9A0005221244804F04BFE234C224652F8183FD3
:10E9B000E169934207D1C0E900210860E0610FE0FE
:10E9C0008B42F8D01B68002BF5D093F90E6090F9BC
:10E9D0000E50AE42F4DD5968C0E90031086058605D
:10E9E000A569954200D005B9E568A3685BB91349EC
:10E9F000EA23134A0E4804F02BFE124804F028FEC6
:10EA0000EA210F48CEE71A7CD20606D1DA897F2A9E
:10EA100003D9AA690AB9636170BDAB4202D0284626
:10EA200001F012F96561F7E7F87E00206316040033
:10EA3000EDBC030041160400188A0020B016040043
:10EA400084160400B711040038B590F9102001466F
:10EA5000002A037C1BDA224A03F07F0390420374EE
:10EA600009D120495A23204A204804F0F1FD5A21B7
:10EA70001D4804F0E4FDDC0707D51D495B231A4A55
:10EA80001A4804F0E5FD5B21F2E709F018F9194D89
:10EA90002A4652F8184FAB68944200D004B9EC688B
:10EAA0008B4214D05BB91449EA23144A0F4804F08E
:10EAB000CFFD134804F0CCFDEA211048D9E71A7CB9
:10EAC000D20604D1DA897F2A01D9A2692AB1A342E8
:10EAD00002D0204601F0B8F823466B6138BD00BF74
:10EAE000F87E00206316040041160400EDBC03000C
:10EAF000D7160400188A0020B016040084160400FB
:10EB0000B711040008B5134A936880B1197C11F05D
:10EB1000090F0CD11049D923104A114804F098FD6F
:10EB2000104804F095FDD9210C4804F088FD6FF0E1
:10EB30000A01C3F880100C49D8674B6843F0805332
:10EB40004B60002383F31188BFF36F8F9368D3F872
:10EB5000800008BD188A00201A170400F01604006F
:10EB6000EDBC03008317040000ED00E070B504461F
:10EB70000D46F9B9EFF30586E6B91A4B5A699B6859
:10EB80009A4217D001F0F4F878B940F26D13164AA2
:10EB90001649174804F05CFD2146164804F058FD5C
:10EBA00040F26D11104804F04AFD3046BDE8704057
:10EBB000FFF7A8BF204601F0DBF868B94FF499735E
:10EBC000094A0A490A4804F043FD2146094804F06D
:10EBD0003FFD4FF49971E5E785F31188BFF36F8F1F
:10EBE00070BD00BF188A002007C003005FC003008B
:10EBF000EDBC030076C0030008B583684BB9094932
:10EC00000948A423094A04F023FDA421074804F07D
:10EC100016FD09F054F8037C23F00203037400236B
:10EC2000836008BD11130400EDBC0300CE12040084
:10EC300038B5184CA168E0690B68814214BF1A46C8
:10EC4000002249680B605960A368E1692AB9124A39
:10EC5000C3E900210B60E3610AE092F90E5093F9D9
:10EC60000E00854212DD5168C3E900210B6053603C
:10EC7000A569094B9D4200D005B9E568A3689D428E
:10EC800002D0284600F0E0FF656138BD8A42DED040
:10EC90001268DBE7188A0020308A002038B5044665
:10ECA000EFF31185402383F31288BFF36F8F17486A
:10ECB00001F050F868B98423154A1649164804F043
:10ECC000C7FC1249154804F0C3FC8421104804F025
:10ECD000B6FC0E4801F062F82046FFF74DFE0B48E7
:10ECE00001F046F868B94FF49973094A0C490A488B
:10ECF00004F0AEFC05490B4804F0AAFC4FF49971EE
:10ED0000E4E785F31188BFF36F8F38BD4C8A00208C
:10ED100007C0030034C00300EDBC030049C003007A
:10ED20005FC0030076C0030038B50446EFF31185D9
:10ED3000402383F31288BFF36F8F184801F00AF85D
:10ED400068B98423164A1749174804F081FC13490F
:10ED5000164804F07DFC8421114804F070FC0F4833
:10ED600001F01CF8A36813B12046FFF745FF0B48DC
:10ED700000F0FEFF68B94FF49973094A0C490A483C
:10ED800004F066FC05490B4804F062FC4FF49971ED
:10ED9000E2E785F31188BFF36F8F38BD4C8A0020FE
:10EDA00007C0030034C00300EDBC030049C00300EA
:10EDB0005FC0030076C0030038B5A0F11804EFF37C
:10EDC0001185402383F31288BFF36F8F174800F03B
:10EDD000C1FF68B98423164A1649174804F038FC65
:10EDE0001249164804F034FC8421114804F027FC31
:10EDF0000E4800F0D3FF204608F08FFF0B4800F0CC
:10EE0000B7FF68B94FF49973094A0D490A4804F0ED
:10EE10001FFC06490B4804F01BFC4FF49971E4E712
:10EE200085F31188BFF36F8F38BD00BF4C8A002077
:10EE300007C0030034C00300EDBC030049C0030059
:10EE40005FC0030076C003002DE9F047DFF8D4A0CF
:10EE5000354D1746DDE90898DAF80820334BA8420B
:10EE600004460E461A600BD13149324840F2B923AC
:10EE7000314A04F0EDFB40F2B9212F4804F0DFFBEA
:10EE8000EFF31183402383F31288BFF36F8F28467B
:10EE900000F060FF60B98423284A2949254804F01E
:10EEA000D7FB2946274804F0D3FB84212348E5E714
:10EEB000284600F073FFDAF808503946284608F073
:10EEC00006FFB8F1FF3F08BFB9F1FF3F06D04A4641
:10EED00043461D4905F1180000F096FF204600F05A
:10EEE00047FF68B9194940F26D13144A114804F0FC
:10EEF000AFFB2146164804F0ABFB40F26D11D5E79D
:10EF0000094800F035FF40B9104940F26D130B4A33
:10EF1000084804F09DFB0449ECE73046BDE8F047A3
:10EF2000FFF7F0BD188A00204C8A0020508A00208C
:10EF3000AB170400EDBC03004116040007C003003A
:10EF400034C0030049C00300B9ED02005FC00300F4
:10EF500076C0030070B50546EFF31186402383F3B6
:10EF60001288BFF36F8F1B4800F0F4FE68B984234A
:10EF7000194A1A491A4804F06BFB1649194804F05B
:10EF800067FB8421144804F05AFB124800F006FF86
:10EF90002C68A54215D014B12046FFF72DFE0D4870
:10EFA00000F0E6FE78B94FF499730B4A0E490C480D
:10EFB00004F04EFB07490D4804F04AFB4FF49971E9
:10EFC000E0E70024EBE786F31188BFF36F8F20465C
:10EFD00070BD00BF4C8A002007C0030034C003008E
:10EFE000EDBC030049C003005FC0030076C003000E
:10EFF0002DE9F04104460D46EFF31187402383F3DA
:10F000001288BFF36F8F594800F0A4FE60B98423C3
:10F01000574A5849584804F01BFB5449574804F0D4
:10F0200017FB8421524818E0504800F0B7FE237CBB
:10F0300003F01F02002A0CBF0126002662D103F054
:10F040007F0323744E4B9C4209D14E495A234E4AAA
:10F05000494804F0FDFA5A214B4804F0F0FA2046E2
:10F0600008F02DFE237C6DB243F08003DA07A57310
:10F07000237407D545495323434A3F4804F0E8FA2F
:10F080005321E9E7DFF80881424652F8183FD8F8E3
:10F090001C10934208D1C4E900210C60C8F81C4040
:10F0A0000DE08B42F7D01B68002BF4D093F90E00D3
:10F0B000A842F6DD5968C4E900310C605C60D8F8FC
:10F0C0001840944200D00CB9D8F80C40D8F8083059
:10F0D0009C4202D0204600F0B7FDC8F814402348F7
:10F0E00000F046FE00283AD14FF49973204A29498E
:10F0F000214804F0ADFA1D49274804F0A9FA4FF45D
:10F1000099718FE79B0728D5A16841B923491A480F
:10F11000A423234A04F09CFAA42121489DE7204619
:10F120006DB208F0CCFDA5730B68994209D14B680C
:10F13000C4E900131C604C60D1E74A689342F6D0E2
:10F140001B68002BF3D093F90E20AA42F5DD5A6814
:10F15000C4E9003214605C60C1E7A573BFE787F3C0
:10F160001188BFF36F8F3046BDE8F0814C8A0020D4
:10F1700007C0030034C00300EDBC030049C0030016
:10F18000F87E00206316040041160400D716040020
:10F19000188A00205FC0030076C00300111304002A
:10F1A000CE120400034648B9EFF3058232B9064A8D
:10F1B00051699268914201D0FFF7A4BC83F3118892
:10F1C000BFF36F8F704700BF188A002010B5EFF3B0
:10F1D0001184402383F31288BFF36F8F284800F017
:10F1E000B9FD60B98423274A2749284804F030FA3A
:10F1F0002349274804F02CFA8421224812E02048B1
:10F2000000F0CCFDEFF3058373B1224940F23B33AC
:10F21000214A1E4804F01CFA204804F019FA40F272
:10F220003B311D4804F00BFA1D4B9A68D37B012B30
:10F230000CD11C494FF44F73174A144804F008FAD4
:10F24000164804F005FA4FF44F71EAE7013BD37317
:10F250000B4800F08DFD68B94FF49973094A1249C3
:10F260000A4804F0F5F90649104804F0F1F94FF4A2
:10F270009971C2E784F31188BFF36F8F10BD00BF8F
:10F280004C8A002007C0030034C00300EDBC03001B
:10F2900049C003009313040041160400B711040091
:10F2A000188A0020E41704005FC0030076C0030042
:10F2B00070B5EFF31186402383F31288BFF36F8F8D
:10F2C0002A4800F047FD68B98423294A29492A4879
:10F2D00004F0BEF92549294804F0BAF984212448EC
:10F2E00004F0ADF9264D214800F058FDAB68DA7BFB
:10F2F0006AB9244940F24D33234A1F4804F0A8F963
:10F30000224804F0A5F940F24D311F48E8E7EFF339
:10F31000058161B11E4940F24E331B4A164804F084
:10F3200097F91A4804F094F940F24E31EDE70132B2
:10F33000DA732A4652F8184F944200D004B9EC68A8
:10F340001A7CD20604D1DA897F2A01D9A2692AB1AE
:10F350009C4202D0204600F077FC23466B61314688
:10F36000BDE870400148FFF701BC00BF4C8A002097
:10F3700007C0030034C00300EDBC030049C0030014
:10F38000188A00201518040041160400B711040063
:10F390009313040038B50446EFF31185402383F33B
:10F3A0001288BFF36F8F184800F0D4FC68B984232B
:10F3B000164A1749174804F04BF91349164804F048
:10F3C00047F98421114804F03AF90F4800F0E6FCAF
:10F3D000204608F0B8FC04460B4800F0C9FC68B9A8
:10F3E0004FF49973094A0D490A4804F031F9064966
:10F3F0000B4804F02DF94FF49971E3E785F3118878
:10F40000BFF36F8F204638BD4C8A002007C0030031
:10F4100034C00300EDBC030049C003005FC003001B
:10F4200076C00300024B03F11802C3E906227047BD
:10F43000188A002070B5EFF3058373B138494FF493
:10F440009063384A384804F003F9384804F000F96A
:10F450004FF49061334804F0F2F8EFF31186402343
:10F4600083F31288BFF36F8F314800F073FC60B9EB
:10F470008423304A30492C4804F0EAF82C492F48BC
:10F4800004F0E6F884212B48E5E72D4C284800F0ED
:10F4900085FCA168E0690B68814214BF1A4600220E
:10F4A00049680B605960A368E1692AB9254AC3E934
:10F4B00000210B60E3610AE092F90E5093F90E000F
:10F4C000854223DD5168C3E900210B605360A569C3
:10F4D0001C4B9D4200D005B9E568A3689D4202D04F
:10F4E000284600F0B1FB1248656100F041FC88B984
:10F4F00040F26D130F4A14490B4804F0A9F80C4967
:10F50000124804F0A5F840F26D11BCE78A42CDD054
:10F510001268CAE73046BDE87040FFF7F3BA00BF93
:10F520009313040041160400EDBC0300B71104005E
:10F530004C8A002007C0030034C0030049C0030008
:10F54000188A0020308A00205FC0030076C00300C4
:10F550002DE9F04106460C46EFF3058777B13449B3
:10F560004FF49363334A344804F072F8334804F09C
:10F570006FF84FF493612F4804F061F850EA0103EB
:10F5800004D1FFF757FF0020BDE8F081EFF31188A9
:10F59000402383F31288BFF36F8F294800F0DAFB12
:10F5A00060B98423274A2849234804F051F82449A4
:10F5B000264804F04DF884212248DDE7244D2048F8
:10F5C00000F0ECFBA868234B1860FFF73DFAA86831
:10F5D000234632462049183000F016FCAA6804463B
:10F5E000137C174843F00403137400F0C1FB68B99F
:10F5F00040F26D13134A19490F4804F029F81049D5
:10F60000174804F025F840F26D11D5E74046FFF7A2
:10F6100079FAAB68D3E90A23B3F1004F08BFBA42C5
:10F62000B1D108F0CBFB201A20EAE070ACE700BFB4
:10F630009313040041160400EDBC0300B71104004D
:10F640004C8A002007C0030034C0030049C00300F7
:10F65000188A0020508A0020B9ED02005FC0030024
:10F6600076C00300F8B507460E46EFF3058474B183
:10F67000134940F2C643134A134803F0E9FF134805
:10F6800003F0E6FF40F2C6410E4803F0D8FFFFF753
:10F690005FFFB6F1FF3F08BFB7F1FF3F05460CD053
:10F6A000214647F611204FF47A7447F612220023C0
:10F6B000E5FB0401E0F7B8FDF8BD4FF0FF30FBE7D4
:10F6C0009313040041160400EDBC0300B7110400BD
:10F6D00038B50446EFF31185402383F31288BFF356
:10F6E0006F8F204800F036FB68B984231E4A1F49FB
:10F6F0001F4803F0ADFF1B491E4803F0A9FF8421FA
:10F70000194803F09CFF174800F048FB237C5B0777
:10F7100010D504F1180000F053FC237C204623F0A0
:10F7200004032374FFF728F92946BDE838400D4843
:10F73000FFF71CBA0B4800F01BFB68B94FF4997334
:10F74000094A0D490A4803F083FF06490B4803F0B4
:10F750007FFF4FF49971D3E785F31188BFF36F8F63
:10F7600038BD00BF4C8A002007C0030034C003002E
:10F77000EDBC030049C003005FC0030076C0030076
:10F78000014B9868704700BF188A00202DE9F843A4
:10F7900004468789EFF31185402383F31288BFF372
:10F7A0006F8F824800F0D6FA68B98423804A814975
:10F7B000814803F04DFF7D49804803F049FF8421D3
:10F7C0007B4803F03CFF794800F0E8FA237C1807F7
:10F7D00017D5764800F0CCFA68B94FF49973744A9B
:10F7E0007749754803F034FF7049764803F030FFDD
:10F7F0004FF49971E4E785F31188BFF36F8FBDE88B
:10F80000F883D90943F0080240F083802274A3688A
:10F8100013B12046FFF7F0F904F1180000F0D0FB17
:10F82000A66D04F15808B04511D04FF0000976B12B
:10F830003046FFF7E1F906F1180000F0C1FB304651
:10F84000C6F88090FFF798F8A66DB045EFD1DFF8C5
:10F850007881D8F808309C427AD1EFF30589B9F164
:10F86000000918BF4FF00109D8F81860574A9642AE
:10F8700000D00EB9D8F80C60B34202D0304600F088
:10F88000E3F92046C8F8146005F066F9B9F1000FF5
:10F8900002D04F48FFF760F8D8F808309C426AD190
:10F8A000EFF30586002E66D1A389DA071FD53F48FE
:10F8B00000F05EFA002890D085F31188BFF36F8FB7
:10F8C00086F31188BFF36F8F0423184602DFEFF32E
:10F8D0001185402383F31288BFF36F8F334800F004
:10F8E00039FA00283FF461AF304800F057FA2F484A
:10F8F00000F03EFA78BB40F26D132D4A30492E4895
:10F9000003F0A6FE29492F4803F0A2FE40F26D1134
:10F9100056E7304A03F07F0343F008039442237410
:10F9200008D12D495A232D4A234803F091FE5A212C
:10F930002A4846E7D90707D529495B23274A1E48A5
:10F9400003F086FE5B21F3E7204608F0B8F95EE796
:10F950004FF0000988E72846FFF7D4F821494FF413
:10F96000EE731E4A144803F073FE1F4803F070FE46
:10F970004FF4EE71DCE70D4800F0FAF900283FF48F
:10F980002CAF85F31188BFF36F8FFB077FF537AF7F
:10F9900040F2A253114A1549074803F059FE214687
:10F9A000134803F055FE40F2A251C1E74C8A0020F3
:10F9B00007C0030034C00300EDBC030049C00300CE
:10F9C0005FC0030076C00300188A0020308A002040
:10F9D000B0800020F87E0020631604004116040069
:10F9E000D7160400461804005118040073180400C8
:10F9F0007E1804002DE9F843064688461746EFF3C3
:10FA00001189402383F31288BFF36F8F214800F0E0
:10FA1000A1F9054668B984231F4A2049204803F00C
:10FA200017FE1C491F4803F013FE84211A4803F0F7
:10FA300006FE184800F0B2F93468A6421FD004B39D
:10FA40002046C4F880806761FFF7D6F804F11800FB
:10FA500000F0B6FA2046FEF78FFF0E4800F088F956
:10FA600088B94FF499730C4A0F490D4803F0F0FD23
:10FA700008490E4803F0ECFD4FF49971D6E70025D4
:10FA8000EBE72546E9E789F31188BFF36F8F284636
:10FA9000BDE8F8834C8A002007C0030034C003008F
:10FAA000EDBC030049C003005FC0030076C0030043
:10FAB000D3B5DDE90667089CCDE90067FFF7C4F917
:10FAC0001CB1034B9B685B69236002B0D0BD00BFD3
:10FAD000188A00202DE9F0470546884616461F463D
:10FAE000EFF31189402383F31288BFF36F8F284807
:10FAF00000F030F968B98423264A2749274803F0E3
:10FB0000A7FD2349264803F0A3FD8421214803F0E3
:10FB100096FD1F4800F042F92868854208D038B1A8
:10FB20006B6898420CBF4FF0000AD0F800A0B0B943
:10FB3000002416B139462046B047154800F018F9A0
:10FB4000F8B94FF49973134A1649144803F080FD2D
:10FB50000F49154803F07CFD4FF49971D6E73946FB
:10FB6000C04704460028E4D1BAF1000F07D06B6803
:10FB7000534501D0DAF800405046A246D7E7544634
:10FB8000FAE789F31188BFF36F8F2046BDE8F0874D
:10FB90004C8A002007C0030034C00300EDBC030002
:10FBA00049C003005FC0030076C00300027C034627
:10FBB00012F01F0210D10A4988420DD00949086885
:10FBC00068B1D9897F2909D893F90E20064B1B68A3
:10FBD0009A42B8BF00207047002070471046704717
:10FBE000F87E0020980B0020548A002008B568B1E8
:10FBF0000F4B98420AD303F11802904206D2182202
:10FC0000C01AB0FBF2F302FB13034BB109490A48D7
:10FC10003F230A4A03F01CFD3F21084803F00FFD73
:10FC20000122074BC0105843064B1A5408BD00BFB1
:10FC300038810020C4180400EDBC03009C180400A7
:10FC4000ABAAAAAA6996002070B50C4B0C4D1E7C7D
:10FC5000FFF7ACFF182303FB06550446284600F0C7
:10FC6000AFF90022074B9A553CB1621E2846BDE809
:10FC700070400549D31700F0C7B870BD188A00203E
:10FC80003881002069960020EDFB020038B5EFF3C3
:10FC90001185402383F31288BFF36F8F234800F050
:10FCA00059F868B98423224A2249234803F0D0FC3A
:10FCB0001E49224803F0CCFC84211D4803F0BFFC00
:10FCC0001A4800F06BF81E4B1E4A9C681068A04250
:10FCD00013D1FFF7B9FF154800F04AF800BB4FF405
:10FCE0009973134A1849144803F0B2FC0F49174896
:10FCF00003F0AEFC4FF49971DFE700211B7C11602B
:10FD0000134AD35C002BE6D02046FFF74FFF0028B4
:10FD1000E1D0237CDB0601D1FEF78AFF2046D8E73D
:10FD200085F31188BFF36F8F38BD00BF4C8A002068
:10FD300007C0030034C00300EDBC030049C003004A
:10FD4000188A0020508A00205FC0030076C003009C
:10FD500069960020006838B1044B00F003001B7C5A
:10FD6000C01A18BF0120704701207047188A002070
:10FD7000002302680360EFF30581074B986811B117
:10FD8000017CC90705D41B7C1843831A584258418B
:10FD900070470120704700BF188A0020024B1A7C70
:10FDA0009B68134303607047188A0020024B186851
:10FDB000984208BF002070479C0B0020034B1B6833
:10FDC0000BB9F9F767BB0020704700BF588A0020C5
:10FDD00030B570B10B4B5B6898420AD0036843B1F1
:10FDE000D3E90421D0E90445121941EB0501C3E927
:10FDF0000421D0E9003213605A600023C0E90033C7
:10FE000030BD00BF9C0B0020B3F1FF3F08BFB2F133
:10FE1000FF3F2DE9F84F04469B4615461F4600F06C
:10FE2000B280D0F80090B9F1000F0CD0574964238C
:10FE3000574A584803F00CFC574803F009FC64216A
:10FE4000534803F0FCFB8160EFF31188402383F3F8
:10FE50001288BFF36F8F5148FFF77CFF824660B96D
:10FE600084234F4A4F494B4803F0F2FB4B494E481D
:10FE700003F0EEFB84214A48E3E74848FFF78EFF92
:10FE8000BBF1000F494A1FDBFFF798FF064601351B
:10FE90004BF1000B454A2D184BEBE073D2E90017EC
:10FEA000C4E904536D1843EB0707FFF77FFF0346D0
:10FEB000DFF8FCE0DEF80490EBB9C4E900E9C9F82A
:10FEC0000040CEF8044028E06FF00103D2E90012B0
:10FED0005B1A4FF0FF3161EB02025B1B62EB0B021E
:10FEE000012B72F10001BCBF01234A464FF0000A0A
:10FEF000C4E90432D9E7D3E9041CD4E904208A42D6
:10FF000070EB0C0B2EDA891A5A686CEB0000C3E90F
:10FF10000410C4E9003214605C60FFF747FF8442BC
:10FF20000ED1244B1B685BB9BAF1000F02D1FFF769
:10FF300045FF0646304607F02AFF0021F9F7BEFAD2
:10FF40001648FFF715FFB0B94FF49973144A1A49D0
:10FF5000104803F07DFB1149184803F079FB4FF47A
:10FF6000997188E7521A60EB0C004B45C4E90420F4
:10FF7000A3D01B68A0E788F31188BFF36F8F2846D2
:10FF80003946BDE8F88F00252F46F8E7931A04009C
:10FF90006F1A0400EDBC0300B71104005C8A002056
:10FFA00007C0030034C0030049C003005081002093
:10FFB0009C0B0020588A00205FC0030076C003001D
:10FFC00070B50446EFF31186402383F31288BFF324
:10FFD0006F8F2A48FFF7BEFE68B98423284A294953
:10FFE000294803F035FB2549284803F031FB8421DB
:10FFF000234803F024FB2148FFF7D0FE23683BB3DE
:020000023000CC
:10000000FFF7D4FE05462046FFF7E2FE00224FF040
:100010000043A542C4E9042312D000241748FFF787
:10002000A7FE20BB4FF49973154A1949164803F0EF
:100030000FFB1249174803F00BFB4FF49971D7E7F8
:10004000FFF7BCFE07F0A3FE0021F9F737FAE4E75B
:10005000D4E90423B3F1004F08BF012A04D10022E0
:100060004FF00043C4E904236FF01504D6E786F38C
:100070001188BFF36F8F204670BD00BF5C8A0020DF
:1000800007C0030034C00300EDBC030049C00300F7
:100090005FC0030076C003002DE9F047DFF804914C
:1000A0000246C9F80000FFF781FE88460446002694
:1000B0000027DFF8F4A04FEAE27CDAE9001354B13C
:1000C000D4E90450AA427CEB000E1EDAAD1A60EBB4
:1000D0000C00C4E904500024521843EB0C032046E2
:1000E000CAE90023C9F8004007F051FE2146F9F79C
:1000F000E5F92E48FFF73CFED0B188F31188BFF335
:100100006F8FBDE8F047FFF7C1BD691843EBE5739A
:100110002046C4E90467CAE90013FFF759FE01222B
:100120004FF000432148C4E90423FFF721FE78B9CA
:100130004FF499731E4A1F491F4803F089FA1B495F
:100140001E4803F085FA4FF49971194803F077FAC5
:1001500088F31188BFF36F8F2046A3689847EFF3A9
:100160001188402383F31288BFF36F8F0F48FFF786
:10017000F1FD58B984230E4A11490F4803F068FA7B
:100180000A49104803F064FA8421DEE70748FFF7C4
:1001900005FED9F80020521BC9F80020FFF706FE23
:1001A000044688E7588A0020508100205C8A00209D
:1001B00007C003005FC00300EDBC030076C003006E
:1001C00034C0030049C0030010B5EFF3118440238D
:1001D00083F31288BFF36F8F0B48FFF7BBFD68B93D
:1001E00084230A4A0A490B4803F032FA06490A48AE
:1001F00003F02EFA8421054803F021FA0248FFF7A4
:10020000CDFD204610BD00BF5C8A002007C0030062
:1002100034C00300EDBC030049C0030070B5EFF328
:100220001186402383F31288BFF36F8F1A48FFF7BC
:1002300091FD68B98423194A19491A4803F008FA4C
:100240001549194803F004FA8421144803F0F7F91A
:100250001148FFF7A3FDFFF7B1FD144AD2E90045AD
:10026000041945EBE0750C48FFF782FD68B94FF4BF
:1002700099730A4A0E490B4803F0EAF906490D48FA
:1002800003F0E6F94FF49971DFE786F31188BFF3C5
:100290006F8F2046294670BD5C8A002007C003008E
:1002A00034C00300EDBC030049C0030050810020AE
:1002B0005FC0030076C00300F8B50446EFF3118772
:1002C000402383F31288BFF36F8F5B48FFF742FD33
:1002D00068B98423594A5A495A4803F0B9F956492A
:1002E000594803F0B5F98421544803F0A8F952485D
:1002F000FFF754FDD4E90423B3F1004F08BF012AEE
:1003000013D04D48FFF734FD002840F08F804FF4A4
:1003100099734A4A4D494B4803F09AF946494C486B
:1003200003F096F94FF49971DEE7D4E90A566A1C96
:1003300046F10003022A73F1000334D3013D46F174
:10034000FF36002EBCBF00252E4607F03BFD0130D6
:1003500041F10001401946EB0101012871F1000152
:100360005BDB07F02FFD6FF00203013041F100016C
:10037000401946EB010183426FF000438B4151DB92
:1003800007F020FD013041F100016FF0010240193A
:1003900046EB01034FF0FF31121A61EB03032046D5
:1003A0002C49FFF731FD236B256A01332363D5B157
:1003B0002148FFF7DDFC0028A9D087F31188BFF39F
:1003C0006F8F2046A847EFF31187402383F31288ED
:1003D000BFF36F8F1848FFF7BDFC00283FF479AFDB
:1003E0001548FFF7DBFC54F8185FA54289D0002DB3
:1003F00087D02846FEF798FC00230F48C5F88030C8
:10040000FFF7B6FC002882D087F31188BFF36F8F07
:100410002846BDE8F840FEF741BC6FF001024FF0FE
:10042000FF33BCE700224FF00043B8E787F31188A1
:10043000BFF36F8FF8BD00BF608A002007C00300C4
:1004400034C00300EDBC030049C003005FC00300DB
:1004500076C00300B90203002DE9F84306461446AE
:100460001D4691469846EFF31187402383F3128887
:10047000BFF36F8F2748FFF76DFC68B98423264AC6
:100480002649274803F0E4F82249264803F0E0F81B
:100490008421214803F0D3F81E48FFF77FFCB5F113
:1004A000FF3F08BFB4F1FF3F11D11A48FFF760FCCE
:1004B00050BB4FF49973184A1B49194803F0C8F808
:1004C00014491A4803F0C4F84FF49971E1E7002D7C
:1004D0000ADB012C75F100032246BCBF0122002576
:1004E00012F1FF3945F1FF383046FFF769FDDDE9CC
:1004F0000823C6E90A2300234A46336330464346AD
:100500000B49FFF781FCD0E787F31188BFF36F8FAA
:10051000BDE8F883608A002007C0030034C00300F0
:10052000EDBC030049C003005FC0030076C00300B8
:10053000B902030070B50546EFF31184402686F337
:100540001288BFF36F8F2D48FFF704FC68B984232E
:100550002B4A2C492C4803F07BF828492B4803F000
:1005600077F88421264803F06AF82448FFF716FC40
:100570002846FFF725FD90B12048FFF7F9FB00283A
:1005800037D14FF499731E4A21491F4803F060F890
:100590001A49204803F05CF84FF49971E2E76B6A5E
:1005A000CBB11648FFF7E4FB0028EAD084F31188AA
:1005B000BFF36F8F28466B6A9847EFF3118486F379
:1005C0001288BFF36F8F0D48FFF7C4FB0028BED021
:1005D0000A48FFF7E3FB05F11800FEF7BBFC002813
:1005E000CAD0FEF75BFB2146BDE87040034807F028
:1005F000A8BB84F31188BFF36F8F70BD608A0020A1
:1006000007C0030034C00300EDBC030049C0030071
:100610005FC0030076C003002DE9F84F4F1E0F4264
:1006200006460D469A460BD02F4918232F4A3048CC
:1006300003F00EF82F4803F00BF818212B481CE0AC
:10064000141D4DD241F0040B00F11408EFF3118991
:10065000402383F31288BFF36F8F4046FFF77AFB86
:1006600068B98423244A2549214802F0F1FF414614
:10067000234802F0EDFF84211F4802F0E0FF4046CE
:10068000FFF78CFB224659463046D0470446404689
:10069000FFF76EFB68B94FF49973174A194914486C
:1006A00002F0D6FF4146184802F0D2FF4FF499718C
:1006B000E2E789F31188BFF36F8F8CB144F8046BC4
:1006C0007DB13C420DD03523084A1049084802F05C
:1006D000BFFF21462A460E4802F0BAFF3521ADE79A
:1006E00000242046BDE8F88FD2BC0300B31A0400F2
:1006F000EDBC03000ABD030007C0030034C00300C3
:1007000049C003005FC0030076C00300D71A04008D
:10071000091B04002DE9F04105460E46174607F077
:10072000C3FA28B9074B9B685C6F14B9BDE8F08128
:10073000054C3B46324629462046BDE8F041FFF7CE
:100740006BBF00BF188A0020780D002002460021F0
:10075000014B0248FFF760BF7B350300780D002096
:10076000014B4367704700BF780D00200146024AE5
:100770000020FFF7CFBF00BF7B35030001680E4AA2
:100780000346914215D1C169A2F11022A2F1EF12E4
:1007900091420ED18268012A0BD8C26812B1016958
:1007A0008A4206D0586928B19B691B1A58425841A1
:1007B00070470120704700BF55AA00FF70B50E4B6F
:1007C0009E68B6B13046FFF7D9FF044618B9F36802
:1007D0007BB935690DB9204670BD2846FFF7CEFFBD
:1007E00028B9EB68B34204D12E462D69F2E70446DE
:1007F000F1E70124EFE700BF648A00202DE9F04112
:10080000404D06466869884607F04CFB18B1002445
:100810002046BDE8F0812C68DCB1AC68CCB1002E7C
:100820006AD0B8F1000F69D008FB06F7B7FBF6F6FF
:10083000B04565D1391D63D8BA0710D027F003023F
:100840000432EC6803E0616891420AD2A469002C8A
:10085000F9D1686907F02CFB0028D9D0D7E73A46D0
:10086000EFE7D4F808C0BCF1000F02D0012008F077
:1008700043FA891A232904F120061CD80123A36016
:10088000D4E90523AAB19361A3690BB162695A61E6
:100890000023C4E905332B69DB0703D5FFF78EFF7F
:1008A0000028E3D13A4600213046344608F01CFACD
:1008B000CFE7EB60E8E702F1200023182039C3E915
:1008C000011CDC602169DFF840C0196144F800C0F8
:1008D0000E48D86101B1CB6061695961A069986126
:1008E00041B18B61996901B14B6101212361C4E977
:1008F0000121CDE7EB60F5E73446AAE74446A8E7D7
:100900000446A6E7648A002055AA00FF669911EE06
:1009100070B5424E0546706907F0C4FA00287BD1D5
:10092000002D5FD03368002B5CD0B268002A59D00C
:100930009D4203D3726813449D4202D3012008F004
:10094000DBF9A5F120042046FFF718FF0028F5D1B8
:1009500055F8183C012BF1D155F8143C45F8180C0A
:10096000C3B19A68002A42D155F81C2C02F120012B
:100970005A680A445A6055E905321A6155F8145C00
:100980002B6903B1DD6020462022002108F0ACF97C
:1009900023462C462069002836D08268002A33D1AD
:1009A0006368426820331344636003692361D4E9B8
:1009B0000523F2B923BB436963618269A2610BB36A
:1009C0009C61A36903B15C61236903B1DC602022EF
:1009D000002108F089F933699B0703D5FFF7EEFE84
:1009E0000028ABD17069BDE8704007F061BA002300
:1009F000D0E79361A369002BDDD062695A61DAE721
:100A0000F360F7E7F460DCE7002BE4D1F368A3615F
:100A100003B15C61F460DEE770BD00BF648A002052
:100A200070B50C46164E142200210546304608F0DB
:100A30005BF91448706107F033FA1349134800F06A
:100A400035F8232C1BD915F003031FBF043CE41811
:100A5000C3F10403ED1822460021284608F044F9AA
:100A6000C6E90054203CB5606C60B368084A1A605F
:100A7000B368A2F11022A2F1EF12DA61F36070BD47
:100A8000648A0020A40B002011090300FD07030065
:100A900055AA00FF014B1B68184700BF080C002037
:100AA000014B1B68184700BF040C0020024B186064
:100AB000024B002019607047080C0020040C002035
:100AC00010B50A46044619B1024B00211B6898472D
:100AD00010BD00BF4CAB03000E4B0340B3F1607F71
:100AE00006D1B1F5885F0CBF00206FF0860070471B
:100AF000B3F1707F0BD101F4E043B3F5005F06D191
:100B000011F4E06F14BF00206FF0860070476FF0A3
:100B1000860070470000C07F8A42F8B506460D4641
:100B200000F00A8101F0FE41B1F1C06F61D1884C43
:100B300022F4FF7121F00101A14222F0FF0014D044
:100B400004F58854A04210D022F47F7626F00306E4
:100B5000A4F57064A64208D004F5A064A04204D0B5
:100B600004F57454A14240F0EB80D1B2784E19B92B
:100B700022F48061B14224D125F4FF7424F00104F1
:100B8000B44225F0FF0112D0724EB1420FD025F4CD
:100B90007F7727F00307A6F57066B74207D006F502
:100BA000A066B14203D006F57456B44209D115F0DF
:100BB000FF0406D0684E44F00074B44204BF0246FD
:100BC0000D468BB122F4FF7323F00103B3F1062F1E
:100BD00006D0624B22F4FF6121F00701994203D154
:100BE00022F4807225F48075954214BF0020012004
:100BF000F8BDB1F1A06F16D102F0FE43B3F1A06FC2
:100C000040F0888082EA050333F47E1340F082804E
:100C100028047FD5C5F30540C2F3054290428CBF3E
:100C200000200120E4E74E4B9D4209D1A3F500438B
:100C30009A4200F081804B4B22F47E109842D4E718
:100C4000B1F1407F60D102F0FE43B3F1407F5BD150
:100C500082EA050030F47E1456D131462846FFF76B
:100C60003BFF00286AD1404912F47C1701EA0201D7
:100C700013D0B1F1607FC2F3054333D1D1B241F05B
:100C8000007101F17E410339122901D83748445CD3
:100C900015F47C1F2DD19C42A7E7B1F1607F0AD1EA
:100CA000D3B243F0007303F17E43033B122B4BD8C6
:100CB0002F49CB5CE2E7B1F1707F17D106F4E04336
:100CC000B3F5005F42D10123C6F302218B4006F445
:100CD000E041B1F5005FDBD10120C6F3022600FA46
:100CE00006F4D5E7B1F1707FD2D1F0E700242346B6
:100CF000CEE71FB9C5F30541A1421DD0290403D594
:100D0000C5F3054098428AE71A4B9D4202D1B2F1E1
:100D1000082F6AE725F0004323F47F03B3F1106F37
:100D20000CD102F0FE43B3F1106F07D1124810400E
:100D300040F01060A84258E7012059E7002057E72B
:100D4000002B7FF446AF4FE7002397E70023BEE771
:100D50000002000600130006FF000002004000062B
:100D60000093C004000140050000C07FD61E0400AF
:100D7000D61E04000002C0030000FFF670B5054651
:100D80000F480E4607F08EF8044618B16FF08F0436
:100D9000204670BD6B6933602B7F012B0ABF022395
:100DA00030602B77064818BF6FF0960407F080F884
:100DB0000028EDD0002CE9D06FF09604E8E700BFE2
:100DC000EC0B002038B50C4C0C4807F06BF865783C
:100DD0000A4807F06DF80A4807F064F8022D08D1B8
:100DE0002478E31F5C425C41054807F061F8204627
:100DF00038BD0024F8E700BF7C8A0020BC0B00202F
:100E0000D40B00202DE9F047894615461C4600F01A
:100E1000B1FB0646002851D1D9F80070B7F800A000
:100E20000AF4E043B3F5804FBB6808BF25F0010525
:100E300035EA03033AD1002C40D0B5F5006F40D01D
:100E4000A5F5005255425541284A24F4FF7323F07A
:100E50000103934213D0264924F0FF028A420ED0A8
:100E600024F47F7020F00300A1F57061884206D061
:100E700001F5A0618A4202D01E4A934223D114F0A8
:100E8000FF0304D01C4A43F00073934222D02B4648
:100E900022465046F968FFF73FFE804670B92B4660
:100EA000224650463969FFF737FEE0B96FF08406F5
:100EB00000233846C9F8003000F026FC3046BDE873
:100EC000F0870125C0E704F0FE43B3F1407F04D171
:100ED0002304DCD56FF08606EAE7B3F1A06FF7D004
:100EE000054B9C42D2E74646E8E700BF00020006F9
:100EF0000013000600460006FF00000238B500F0AF
:100F0000FE43B3F1407F04460D4602D06FF08600E9
:100F100038BDFFF7E1FD0028F8D114F47C1F18D08C
:100F2000C4F30543032B137022D9224A2240B2F1A5
:100F3000607F31D1E4B244F0007404F17E44033C9C
:100F4000122CE3D81C4A125D9342DFD8142BDFD950
:100F50000EE0184B2340B3F1607F0FD1E3B243F0B2
:100F6000007303F17E43033B122B04D9002313705B
:100F70006FF08500CCE71149CB5CD3E7B3F1707F0C
:100F8000F4D101F4E043B3F5005FEFD10123C1F3E5
:100F900002218B40DBB2C5E7B2F1707FB6D105F418
:100FA000E042B2F5005FB1D10122C5F30225AA40AB
:100FB000CAE700BF0000C07FD61E0400D61E040092
:100FC0002DE9F3414768D0F81480044638460E46B0
:100FD00007F02DF90546E8B9FFB22FB9B8F1000FB7
:100FE00005D06FF0860515E0B8F1000FF9D0A368C1
:100FF00023F0031323F47F43002BF2D14FF6F87351
:1010000062889A4228D81648277906F04BFF28B103
:101010006FF08F05284602B0BDE8F08107B901A83E
:10102000314600F05DFA05460D4806F041FF10B16B
:10103000002DEFD1ECE7002DECD10FCCD6F800C09D
:1010400066460FC694E8070086E80700002FE1D146
:10105000019BCCF81430DDE76FF08505DAE700BFBF
:10106000EC0B002010B5044650B1064806F01AFFFC
:10107000204607F004F8BDE81040024806F018BF0B
:1010800010BD00BFEC0B002013B5044610B301A93E
:1010900000F070FA0446E8B91D4806F003FF58B1A5
:1010A0000024019807F0AEF8002818BF044618483D
:1010B00006F0FEFE70B10AE00198037F032B11D108
:1010C00007F0A0F80446124806F0F2FE28B10CB969
:1010D0006FF08F04204602B010BD002C08BF6FF0E7
:1010E0008704F7E7022B0DD1032303774368DAB2B5
:1010F000FF2A0AD01B0AD3D0D0E9091200F0E0FB86
:101100000446CEE76FF09604CBE76FF08404C8E79F
:10111000EC0B00202DE9F04190461E46002288B0DD
:10112000038805460F460592CDF81C803260B8F161
:10113000000F65D0B8F1005F80F0A18023F0FF03BD
:10114000B3F5E24F02D0B3F5824F25D1284606F021
:10115000BEFE0446002840F08680EB6883B16A88B2
:1011600072B12B8803F44F41B1F5824F02D0B1F533
:10117000884F05D1DBB2222B36D02CD8122B38D099
:101180003A46002308EB070112F8010B8A4243EAB2
:101190000003F9D1002B33D0284605A9FFF710FF33
:1011A0000446A0B9059B9B6A6BB3059B39465A88D8
:1011B0002846069206AA029203F1280201929A6A30
:1011C00000925B6A424600F0E5FA044680B3059857
:1011D000FFF748FF47E0273BDBB21B2BD0D829495C
:1011E00021FA03F3DB07CBD50732B8EBD20FC7D216
:1011F00006E040F209239A42F6D1B8F1400FBFD879
:101200006FF086042FE06B681B0A07D107990598D9
:1012100006F0F5FE04460028C7D0D8E74246394616
:10122000284607AB00F086FA04460028EED0CEE749
:101230000599069B4A88D2B94B804FF6F873069AF7
:101240009A4219D82B88059813B102889A4210D176
:101250006B8813B142889A420BD13146FFF78EFD5D
:1012600004460028B3D1204608B0BDE8F0819A4278
:10127000E3D06FF08604AAE76FF08504A7E76FF06C
:101280008504F0E70102000C38B504460D46FFF76F
:1012900099FD30B12A462146BDE83840024806F0A3
:1012A000F0BF6FF0880038BD808A002010B51B4C5D
:1012B0001B4806F0F7FD2378590744BF03F0FB03F2
:1012C00023709A0705D500F0F1F8237823F0020384
:1012D0002370134806F0ECFD124806F0E3FD637836
:1012E00013B1114806F0D0FF002304210E486370AB
:1012F000FFF7E6FB0B4806F0DBFD094806F0D2FDE0
:101300002378DB0705D506F09BFF237823F0010344
:1013100023700348BDE8104006F0CABD7C8A002057
:10132000D40B0020BC0B0020808A002070B5FFF792
:1013300049FD10B10024204670BD344806F0B2FDCE
:10134000044620B16FF08F04FFF7B0FFF3E7304D94
:101350002B789E0706D400F0A1F804462B7843F0C2
:1013600002032B70294806F0A3FD10B1002CE9D030
:10137000EAE7002CE8D1254806F094FD0446002851
:10138000E0D12B78D80706D406F058FF04462B7816
:1013900043F001032B701D4806F08AFD0028E5D1BB
:1013A000002CD1D1194806F07DFD0028CAD117487C
:1013B0002E7806F07DFD0028C4D1164806F072FD97
:1013C00004460028BED16B783BB9F10705D5124819
:1013D00006F054FF022304466B700E4806F068FDC9
:1013E0000028C3D1002CAFD1084806F05BFD0028CF
:1013F000A8D12B7805485A075CBF43F004032B7033
:1014000006F056FD002895D09CE700BFD40B0020C5
:101410007C8A0020BC0B0020808A002038B500F1B7
:1014200040430F2B0CD82C221A4C02FB0344237F81
:10143000022B02D16369834224D06FF08B001AE043
:101440006FF04042441E94420ED2124B00221C46C2
:101450001D7F022D02D15D69854210D00132102A14
:1014600003F12C03F4D1E8E70B4AA3F58053934230
:10147000EBD96FF0870038BD6FF09600FBE72C23A7
:1014800003FB0244204606F0B0FE0028F4D10C60B5
:10149000F1E700BF848A0020FFDFFF3F0122024BFB
:1014A000002083F8C0227047848A00202DE9F04193
:1014B0000A4C002526464FF0010803272046C4F8B1
:1014C00020802777013506F0DAFD102D04F12C0479
:1014D000F4D1002386F8C032BDE8F081848A002070
:1014E000F8B5214D064621480F4606F0DBFC95F87D
:1014F000C0421E4806F0DCFC7CB300242B4622468A
:10150000197FD1B13CB9022905D1196A19B91979E4
:10151000002918BF1C460132102A03F12C03EFD119
:1015200014B96FF08C0006E0204606F05EFE2046FF
:1015300006F0A5FD10B100240DE01C46237F7BB909
:101540000123237736B10A4B651BAD105D4305F1CE
:101550008045356000203C60F8BD6FF08800EAE708
:101560006FF09600E7E700BF848A0020D40B0020CC
:10157000A38B2EBA0023F0B5054691B05E480B60F0
:101580000E4606F08FFC5D4B5B4893F8C04206F0B8
:101590008FFC002C00F0AC80594806F083FC074615
:1015A00020B16FF08F04204611B0F0BD31462846BF
:1015B000FFF734FF10F18C0F044607D0504806F0B7
:1015C00077FC0028EFD0002CEDD1EAE73846FFF792
:1015D00087FF074620B14A4806F06AFC3C46E2E72E
:1015E0000122336801465D61336809A85A601C22F4
:1015F000356807F079FB002200236869CDE90623EE
:10160000404A00F14043A3F580539342CDE904776B
:1016100003971DD806AA03A906F039FE0446B8B9F7
:10162000039B6A690A93DBB2002B08BF00220346C2
:10163000CDE90000DDE906010E9209AA00F0DCF810
:1016400010F18A0F04460ED0002808BF6FF09604F0
:10165000306806F014FD14F18C0F08BF6FF087049A
:1016600000233360AAE704A909A800F07BF8044628
:101670000028EDD12846049906F0C1FC0446002854
:10168000E6D1DDE9060105AB0193AB6A09AA009337
:101690006B6A00F0B1F8044618B1284606F0E4FC85
:1016A000D6E72C46059BAB6209AD0FCD0FC495E87C
:1016B000070084E8070032689368D80414D49904BA
:1016C00044BF43F40063936033681A7F012A04BF68
:1016D00002221A77306806F088FD044600283FF49D
:1016E0006DAF6FF09604BBE743F480639360E6E769
:1016F0006FF0880457E700BFD40B0020848A0020D5
:10170000EC0B0020FFDFFF3F10B50446084806F051
:10171000C9FB40B9204606F075FD0446044806F0B2
:10172000C7FB10B10CB96FF08F04204610BD00BF8D
:10173000EC0B002010B41946002443680C60074CE1
:101740001A0AB4EB132F02D0054B9A4202D110BCF7
:1017500000F0A4B96FF0860010BC7047004E800006
:101760004B4E800010B4002443680C60074C1A0AEA
:10177000B4EB132F02D0064B9A4202D110BC00F0FA
:101780008DB96FF0860010BC704700BF004E80001E
:101790004B4E80002DE9F04FDFF854B0D0F804E054
:1017A0000446DDE90989BBEB1E2F0D4616461F4690
:1017B000DDF82CA04FEA1E2C0AD0DFF838E0F44503
:1017C00006D0BCF1000F0FD1BDE8F04F06F02ABCE7
:1017D0003B46324629462046CDE90A9ACDF8248078
:1017E000BDE8F04F00F0A6BB6FF08600BDE8F08FBB
:1017F000004E80004B4E8000F0B4DFF82CC05468DF
:10180000DDE90456BCEB142F4FEA142702D0074C35
:10181000A74204D1CDE90456F0BC00F0F7BB6FF04D
:101820008B00F0BC704700BF004E80004B4E800024
:10183000F7B5089E0E4FF5B2044645F000754868AE
:10184000BD424FEA10200DD010B10A4DA8420CD174
:10185000009604F1080006F0C6FD08B905232360D0
:1018600003B0F0BD6FF08500FAE76FF08600F7E790
:10187000050000024B4E8000F7B5089E0E4FF5B2F2
:10188000044645F000754868BD424FEA10200DD06F
:1018900010B10A4DA8420CD1009604F1080006F0E0
:1018A000A4FD08B90523236003B0F0BD6FF08500E7
:1018B000FAE76FF08600F7E7050000024B4E800064
:1018C0004268044BB3EB122F01D106F059BE6FF002
:1018D000850070474B4E800010B50C4C206801F01D
:1018E00047F90B4A1368591C11604BB9094A482043
:1018F000D2F8003443F00703C2F80034EBF780FA63
:101900002068BDE8104001F04DB900BF100C002068
:10191000488D00200080045038B5164D286801F02D
:1019200027F9154B1C68013C1C60ECB94820EBF70B
:1019300075FA0722114BC3F80823D3F8002422F0CC
:101940000702C3F80024C3F80041D3F80021C3F80C
:101950000441D3F804214FF48072C3F80841D3F84E
:101960000831074BC3F888212868BDE8384001F0EA
:1019700019B900BF100C0020488D002000800450D1
:1019800000E100E070B5144D144E2B68B34221D035
:10199000FFF7A2FF01F06CF801F0A8F838B106F0EB
:1019A00078FC0446FFF7B8FF44B92E6006E0FAF76A
:1019B00029F928B1FFF7B0FF6FF09204204670BDFF
:1019C00000F0E6FC044610B1FFF7A6FFF6E706F0CC
:1019D0008EFEE6E70024F1E70C0C00201173650091
:1019E000F8B505460E4618461C2117461C4607F05A
:1019F0001EF96B6821491A0AB1EB132F1BD1204A3B
:101A0000337822611F4A13F00303E26066610CD051
:101A1000023303F00303012B26D86B880733DB085E
:101A20006360194B23600020F8BD6B880733DB0827
:101A30006360164BF6E7164B9A4212D16A69154B52
:101A40001344022B13D90023224642F8183FC4E95D
:101A5000033362616A69104B9A4201D12023E7E7A0
:101A600047B1C4E90067DEE76FF08400DCE76FF0A0
:101A70008500D9E76FF09600D6E700BF4B4E800097
:101A800031200300C7860300000000204000815180
:101A9000004E8000FF3F008004C0FF7F10B5114C56
:101AA0004368B4EB132F4FEA132219D142690E4B4E
:101AB0009A420CD003F5FF437D331344012B03D826
:101AC0000388B3F5105F07D06FF0860007E047F298
:101AD000121302889A42F6E7022300200B6010BD21
:101AE000024BF7E7004E800001C0FF7F4B4E8000A5
:101AF00000212DE9F043064695B0084600F028FF86
:101B00000DF12705044625F01F0520B115B0BDE8ED
:101B1000F04306F0BEBB4FF01009DFF880800122D1
:101B200010211F4806F021FC1D4A2B19009320218B
:101B30001023CDF80490A2F1200000F05FFD0746CD
:101B400050B1002000F0F2FE384606F0A2FB074636
:101B5000384615B0BDE8F083D8E90C3210340133B3
:101B600042F10002302CC8E90C32D8D100F0DEFE80
:101B700026B122463146284606F0EAFB2E46074C9F
:101B80000FCE0FC496E80F00203584E80F0095E8CB
:101B90000F00103484E80F00DAE700BF58810020FE
:101BA00078810020F0B5194D194FAB6B8DB0BB4259
:101BB00029D0184E306800F0DBFF40230022194680
:101BC000284607F029F83021684606F0D8FB04467D
:101BD00078B96846FFF78CFF044690B93023024677
:101BE0001946684607F018F801220023C5E90C23BE
:101BF000AF63306800F0D6FF204606F04AFB0DB018
:101C0000F0BD0E24F5E70020F9E700BF5881002061
:101C1000B4A5B4A5140C00202DE9F04F99B00DF136
:101C2000570902F10F0A04468846154629F01F0994
:101C30004FEA1A1A32B1002900F08580B2F5803FD0
:101C400000F28180414F424E386800F091FFD6E9A2
:101C50000C32134308D12046FFF7A4FF044618B105
:101C6000386800F09FFF5AE0D6E90C231AEB020215
:101C700043F10003B3F5803F14D3302102A806F0EE
:101C80007EFBF8B902A8FFF733FF04460028E7D12E
:101C900030230246194602A806F0BEFF00220023A8
:101CA000C6E90C230021084600F052FE044660B944
:101CB00010249DB9284600F039FE2846FFF718FF8A
:101CC0000446CDE76FF09204CAE7386800F06AFF77
:101CD000204619B0BDE8F04F06F0DBBA102D4FF0EA
:101CE00001024FF010011B48AB4628BF4FF0100B0C
:101CF00006F03BFB174A10232021CDE90094A2F106
:101D0000200000F07BFC824668B1002000F00EFE4F
:101D1000386800F047FF504606F0BBFA04462046FC
:101D200019B0BDE8F08F5A464046494606F0B6FF66
:101D3000D6E90C32013342F10002C6E90C32A5EBC0
:101D40000B05D844B5E76FF08604E8E7140C0020D3
:101D500058810020788100202DE9F041069C04F094
:101D6000FE45B5F1407F09D0204921481A23214A78
:101D700001F06EFC1A211F4801F061FC05686DBB83
:101D800014F47C1604600BD0C4F305461A4D24F4F9
:101D90007E14AC42466025D1BDE8F04100F07CB82D
:101DA000164D2540B5F1607F0AD1E5B245F00075CA
:101DB00005F17E45033D122DE8D8114E765DE5E72D
:101DC000B5F1707FE2D10D8805F4E047B7F5005F0B
:101DD00002BF0126C5F30225AE40D7E76FF08800A9
:101DE000BDE8F0816FF08500FAE700BF8E1B0400AC
:101DF000EDBC0300381B04000002C0030000C07FDC
:101E0000E91E040010B4046844B15AB1084B24F42C
:101E10007E149C4208D110BC06F0FDBA6FF0880019
:101E200010BC70471046FBE76FF08500F8E700BF75
:101E30000002C003F8B51E46036805460F4603B30B
:101E400011B34168914222D8124A23F47E1393427F
:101E500011D106F05DFB044678B905F10C01384656
:101E60006A6806F01BFF6B684FF4AA71284633605E
:101E700006F0DDFE03E06FF0960400233360204699
:101E8000F8BD6FF08804FAE76FF08604F7E76FF0AB
:101E90008904F4E70002C0032DE9F0410E461C4618
:101EA00033880546B3F5105F11463CD10F2C0BD893
:101EB00073681E481A0AB0EB132F07D01C4B9A42C6
:101EC00004D06FF086042BE0202CFAD805F59A7721
:101ED0002246384605F58C7806F0E0FE2246434659
:101EE00039463046FFF77CFD0446C8B905F1340693
:101EF0000121304600F02CFD18B1BDE8F04106F09C
:101F0000C8B9414605F1200000F0C6FB0446304642
:101F100000F00CFD0CB12046EFE710232C77AB60EE
:101F20002046BDE8F0816FF08504F9E74B4E800054
:101F3000004E80002DE9F04F8BB00446DDE91478A7
:101F4000894692461D46169E4BB92A497B232A4A4A
:101F50002A4801F07DFB7B21274801F070FBB8F196
:101F6000000F07D126497C23234A244801F070FB47
:101F70007C21F1E73EB923497D231F4A1F4801F028
:101F800067FB7D21E8E700233360C8F800305FB3CA
:101F900042681D4BB3EB122F29D102A9D0F814B01F
:101FA000FFF77CFD0146C0B9029B9F4219D35FFA3F
:101FB0008BFB594653464A46204600F089F80146B5
:101FC00058B92B465846CDE9007803AA00F042FAEA
:101FD000014610B9BDF80E30336008460BB0BDE8BD
:101FE000F08F6FF08901F8E76FF08601F5E76FF089
:101FF0008501F2E7481C0400DB1B0400EDBC030074
:10200000531C0400651C04004B4E800030B4074C88
:10201000041961F10005032C75F1000502D330BCF1
:1020200000F018BA6FF0850030BC7047FF3F0080A9
:1020300008B503789B0705D00548602106F0F7FD39
:10204000002008BD06F053FB0028F5D00220F8E779
:102050000000002030B51D49436885B0B1EB132F57
:10206000DAB230D1032A03D16FF0840005B030BD5D
:10207000406903AA02A906F0C5FA0028F6D1DDE9F5
:10208000024529462046F9F703FE0028ECD19DF8C9
:10209000043005F0070223F01F0343EA820301A87E
:1020A0008DF804308DF80540FFF7C2FF2946204621
:1020B00006F087FA20B905B0BDE8304006F0DABA7C
:1020C0006FF09200D2E76FF08B00CFE74B4E8000AD
:1020D0002DE9F04F8BB01C4607460D46164606F01C
:1020E000C9FA034628B16FF0920840460BB0BDE82C
:1020F000F08F7A690290C2F3013161F305138DF814
:10210000083013F0300305D1B86880070DD06FF0A8
:102110008608EAE7102B08D1BDF80A3023F4F873DB
:1021200043F4A873ADF80A306EE0F86800F0FE4C96
:10213000BCF1A06F46D0DFF840E2B7F800C07045B0
:102140003DD0DFF838E270453CD11420029A60F3AC
:1021500093320292BCF5105F2ED100224FF0010B9A
:10216000904610469446D7F808E0DFF8149259F8E4
:1021700004AB1EEA0A0F08D00BFA0CF242EA08027E
:1021800002F07F08012240EA0A000CF1010CBCF1C8
:10219000070FECD12AB19DF80B2068F347028DF8A8
:1021A0000B203EEA000007D17A88FF2A15D00CD810
:1021B000802A3DD0C02A3DD06FF0850895E72420C5
:1021C000029AC4E7D2B2F82AC6E7B2F5807F33D0CC
:1021D000B2F5C07FF0D1062200E003229DF80A008C
:1021E00062F306108DF80A0013B91EF0030F8ED1AA
:1021F0003B79022B2DD021D8012B88D1BDF80A20A4
:1022000063F3C812ADF80A2001293AD0032925D07A
:1022100000297FF47CAF3B88B3F5105FCCD1182C3C
:1022200004D0202C02D0102C7FF471AF554F2CE03D
:102230000122D3E70222D1E70422CFE7032B02D009
:10224000FF2B7FF464AF0222BDF80A3062F3C8139B
:1022500068E7BDF80A3043F4C07363E7202C05D06B
:1022600006D8102C02D0182C7FF451AF464F0CE04A
:1022700024F02003412B01D0302CF5E70136013C3E
:10228000F4E7302C7FF443AF404F0F344FEA14197A
:10229000494628460DF10702F9F7C0FD00287FF4F2
:1022A00022AF9DF807307BB94946284603AAF9F7C3
:1022B000E5FD00287FF417AF9DF80C30002B7FF46C
:1022C00012AF6FF08A0810E71F2C39D11C220021B1
:1022D00003A806F009FD4FF0000B4FF0FF3A07EBA3
:1022E0000B124FEA0B130892BBF1000F2FD1029A89
:1022F0000992BDF80A203344C2F3C11207920DF1CE
:102300000C0C03F1100E624618685968083303C2BA
:1023100073459446F7D10021012005EB0B0805F029
:102320003AFB414603A8F9F77BFC002180460846AA
:1023300005F031FBB8F1000F0CD006F09BF9D2E6A6
:102340004946284606F03DF90028BFD0CBE6CDF837
:1023500024A0CEE71C2103A80BF1010B06F067FCBB
:10236000D945BCD11F2C3FF4C0AEBA2006F071F99C
:1023700000283FF4BAAEB6E60002C00300444004B1
:1023800050AB030040008151000000201084045035
:1023900010B590B01C22002101A806F0A5FC022176
:1023A000F8200DF10302F9F739FD044620BB9DF832
:1023B0000330F3B120220DEB0201FFF72DFC0446A0
:1023C000B8B94FF480710E4A0E4B01A8CDE9012334
:1023D0000D4BCDE903130D4BF821069320230DEB94
:1023E0000302FFF775FE202104460DEB010006F005
:1023F0001EFC204610B010BD6FF09204F9E700BF3C
:1024000000240001014B4E800010C004F800FF7F43
:1024100073B5C5B20E46284601A9144606F0B2F8B7
:1024200088B9BDF80630C3F3C113013BDBB2022B00
:102430008FBF6FF08600054AD25C054B9EBF1343E9
:102440003360C4E9005002B070BD00BFFC1E040040
:10245000004B4E802DE9F74F9846009B0C46C3F386
:102460000D03694683461546009306F08BF848B97C
:10247000BBF1F80344F1FF34022B74F1000404D2E1
:102480006FF0860003B0BDE8F08F009B9DF802401E
:10249000BDF802609DF80300C3F38539C4F302144C
:1024A000C6F3C1164FEA500A06F0E4F810B16FF017
:1024B0009200E7E7002DE3D09DF8001011F00F0324
:1024C00040F08480721ED2B2022A00F28280454817
:1024D00001F03006805C444A102E42EA00026A6035
:1024E0002FD1424B2B60284601A9FFF7D7FA0028CD
:1024F000C8D1019B0C9A934271D80D9A072C136096
:102500009DF8003098F80020C3F3011363F3010233
:1025100088F800204BD0042C56D8012C05D0063466
:1025200004F00704022C42D8022498F80030202E30
:1025300008BF023464F3840388F8003088F801B0DF
:10254000A0E7504619462A4AE0B9C80454BF0B46D2
:1025500041F480639A0448BF43F40063B9F1140F57
:10256000AB6019D0B9F1240FA1D1224B4FF4105216
:10257000EB60631E2A80052B19D8DFE803F0230FD8
:102580001B1D1820C70704D5062B25D852F8237029
:10259000394340080133D7E7174BE7E7C0236B8087
:1025A000002EA0D18B079ED06FF096006AE76FF0E7
:1025B000980067E7FF23F2E74FF48073EFE74FF4EB
:1025C000C073ECE78023EAE70324AEE76FF08800EE
:1025D00058E76FF0910055E76FF0830052E76FF016
:1025E00089004FE7FC1E0400004B4E800110800163
:1025F00050AB03000002C0030044400437B54FF461
:1026000080740194214C41F00051A16140F6110108
:1026100043F00053A3622123E16104F120016161D1
:1026200001212262E362069A194B01AD1A60079AF2
:10263000256042F000521125C3E901122022DFF883
:1026400054C02061C4E902C504F1100565606162EF
:10265000DA60BFF35F8F4FF0A3421460BFF35F8F68
:10266000BFF35F8F1361BFF35F8FBFF35F8F0323F0
:102670005363BFF35F8FBFF35F8F9363BFF35F8FCE
:1026800006F0C0F8431CFBD003B030BD5C8D0020C9
:102690004C8D00200400002038B504460D4619B1C9
:1026A0000A688B681AB953B96FF0210029E033B971
:1026B0004B6823F00802102A01D0202B36D1256167
:1026C000EB68D3B91B4B04F17801236001236360ED
:1026D000AB6804F114009A069B01DBB202F0E04201
:1026E0001A4342F48032112300F026F8AB684BB154
:1026F00000201023C4E9020303E06869984700281A
:10270000E0D038BD2A68A3691A606B68A26943F0FB
:10271000005393602268A36992699268DA60A369A2
:102720001033A361636801336360E1E76FF0410038
:10273000E7E700BF6CAB0300026100F114028260A6
:1027400000F110024160C2600A6042680349916072
:102750004268D36043681033436070470400002030
:10276000BFF35F8F094A1368BFF35F8F43F4807133
:10277000BFF35F8F1160BFF35F8F23F48073BFF3EC
:102780005F8F1360BFF35F8F704700BF00108051F1
:1027900008B5FFF7E5FFBFF35F8F064A1368BFF385
:1027A0005F8F43F00103BFF35F8F1360BFF35F8F51
:1027B00008BD00BF0010805170B50026C0E900665A
:1027C00005460C46FFF788F801232B70FFF7C8FF7A
:1027D000BFF35F8F204BDB68BFF35F8F9B08013B2C
:1027E000ACB3226842B19A4205D9FFF795F86FF071
:1027F0003F002E7070BD1346D4E90115E068002932
:1028000008BF4FF40071002808BFF1202469BFF30E
:102810005F8F114A9360BFF35F8FBFF35F8F1564C3
:10282000BFF35F8FBFF35F8F5064BFF35F8FBFF362
:102830005F8F5163BFF35F8F44F4802444F0010441
:10284000BFF35F8F1460BFF35F8F0020D2E74FF4B8
:102850000071F1202546DAE70010805170B5037849
:102860000D461446002B52D0BFF35F8F2C4A136BDA
:10287000BFF35F8F03F00E010A294BD013F00C0F4A
:1028800002D14FF0FF3070BD4368D3B9BFF35F8F03
:102890005368BFF35F8F032BF3D9224B2249BFF359
:1028A0005F8FD2F88060BFF35F8FBFF35F8F43F815
:1028B000046BBFF35F8F8B42F1D1FFF769FF0123F8
:1028C0004360BFF35F8F164B9A68BFF35F8F01328F
:1028D000B4EB021F21D8BFF35F8F5A68BFF35F8F3D
:1028E000B4EB820FCDD884B1BFF35F8FD3F88020D3
:1028F000BFF35F8F291D05F8012BA9424FEA122271
:1029000004F1FF34EFD0002CF5D10020BBE76FF0CD
:102910002000B8E76FF05100B5E76FF03F00B2E775
:1029200000108051101080512010805110B50446C5
:1029300008B1037843B1FEF7EFFF044B186800F0CD
:1029400031F90CB10023237010BD00BF180C00201A
:1029500073B50D460646FEF7BFFF15F0010509D019
:1029600001A800F0E1F8044620B1FEF7D5FF2046AB
:1029700002B070BD184B186800F0FAF80EB10123D0
:102980003370BFF35F8F4FF0A3430022DA61BFF3D0
:102990005F8FBFF35F8F4FF0FF321A63BFF35F8F1C
:1029A000BFF35F8F3422DA61BFF35F8F01220B4BDD
:1029B000C3F8042375B1019806F0F7F80421044622
:1029C0000DEB010006F033F9002CD0D03046FFF7B4
:1029D000ADFFCCE72C46CAE7180C0020008004505D
:1029E00038B51C4CD4F80051C5B1BFF35F8F4FF020
:1029F000A343996ABFF35F8FBFF35F8F4FF0FF323E
:102A00001A63BFF35F8F0023C4F80031D4F800319C
:102A1000114B1868BDE8384006F0FAB8D4F8083110
:102A200053B100F07DF806F096F8C4F80851D4F8D8
:102A300008310121094BECE709495023094A0A48AA
:102A400000F006FE094800F003FE5021054800F0A2
:102A5000F6FD00BF00800450200C00201C0C00205C
:102A60007F0F04006E1C0400EDBC0300D41C0400A6
:102A700008B5074B186806F0BAF8064B186806F058
:102A8000B6F8BDE80840002248201146EAF7DAB956
:102A9000200C00201C0C002038B5094B1C7864B1B8
:102AA000084B4FF0FF311D68284606F0A2F84FF0A2
:102AB000FF310446284606F0A9F8204638BD00BF7D
:102AC00068960020200C002010B5064CE36C3BB942
:102AD000214651F84C3B986906F041F80123E36424
:102AE000014810BD8C8D0020D88D002010B50A4BF8
:102AF0000A4C236003F5C04363602461FFF7E4FFE1
:102B0000236D0020B3F5007FCCBF4FF480634FF4FA
:102B10000073A36010BD00BF002080518C8D002089
:102B2000004870478C8D002070B50E4D0E4E044647
:102B3000286800F01DF8306828B980220B49FFF79B
:102B40006BF860B92020094A013852F82020306023
:102B500022600024286800F025F8204670BD022479
:102B6000F8E700BF240C0020F88D0020FC8D002029
:102B700008B54FF0FF324FF0FF33FAF795FA48B13E
:102B8000054906481723064A00F062FD172104484C
:102B900000F055FD08BD00BF26070400EDBC030092
:102BA000EC1C040008B5FAF747FB48B10549064894
:102BB0001F23064A00F04CFD1F21044800F03FFD92
:102BC00008BD00BF26070400EDBC0300EC1C040098
:102BD0002DE9F74305460C46914600F10C06EFF34C
:102BE0001188402383F31288BFF36F8F3046FDF7BF
:102BF000B1F868B98423164A1649174800F028FD31
:102C00003146164800F024FD8421114800F017FDDC
:102C10003046FDF7C3F8AB6828465C4004EA090279
:102C200003EA09075340002200930D496B460192C5
:102C3000FCF750FFDDE9003223EA0203304641464B
:102C4000AB6005F07EF8384603B0BDE8F08300BF06
:102C500007C0030034C00300EDBC030049C00300FB
:102C6000478C03002DE9F04F85B08846DDE90E1B47
:102C700005461746EFF305838BB151EA0B030ED0DF
:102C8000404940F22113404A404800F0E1FC4048EE
:102C900000F0DEFC40F221113B4800F0D0FC029134
:102CA000B8F1000F56D007F001030393FCF768FD5D
:102CB00005F10C048146EFF3118A402383F3128857
:102CC000BFF36F8F2046FDF745F8029960B9842362
:102CD000304A31492D4800F0BBFC21462F4800F016
:102CE000B7FC84212B48D8E720460291FDF756F81F
:102CF00017F0020F1CBF0023AB60AB6807F00102A6
:102D0000029903EA0806BAB1B04517D17A0744BF61
:102D1000B343AB602046FDF72BF8E8B94FF4997345
:102D20001C4A1F49194800F093FC21461D4800F039
:102D30008FFC4FF49971D5E7002EE7D151EA0B03D0
:102D400012D12046FDF714F80028E7D08AF3118845
:102D5000BFF36F8F002603E08AF31188BFF36F8FF4
:102D6000304605B0BDE8F08FC9E918872A46CDE99D
:102D7000001B20465146FCF767F80028EAD1D9F835
:102D80006060EDE701140400311D0400EDBC030098
:102D9000B711040007C0030034C0030049C003009A
:102DA0005FC0030076C0030008B5EFF305834BB1A5
:102DB000074908483A23084A00F04AFC3A210648E5
:102DC00000F03DFCC0E90233C0E9000008BD00BFCF
:102DD00093130400EDBC0300311D0400F8B50E4B45
:102DE00006461D68AB789B0712D56F6816F8014B35
:102DF00029462CB90A20B847002805DB204609E0FF
:102E00002046B8470028F1DAAB7843F00403AB70F2
:102E10004FF0FF30F8BD00BF10A503000CB430B573
:102E20008BB004460D462022002102A805F05CFF6D
:102E30000223002D06948DF80A300C4B039312DB0D
:102E400001D06B1E1C440FAA0E9902A80794019290
:102E500000F074F815B1069B00221A700BB0BDE8A3
:102E6000304002B070470024EDE700BF8B8E0300B6
:102E7000242AF0B5044601D8012A40D12E4B16224F
:102E8000EAF7F2F81A5001B10C600020F0BD2F46AD
:102E90003D4615F8010B2028F9D0A0F1090603469C
:102EA000042EF4D92B282CD02D282CD101262B78B8
:102EB000BD1C302B2DD1287840F02000782824D15B
:102EC00032F0100021D16B782C4610220235002000
:102ED000392B82BF03F1FF3343F02003263B303B05
:102EE0009A421AD9A0FB02040CB9C01801D346F0CB
:102EF00002062F462C4617F8013B3D46E8E70746F9
:102F0000C6E70026D3E70026D3E7002A08BF082239
:102F1000DDE7002A08BF0A22D9E701B10C60F207F9
:102F200048BF4042B307B1D5034B2222EAF79CF8D1
:102F30001A504FF0FF30A9E70C0000002DE9F04FC8
:102F400043688BB080469246009383789C0740F19B
:102F5000F98000250878002800F0F68025280AD09E
:102F60004B1C019301354146009B98470028C0F255
:102F7000E3800199EEE74E788B1C252E0193F1D06A
:102F800000270A22B9463C461F2C22D8A6F120036E
:102F9000102B20D8DFE803F0141F1F1A1F1F1F0B70
:102FA0001F1F1F121F171F1F090044F00104019B60
:102FB00013F8016B0193002EE6D13AE044F00204CD
:102FC00044F00404F3E744F00804F0E744F010048C
:102FD000EDE77F2C24D8A6F13003092B08D8600632
:102FE0004EBF02FB073744F0200402FB0939DEE73D
:102FF0002A2E0DD161065AF8043B53D4002BA7BFEB
:1030000044F020049946C3F1000944F02804CEE7B7
:103010002E2E05D1630600F1978044F04004C6E7E8
:103020006C2E2ED028D8682E32D06A2E37D04C2E57
:1030300035D0002F46F02003B8BF24F04004A3F1A0
:103040006502BCBF0027A4B2022A01D9612B2BD193
:103050000AF1070A07279D4E2AF0070A0AF1080A13
:10306000210760D506EB070B34465C455DD1AE1BEE
:10307000A9EB0709A21959E1742E98D07A2E96D09F
:10308000D7E7260648BF44F4007444F080048EE776
:10309000E00548BF44F4007444F4807487E744F4C6
:1030A000207484E71F4682E7A6F16302122A00F229
:1030B000D880DFE812F013004D00D600D600D6000D
:1030C000D6004D00D600D600D600D600D600E800C7
:1030D000D100D600D6001A00D600A0005AF8043B52
:1030E000012704AE8DF81030BAE75AF8046B784B1C
:1030F000002E08BF1E4614F0400F304614BF39465C
:103100004FF0FF3105F034FE0746A9E74146202085
:10311000009B984700280FDB013CA742F6D34D44A3
:10312000A1462D1B9EE74C46F7E7414614F8010BDC
:10313000009B9847002898DA98F8023043F004037F
:1031400088F802304FF0FF3528460BB0BDE8F08F0D
:10315000220630D5A3052AD50AF1070A2AF007036B
:103160009A4659685AF8080B24F0100B00291FFAE8
:103170008BFB2FDA40424BF4806B61EB410104ACD6
:103180000A23224605F02BFE1BF0400FA0EB0402A1
:1031900000F08E802BF001049742A4B240F38F80A0
:1031A000002E40F08E802BF01104A4B21DE05AF8DE
:1031B000040BC117D8E7E0055AF8041B01D40846F0
:1031C000F7E7A20547BF48B241F3C01108B241F387
:1031D000C031C9E750EA0103D1D16306CFD5002F32
:1031E000CDD124F011043A46A4B23B4640F2064148
:1031F0000C4262D124E024F010040A23A4B214F09B
:10320000800243D014F4007117BF0AF1070A5AF87C
:10321000040B2AF0070292461CBF51685AF8080BAB
:1032200050EA01023ED124F0160B62061FFA8BFB16
:103230003CD5002F3AD124F017043A463B46A4B2BD
:1032400021075AD4E10705D5994572DDA9EB03039F
:103250009F184B469B464AE044F010041023782602
:10326000CDE7782B04D1C6F1780343F01003C6E70D
:1032700041462520009B98470028FFF65DAF0235A8
:103280004146304670E608230026B8E714F4807102
:103290005AF8040BC4D014F400711ABFC0B211461E
:1032A00080B2BDE724F006041FFA84FB04AC68E793
:1032B00013465C46E10699D52EB90133C0E71346A3
:1032C000F8E73B46F6E70233BAE700BF911D04007A
:1032D0008A1D0400CDE9023241462020009B984718
:1032E0000028FFF629AF0BF1010BDDE90232D945C9
:1032F000F0DCEB1A03EB0B055B46E10627D54146F4
:103300003020CDE90232009B98470028FFF614AF29
:10331000DDE902327EB901352F44791B8A4229DB6F
:10332000144604AE94BB2A44A9EB03091546914404
:1033300040E017468EE7023541463046CDE902327D
:10334000009B98470028DDE90232E5DAF4E640F216
:1033500006410C42E0D014F0020F05F10105414690
:1033600014BF2B20202014F4806FCDE9023218BF47
:103370002D20E5E7CDE902324146009B30200135A2
:1033800098470028DDE90232C7DAD5E6013C41461C
:10339000CDE90232305D009B98470028DDE902321A
:1033A000C0DAC9E641462020009B01359847002835
:1033B000FFF6C2AEA9EB0503002BF3DCD9E500BF95
:1033C00038B5044C044DAC4200D138BD54F8043D2E
:1033D0009847F8E70000000000000000704700F088
:1033E000A9BF00F09EBFE3F7D7BA0023E7F75CBBA5
:1033F00010B483682822DC684CF25033A44610BC19
:10340000604710B483685C684FF0FF33A44610BC7B
:10341000604700EBC10040884008704708B5FFF7DF
:10342000F8FF084408BD08B50346FFF7F2FFB0FAFD
:1034300080F21846BDE80840C2F11F02E4F7E6BF7B
:103440002DE9F843B1FA81F3C3F11F0800EB8809B5
:10345000D9F8106005460A46A6B94FF0FF34C3F10B
:1034600020039C40EB681C401CD094FAA4F6B6FAEA
:1034700086F6331D55F8234028462146E4F79CFF85
:1034800032460BE03446032721462846FFF7C1FFAA
:1034900082420AD82846E4F78FFF42462146284652
:1034A000E4F7B4FF2046BDE8F88305EBC404E488E4
:1034B000013FC9F81040D0D0B442E5D1CDE738B5CE
:1034C0000446FFF7A6FF0D46034611462046FFF7C8
:1034D000A0FF1A1892B2530004EBC50520466B807A
:1034E000FFF79CFF24F8302038BD70B50B46054629
:1034F000FFF78FFF511A89B205EBC3049B1A0344EF
:103500004E0066809CB2600005EBC203588025F82F
:10351000321028461146FFF781FF25F8304070BD74
:1035200070B509B9002070BD056801F007030B33C1
:10353000CC0804EBD304AB6828469C4228BF1C4649
:103540002146FFF77DFF06460028EBD001462846BE
:10355000FFF75FFFA04207D928463219FFF7C5FFE2
:1035600011462846E4F7E0FE05EBC60210465388F4
:10357000043043F001035380D5E71146FFF7D0BF75
:103580002DE9F04706460D46174698462BB34FF0F7
:10359000000A98F8004093F80190DB78A40004EB4F
:1035A000430498F802301C444444CA4509D33946C0
:1035B0003046AC46D8F8042008F10803BDE8F047CF
:1035C000604714F8013B0AF1010A204648F82340FD
:1035D000E2F71DFF01300444E7E76FF01500BDE896
:1035E000F08730B502460024002012F8013B43B1B9
:1035F00078B18C4207D1702B04D0A3F140053A2D4D
:1036000007D8002030BDA3F140053A2D01D8013480
:10361000EAE7252B08BF80F00100E6E700207047AD
:1036200000F0FCBD0FB407B504A951F8040B0191DB
:1036300000F0F4FD03B05DF804EB04B07047002324
:1036400083F31188BFF36F8F0423184602DF70479E
:103650000FB407B504A951F8040B0191FFF7E0FF7F
:1036600003B05DF804EB04B0704710B5036902467F
:1036700013F0080009D11368D4689C429BBF012055
:10368000526AE31AD31A0B6010BD00231846FAE7FA
:1036900013B501A90446FFF7E8FF20B1019BE268DA
:1036A000013B13440193606A019BC01A013802B0C8
:1036B00010BD10B5044650182269636AD20702D5BE
:1036C000013B184010BD984228BFC01AFAE710B558
:1036D00004460A46C168FFF7ECFF2369E06023F067
:1036E0000803236110BD38B50D46026A8B000168DE
:1036F00043F00203044642F8213001682A46FFF7EE
:10370000D8FFE3686168984208BF2369206008BF5A
:1037100043F008032A46204608BF2361FFF7C9FF8C
:10372000606038BD2DE9F74F0F460021D0F80CB08E
:10373000066A009216F82B209A4602F00302022A2B
:1037400014BF894656F82B2006EB8B030193009B90
:1037500008BFC2F39D0919600446CAF80010B9F108
:10376000000F07D04946FFF7B2FFE368A3604FF0B0
:10377000010804E001698A0705D44FF000084046BB
:1037800003B0BDE8F08FC16906EB8B00884716F8DF
:103790002B10054611F00108EFD08B071DD51FB186
:1037A00039462046FFF79FFF61682A462046FFF70B
:1037B00080FFD4E902138B42606007D12A4620467D
:1037C000FFF777FF4FF000080146A06023692160F2
:1037D00043F00803E1602361D1E701462046FFF78B
:1037E00076FFE168A1601FB12068216A41F820904E
:1037F000EA19CAF8002021682046FFF75AFF22691B
:10380000206042F00802226116F82B2022F001020B
:1038100006F82B20DDE900321A60A8E770B50446EF
:103820001546FFF746FF2368834205D123692160CF
:1038300023F00803236170BD226AAB0043F002034A
:1038400042F8213061682A462046FFF732FF606067
:10385000F1E738B5036904465B0706D5856AFFF7CB
:1038600017FF85422CBFA562A06238BDF0B5642366
:103870000446042500204FF00A0C11B1013D01D18E
:103880002570F0BDB2FBF3F79A42FEB202D2012BD3
:1038900000D030B130360139013004F8016BC9B2C3
:1038A000C0B203FB1722B3FBFCF3D2B2E5E7A0F1F1
:1038B0003003DBB2092B02D80B7000207047A0F157
:1038C0006103052B02D857380870F6E7A0F14103D1
:1038D000052B01D83738F7E76FF015007047F7B5BB
:1038E000054601F0010000EB51069E424FEA5107E8
:1038F00003D90026304603B0F0BD58B128780DF149
:103900000701FFF7D4FF0028F3D19DF807300135F8
:1039100002F8013B01351744BA42EBD015F8010C0F
:103920000DF10701FFF7C3FF0028E2D19DF8074022
:103930002401E4B2147015F8020BFFF7B8FF002859
:10394000D7D19DF807301C4402F8014BE4E7838B84
:1039500013F0070306D10368002B18BF032008BF2C
:1039600000207047022B05D1C08BB0FA80F04009CF
:1039700080007047012B04D10368002B18BF05207D
:10398000EDE70020704710B50C4600B111B96FF09B
:10399000150010BD081D00F02FF80028F9D1A3680C
:1039A000032BF6D9F3E72DE9F0410D4607461946FA
:1039B000281D90461E46E6F71FF8044638B13346E8
:1039C000424629463846A446BDE8F0416047BDE876
:1039D000F08138B50C46054658B151B10B6843B17A
:1039E0004B6833B12022002105F07EF900202C61C4
:1039F00038BD6FF01500FBE7034658B1426802F08E
:103A00000302012A03D0032A04D1026812B1002064
:103A1000986070476FF015007047704770B41E468D
:103A20001546DDE9032381690468C06B06FB01418B
:103A3000294484682468A44670BC604707B51021F7
:103A4000019104990091FFF7E9FF03B05DF804FBD1
:103A500000224B6801334B60C069924208BF834229
:103A600008BF4A607047F7B5426C85695200AD1ACD
:103A700063F10006099B2A46009333460446089FDB
:103A8000FFF7DCFF50B92046626C0897521946F1E7
:103A9000000303B0BDE8F040FFF7D0BF03B0F0BDB6
:103AA00000F03FBC10B5411C04460F22FF20F3F785
:103AB000A7FC207010BDF9F7F7BA10B5437804469B
:103AC0008B4209D1411C0F22FF20F3F799FC237888
:103AD0001B1A5842584110BD0020FCE710B5417830
:103AE0000446FFF7EAFF40B14FF6FF7362889A423F
:103AF00006D16068431C5842584100F0010010BDD7
:103B00000020FAE710B58269416C86B0521A02AC07
:103B100063F100030094FFF791FF002808DB2046C3
:103B2000FFF7DCFF30B100209DF80920089B1A70D8
:103B300006B010BD6FF00100FAE730B58269416C44
:103B400087B0521A02AD63F1000300950A9CFFF79B
:103B500075FF00280ADB2846FFF7C0FF50B1049B21
:103B600033B99DF809201AB12260002007B030BD9A
:103B70002360FAE76FF00100F8E770B506460846E3
:103B80000D461446FFF7AAFF08B9002070BD204675
:103B90006178FFF792FF0028F7D06388002BF4D1FB
:103BA00063680133F1D1A268B3699B1A726CB3FBED
:103BB000F2F102FB1133002BE7D168786378C31A66
:103BC00058425841E2E773B5DDE90656CDE90056A3
:103BD0000446FFF748FF20B9324629462046FFF742
:103BE000CCFF02B070BD30B50C46D1E900130546DC
:103BF000426C8BB0521843F10003C4E90023406CBF
:103C0000A969A1EB40018A4213D1ABB9E9699A18BD
:103C10004B1E06A9C4E90023019102A92846009180
:103C2000FFF7D1FF002805DB08D1D5E90223C4E95D
:103C3000002300200BB030BD013BEAE7089B236066
:103C4000F7E72DE9F04F99460646884614464FF0AF
:103C5000FF378DB0CDE90629DDE916A308AD029343
:103C60000DF1170B22464B4630460095FFF7E6FE56
:103C7000024600283FD1304606A9FFF7B4FF0028CE
:103C80003DD1099A42451AD1FA17904208BFB94569
:103C900003900CD022464B463046CDF800B0FFF7DB
:103CA00031FF831C0246039923D18DF81710284653
:103CB0009DF81710FFF701FF024640B94F46DDE9B6
:103CC0000612029B9A4208BF51450FD10022189F4D
:103CD0002E460CAB03CE9E4238607960354607F124
:103CE0000807F5D1199BC3E9004904E00C46914649
:103CF000B8E70028DBD010460DB0BDE8F08F0246D3
:103D0000F9E70368012B81BFC91801F1FF315B425C
:103D1000194008467047F9F78FBA2DE9F04389B08A
:103D20000746DDE910851DB9002009B0BDE8F08324
:103D30008169066803FB0166036C16441C686442D3
:103D40002C400DD0C06B83684246D3F804903146B6
:103D50002346C8470028E8D12D1BE5D02644A044BF
:103D60002A464146684604F099FF3C6C0DEB05007D
:103D700022686179521B04F0B7FFF86B23688268F0
:103D8000314654686A46A047CFE737B51025CDE9DC
:103D90000015D0E902230446FFF7BFFF024650B9E1
:103DA0002946206CFFF7ADFFD4E902311B1A61F1FF
:103DB0000001C4E90231104603B030BD2DE9F041E5
:103DC0004FF0FF3200268CB004960592ADF8122019
:103DD00044F2012207920DF10F02009232461D4675
:103DE00004460696FFF78EFE831CB0463AD18DF846
:103DF0000F60A269616C12EB08024FEA410145F1C4
:103E00000003521A08A963F1000320460091FFF74E
:103E100015FE002828DB9DF80F209DF82110531C6B
:103E2000DBB2994204BF0232D3B2129A04A8013223
:103E300006928DF81130FFF735FED4E90267A369C9
:103E4000626C13EB080345F100059B1A65F1000550
:103E50002046C4E9023504A9FFF797FF20B9C4E959
:103E6000026701E00028C4D00CB0BDE8F081F0B5D5
:103E700000240546264685B003AFEB69A34202D86D
:103E8000002005B0F0BD0022234628460097039687
:103E9000FFF753FE08B1831CF3D1002223462846C6
:103EA000E5F7CAFD0028ECD1039B024600932846A3
:103EB0002346FFF783FF0028E3D10134DDE71FB578
:103EC00004461022FF21684604F00EFF0023ADF8DF
:103ED000023023696846029394F824308DF801304B
:103EE000FFF7E0FD69462046FFF74FFF04B010BD25
:103EF00030B58BB004461022FF2102A804F0F4FE76
:103F00000023A268ADF80A30636C06A89B180493DE
:103F100094F8243010228DF80930236C597904F07C
:103F2000E3FED4E9021341BB626CA16950008842F0
:103F300088BF013BA1EB4202C4E9022302A8FFF7BC
:103F4000B1FD02A92046FFF720FF204604F1080139
:103F5000FFF77EFD04F124030093D4E902232046F9
:103F6000FFF7D0FD831C4FF0000514D184F82450D6
:103F7000E3680020C4E904530BE0D4E90402814261
:103F800073EB0202D0D3204606A9FFF7FEFE0028FD
:103F9000C7D00BB030BD0028EAD0FAE737B5CDE97D
:103FA00000121546D0E904230446FFF7B6FE0028A8
:103FB0000CDB2946206CFFF7A4FED4E904321B1861
:103FC0004FF0000042F10002C4E9043203B030BDFA
:103FD00000232DE9F04F00F12405ABB000950B93C1
:103FE000D0E902230446FFF78DFD821C12D1D4E9EB
:103FF00002232046E5F720FD78BB0090D4E9022398
:104000002046FFF7DBFE40BB00952046D4E90223A3
:10401000FFF778FD08BB002294F824302046059372
:10402000E3680CA9CDE90C23FFF712FDDDE90C795B
:10403000A569636CED1949F10006ED1A12AB66F142
:10404000000601931EAB00932A4633462046CDE975
:104050000E56FFF7B8FD002802DA2BB0BDE8F08F4E
:104060002CD09DF879300DF1580A84F82430636C17
:104070005B00EB1A079366F100030893149BCDE9EC
:104080000E36DDE90EB820465A464346CDF800A06C
:10409000FFF7D4FC0028E0D120460EA9FFF7A3FDCE
:1040A0000028DAD1504694F82410FFF706FD30BB03
:1040B000DDE90732904508BF9B45E2D1059B2046CC
:1040C00084F82430FFF7FBFE0028C6D10BAB009329
:1040D0003A464B462046FFF730FD08B1831CBCD161
:1040E0003A464B462046E5F7A7FC0028B5D10B9B86
:1040F0003A46009320464B46FFF760FEADE7BDF819
:104100005A30002BD4D0D4E9022310A903911AA964
:1041100002912046CDE900231799CDE910B8FFF7A9
:1041200090FD002899DBDDE91023434508BF5A457F
:10413000BED1BDF85A60082E29D9189B2269049374
:1041400043461892226C1268524202F020020692F4
:10415000069D22AAB54228BF354600922046049A01
:1041600001950993FFF75AFC00287FF476AF2A46A1
:10417000204622A9FFF712FF00287FF46EAF049BB0
:10418000EA18099B049243F10003761BE0D1059BDA
:1041900050468DF85930FFF785FC51462046FFF711
:1041A000F4FD002884D058E70021E5F7E9BE00239C
:1041B0001A46E5F79BBF37B5002500951C46E6F784
:1041C00041F8002802DBA04228BF204603B030BDE2
:1041D000002307B51A460093E6F734F803B05DF8FC
:1041E00004FB03785B075FBF03684288C3F34A237D
:1041F00003EB12105DBF173020F00700800800208D
:1042000070470020704703F0AEB90346D3E8EF0FC4
:10421000421CC3E8E12F0029F8D170471FB50023E5
:10422000CDE902011A4619461846CDE90033E6F7F2
:10423000CFFC05B05DF804FB0120E6F797B900203C
:1042400070474368DA7101224368196043685A7104
:10425000E6F77EB970B515460C4669B1D2E901366C
:104260009B1B99420AD813680A460146981904F024
:1042700015FDAB682344AB60204670BD6FF01B009A
:10428000FBE770B50E4615461946044618B9BDE859
:104290007040E6F76BB933B1C2F34A231030120D08
:1042A000184404F0FBFCC4E900562046BDE8704009
:1042B000E6F7DABB2DE9F3415F1C4FEA87080646B3
:1042C00008F1170020F0070080080C461546E6F7B5
:1042D000FBF900238DF80470ADF805308DF8073038
:1042E00068B10346019AA8F1040143F8102F2A4649
:1042F000294452F8045B8A4243F8045FF9D1002351
:104300003146A20102F4E07242EA482222F07F42E2
:1043100022F4700222F03F0202B0BDE8F041FFF744
:10432000B0BF07B50123019201AAFFF7C3FF03B095
:104330005DF804FB07B5CDE9002302236A46FFF7C9
:10434000B9FF03B05DF804FB1FB5CDE90123069B5F
:1043500001AA03930323FFF7ADFF05B05DF804FB4B
:10436000F8B506460D4614461F4604B9F8BD214669
:1043700028463A46B047241A0544F6E710B5426885
:104380000446D2E9002381680068FFF7E9FF0022B4
:1043900063681A6010BD0A2838B504460D4602D17C
:1043A0000D20E6F7B3FC29462046E6F7AFFC0020D7
:1043B00038BD2DE9F043054689B008460E8891F8CE
:1043C00000900C46D1F808801746E6F773FC011EF2
:1043D000C6F38216C9F3C2091FDB4846E6F756FB4F
:1043E0000346214651F8102B6088C2F34A22002A66
:1043F00001EB020408BF00210022C0F30B10CDE93D
:104400000507CDE9031428464146CDE9002202966E
:10441000E6F7A8FC09B0BDE8F0830023E1E74368B4
:1044200000201B685B681961704701212DE9F0418C
:1044300043681B685A6811751D682F68D5E90136F5
:10444000D3E900481CB96B681C60BDE8F0812146C7
:1044500030464246B847241A0644F3E743681B68CF
:104460001868E6F7D7BD70B543680C461D686B68E1
:104470001869E6F757F8214603460F222868BDE879
:1044800070401847704730B54C680368A34201D2AA
:10449000012030BD8A682244934201D30020F8E70E
:1044A000D1E90452954203D36FF00B038B61F5E71A
:1044B000CA681B1B42F835304368086902EBC0022A
:1044C00053600B6901330B61E2E737B50C46C0B2AC
:1044D00001A91546E6F7B0FE00280CDB019850B1A3
:1044E00021462A46E6F7CEFE04460198FFF7CAFFAA
:1044F000204603B030BD6FF01504F9E7F0B587B082
:104500001F4604460D46164601F0F9FF02230293AA
:104510000DF116030193BDF83030ADF8160000938D
:1045200032463B462946204601F061FD07B0F0BD0A
:104530002DE9FF411F460D4616460446F0F7DCFB09
:104540008046E1F764FFBDF8283080B2CDE90180F4
:10455000009332463B462946204601F048FD04B010
:10456000BDE8F0810020E6F7EFBE00221146E6F735
:10457000B9BE034610B508460AB10021116053B117
:10458000D0B1411E11F8010F80B113F8014BA042C8
:1045900001D13D28F6D100200EE0013313600AE07E
:1045A0003D2808D0B0FA80F0400905E018782F289F
:1045B000F6D1002AF1D1012010BD10B509B10023B8
:1045C0000B6058B103461A781C4601332AB13D2AC4
:1045D00003D02F2AF7D101B10B60201A10BD08308B
:1045E000704713460A46D0E90001FFF7E4BDF0B575
:1045F000002704464FF0004585B000F1080680F81A
:104600005C7008236A4629463046FFF7D4FD831CB8
:1046100021D1B5F1004F4FF000070FD108232946F3
:1046200030460DEB0302CDE90277E5F75FFD002888
:1046300002DB3846C4E9155705B0F0BDA36D30461E
:10464000CDE902370823616D0DEB0302E5F74EFD5E
:1046500000EAE070F0E70028EEDB0099B9420ED1E5
:1046600094F85C20C5F34303934217D8009B01984C
:104670002F466565A3650028DED00546C1E73046B4
:10468000FFF795FD0028D7DB08236A462946304608
:104690000097E5F72BFD0028E2DACDE784F85C30DF
:1046A000E4E77FB500F10805044628460E46FFF70B
:1046B0007EFD002818DB284606F18041FFF777FDD4
:1046C000002811DB46F0010608236A4631462846D9
:1046D000FFF771FD002807DB009939B931462846FC
:1046E000FFF765FD002818DA04B070BD08232846DE
:1046F0000DEB0302FFF75FFD0028F5DB019B0BB913
:10470000029AA26503930823284600990DEB030241
:10471000E5F7ECFC0028E1DAE6E70199C1B10823EE
:1047200028460DEB0302FFF746FD0028DCDB009B6B
:1047300028460293082301990DEB0302E5F7D6FC06
:104740000028D1DB039B0BB9009BA3650020CBE7BE
:10475000009B6365FAE72DE9F0410D4607464A21C3
:1047600094B0284604F004FB01462846E3F76EFDAA
:10477000002620F0404424F01F0407F1080897F8B1
:104780005C30B34201DA002417E066F344044923A5
:10479000404601AA44F00041FFF70DFD031E01DC75
:1047A0000136ECE7002250336B44284601A903F898
:1047B0004C2CE1F71AFE0028F2D1204614B0BDE8D7
:1047C000F08110B5044661B1FFF7C5FF58B140F064
:1047D000004101F1804104F10800BDE81040FFF7FD
:1047E000F7BC6FF0150010BDF8B5044616461D461F
:1047F000B1B1AAB1FFF7AFFFA0B140F0004000F1A6
:10480000804708342B46324639462046FFF7D3FC12
:10481000A84207D139462046BDE8F840FFF7D8BC8A
:104820006FF01500F8BD30B50446D0F83401A8B1DA
:10483000431E0020984201DD00200FE0C21802EB69
:10484000D272521004EBC2052D8C8D4201D2501C45
:10485000F0E704D804EBC20404F11C0030BD531E81
:10486000E8E7FFF75EBD002310B50446C0F8343119
:10487000D4F8500110B9C4F8580110BDD4F854212F
:1048800003689042C4F8503108BFC4F8543103F0B3
:10489000EDFAEDE7034610B5D3E8EF0F00EA0102A9
:1048A000C3E8E42F002CF7D110BD70B504460D46C7
:1048B000FFF7D9FF6FF0010104F59C70FFF7EAFFE5
:1048C000D4F85C319B682BB1294662682068BDE84A
:1048D0007040184770BD10B50446FFF7C4FF6FF075
:1048E000010104F59C70FFF7D5FFD4F85C315B68DB
:1048F00023B1D4E90001BDE81040184710BD37B519
:104900004FF4205300240546016868468DF80040A6
:10491000ADF8023000F0DEF918B92868083803B0A5
:1049200030BD42F60103296801A88DF80440ADF8B6
:10493000063000F0CFF90028EFD02046EFE737B57A
:1049400042F6030300240546016801A88DF80440DF
:10495000ADF8063000F0BEF918B92868083803B081
:1049600030BD2046FBE7006870471C307047F7B544
:1049700000F11C030C46B9B91C46002642F6030799
:10498000D0F8343100EBC30000F11C050834A54217
:104990000CD9216801A88DF80460ADF8067000F00C
:1049A00099F90028F2D102E09942E6D2002420468B
:1049B00003B0F0BD034600F11C0259B91146D3F80B
:1049C000342101F1080003EBC2031C33984228BFD5
:1049D000002070479142F2D20020704713B5FFF7D4
:1049E000E9FF044618B90024204602B010BD002398
:1049F0008DF8043042F60303016801A8ADF80630D3
:104A000000F068F90028EFD1EDE770B505461646CD
:104A10000C4621462846FFF7E1FF044628B1304600
:104A2000216800F057F90028F3D1204670BD38B551
:104A300000F59C7504466FF002012846FFF72AFF37
:104A400083070DD504F5B270F9F768FB2046FFF730
:104A50000AFF6FF001012846FFF71CFF002038BD58
:104A60006FF07700FBE7EAF7EDBDF8B505460E46B7
:104A70004FF0FF304FF0FF311746EFF7EDFF0446E0
:104A800058B13A4631460C3000F0CBF82146284662
:104A9000BDE8F8400022F0F7A9B96FF00B00F8BDAF
:104AA000014601224FF60350FFF7DFBF10B50C4659
:104AB0001146A4F110001A4679B92181A4F10C0322
:104AC000D3E8EF1F21F00201C3E8E21F002AF7D16B
:104AD000236B03B19847002010BDA36A13B1BDE852
:104AE000104018470120F7E7024630B598B191B160
:104AF0000430D0E8EF3F43F00104C0E8E54F002D5B
:104B0000F7D113F0010009D10B6893634B68D363AD
:104B10008B68136430BD6FF01500FBE76FF0770012
:104B2000F8E704F0E1B804F0B9B801460068E7F727
:104B3000E9BD08B5E7F742FEBDE80840E8F71CBA52
:104B40000A460121FFF7EDBB00210120E7F7DABD9E
:104B5000836E83F30B8870476FF08500704761B6F2
:104B600062B680F31188BFF36F8F704772B600236F
:104B700083F31188BFF36F8FBFF34F8F30BF62B6DF
:104B8000BFF36F8F704772B6002383F31188BFF3B2
:104B90006F8FBFF34F8F20BF80F31188BFF36F8FEC
:104BA00062B6704740E800F313F4803FD8B208BF04
:104BB0006FF01500704730B50C684B6885B00A89F6
:104BC0004D890094013B24F01F04234402F01F028E
:104BD00042EA451223F01F0369468DF8082003932B
:104BE000E8F77EFA05B030BD08B5D1E90431984741
:104BF000002008BD08B5E8F701FD002008BD70479A
:104C0000416A8968E8F77EBD92B281600160C28026
:104C10008280704703680B6043684B6083688B60D9
:104C2000704738B50D4614461146E9F73FF822465D
:104C30002946BDE8384004F031B810B50C460121D2
:104C4000E9F734F8047010BD10B50C460221E9F7FD
:104C50002DF80470240A447010BD10B50C460121D3
:104C6000E9F744F8047010BD10B5036801211C7801
:104C7000E9F75CF8204610BD10B5036802211C88D6
:104C8000E9F754F8204610BD70B50D4600210446E2
:104C9000FFF793FC0D2818D1237B302B13D1002371
:104CA00005F8063B04F10C062A46204601230221A2
:104CB0000234FEF714FEB44205F1FF35F4D10020B2
:104CC00070BD0123ECE7312BFBD06FF01500F7E747
:104CD0000020704710B50C460178227888B08A42CF
:104CE0000ED06946E9F714FB204604A9E9F710FB4A
:104CF000102268460DEB020104F005F808B010BD63
:104D0000012A06D0022A07D072B940886388C01AE7
:104D1000F4E740686368FAE71022611C013008B0CC
:104D2000BDE8104003F0EFBF6FF01500E6E7042A7E
:104D30000AD0102A0DD0022A4FF0000315D10370BB
:104D40000B88438001207047012303700B68436088
:104D5000F8E7022300F8013B01F1100351F8042B9E
:104D6000994240F8042BF9D1ECE71846704701232B
:104D700010B50621044600F8013BF5F72DFB18B9E4
:104D8000A37963F03F03A37110BD0B6803608B88A8
:104D900083808B798371037823F00203037070475B
:104DA0000078C0F34000704738B50446807AE8F7D1
:104DB00067FC6169054649B1637ADB0704D4436A3D
:104DC00020461B689B68984700236361214628465C
:104DD000BDE8384002F0E9BE438A23B9C068B0FAA2
:104DE00080F04009704700207047072208B503F0A3
:104DF0008AFFB0FA80F0400908BDFFF792BAD0E808
:104E0000AF0F704700280CBF08460020704718B14C
:104E100011B10846E9F70ABC6FF01500704707B5F5
:104E200080B906216846F5F7D7FA40B99DF80530F4
:104E3000684603F03F038DF80530E9F7F7FB03B050
:104E40005DF804FB6FF01500F9E713B5044680B177
:104E500006216846F5F7C0FA48B99DF8053069465D
:104E600003F03F0320468DF80530FFF7D0FF02B076
:104E700010BD6FF01500FAE708B5E9F7DBFE10B1D9
:104E80001030FFF7BCFF012008BD00207047D0E8BC
:104E9000AF0F704770B506460D464FF0FF304FF02C
:104EA000FF3186B0EFF7D8FD0446B0B10C3095B1B4
:104EB0000121FFF7C2FE204606F1100203A90823D4
:104EC0000095EFF7B7FD0022214642F20A00EFF706
:104ED0008DFF06B070BD2946EBE76FF06800F8E77C
:104EE0001830F9F7A3BBD0E8AF0F7047032808B517
:104EF00001D0EAF705F9BDE80840EAF715B97047AF
:104F000010B50446FAF762F9234653F8442BD2F859
:104F1000BC1061B96164D2F8C01061B9C2E92F3325
:104F2000FAF7C6F92068BDE81040F1F763B98B4283
:104F3000F6D00968EDE70B60C2F8C030F0E77047C3
:104F40002DE9F843446B2CB154F8085905B1083DDC
:104F500000270CB9BDE8F883D4E900682EB3FAF74E
:104F600035F90022D6F8BC3004F1440163B199420E
:104F700033D1636C4ABBD6F8C020C6F8BC3091422E
:104F800001D1C6F8C0306764FAF792F904F130092C
:104F9000002200234846F8F7FFFA064600BBD8F87F
:104FA00004300BB1204698472760E3680BB12046D8
:104FB0009847D8F820300BB120469847DDB1AB6850
:104FC00003B1083B2C461D46C3E71360D6F8C0303A
:104FD000994208BFC6F8C020D5E71A461B68C5E746
:104FE000B36923B16FF06D02F169206898473046CC
:104FF000E8F72AFDCCE72B46E4E7F8B50F46002199
:105000000546164600234FF224420846EAF7A8FB5D
:10501000044620B92846EAF765FB2046F8BD04217E
:105020000C30E8F743FE057047704680F5E7406BAB
:1050300028B1838B08388B4201D08068F8E770472D
:1050400010B54AB989B2FFF7F2FF28B143689B69EE
:1050500013B1BDE81040184710BD38B50D46052105
:10506000FFF7E5FF002329461A46EAF7B1FB04469D
:1050700010B12846E8F7E8FC204638BD406B28B15F
:10508000838908388B4201D08068F8E77047704701
:105090000346006828B15968026888421A6008BF50
:1050A0005A6070470346002003B970471A8A5B684C
:1050B0001044F9E710B5D4680231237813B9217090
:1050C000012010BD8B42FBD0038A023B03820020EB
:1050D0001061F6E7FFF725B908B503680A8A186872
:1050E000C968EEF72DFE002008BD38B5054601F170
:1050F0000C000C46FFF7C0FD2D680146238A286886
:10510000E26801F011F9002038BD70B40668B26A97
:105110005AB3144654F8A03903B1A03B00221146FB
:105120007CB9438D408B8B4201D890421FD982427B
:1051300038BF02469942306838BF194670BCEEF756
:1051400065BE844207D0658D648BA94238BF29466D
:10515000A24238BF224633B1D3F8A05005B1A03DDA
:105160001C462B46DCE71D46FAE71146D9E770BC22
:10517000704773B51446014605464FF49572206892
:1051800000F0B7FF207530B92946206801F018F902
:1051900020B908232375002002B070BD237AB3B173
:1051A000A3F11802534253419B000193638A29469D
:1051B0000093AE68238AE2682068B047002808DBC5
:1051C000238A98420CD1002301202375E4E70223AF
:1051D000EBE710F1FF0F03D34042C0B22075DAE7CE
:1051E0000E20FBE7F8B5936805460F46144616688F
:1051F00063B9506801210C30E8F758FDA0602B68B6
:105200001B78002B14BF022301230370A3681B78B3
:10521000012B03D0022B1FD000201CE02B681B7831
:10522000002BF9D1606804210C30E8F73FFDE06005
:1052300007802A68E36852885A806168728D738B90
:10524000088A9A4294BFC0EB0200C0EB0300042816
:1052500094BF00200120F8BD2B681B78022BDBD106
:10526000606812210C30E8F721FDE06007802B68B0
:10527000E268591C0232113351F8040B994242F88A
:10528000040BF9D16168728D738B088A9A4294BFBE
:10529000C0EB0200C0EB03001228D9E7D06804314C
:1052A000037813B90170012070478B42FBD00020B6
:1052B00091680B8A043B0B82106170472DE9F04125
:1052C00004468868FFF7EEFE638D628B0D469342BD
:1052D00028BF134683421DD300276165D1F808809B
:1052E0008F60F9F773FF41462046EAF7D5FD064681
:1052F00038B1C5F808806765F9F7DAFF3046BDE8D0
:10530000F081618D638B2846994228BF1946EEF7DC
:105310001DFEF1E76FF07906F0E738B504460D465B
:10532000EAF7BAFD30B1294604F15800BDE838402B
:1053300002F030BC38BD1FB5CDE9012300231A4669
:105340000093ECF777FF05B05DF804FB00220368DB
:1053500003B970478B420FD10B683AB942680360BA
:10536000914200D1436000230B6070471360436893
:10537000994208BF4260F6E71A461B68E8E7D0E8A2
:10538000EF3F43F00802C0E8E12F0029F7D1C3F353
:10539000C00070472DE9F041064690461F460D4675
:1053A000B9B104220121EAF711FE044618B9BDE89B
:1053B000F041EAF7E5BD04210C30E8F777FC057011
:1053C000A0F80180C77021463046BDE8F041FFF7E4
:1053D000A4BFBDE8F08130B50C4685B0054601F1AB
:1053E0000C00FFF749FC228A03460292E268284635
:1053F0000192002211460092EAF75AFE05B030BD34
:1054000030B50C4685B0054601F10C00FFF734FCC1
:10541000228A03460292E268122101920022284663
:1054200000921322EAF744FE05B030BD70B5044681
:105430000E46002200230846F8F7AEF8054658B19C
:1054400001462046EAF728FD044618B129463046B1
:1054500002F0ABFB204670BD6FF00104FAE707B520
:10546000CA680C211388528800920D22EBF710F9BC
:1054700003B05DF804FB07B50022CB680A211B8846
:1054800000920B22EBF704F903B05DF804FB70B552
:10549000CB6804461E88B3B2162B25D90321EAF740
:1054A00017FF054610B302210C30E8F7FFFB6FF041
:1054B0000D0303700123294643702046FFF72DFF9B
:1054C0004FF4F9736383236866851B680433D3E85C
:1054D000EF1F41F48031C3E8E21F002AF7D12046D4
:1054E000FFF713FE002070BD0420FCE70E20FAE752
:1054F0002DE9F04F064685B0104690469946FFF7D5
:10550000D1FD738B728D8B46934228BF1346834225
:1055100075D9736840460393E8F7F0FA4FF0000A34
:1055200004464046FFF7BEFDE168228A658A63694A
:10553000AD1ACB1AED1A778B738D9F4294BFC0EBD7
:105540000700C0EB0300854228BF054625BB98F83D
:105550000A00E8F795F800220023FFF751FB044604
:1055600008B9574627E001464046E8F70DFB40469C
:10557000FFF798FDE168228A658A6369AD1ACB1A44
:10558000ED1A778D738B9F4294BFC0EB0700C0EB81
:105590000300854228BF0546CDF80090DBF8047073
:1055A0000A4403985946ABB2B847071E07DABAF166
:1055B000000F18BF5746384605B0BDE8F08F0E9B68
:1055C000ABB9394604F10C00E8F770FB4046FFF731
:1055D00069FD738D728BB944934228BF1346834291
:1055E000BA441FFA89F9BCD9AF429AD0B9E7394613
:1055F00020460F9A0E9B98470028E2D1B1E700277A
:10560000D9E700232DE9F34117681446D7F8048041
:105610000146137306469522404600F06AFD054692
:10562000207330B93146404600F0C8FE28B908233F
:105630002373002002B0BDE8F081A068798D7A8BD9
:10564000038A914294BFC3EB0103C3EB0203012B16
:10565000EFDD02210C30E8F729FBCDE9005580464B
:10566000A38831463846A268FFF742FF031E06DAD8
:1056700013F1FF0F2ABF5B420E23DBB2D8E70120F4
:10568000A8F80030D6E700232DE9F3411768144647
:10569000D7F804800146137306469522404600F071
:1056A00028FD0546207330B93146404600F086FE9D
:1056B00028B908232373002002B0BDE8F081CDE9AA
:1056C000005531463846A388A268FFF711FF00282D
:1056D00007DA10F1FF0F32BF0E204042C0B2207334
:1056E000E9E70120E8E7F8B5054650F8044C071F44
:1056F00000F14C03D3E8EF1F21F00401C3E8E21FDF
:10570000002AF7D1FCB12B6D83B9636873B1201DFA
:10571000FFF7BEFC064601463846FFF7CFFD90B1C5
:1057200063683360A368666003B9A660384605F114
:105730005401FFF77BFE30B1384604F10C01BDE89F
:10574000F840FFF773BEF8BD2DE9F041846A0746C3
:1057500044B154F8A06906B1A03E0022154607F1F5
:1057600004080CB9BDE8F081636D9BB905B98AB92D
:105770004046FFF78DFC054658B101462046FFF72D
:105780009DFD0028EED07B682B60BB687D6003B96F
:10579000BD60224636B1D6F8A03003B1A03B3446F6
:1057A0001E46DEE73346FAE738B50546D1E8AF3F97
:1057B000DB0716D550F8040C98B12B6D8BB904306B
:1057C000FFF766FC044660B10146281FFFF776FD2F
:1057D00038B155F8043C5A6822609A685C6002B996
:1057E0009C6038BDECF77ABC08B5EBF71FFB40B105
:1057F000806A30B1024652F8A03903B1A03B0020C4
:1058000002B908BD518B528D8A4228BF0A46904288
:1058100038BF104633B1D3F8A01001B1A0391A46F1
:105820000B46EDE71946FAE770B5CE6804463388B3
:105830000D469AB2162A06D8002204231146EBF729
:1058400093FC002070BD4FF4F97243854283FFF74B
:105850005CFC0023314620462A8AF0E708B5002385
:105860000A8AC968EBF780FC002008BDFFF7F6BF85
:10587000FFF7F4BFFFF7F2BFFFF7F0BFFFF7EEBF90
:10588000FFF7ECBFFFF7EABFFFF7E8BFFFF7E6BFA0
:10589000FFF7E4BFFFF7E2BF10B50C46EBF7C6FA1F
:1058A00090B1836A43B153F84C2CA03BD168A1421C
:1058B00009D0D3F8A030F5E7406828B1C368A34207
:1058C00002D00068F9E7104610BD0120704708B506
:1058D000EBF7ACFA78B1836A6BB1A03B03F15002ED
:1058E000D2E8EF0F20F00800C2E8E10F0029F7D15D
:1058F000D3F8A030F0E708BD08B50421FFF7BEFBE0
:1059000020B14C30D0E8AF0FC0F3C00008BD70B577
:105910001C460E461546EAF799FA0123C0E90365CD
:10592000C380047570BD10600020704710B5029CE4
:10593000A36833B1B1F5807F28BF0E21CAB22146DA
:105940009847A37DE268013BDBB2A37522B11BB986
:105950002046BDE81040104710BD10609180002027
:105960007047B1F5807F28BF0E21009AC9B2136835
:10597000184700207047FEF7DDBCF0B50768064603
:105980003D78144689B0E5B97B88B3F5245F04D02F
:1059900011D8A3F52053032B13D8ADF80A10022217
:1059A00020460DF10A01EBF793FD70B16FF015037E
:1059B000C4F8603106E003F55643FF339BB2042B75
:1059C00020D90125284609B0F0BD7B880222204657
:1059D0000DF10A01ADF80A30EBF77AFD0028E5D1A8
:1059E000009003AA132331467768B847021E02DAF3
:1059F000C4F86021E6E703A92046EBF769FD00281B
:105A0000DFD0D3E7ADF80A10022220460DF10A01DB
:105A1000EBF75EFD0028C9D17B880222ADF80A3081
:105A20000DF10A01E8E7072208B503F06CF9B0FAB6
:105A300080F0400908BD70B50378044693420E46D5
:105A4000154603D10130FFF7EEFF70B9A37AAB42E0
:105A50000DD1314604F10B00FFF7E5FF20B1012322
:105A60005B4203F00A03E01870BD0023F8E7002052
:105A7000FAE7034610B5D3E8EF0F40EA0102C3E8A6
:105A8000E42F002CF7D110BD034610B5D3E8EF0F7B
:105A900000EA0102C3E8E42F002CF7D110BD0B6827
:105AA00003608B8883808B7983717047D0E8AF0F58
:105AB0007047FEF736BC70B50D46064611F8010B6F
:105AC000F1F760F9044610B12C89F0F729FBA87AA8
:105AD00005F10B01F1F756F928B16B8A9C4238BFEA
:105AE0001C46F0F71DFBAB8AA34207D0AB69AC8222
:105AF00023B121463046BDE87040184770BD08B557
:105B000002210C30E8F7D2F86FF00D030370012387
:105B10004370002008BD10B5144602210C30E8F790
:105B2000C5F863890380002010BD10B51446042118
:105B30000C30E8F7BBF823890380E3894380002019
:105B400010BD10B5144602210C30E8F7AFF82389D8
:105B50000380002010BD10B5144604210C30E8F776
:105B6000A5F82389038063894380002010BD38B5E0
:105B7000154600F10C0404212046E8F797F82B891C
:105B80000380EB8943802B7C33B94FF420512046AE
:105B9000FFF75AF8002038BD42F60101F7E738B5A3
:105BA000154600F10C0404212046E8F77FF82B8904
:105BB0000380EB8943802B7C022B04D0032B09D07C
:105BC0002B68598801E042F602012046FFF73CF8B5
:105BD000002038BD42F60301F7E770B514460025F2
:105BE00000F10C066268EBB29A4205F1010501D89A
:105BF000002070BDA268304632F81310FFF724F879
:105C0000F0E7FFF7EABFF7B5089D06460C462F6898
:105C100051B973B900232A460893E1B23046BC4615
:105C200003B0BDE8F0406047B1F5807F28BF0E2487
:105C3000F0E7009313462A46B847089423462A46BD
:105C400021462F68EAE738B50C4619466BB103F1D7
:105C500014055B6982B9E268A360954200D1E360F4
:105C600000230D681A464B61A847A36853B9204624
:105C7000BDE83840EBF74EBE1360E3689D4208BFB5
:105C8000E260EDE738BD2DE9F0410C46069D064681
:105C90006FF0040105F11000FFF7F6FEF4B1304695
:105CA000EBF756FD014648B3836853B100221868EC
:105CB00005F1140C2BB1634508D12B463046FFF794
:105CC000C2FFB4F5807F28BF0E240FE020B1076823
:105CD0001A4603463846EDE70746F9E7AB892BB984
:105CE00023462246294630462F68B8476B682BB1B9
:105CF0002A463046E1B2BDE8F0411847BDE8F081E0
:105D0000F0B50D4687B0114606461A460C9C5DB9A3
:105D100083B92768002322463046BC46E9B20C937B
:105D200007B0BDE8F0406047B5F5807F28BF0E257D
:105D30002768EFE703A8FEF767FFBDF81030012BD7
:105D400008D8002300932246194630462568A84704
:105D500007B0F0BD022103A8E8F706F80346BDF836
:105D6000102033F8027B0021974228BF1746009786
:105D7000224630462568A847394603A8E7F7F4FFCE
:105D8000DBE738B5BDF810401546A2420CD84CB13F
:105D90006BB1A41A8C42A8BF0C46A4B22246591972
:105DA00002F07CFF204638BD6FF00604FAE76FF082
:105DB0000D04F7E730B585B0C96814461D46EBF70A
:105DC000A3FC00B100890223ADF80E000093294620
:105DD0002046BDF820200DF10E03FFF7D2FF05B0DD
:105DE00030BD1FB50C461946E36810461C78BDF857
:105DF00018203CB110240133069404B0BDE81040D3
:105E0000FFF7BFBF5B88ADF80E30022300930DF1A2
:105E10000E03FFF7B6FF04B010BD30B51D460023DA
:105E200085B014468DF80C30EBF73CFC10B1037ACA
:105E30008DF80C300123294600932046BDF8202020
:105E400003ABFFF79EFF05B030BD38B5144600F137
:105E50000C0506212846E7F729FF23890380E389FB
:105E60004380237C002B42F6010308BF4FF42053EC
:105E7000838021680B781BB1022B06D0002038BD2F
:105E800028464988FEF7E0FEF8E71022284601314F
:105E9000FEF7C7FEF2E738B5154600F10C04042101
:105EA0002046E7F703FF2B8903806B894380E9686D
:105EB0000B782BB920464988FEF7C6FE002038BD76
:105EC000102220460131FEF7ACFEF7E700220368FE
:105ED0000BB9184670478B4210D10B6842B9426823
:105EE0000360914200D14360002301200B607047A2
:105EF00013604368994208BF4260F5E71A461B6881
:105F0000E6E770B500F1700605463146007A00F00C
:105F1000F8FA04463146287A1CB1BDE87040EBF728
:105F200099BDEBF741FB10B104604460846070BD23
:105F3000022A10B508D1002300F170011A46007A38
:105F4000EBF7A8FC022010BDFFF7DBFFFAE738B53E
:105F5000144600F10C0502212846E7F7A7FE6389E5
:105F60000380A1892846FEF76FFE042104F110008A
:105F7000FFF77FFD002038BD08B50C3029B10121A5
:105F8000FFF777FDC043084008BD6FF00101FFF740
:105F90007BFD00F00100F7E710B50446FFF7ECFFCA
:105FA00038B12146BDE81040012211F8010BEBF792
:105FB00001BC10BD38B504461546FFF786FC48B154
:105FC0002046EBF76FFB28B1037ADB0702D50121EE
:105FD000FFF7E2FF55B9207A04F17001EBF7E4FA1C
:105FE00020B18560BDE83840EBF73CBC38BD38B522
:105FF000BDF81010BDF818401046A142059D0CD800
:106000004CB16DB1641A9C42A8BF1C46A4B2224692
:10601000294402F043FE204638BD6FF00604FAE73B
:106020006FF00D04F7E713B5044610B9002002B075
:1060300010BD00238DF8043042F60303006801A967
:10604000ADF80630FEF746FE0028EFD1E3689888E9
:106050000028ECD12046ECF7A5F8013080B2E6E745
:1060600070B5CC681E46A37988B008468DF80C3010
:106070001546FFF7D8FFADF80D00246823786BB9FB
:106080006388ADF80F300523009331462846BDF8EC
:10609000302003ABFFF775FE08B070BD631C0DF137
:1060A0000F02113453F8041BA34242F8041BF9D128
:1060B0001323E9E71FB5CDE9012300231A46009316
:1060C000ECF7B8F805B05DF804FBECF7CDB910B506
:1060D0000446A0F1170110F8180CECF795FA14F823
:1060E0000C0CA4F10B01BDE81040ECF78DBAFFF7E2
:1060F0007BBB4B8A12F0010FC3F30E0304D013F0E5
:10610000950F10D0486870B112F0020F04D013F44C
:10611000957F0AD0896841B1134013F4DE7F14BF24
:106120000520002070470220704703207047F8B513
:106130000F46516806464B8A144603F0940313BB7E
:106140000122ECF7CDFA08B3A2891B2130460232B6
:10615000EAF79EFF0546E0B1A1890C300231E7F76E
:10616000A5FD20F8027BA289A16802F097FDD4E981
:10617000041228460123FFF7CAFB29463046BDE832
:10618000F840EBF7EFB84FF0FF30F8BD6FF01500B7
:10619000FBE76FF00B00F8E770B50B4605461446B9
:1061A00029B921462846ECF7D9FE28B970BD4FF62B
:1061B000FF72914207D1218122462846636800215F
:1061C000BDE870401847E28901339BB29A422381AF
:1061D000E7D2F1E72DE9F04F89B006461446129F49
:1061E00011B913F0030807D03A46002130467B6806
:1061F00009B0BDE8F04F1847C14642F6010A03F462
:106200007F73D518AC4207D13A464146304609B0B3
:10621000BDE8F04FFFF7C0BF3A7C6388002A14BF87
:1062200052464FF42052ADF802201022ADF808304B
:106230001FFA83F83B68B4F800B000210DEB0200B0
:1062400001938DF8009002F04FFD01AB06933A46A2
:1062500030467B68CDF80CD0ADF81CB003A9984748
:1062600004340028CED109B0BDE8F08FF0B55389D1
:106270008FB0ADF80C3093890546ADF80E3002238F
:1062800004A8144616898DF8103002900DF1110300
:1062900001F1100251F8047B914243F8047BF9D1DB
:1062A0002168C1B9002142F6020310220AA88DF824
:1062B0000410ADF8063002F017FD01AB099302ABF4
:1062C0000C93224628466368ADF8346009A99847C4
:1062D00028B90FB0F0BDFEF7FDFC0028E2D0224641
:1062E00028462189FFF758FFF3E773B504460D46AA
:1062F000F8F76CFF29462046FFF7CEFA014620B991
:1063000002B0BDE87040F8F7D3BF46682046EBF70F
:10631000B7F8F8F7CDFF2EB100230E211A4620461C
:106320000095B04702B070BDF7B50D46044616465D
:106330001F46EBF70DFA014628B133462A462046A0
:106340000097EDF7CBFC03B0F0BD2DE9F041054619
:106350008846EBF7A7F90446E0B1037ADB0719D5C5
:1063600000F10C073846FFF7A1FB10F0010611D130
:10637000B8F1000F0FD06FF002013846FFF784FB31
:1063800010F0020F284609D0FFF7A1FA012120469C
:10639000FFF702FE01263046BDE8F081FFF795FACF
:1063A0000028F8D02846FFF7A7FA0028F3D06FF0AE
:1063B00002013846FFF768FB2846E5E701207047F1
:1063C0000120704713B5C068144668B100238DF8EA
:1063D00004304FF4C05301A9ADF80630FEF77AFC43
:1063E00010B9236801332360012002B010BD0021E1
:1063F000F8B54FF0FF324FF0FF3305460846E9F796
:10640000AFF900F10C07044601213846E7F74EFCCE
:106410000526012106703846E7F748FC0023067080
:106420001A4621462846E9F7D3F910B12046E7F786
:106430000BFB0020F8BD6FF085007047002070470F
:106440000F2806D80D280BD8052814BF02200320DA
:106450007047132804D01A2814BF02200120704767
:10646000012070470B6803608B8883808B79837170
:106470007047FDF756BF034610B5D3E8EF0F40EA6B
:106480000102C3E8E42F002CF7D110BDFDF752BF85
:106490000023E4F709BBD0E8EF3F0B40C0E8E23F40
:1064A000002AF8D1704710B5E8F7C4FB04466FF432
:1064B00080711030FFF7EFFF2046BDE81040FEF777
:1064C0000FBDC368DB78012B01D1FFF7ECBF70472C
:1064D000C368DB78012B01D1FFF7E5BF704738B502
:1064E00004460D46EDF7AEFF5F3005D12946204644
:1064F000BDE83840EDF758BF38BD01207047002097
:10650000704700207047EEF71BBD70B506460D467C
:106510004FF0FF304FF0FF31EEF79EFA044668B1BE
:1065200003210C30E7F7C2FB068085702146BDE8E9
:106530007040002240F20640EEF758BC6FF0680051
:1065400070BDC368187808B1EEF756BD1846EEF76F
:1065500003BE38B54FF0FF3105464FF0FF30EEF780
:106560007BFA044668B102210C30E7F79FFB2B88C9
:10657000214603800022BDE8384042F21600EEF7C3
:1065800035BC6FF0680038BDF8B507460E464FF0D1
:10659000FF304FF0FF311546EEF75EFA044678B152
:1065A00006210C30E7F782FB3B884680038085801C
:1065B0002146BDE8F840002242F22200EEF716BC68
:1065C0006FF06800F8BD2DE9F047814688464FF02E
:1065D000FF304FF0FF3117461E469DF820A0EEF722
:1065E0003BFA0546A0B107210C30E7F75FFBB9F88D
:1065F000003080F802800380C7700671A0F805A003
:106600002946BDE8F047002242F23200EEF7EEBB29
:106610006FF06800BDE8F08770B506460D464FF094
:10662000FF304FF0FF31EEF717FA044618B9BDE816
:106630007040EDF7AFBE03210C30E7F737FB068063
:1066400085702146BDE8704042F22100EEF77CBB28
:10665000034600F001009A0748BF40F002005B07C4
:1066600048BF40F004007047D0F8BC00003818BFA5
:1066700001207047D0E8AF0F70472438EFF7F0BB28
:10668000002203680BB9184670478B4210D10B6883
:1066900042B942680360914200D143600023012067
:1066A0000B60704713604368994208BF4260F5E78A
:1066B0001A461B68E6E710B50446006918B1E7F70B
:1066C000C3F90023236110BD73B506460C46FEF7DF
:1066D00067FB6D463146A8B16846FEF756FB294672
:1066E0000020F0F725FB58B12388A0F88C30638890
:1066F000A0F88E30A388A0F89030E388A0F89230FC
:1067000002B070BDFEF77EFB0346006800909A88D9
:106710009B79ADF804208DF80630E0E738B5037AB0
:1067200004468B42154615D100F170010722284618
:1067300002F0E9FA80B1E378072243B904F17E015F
:10674000284602F0E0FAB0FA80F0400938BD04F1C2
:106750007701F5E70020F9E70120F7E78378012BBF
:106760000CBF70300020704782780B46012A0BD195
:1067700009885A88B0F8A6308B4203D1B0F8A83007
:10678000934204D0FFF700BF6FF0150070476FF021
:1067900077007047F7B582780546012A0B461ED16F
:1067A0000A88887802F00204D20748BFB4FA84F459
:1067B000B0FA80F1DF7848BF640949090FB941F0A8
:1067C0000201FFF745FF06463846FFF741FF324614
:1067D000034600942846FFF7F6FE03B0F0BD6FF0C5
:1067E0001500FAE7F8B507460D464FF0FF304FF0B9
:1067F000FF31EEF731F90646D0B10E210C30E7F744
:1068000055FA04460E22002102F06EFA3B8831460A
:1068100023802B88002263806B8842F21300A380C0
:10682000AB88E380EB882381BDE8F840EEF7DEBA61
:106830006FF06800F8BD38B584780346012C0A462D
:1068400025D1C4781CB9BDE83840F0F7C5BC051D9A
:106850002846FFF70FFFC0F3C024000501D51846F6
:10686000F1E70988A3F88C105188A3F88E1091885D
:10687000A3F89410D288A3F89620D5E8EF3F43F40C
:106880000053C5E8E23F002AF7D1204638BD6FF03B
:106890001500FBE7F8B5069F05460469C9B2EFF39A
:1068A000118C402080F31288BFF36F8F0C2606FBFB
:1068B0000146B06C00F0070EBEF1010F10D1B764B5
:1068C00000268CF31188BFF36F8F3EB90C20414333
:1068D0000C44C4E910236B685B5898473046F8BDF8
:1068E00000F0C00087420CBF6FF077064FF0FF3614
:1068F000E7E713B580240094FFF7CCFF02B010BD8A
:106900000069CBB200EB4310002110471046F6F7A8
:10691000CFBE00F0F0BE00F0EFBE8022F0F7C8BDA1
:1069200040F272607047084608B51146FAF7ACFCB1
:10693000002818BF6FF0040008BD08B5FAF7F6FC90
:10694000002818BF6FF0040008BDF7B51C460023EF
:10695000164682682360A3600D469369694601AAC2
:106960009847019B5A1E01921BB96FF0150003B0A6
:10697000F0BD0098A26847682168676085B9B31ABE
:10698000D0F800C0634528BF634603FB07111A44D3
:106990002160A26002689A4206D808300090E0E7C1
:1069A0006B1AB3FBF7F3EBE70020E0E71346002296
:1069B000FFF7CBBF2DE9F0470024836886B08846F7
:1069C00091469B6902AA01A99847A2462546029BC7
:1069D000AB4202D806B0BDE8F0870026019F07EB66
:1069E000C5077B6804933A680AEB0603B24202D8F3
:1069F0009A460135EBE749460394059303A8C0473F
:106A00000028E7D0049B01361C44ECE743682C3394
:106A10000B60012313607047436800209B6AC1E943
:106A200000307047F6F744BE4FF0FF324FF0FF33AF
:106A3000F6F7BCBE8C46F0B58FB08DF800C04FF0B5
:106A4000010CDDE914154468D0F810E00020CDE910
:106A500007C1CDE90BC10DF10107D107CDF8010048
:106A6000CDE9095002F080063871CDF818D00D95A7
:106A700013D59EF814201BBAD207049357BFBDF854
:106A80001130CDF80130ADF801309DF813304EBF14
:106A90000523BB70042307930B9306AB02939EB1AF
:106AA000002D14BF0223012303930AAB0493022396
:106AB0002146059351F8040B46B183681C680023F6
:106AC00002AAA0470FB0F0BD0123EDE783681C6860
:106AD00004ABF5E71FB5012301930DF10F030093FC
:106AE000002305211A46FFF7A5FF08B99DF80F00FE
:106AF00005B05DF804FB2DE9FF41064615461C462E
:106B000001270DF10F08002305211A463046CDE973
:106B10000087FFF78FFF40B99DF80F30DB0704D5E2
:106B200028462146F8F79EFDEDE704B0BDE8F08168
:106B30002DE9F3471F4643680D1E064690469B6AA3
:106B40004EDBEA199A424BD80069FFF76DFF4FF010
:106B500000090FB93C463CE0B7F5807FBA4628BF34
:106B60004FF4807A2A460AEB0503002D03F1FF3328
:106B70004FEA1323B8BF05F1FF02B3EB222F08D071
:106B80006B42DBB25FFA85FA58BFC3F1000ACAF55F
:106B9000807A0023802206213046CDE90099FFF754
:106BA00049FF0446A8B92B46812202213046CDE98F
:106BB000008AFFF73FFF044658B901220023304600
:106BC000FFF799FFA7EB0A070446D0445544002875
:106BD000BFD03069FFF726FF204602B0BDE8F0873E
:106BE0006FF01504F8E7F7B51E4643680D1E04461E
:106BF00017469B6A14DBAA199A4211D80069FFF75D
:106C000013FF2B46012203212046CDE90076FFF732
:106C100011FF05462069FFF705FF284603B0F0BDC8
:106C20006FF01505F9E7F7B54468054694F840306C
:106C30009A0746D5076901F0C5F84FF47A76A0FBAC
:106C4000060C002347F6122206FB01C1D9F7ECFA25
:106C50003B69C31A13D4628FA68F9B1AB3420EDA14
:106C600047F6122740F2E7300021F61A4FF47A7205
:106C70000023E6FB0701D9F7D7FAF8F7F3FC94F8FD
:106C8000403013F004031CD18022AB212846CDE90B
:106C90000033FFF7CFFEA8B994F840309B0710D51A
:106CA00040F2E7310D46014647F61220E48F4FF4DB
:106CB0007A72E4FB005100232846D9F7B5FAF8F7B9
:106CC000D1FC002003B0F0BD436800205B68DB68A6
:106CD0000B607047436802EA01005B6821EA020129
:106CE0005860002099607047436800205B685960D5
:106CF0007047436800205B689960704743685B6831
:106D00001A6821EA0200114058600020996070471B
:106D1000F4F7D2BA30B543681360057A446804EBDF
:106D2000C504A34202D36FF0010030BD5C79083383
:106D30008C42F1D10020F8E743681B68D3F8800447
:106D4000C3F88004704703691A6813680BB152686E
:106D50001847704730B587B004460D46142200210D
:106D600001A801F0C1FF042320460DEB03018DF8BB
:106D700004300295FFF7E7FF07B030BD70B586B06D
:106D8000066904460D461422002101A801F0ACFF5B
:106D900002238DF80430336820461B6C01A902934E
:106DA00033689B6CCDE90335FFF7CDFF06B070BDAE
:106DB00030B503691C6843681B68EFF311854020F8
:106DC00080F31288BFF36F8F206CA8B1E06CB0B96C
:106DD0000020C4E91312042AC3F80417C3F80827D3
:106DE00082BFD3F8002242F02002C3F8002285F3CC
:106DF0001188BFF36F8F30BD6FF00C00F7E76FF0B5
:106E00000F00F4E70369186820B101601B680020D7
:106E10005A6070476FF08500704710B5426800698E
:106E20001368006860B9D3F84C4164B1126B1278F2
:106E30000A70C3F84C01D3F84C2101229A6210BDAC
:106E40006FF08500FBE74FF0FF30F8E738B5426898
:106E5000036915681A68D2F8A01051B1002482F8AD
:106E6000B84018686830F9F765FB012320466B6568
:106E700038BD6FF00D00FBE7406BFFF7E7BF10B5C3
:106E800003691968D1F8A420D1F8B040121B13D0BF
:106E9000082A28BF08224068C1F8AC201968406A57
:106EA000C1F8A8001B68D3F8A010D3F8B03019447B
:106EB00001F0F4FE012010BD1046FCE710B50446B9
:106EC00012EA030005D0605818B100230120635076
:106ED000635810BD13B501AA0446FFF71BFF002835
:106EE00005DB019B226819791868F1F7DDFA02B019
:106EF00010BD10B402694468936823EA01019160EF
:106F000011F0030108D143681B68C3F80015E0685D
:106F1000012110BCFFF7DEBF10BC704710B504465E
:106F2000002201214FF48270E5F78CFF4FF482704C
:106F3000E5F766FF2046F1F7A5FB002010BD10B570
:106F4000044600220121C620E5F77CFFC620E5F7B4
:106F500057FF2046F1F796FB002010BD10B50269DF
:106F600093681943916013F0030107D14368D8680F
:106F70001C68FFF7AFFF0823C4F8003510BD10B53B
:106F800043681C68C4F83C17C4F840270022C4F8C2
:106F900030215B68D4F830219B0702D50121FFF72F
:106FA000DDFF0123236510BD10B5436804461B684F
:106FB000D3F830210B684AB9012283F8B8204FF486
:106FC000805263681B68C3F8042310BD002283F855
:106FD000B8204FF0FF320B68C3F8B4200B68D3E938
:106FE0002A12FFF7CCFFEAE7F8B5036904461D68EB
:106FF00043680F461E6805F10800F9F79BFAEFF3A6
:107000001182402383F31288BFF36F8FEB6C53B16F
:10701000D6F8003223F02003C6F800320023C6F869
:107020005031D6F85031002385F8633017B1012371
:1070300085F8643023691968012381F8623061683A
:107040000968CB6282F31188BFF36F8FF8BD08B572
:1070500003691B681B6C23B10121FFF7C5FF0020EA
:1070600008BD6FF00D00FBE7F7B5426B53681C6875
:107070001369D4F8101153F8085BD3E8EF6F26F0CA
:107080001007C3E8EC7FBCF1000FF6D1F3060FD573
:1070900061B1D5E9162300260027CDE90067F9F78D
:1070A000DBF90023C4F81031D4F8103103B0F0BD7F
:1070B0000029FBD113691968CB6CB3FA83F35B0920
:1070C00081F86230536801221B68DA6203B0BDE8C0
:1070D000F040F9F72FBA2DE9F3471746002243682D
:1070E000D0F810901E68D9F80040884694F86130B6
:1070F000D6F80C1784F86120A26C05469B1A194437
:10710000002901DDFFF73AFE2846216CFFF722FE39
:10711000E36C2364236D63640023C4E91333A36425
:1071200094F8633003F0FF029BB3EFF3118A40231E
:1071300083F31288BFF36F8F236C6BB3D6F80032E2
:1071400023F02003C6F80032B8F1000F34D19FBB02
:107150000123B362C6F82471D6F8243184F8627032
:10716000D9F8083043F01003C9F808308AF31188C1
:10717000BFF36F8F6AB1D4E91632134309D0D4E953
:10718000162300200021CDE9000104F10800F9F7E1
:1071900063F902B0BDE8F087D4E91632134303D097
:1071A00004F10800F9F7C6F92B691A68012382F87F
:1071B00062306A681268D3620022D7E72DE9F34192
:1071C000064617461C460569EFF31188402383F3F2
:1071D0001288BFF36F8F2B68D3F8A42042B188F3D5
:1071E0001188BFF36F8F6FF00F0002B0BDE8F08120
:1071F000C3F8A4702B6801F0604CC3F8A010BCF178
:10720000005F2B6814D1C3F8A8102B68C3F8AC70CA
:1072100029463046FFF7C8FE88F31188BFF36F8F09
:1072200073681B7E012B01D1631C06D10020DCE7B3
:10723000C3F8B020FFF723FEEAE724EAE4722868E7
:10724000D3171F3243F10003520942EAC362683088
:107250005B0900240025CDE90045F9F7FDF8E5E7D5
:10726000002201214A20E5F7EDBD10B50B6813B9E6
:107270001846136005E003685C681CB1146003687D
:10728000186810BD083303600B68013B0B60EDE725
:1072900008B50069C36D8B4204D15C30F1F758FD2D
:1072A000002008BD4FF0FF30FBE738B50446056904
:1072B000F2F712F8C0B90122014605F1B40000F05E
:1072C00082FC05F15C00F1F743FD0321204600F04C
:1072D0001BF9002802DA10F1860F05D101212046A2
:1072E00000F012F900EAE07038BD70B54FF4FA53BF
:1072F0000646446C47F6122C5C4356F8203B054684
:107300001B6840F2E730B4FBF3F40021C8344FF4BB
:107310007A720023E4FB0C01D8F786FF02460B4685
:107320003046F6F743FA20B1F1F74EFD6FF07300E7
:1073300070BD286BFCE7F7B506690746D6F8A820AC
:10734000D6F8B0509AB9C5B12C46D6F8A41031B3CE
:107350003ABB1146D6F8AC302BB3002D04BF2C46F7
:1073600023463846009400F0BEF803B0F0BDA5B146
:1073700095422C4628BF1446E7E7F16D8B88DB0465
:1073800001D400F09CF80023C6F88C3006F17C0094
:1073900003B0BDE8F040F6F78BB91446D5E70A46CE
:1073A000D8E72246D6E71C46DBE70069B430F6F79B
:1073B0007FB9F0B504690646D4E915128B1A4768FF
:1073C00085B004D1BB6805B0BDE8F0401847BD8B5F
:1073D000E16C9D4228BF1D4621B101F06043B3F12D
:1073E000005F06D1236D3BB103F06043B3F1005F52
:1073F00002D0082D28BF08250023A36451B11144F1
:1074000001F06043B3F1005F04D02A46386901F00F
:1074100045FC3969236D43B1A26D134403F060420A
:10742000B2F1005F1CBF7B69A364002914BF2A4628
:107430000022002B08BF0025CDE901230091002286
:10744000694620460395F4F7D3FF014618B17368E7
:1074500030469B68984705B0F0BD70B50C690E4684
:10746000A16C054639B1A36D206D2A69184401F05D
:1074700015FC0023A3642969AA68A36D30469142D4
:107480002CBF5B189B18A365BDE87040FFF791BF48
:107490000847072210B503690C461B68C3F800258E
:1074A0000B7D5BB10122097BA068F1F7FDFD237D17
:1074B00023B12069BDE8104000F005BB10BD38B510
:1074C00003690C461D680B7D4BB1086900F0FBFA9F
:1074D000237D23B10022217BA068F1F7E5FD002385
:1074E000C5F8003538BD10B40469C4E91313019B15
:1074F00093422CBF636562650023A36510BCFFF750
:1075000058BF0069F5F768B8012913B515D008D937
:10751000023901298CBF6FF015006FF0850002B0B1
:1075200010BD046994F828302BB12046F4F706FF0B
:10753000002384F828300020F1E7436800215C68CC
:1075400001AA2046FFF7E6FB0028E8DB019B226842
:1075500019791868F0F7A8FFE1E708B50220F0F7FD
:10756000EDF8002008BD08B5F4F788F808BD0A4614
:107570000121FCF7D6BE10B54FF0FF304FF0FF31C0
:10758000F2F748F9044628B9C9F71CFB044618B1BC
:10759000F2F748F9204610BDF2F744F92046E6F725
:1075A0004BFFF7E738B50B8A0D463BB101F10C00F4
:1075B000FDF75AFB012818D0022803D06FF01504FC
:1075C000204638BD4FF0FF304FF0FF31F2F722F97F
:1075D00004460028F4D1E868D9F764F80446F2F7C5
:1075E00021F9ACB1F2F780F9EAE74FF0FF304FF044
:1075F000FF31F2F70FF904460028E1D1E868F2F70D
:1076000095FB0446F2F70EF9002CD9D1F2F76CF98C
:107610002846E6F719FA0024D2E7F2F7EDBA10B5DA
:1076200032220021044601F05FFB202323708023D7
:10763000A3706FF03F0363710423A3722823A37325
:107640000223E3730423A3756FF0480363763F239B
:10765000A3766FF01303E3760F232377302384F8A8
:107660002030402384F82130012384F8223078230D
:1076700084F82330802384F826300C2384F82F30BC
:1076800010BD08B5F2F7D4FE002008BD08B5F9F723
:107690004DFE48B1002383F31188BFF36F8F04239D
:1076A000184602DF6FF0040008BD684620F00701AD
:1076B0008D4601B5D7F774FEBDE801408546704799
:1076C000684620F007018D4601B5D7F75BFEBDE89F
:1076D000014085467047684620F007018D4601B598
:1076E000D8F778F9BDE801408546704708B5DEF760
:1076F000A3F9002008BD70470020F2F797BF70473C
:10770000D6F77EBD08B5D8F76FFB30B1EFF3058033
:107710000338032894BF0020012008BD70470120D2
:10772000704703460020184700F0CDB9024610B557
:10773000116891B1B1FA81F3C3F11F0001238340B5
:1077400021EA0303D2E8EF4F8C4204D1C2E8EC3FB8
:10775000BCF1000FF6D1EBD110BD6FF00B00FBE7D1
:1077600010B50368CB40DB0710D401238B400268BF
:1077700043EA0201D0E8EF4F944204D1C0E8EC1F85
:10778000BCF1000FF6D1F2D1002010BD6FF0150052
:10779000FBE710B504460846F3F7AEF904EB4004E6
:1077A000207DC0F3401010BD10B504460846F3F725
:1077B000A3F904EB4004A08A00F01C00003818BFB5
:1077C000012010BD10B504460846F3F795F904EB07
:1077D0004004207DC0F3400010BD10B50446FFF703
:1077E000F1FF20B12046BDE81040FFF7D2BF10BD29
:1077F00010B504460846F3F77FF904EB4004A08A6D
:10780000400B10BD70B5044608461646F3F774F9F0
:10781000083034F810300D46DA0509D5C3F3432398
:1078200004EBC3023146284654F833305268984777
:10783000A3682BB131462846E268BDE8704018477E
:1078400070BD2DE9F3411746DDE90858019001A804
:107850000C461E46F3F794F9019B391E18BF01210F
:1078600000EB8300231E18BF0123002E43EA4103CF
:107870000CBF00210C21002D43EA01030CBF0021A5
:107880004FF47061B8F1000F43EA01030CBF00210F
:107890004FF44031D0F880200B4322EA030304B1B7
:1078A00024780FB13F787F001C430EB13678B600C4
:1078B0003C438DB1297809023443B8F1000F03D05D
:1078C00098F800804FEA0848214341EA0801C0F8CF
:1078D000801002B0BDE8F0812946EDE71FB50DF13B
:1078E0000F03019300238DF80F101A4619460093D9
:1078F000FFF7A7FF05B05DF804FB2DE9F047002571
:107900000446884617462E464FF00109AA46BE4255
:107910000CD1D4F8443133B10023C4F84431D4F845
:10792000443145F400352846BDE8F087F0B2F3F75E
:1079300059F9A0F580739B0809FA03F318EA030FBD
:1079400005D022581AB144F800A022581D43013630
:10795000DDE738B504460D46FFF71BFFA8B120460A
:10796000FFF730FF88B92046FFF742FF0123226866
:107970008340C2F81833236803EB8000D0F8103539
:1079800023F00303C0F8103538BD2846BDE8384061
:107990000021FFF7A3BFC9B2F4F7D4BA30B5012470
:1079A000054690084038844014EA010009D0A858E0
:1079B00038B10021A950AA5813B11A6822431A609D
:1079C000012030BD00232DE9F34104460D4601930B
:1079D000904601AB4FF48072FFF7E0FF4FF48272E4
:1079E00029462046FFF7DAFF4FF4847207462946FE
:1079F0002046FFF7D3FF064630B1B8F1000F1DD087
:107A000017B13E46D4F80C374FF4A67229462046EB
:107A100001ABFFF7C3FF30B1B8F1000F03D016B9C7
:107A20000FB1D4F80C374FF4B4722946204601AB9D
:107A3000FFF7B4FF019802B0BDE8F0814646E3E7E6
:107A400070B54B7F04460D467BB10123642643602D
:107A5000002202212046FFF7B5FF20B90120FFF7E1
:107A600063FE013EF4D100236B770023C4F8003598
:107A700070BD07B5019001A8F4F794FA0123019AAB
:107A80009340436003B05DF804FB07B5019001A883
:107A9000F4F788FA0123019A9340836003B05DF8FC
:107AA00004FB08B5F4F7B2FE002008BDEFF3118027
:107AB000402383F31288BFF36F8F704780F31188E0
:107AC000BFF36F8F704708B1E6F7C0B9704740B198
:107AD000C368587810F001001EBF1878B0FA80F023
:107AE00040097047EFF31183402383F31288BFF3FB
:107AF0006F8FFEE710B400F10C04C0E903440024CA
:107B0000446110BCE0F768BD10B582696AB1C36812
:107B100042EA0301890708D14169A2FB011424B993
:107B20005B182CBF0121002102D36FF0150005E086
:107B300001619B1A42698A4201D8002010BD026986
:107B400001311A60826903619B1AF3E790F90E30E4
:107B50008B4201D0F7F74CBA002070470346002053
:107B6000C3E90033C3E90200704710B5044630B1E1
:107B70000268930703D0446809B100F077F9204602
:107B800010BD0023C0E90033836000F10C03C0E99D
:107B900003337047012307B5009300230A461946B3
:107BA000F5F73CFC03B05DF804FB002307B50A467B
:107BB00000931946F5F732FC03B05DF804FB002191
:107BC0000068FFF7D2BF3AB18A4205D3C0E902127A
:107BD000C0E90000002070476FF0150070470123D6
:107BE00002688B4022EA0303036022FA01F000F0EE
:107BF00001007047704710B5032104460C30FFF7B1
:107C0000EEFF30B104F11000F8F7DAF9B0FA80F0C5
:107C1000400910BD20B1002294301146F7F7EABEAA
:107C2000704770B5C3680446C3F340069B0716D47B
:107C3000856802210C30FFF7D2FF80B1D5F88C2087
:107C40006AB194421DD122689EB9D5F89030C5F82A
:107C50008C209C4201D1C5F8902000232360E3686A
:107C600013F01F001EBF43F00203E36040F0020068
:107C700070BD3260D5F89020944208BFC5F890607E
:107C8000EBE716461268DBE710B5F6F749F9041E74
:107C900008DDEFF31180402383F31288BFF36F8F69
:107CA000F7F780FA204610BDEFF30580003818BFC3
:107CB000012070476FF05700704700207047D0E9EF
:107CC000003213605A600023C0E90033704738B5B2
:107CD00004460D46F6F7B8FE237C43F002032374F6
:107CE000D5B1A5602B689D4209D16B68C4E90053EA
:107CF0001C606C6010E06A689A42F6D01B68002B2A
:107D0000F3D093F90E1094F90E209142F3DD5A68E6
:107D1000C4E9003214605C6038BD10B5037C0446D1
:107D200013F0280F0CD183680BB1F6F765FF237CA5
:107D3000204623F004032374BDE81040F6F71CBE70
:107D400010BDF6F713BF38B5054604680020AC42F5
:107D500000D138BD002CFCD02046F6F74DFF04F1D1
:107D60001800F8F72DF92046F6F706FE2C680120DA
:107D7000A542EDE708B5C3171F3043F100034009E2
:107D800040EAC360C117F7F7E3FB400108BD08B53F
:107D90000246F8F70BF870B1D0E904319B1A61EB99
:107DA000E272B3F1004F72F1000104DA002AACBFB5
:107DB0001846002008BD6FF00040FBE708B5F8F753
:107DC0002DFA08BDF8F72ABAB3F1FF3F08BFB2F1A8
:107DD000FF3F70B506461D46144614D01A4316D010
:107DE000002B08DBF8F71AFA041941EB0501C6E984
:107DF0000041304670BD6FF001031C1B4FF0FF3394
:107E000063EB0501F3E74FF0FF342146EFE7002471
:107E1000FBE7B3F1FF3F08BFB2F1FF3FF8B50746FC
:107E200016461C4610D054EA020311D0F8F7F6F9B2
:107E3000B0420A46A14103460AD2F31A64EB020497
:107E4000C7E900343846F8BD4FF0FF331C46F7E76A
:107E50000023FBE70023C0E9081200F11802C0E983
:107E60000622C0E9003303634363704720B1011F5A
:107E700050F8040CF4F72EBF704770B5A0FB015406
:107E800034B92846F8F762FC064618B9304670BD8A
:107E90000026FBE72A46214600F026FFF6E770475A
:107EA000FFF75CBE4FF0FF324FF0FF33F5F7FCB841
:107EB000F5F7C2B900207047704710B5044608B105
:107EC000F8F7FEFD2046BDE81040F8F7E9BD03468F
:107ED000C068F8B15888E8B11B8803F44F42B2F586
:107EE000824F02D0B2F5884F09D1DBB2272B2AD0BE
:107EF00008D8172B0FD0222B34D0122B16D06FF0AE
:107F000085007047302B2FD0413B012BF7D8FF283D
:107F100039D100207047C028FBD0E128F9D0B0F556
:107F2000807F14BF6FF086000020704720F0200390
:107F3000C02BEED020F08003B3F5807FE9D040F273
:107F400009239842EDE7E928E3D0EF28E1D040F299
:107F50001B139842DDD040F299139842D9D040F2D9
:107F60003B23EEE7E928F1E720F02003C02BD0D037
:107F700020F04003B3F5807FCBD0B0F5C07FC8D0F0
:107F8000B0F5007FCDE7B0F5E07FCAE73AB1002950
:107F900018BF00232121D21A184400F0A5BE704753
:107FA00041F2062398421AD8B0F5905F09D241F207
:107FB000010398420CD0B0F5885F09D06FF08500BE
:107FC00070476923A0F5905080B2C340DB07F5D518
:107FD00011F0070F14BF6FF0860000207047B0F556
:107FE000105FEBD121F04003802B06D0B1F5807FEC
:107FF00014BF6FF08600002070470020704770B5F6
:10800000446A05460E463CB90120F8F743FD686214
:1080100028B12046AE6270BD6FF08A00FBE76FF0BA
:108020008C00F8E7F8B51E460F4615460388C2B126
:1080300003F4E043B3F5805F02D0B3F5005F10D1E5
:10804000089BE90019600088FFF7AAFF044630B9D1
:108050002A463946304600F021FE079B1D60204627
:10806000F8BD6FF08504FAE710B50446406A10B118
:10807000A16AFFF722FF0020C4E9090010BD38B54E
:108080000446FFF7F1FF237F012B0FD0023B012BAA
:108090000FD8236A012B14BF6FF0960500252C2200
:1080A0000021204600F020FE284638BD236A002B20
:1080B000F1E76FF09605F2E710B50368044643B1A7
:1080C00000F0D4F800232360A3886FF30803A38093
:1080D00010BD1846FCE72DE9FF41984600230C46E9
:1080E0000168054616460393002939D14FF4AA7258
:1080F000083000F0F9FDB8F1000F204633460CBF00
:108100004FF400624FF4806203A9F8F77BFE044647
:10811000B8B9039F304639882A1DF8F7EFFE0446A8
:1081200078B96B79394668F300036B71D7E9092395
:1081300028460096B8F1000F0FD0F9F779FB0446F6
:1081400010B12846FFF7B8FF0398F9F7DDFA002CC5
:1081500018BF204604B0BDE8F081F9F78DFBEEE7CB
:108160006FF08804EDE70123FFF7B5BF38B503686A
:10817000054614464BB132B100F063F8044610B125
:108180002846FFF799FF204638BD6FF08804FAE7CC
:108190002DE9F0411646026805460F469846F2B1B1
:1081A0004279D2071BD50279CAB1B2421AD800F07F
:1081B00051F8044618B10023C8F800602B7137B19C
:1081C000324621463846D8F80030FFF7DFFE284611
:1081D000FFF772FF002C18BF2046BDE8F0816FF05A
:1081E0008804E8E76FF08904E5E7037F022B06D1F6
:1081F000036A5A1C03D001330362002070476FF0FA
:1082000096007047034668B1017F8A1E012A0BD889
:108210000329026A03D1012A01D1FFF730BF1AB145
:10822000013A1A62002070476FF096007047C0B2A2
:10823000FF280CBF6FF0860000207047F9F7A2BB43
:1082400070470368052B02D10830F9F7DBBD6FF0EA
:108250008600704710B40468052C03D110BC0830A8
:10826000F9F7E8BD6FF0860010BC70470368052B76
:1082700002D1083000F0BBB8002070470020F9F7A9
:1082800091BC0020F9F7C8BC002000F0AAB8DEF7C6
:1082900073BA0A2842DCC31C1FDA10F1400F45D024
:1082A00010F13F0F2BDA10F1410F42D010F1550FB2
:1082B00042D010F1490F14BF6FF086006FF08400B8
:1082C000704709282DD8DFE800F0052C2C2F172C3B
:1082D000372C2C3A6FF09800704703300D2820D8C7
:1082E000DFE800F00A331F221F1F1F1F1F1F071F79
:1082F0001F076FF0940070476FF08500704710F112
:10830000210F1FD00DDB10F1200F1ED010F1100F28
:1083100014BF6FF086006FF094007047643809282E
:10832000CFD96FF086007047002070476FF084004F
:1083300070476FF0890070476FF0930070476FF0DF
:108340008C0070476FF0880070476FF092007047A4
:1083500010B501380A44914200D110BD10F8013F18
:1083600011F8014B63400370F5E70144814200D1ED
:10837000704711F8013D1A440A70120AF6E7F7B582
:1083800006460D4659B36FF05103202D2F4628BFE6
:108390002027523316D03A4631466846FAF75EFA3D
:1083A00010F1520F04460AD0431CF4D0ED1B3E449A
:1083B00010D1684600F0C5FB204603B0F0BD68460A
:1083C00000F0BFFB00216846FAF7F6F904460028E2
:1083D000E1D0F1E74FF0FF33002CD6D0E9E70C46AF
:1083E000EAE700207047F9F7B7BCF9F7B5BC08B564
:1083F0004FF4AA7100F01BFC002008BD037F13B1ED
:10840000203000F0D6BAD0F8243113B1D0F82C01C6
:108410001847184670472DE9F0470446806889469A
:108420009042174609D3201A1C3000F037FCA3688D
:10843000DB1BA3600020BDE8F08704F1340A0121B2
:108440005046FAF785FA064618B1BDE8F047FFF73F
:1084500020BF2046FFF7D2FF0546002848D1A2687A
:1084600032F0100309D0A01A49461C3000F016FC67
:108470002A46A368A5609944FF1A07F1FF3828F03F
:108480000F08A7EB08065AB9102204F10C0104F1F9
:10849000200000F0FEF968BB1023A36001232377BE
:1084A000B8F1000F1BD04246494604F1200000F00D
:1084B000F0F90546B0B90123237704F120073846C7
:1084C00000F0D5FA054668B9384600F02DFB0546A0
:1084D00040B9102104F10C0000F0A9FB02E0237F59
:1084E000002BEAD15046FAF721FA2DB12846ACE725
:1084F000B046F7E70546F5E7002E9BD0324609EB7C
:10850000080104F10C0000F0C9FBA3689B1B90E775
:10851000F8B543680546102B2FD800F13406012129
:108520003046FAF715FA18B1BDE8F840FFF7B1BECA
:108530002846FFF763FF0446D0B9AA6805F1200773
:10854000102A05F10C050AD12946384600F0D2F967
:10855000044668B9384600F0E7FA044608E02946C0
:108560003846C2F1100200F094F904460028EBD01E
:108570003046FAF7DBF92046D6E76FF08600F8BD03
:10858000F9F768BD13B50C466946F3F70BFC0028F4
:1085900005DA0D3012D06FF08B0002B010BD009BD9
:1085A000042223604FF0FF3321460DEB02000193BC
:1085B00000F0A9FB0028EED00020EEE76FF0840069
:1085C000EBE730B589B0182205460C4601A800211A
:1085D00000F08AFB012044EA05240021079405905D
:1085E000FFF7D9F9BA2101A8F3F71AFB00210446D5
:1085F0000846FFF7D0F9002C0CBF20466FF0920020
:1086000009B030BD13B5C0B2086001A91446FFF728
:10861000B9FFB8B99DF80630C3F30213072B15D084
:10862000042B11D8012B05D0063303F00703022BCE
:108630000CD802239DF8042002F03002202A08BF43
:108640000233236002B010BD0323F3E76FF09800FC
:10865000F8E710B5044600210120FFF79CF901213D
:108660002046F3F759FB002104460846FFF793F92B
:10867000204610BDF7B5BA2001A9F3F793FB0446D5
:1086800010B1002003B0F0BD019D2F0AEDB2AC4245
:1086900005D1BA20FFF7DDFF0028F2D00EE0E61981
:1086A0003046FFF7D6FF60B1012130460DF10302DD
:1086B000F3F7B4FB10B99DF8033013B96FF09200D3
:1086C000E0E70134E3E708B50178CB1C03F00303CE
:1086D000012B09D94078C1F38201F3F7D9FA0038A8
:1086E00018BF0120400008BD6FF02100FBE707B56F
:1086F0000221F8200DF10702F3F790FB9DF80730F7
:1087000003B920B16FF0920003B05DF804FB0221C1
:10871000F820F3F7BDFA0028F6D0F3E74368A3F199
:108720001001914241D8012243F80C2C53F8042C3B
:1087300042F0200243F8042C53F8082C42F0005277
:1087400043F8082C836800F11402A3F11001914250
:108750002FD8012243F80C2C53F8042C42F02002AD
:1087600043F8042C53F8082C42F0005243F8082C2C
:10877000C36803F15402BFF35F8F4FF0A3431A6045
:10878000BFF35F8FC2680432BFF35F8F1A61BFF31C
:108790005F8FBFF35F8F03225A63BFF35F8FBFF317
:1087A0005F8F9A63BFF35F8F7047103242F80C2CD3
:1087B000B7E7103242F80C2CC9E738B5BFF35F8F2A
:1087C0004FF0A344E569BFF35F8FBFF35F8F1023C2
:1087D0006363BFF35F8F012000F01CFABFF35F8F6C
:1087E00000236363BFF35F8FBFF35F8FE36BBFF360
:1087F0005F8F5B06F8D425B1BFF35F8FE561BFF3F0
:108800005F8F38BD08B5FAF747F930B9BFF35F8F0E
:108810004FF0A343986ABFF35F8FBFF35F8F4FF0B2
:10882000A342D36BBFF35F8F10F0240F03F0230339
:1088300004D0FFF7C2FF6FF01F0008BD4FF0FF30FC
:10884000002BFAD1BFF35F8F1063BFF35F8F184621
:10885000F3E7026913690BB150691847184670476E
:1088600008B5826803465AB902681169426A114222
:1088700006D0FFF7EEFF002808BF6FF0530008BDD9
:1088800003F11400702103F17802FFF747FF002085
:10889000F5E710B5047D03464CB3B2F1807F06D3F3
:1088A000FFF7D7FF002808BF6FF03F0010BD4468F6
:1088B000062C06D9FFF7CDFF002808BF6FF0440053
:1088C000F4E70AB90020F1E78069016099698A60DC
:1088D000186899698069C068C860996910319961A0
:1088E000596801315960996811449960EAE76FF05D
:1088F0002000DBE710B4037D002B56D08368C3B99A
:10890000836900F124021A60036882691B680133DD
:1089100043F000539360046882692368A4690133BB
:10892000E4681B0203F4F8532343D36083691033D4
:108930008361036882681C68131923EA040384694D
:108940009B1A54F8042C42EA032244F8042C82694E
:1089500052F8084C234443F0005342F8083C0368A3
:108960001A68C368134423EA0203C2691160C2692A
:10897000C1689160C26902F11001C161C1688B4296
:108980000AD000211161C168C2695B1A43F08043BB
:108990009360C3691033C3610368DA68436A23EAEA
:1089A0000203436210BCFFF75BBF6FF0200010BCF6
:1089B000704738B5037D0446002B52D003685B69CD
:1089C000002B51D00269D3685BB1506998470546C6
:1089D00038B12046FFF73DFF002818BF054628465E
:1089E00038BD214651F8783B626A9B6904F1140056
:1089F0001B68F9F7A1FE0123636023699A689AB99D
:108A0000A2691B6813602369A2695B6843F0005385
:108A100093602268A36992699268DA60A36910334F
:108A2000A3616368013363600025236AA269C433CC
:108A300013602368A2695B6943F000539360226866
:108A4000A36992695268DA60A36922681033A3614E
:108A50006368013363601269636AA56013436362EC
:108A6000BDE76FF02005BAE76FF04705B7E738B507
:108A7000027D0346002A40D00268816894688C42D7
:108A800006D9FFF7E6FE002808BF6FF0530038BD97
:108A90005468B1FBF4F504FB151434B1FFF7D9FEAB
:108AA000002808BF6FF04500F1E7416AD068014334
:108AB0005962D3E90701C431526901601868D96964
:108AC00040690F328860D96922F00F0201F110006D
:108AD000D8611868406990420AD00C611868D96959
:108AE0004069121A42F080428A60DA691032DA6113
:108AF0001846BDE83840FFF7B3BE6FF02000C6E768
:108B000038B5037D054663B1FFF77CFE431C044680
:108B100005D02846FFF79DFE002818BF04462046D2
:108B200038BD6FF02004FAE710B5037D04462BB181
:108B30002046FFF7E5FF431CFAD010BD6FF0200080
:108B4000FBE710B5037804461BB1F8F7E5FE0023F8
:108B50002370002010BD022203689A607047C0F3A2
:108B60000B03482B4B6028BF482310F4003F8B6059
:108B700008BF0023CB6010F4803308BFC1E9013384
:108B800000F47003B3F5700F14BF00238B68002846
:108B90004FF0010C4FF008028B60B8BF0023C1E911
:108BA00005C2B8BFC1E90533704710B59EB0024693
:108BB00046F611031AA901A8F9F7BEFD0023039A8E
:108BC00010211360039A01A89360039B1AAA103323
:108BD0000393FFF7A3FDFFF715FE431C0446FAD0ED
:108BE00001A8742100F023F820461EB010BDFAF74A
:108BF000DBB807B54FF0FF334FF0FF32CDE900236C
:108C0000002200F048F803B05DF804FB00F03FB824
:108C100000F039B8FFF7AEB810B58B4294BFC41856
:108C20004418A04200D110BD00F8012BF9E7002341
:108C30001A4682B001908B4201D102B07047019870
:108C4000C2540133F7E710B50B680446D0E91802A7
:108C500012F0010F03EA000301D0984211D183B151
:108C60002366520748BF4A6804F1180044BF1A43FC
:108C70004A60F7F7A5F900232046C4F88030FFF7D3
:108C80004CF8002010BD4FF0FF32F9F7A1BF0A46A3
:108C90000021F9F79DBF5200F9F7E4BF0A44431ED3
:108CA000914200D1704710B511F8014B914203F881
:108CB000014FF9D110BD884210B501EB020402D971
:108CC0008442234607D8431EA14207D011F8012B46
:108CD00003F8012FF8E70244824200D110BD13F8D7
:108CE000011D02F8011DF7E702440346934200D13B
:108CF000704703F8011BF9E7044608B5FAF760FB73
:108D00002046E4F773FC0139024410B5904201D1CA
:108D1000002005E0037811F8014FA34201D0181B91
:108D200010BD0130F2E710B56AB10139841810F8AE
:108D3000012B11F8013F9A4203D1A04201D0002A31
:108D4000F5D1D01A10BD1046FCE70139034610B525
:108D500032B111F8014F013A03F8014B002CF7D161
:108D60001A440021934200D110BD03F8011BF9E71A
:108D70000246014410B58A42134603D01C780132E2
:108D8000002CF8D1181A10BDF0B5044608B91468C3
:108D900044B120460F4614F8015B17F8016B1EB969
:108DA00065B91560002005E0B542F6D1002BF0D181
:108DB00014600370F0BD1C460CE01DB927460E463A
:108DC00014F8013B16F8015BAB42F6D1002BF2D050
:108DD00000233B701460EDE70123FFF7D5BFF0B52A
:108DE000C3F13707044603F01F031046FFB2082BF8
:108DF000E6B232D0102B3DD06508A40845EAC17513
:108E000044EA81748A082D1942EB5102290941EA8A
:108E100002716D1842EB1212290A41EA02616D18C3
:108E200042EB1222290C41EA02416D1842EB124238
:108E3000AD1842F10002EC0844EA4274D10804EB98
:108E40008402A6EB4205EDB2092D0CD90134A5F13F
:108E50000A0541F10001EDB212E0E40806F0070551
:108E600044EA4174C908303554EA010200F8015B54
:108E7000BDD1F0BD240906F00F0544EA01740909CB
:108E8000092D84BFED19EDB2EDE7D1E9043293422B
:0C8E90001EBF5A1C0A61187070470000D9
:088E9C0082D5FD7F01000000FA
:108EA400A5DD0100000000000D9402000000000098
:108EB40000000000948F0300A37A03000000000068
:108EC40085CC0200000000007DCD020000000000FF
:108ED40000000000CC8F030000000000B08F0300EE
:108EE40000000000E88F03008DA4020000000000D1
:108EF400ED76030000000000000000000490030071
:108F0400000000003C9003000000000020900300DB
:108F140071780200000000005B750300000000008F
:108F2400E1A301000000000025D6010000000000BC
:108F340000000000589003000967010000000000D1
:108F4400A5D902000000000000000000909003007A
:108F5400000000007490030061B9010000000000EB
:108F640075E20100000000008376030000000000A9
:108F74008D7603000000000000000000AC900300A8
:108F8400394302000000000045B901000000000060
:108F940038FA0300B4A803000C9A03004C0C002018
:108FA4009C8800205575020000000000E0FD0300CD
:108FB40040A90300E0990300540C002020890020FC
:108FC4000D84020000000000ECFD030054A903001E
:108FD400E0990300560C00202C8900200D84020027
:108FE40000000000F7FD030068A90300E0990300F6
:108FF400580C0020388900200D8402000000000075
:109004005FFA030000000000A09903004E0C00204A
:10901400000000003B6903000000000083FE030021
:1090240094A90300289A03005A0C0020A40A0020E3
:109034001D6F0300000000008FFE0300ECA9030075
:10904400289A03005C0C0020B00A00203F6F030044
:10905400000000002905040000000000C8AA030065
:10906400600C002048890020899A0200000000005A
:1090740067FA030000000000A8990300500C0020C8
:1090840000000000E978020000000000EEFE03008A
:1090940044AA0300049A03005E0C0020BC0A0020CA
:1090A400AB72030000000000D5FC0300DCA8030041
:1090B400C4990300520C002008890020217C02007E
:0490C40000000000A8
:1090C80000000000494B030000000000494B03006A
:1090D80000000000494B030000000000494B03005A
:1090E80000000000494B030000000000494B03004A
:1090F80000000000494B030000000000494B03003A
:1091080000000000494B030000000000494B030029
:1091180000000000494B030000000000494B030019
:1091280000000000494B030000000000494B030009
:1091380000000000494B030000000000494B0300F9
:1091480000000000494B030000000000494B0300E9
:1091580000000000494B030000000000494B0300D9
:1091680000000000494B030000000000494B0300C9
:1091780000000000494B030000000000494B0300B9
:1091880000000000494B030000000000494B0300A9
:1091980000000000494B030000000000494B030099
:1091A8000000000079A5020000000000494B030000
:1091B80000000000494B030000000000494B030079
:1091C80000000000494B030000000000494B030069
:1091D80000000000494B030000000000494B030059
:1091E80000000000494B030000000000494B030049
:1091F80000000000494B030000000000494B030039
:1092080000000000494B030000000000494B030028
:1092180000000000494B030000000000494B030018
:1092280000000000494B030000000000494B030008
:1092380000000000494B030000000000494B0300F8
:1092480000000000494B030000000000494B0300E8
:1092580000000000494B030000000000494B0300D8
:1092680000000000494B030000000000494B0300C8
:1092780000000000494B030000000000494B0300B8
:1092880000000000494B030000000000494B0300A8
:1092980000000000494B030000000000494B030098
:1092A80000000000494B030000000000494B030088
:1092B80000000000494B030000000000494B030078
:1092C80000000000494B030000000000494B030068
:1092D80000000000494B030000000000494B030058
:1092E80000000000494B030000000000494B030048
:1092F80000000000494B030000000000494B030038
:1093080000000000E129030000000000494B0300B1
:10931800BC0A00202DC6020000000000494B0300D3
:1093280000000000494B030000000000494B030007
:1093380000000000494B030000000000494B0300F7
:1093480000000000494B030000000000494B0300E7
:1093580000000000494B030000000000494B0300D7
:1093680000000000494B030000000000494B0300C7
:1093780000000000494B030000000000494B0300B7
:1093880000000000494B030000000000494B0300A7
:1093980000000000494B030000000000494B030097
:1093A80000000000494B030000000000494B030087
:1093B80000000000494B030000000000494B030077
:1093C80000000000494B030000000000494B030067
:1093D80000000000494B030000000000494B030057
:1093E80000000000494B030000000000494B030047
:1093F80000000000494B030000000000494B030037
:1094080000000000494B030000000000494B030026
:1094180000000000494B030000000000494B030016
:1094280000000000494B030000000000494B030006
:1094380000000000494B030000000000494B0300F6
:1094480000000000494B030000000000494B0300E6
:1094580000000000494B030000000000494B0300D6
:1094680000000000494B030000000000494B0300C6
:1094780000000000494B030000000000494B0300B6
:1094880000000000494B030000000000494B0300A6
:1094980000000000494B030000000000494B030096
:1094A80000000000494B030000000000494B030086
:1094B80000000000494B030000000000494B030076
:1094C80000000000494B030000000000494B030066
:1094D80000000000494B030000000000494B030056
:1094E80000000000494B030000000000494B030046
:1094F80000000000494B030000000000494B030036
:1095080000000000494B030000000000494B030025
:1095180000000000494B030000000000494B030015
:1095280000000000494B030000000000494B030005
:1095380000000000494B030000000000494B0300F5
:1095480000000000494B030000000000494B0300E5
:1095580000000000494B030000000000494B0300D5
:1095680000000000494B030000000000494B0300C5
:1095780000000000494B030000000000494B0300B5
:1095880000000000494B030000000000494B0300A5
:1095980000000000494B030000000000494B030095
:1095A80000000000494B030000000000494B030085
:1095B80000000000494B030000000000494B030075
:1095C80000000000494B030000000000494B030065
:1095D80000000000494B030000000000494B030055
:1095E80000000000494B030000000000494B030045
:1095F80000000000494B030000000000494B030035
:1096080000000000494B030000000000494B030024
:1096180000000000494B030000000000494B030014
:1096280000000000494B030000000000494B030004
:1096380000000000494B030000000000494B0300F4
:1096480000000000494B030000000000494B0300E4
:1096580000000000494B030000000000494B0300D4
:1096680000000000494B030000000000494B0300C4
:1096780000000000494B030000000000494B0300B4
:1096880000000000494B030000000000494B0300A4
:1096980000000000494B030000000000494B030094
:1096A80000000000494B030000000000494B030084
:1096B80000000000494B030000000000494B030074
:1096C80000000000494B030000000000494B030064
:1096D80000000000494B030000000000494B030054
:1096E80000000000494B030000000000494B030044
:1096F8003C900300C589020000000000494B0300AC
:1097080000000000494B030000000000494B030023
:1097180000000000494B030000000000494B030013
:1097280000000000494B030000000000494B030003
:1097380000000000494B030000000000494B0300F3
:1097480000000000494B030000000000494B0300E3
:1097580000000000494B030000000000494B0300D3
:1097680000000000494B030000000000494B0300C3
:1097780000000000494B030000000000494B0300B3
:1097880000000000494B030000000000494B0300A3
:1097980000000000494B03005C090020116D030024
:1097A80000000000494B030000000000494B030083
:1097B80000000000494B030000000000494B030073
:1097C80000000000494B030000000000494B030063
:1097D80000000000494B030000000000494B030053
:1097E80009BA02002377030000000000494B030078
:1097F80000000000494B030000000000494B030033
:1098080000000000494B030000000000494B030022
:1098180000000000494B030000000000494B030012
:1098280000000000494B030000000000494B030002
:1098380000000000494B030000000000494B0300F2
:1098480000000000494B030000000000494B0300E2
:1098580000000000494B030000000000494B0300D2
:1098680000000000494B030000000000494B0300C2
:1098780000000000494B030000000000494B0300B2
:1098880000000000494B030000000000494B0300A2
:1098980000000000494B030000000000494B030092
:1098A80000000000494B030000000000494B030082
:1098B80000000000494B030000000000494B030072
:1098C80000000000494B030000000000494B030062
:1098D80000000000494B030000000000494B030052
:1098E80020900300C5890200017703002377030055
:1098F80000000000494B030000000000494B030032
:1099080000000000494B030000000000494B030021
:1099180000000000494B030000000000494B030011
:1099280000000000494B0300E4080020116D03000B
:0899380000000000494B030090
:1099400030240020709A002000040000397F0100BC
:109950000000000000000000000000000700000000
:1099600000000000AEBB030000000000000000008B
:10997000A823002070960020000400002D7501002F
:1099800000000000000000000000000004000000D3
:10999000000000009CBB030000000000000000006D
:0899A00027690300000000002C
:1099A800797A02003D7A0200E97A0200A97A020077
:1099B800D1780200C1780200D9780200E76B030071
:1099C800316B0300297B020000000000217B0200AC
:0899D800196A03000D6A030087
:1099E000FD810200C96C0300D56C0300E96C030023
:1099F000F36C0300FD6C0300ED800200F57F0200B4
:049A00000000000062
:089A0400C58E020091720300FF
:109A0C00AD7502001B690300F36803000000000041
:0C9A1C007974020000000000000000004F
:109A2800056E0300BD7103004D6E0300118802002E
:109A3800B16D03004F7003001B6E030039870200ED
:049A4800396D030071
:109A4C000500000029F7010006000000F93F0200A4
:089A5C0004000000110D0200DE
:109A6400517101002570010000000000B96D010072
:109A7400356F0100A16C0100FD6E010000000000C3
:049A840000000000DE
:109A88009CA6030008000000BCA303000700000018
:089A980064A4030006000000B5
:109AA0001FDB030003000000C4E10300030000000B
:109AB0008CD9030003000000C4F903000300000078
:109AC000B6D903000300000043E9030003000000CF
:109AD00078CC030003000000E4F203000300000060
:109AE000C6DA0300030000007FDE0300030000006D
:109AF0008FCC03000300000087CC030003000000AC
:109B00008105040003000000340504000300000088
:109B1000AED703000300000070E90300030000005B
:109B2000CCF903000300000067BF0300030000003E
:109B300051FA030003000000311B04000300000081
:109B40006202040003000000D1D6030003000000FD
:109B500080FA030003000000C407040003000000B3
:109B6000CBC3030003000000C4BB030003000000DC
:109B7000E2C4030003000000E6C403000300000089
:109B8000F3C60300030000001406040003000000F5
:109B9000ADD3030003000000E4D503000300000080
:109BA0007FD603000300000083CC03000300000005
:109BB000BA060400030000007ACD03000300000091
:109BC0004D11040003000000E2BD0300030000008B
:109BD000B1D70300030000008ED60300030000008D
:109BE000E2FC030003000000D7FF030003000000B5
:109BF0008BC00300030000009AFE03000300000076
:109C000018A30300388200207AC603000100000078
:109C10005CA3030070080020E2C6030001000000FE
:109C2000ABD7030000000000000000004DDF010082
:109C300001E201000000000073E5030001000000E4
:109C40000000000073590300000000000000000045
:109C500037E903000100000000000000F51E0200CB
:109C600000000000000000002FE9030001000000D8
:109C700000000000F5140200E124020000000000D2
:109C80003DE903000100000000000000FD1A020091
:089C9000011A020000000000AF
:109CA0000000000003000000A0000000F000000021
:109CB00000000000029ECADC240EE5A9E093F3A395
:109CC000B50100406E00000000016000300000009F
:109CD00000000000000000006000600000000000C4
:109CE00000000000CBF10300D0F10300D4F1030029
:109CF000D8F10300DCF10300E0F10300E4F103001C
:109D0000E8F10300ECF10300F0F10300F4F10300CB
:109D1000F8F10300FCF1030000F2030004F2030079
:109D200008F203000CF2030010F2030000A0105030
:109D300000820D50000405500500000004000000E2
:109D4000010000000102080804401008044010252A
:109D500026270102030328049042BE11B400500BD1
:109D6000EE03010204004C01E80B86040000002809
:109D7000000000200102FFFFFFFFFF030F141E2859
:109D8000323C506478010203030101000207000124
:109D900002040100010000010100000100010000B7
:109DA0000100010000000102080F141E28323C507F
:109DB00064780000020B000001000B0002000A00A2
:109DC000050009000A000800140007001E00060034
:109DD000320005004B0004006400030096000200FE
:109DE000FA000100F4010000010203030203000174
:109DF000F401FA00960064004B0032001E001400CB
:109E00000A000500020001000C0802170D01010202
:109E100009090101060209181803010109098383D0
:109E200085030201230202240910040405050B0B1B
:109E3000040B2B1B1B159A9A1C021D1613050149B6
:109E40000D150508061B1B0F01010000FEFEFEFE9E
:109E5000FEFEFEFEFEFEFEFEFEFEFEFEFEFEFEFE22
:109E6000FE16FEFEFEFEFEFEFEFEFEFEFEFE1F1FB8
:109E7000FEFE26FEFEFEFEFE30FEFEFE32FEFE3240
:109E8000FEFE35FEFE3E3EFEFEFEFE3B3B0060005B
:109E90009006BE022C01D012CE0528049042BE11BD
:109EA00064005006AE027205DA4308130001020294
:109EB000A201B003BE05EE024806A209C405F40BD8
:109EC000241226FEFEFEFE2E3630FEFEFE32FEFE82
:109ED000FEFEFE35FEFEFEFEFEFEFEFEFEFE2E0138
:109EE0000203030102030301020412FEFEFEFEFE52
:109EF000FEFEFEFEFE03030303030303030303034B
:109F000003030303030314FEFE16FEFEFEFEFEFE25
:109F1000FEFE23FEFEFEFEFEFEFEFEFEFEFE2E36D4
:109F20003039FEFE32FEFEFEFEFE35FEFEFEFEFE79
:109F3000FEFEFEFEFE2E0102030328049042BE1127
:109F40007205DA4308132C00D002CE010804401039
:109F500028049042BE112C00D002CE01B400500B58
:109F6000EE0364005006AE02B400500BEE03010293
:109F7000030328049042BE1128049042BE1101023E
:109F8000030301020303000102020000D0190020B4
:109F90000200000B010000000700000000000000AC
:109FA00000000000000000000406080A0C0E101259
:109FB0001416181C1E20222426282A2C2E30323457
:109FC00036383A3C3E40424446484A4C4E021A50CB
:109FD00000000000280000001800000050010000F0
:109FE0005001000000000000F023000024130000D6
:109FF00018790000E86700001C0C78051437A438B5
:10A00000000000004006000040060000400600007E
:10A0100040060000000098086B039C1858020000DE
:10A02000000000000000000000000000F02300001D
:10A03000241300003CF000003CF000000000000091
:10A0400048A3000014A000003CA5000068A6000082
:10A050000000000000000000000000000000000000
:10A06000000040060C0334086009000000000000F6
:10A0700000000000E3A3C3007C0500200200000BE9
:10A080003A1A00200200000C381A00200200000BCF
:10A09000381A00200100000C9C1A00200100000C5E
:10A0A000010208FF7F00200018000A8007200298A4
:10A0B00001AA800001020304020304040102030454
:10A0C000010101020101010102030402E4E1D8D20D
:10A0D000C6C9B4B19C93878D6C6378724E4B272DA3
:10A0E0001B1E363900206020406080000102000500
:10A0F0000400080800000000000225000100000024
:10A100000A0000007F0300000000000000000101C1
:10A110000101010101010101010102020202020229
:10A12000030304040505060607070808090A0B0CC3
:10A130000D0E0F101112131415161718191A1B00F3
:10A1400010010000D200000030010000D800000023
:10A1500001000000E400000002000000EA0000002E
:10A1600002000000EC00000003000000EE00000010
:10A1700004000000F000000005000000F2000000F4
:10A1800006000000F400000007000000F6000000D8
:10A1900008000000F700000009000000F8000000BF
:10A1A0000A000000F90000000B000000FA000000A7
:10A1B0000D000000FB0000000F000000FC0000008C
:10A1C00011000000FD00000013000000FE00000070
:10A1D00015000000FF000000180000000000000053
:10A1E0001B000000010000001F0000000200000032
:10A1F000230000000300000028000000040000000D
:10A200002D000000050000003300000006000000E3
:10A2100039000000070000003F00000008000000B7
:10A2200000100200FA000000000100081200000007
:10A2300000000000029ECADC240EE5A9E093F3A30F
:10A24000B50100406E029ECADC240EE5A9E093F33E
:10A25000A3B50300406E029ECADC240EE5A9E0937C
:10A26000F3A3B50200406E000000000000000000F3
:10A270000338FDD870470000000000000000000017
:10A280000338FDD87047000089BB0300D8BA03002B
:10A29000BABA03009CBA03007EBA030090BB030065
:10A2A00096BB03000971010000000000196801005D
:10A2B0001569010007100000300C002001010000AA
:10A2C000400C0020090F00007CAD0300A0250020F9
:10A2D0000001000039420300E341030002000000D6
:10A2E000B343030000000000000000000000000075
:10A2F000000000005EC6030066C603000000000008
:10A3000000000000000000005EE703006EC60300CE
:10A3100072C6030076C60300BDB00100B1B00100F3
:10A32000E1B0010099B0010000000000A5B00100FB
:10A33000000000003DB1010040820020A3900020F9
:10A34000100000004CA3030050820020CDB101009A
:10A3500068820020B39000200100000067440300E1
:10A360005D4403002B440300F1B101000000000034
:10A370001F44030000000000040000000000000073
:10A380000000000000F800007490030001000000CD
:10A390000000010000200B00749003000200000088
:10A3A00000200C0000200B0074900300030000004C
:10A3B000004017000090000074900300C0AB030041
:10A3C000E35D030000000000BCAB030000000100DF
:10A3D000B8AB030061600300000000008C0800209F
:10A3E00000000100B0AB0300314503000000000095
:10A3F0000000000000000100ACAB0300616003003E
:10A40000000000008408002000000100A4AB03004D
:10A41000FD440300000000000000000000000100F7
:10A42000A0AB030061600300000000007C08002076
:10A430000000010098AB0300B9B201000000000069
:10A44000000000000000010075B60100E9470300AC
:10A45000C34703000000000015B701000000000022
:10A46000DF450300D0AB0300E35D03000000000004
:10A470000C1E040000000100CCAB0300616003006F
:10A4800000000000CC08002000000100EA1D0400CC
:10A4900000000000000000000000000000000100BB
:10A4A000C8AB0300B55D0300B91C0200A80800207A
:10A4B00000000300C4AB0300616003000000000063
:10A4C000A008002000000100C81D040000000000DA
:10A4D00049C4010000000000000003002005002026
:10A4E000000000000600010002000000F0A40300CC
:10A4F000000000005DD5030002000000E0CF17005F
:10A500000000002065D5030021000000E0FF0320CB
:10A51000D4080020B1D6010000000000FF4B03006A
:10A5200014A5030030A50300FB010000000000009B
:10A53000B4EC002014A5030044A503002E00000085
:10A5400000000000F809012014A5030058A503002D
:10A550000201000000000000CC0A0120FF4E0300B1
:10A560003F4F03000000000000000000000000005A
:10A57000E5FB0100000000000000000000000000FA
:10A5800000000000020201008F54030004040100D7
:10A59000F508020006060100350802000804010063
:10A5A000210702000A020100775403000C04010095
:10A5B0005F5403000E040100FD05020020040100A9
:10A5C0006905020010040100790402001202010072
:10A5D0000154030016040100610902001801010082
:10A5E000250302001E0004009558030052020000DB
:10A5F000D7530300010402003913020003020200D2
:10A6000029580300050102005D58030007040200F9
:10A610006D58030009010200715803000B0002008D
:10A62000755803000D000200795803000F00020066
:10A630007D5803002102020081580300110102002D
:10A640008558030013000200895803001704020014
:10A650008D58030019000200915803001B020300EB
:10A66000EB5003001D0205006900020023040300F3
:10A67000D950030014A5030084A60300FD010000C7
:10A6800000000000E80B012014A5030098A60300B9
:10A69000F2010000000000005C22012000AC030079
:10A6A000E35D030000000000FCAB030000000100BC
:10A6B000F8AB03006160030000000000380A0020CE
:10A6C00000000100F0AB03000000000000000000EB
:10A6D0000000000000000000ECAB0300B55D0300CB
:10A6E000B91C0200400A002000000300E8AB030090
:10A6F0006160030000000000300A0020000001003B
:10A70000E0AB03001B5E03000D1E02000000000012
:10A7100000000300DCAB03006160030000000000E8
:10A72000280A002000000100D4AB0300F52302003A
:10A730000000000000000000000001000000000018
:10A740000000000000000000000000000000000009
:10A75000EF630300000000000000000000000000A4
:10A760000000000014F2030032F203004DF2030077
:10A770005DF203006AF2030073F203007AF2030051
:10A7800081F2030088F2030090F203006AF20300F2
:10A7900098F20300AAF20300BFF20300D2F2030012
:10A7A0000E030000ED5A02000F040000B95A020027
:10A7B0001A01000031400200050400004940020077
:10A7C00013010000E14802003E010000C5450200FF
:10A7D00001120000C36403000A1E0000D1640300DC
:10A7E000FF010000394702003E0100001947020046
:10A7F000050400009D400200100100001541020008
:10A800000201000055F30100011200007D53020017
:10A810000A1E00004365030003090000A542020070
:10A82000040B0000F1430200060A0000F559020083
:10A83000070A0000D14102000C050000BD4A0200D9
:10A840002BFD00007541020014A5030058A8030069
:10A8500002010000000000007826012064DE0300F1
:10A860005EF903007EF9030072F9030089F9030021
:10A87000A0F90300B0F9030000BA030071DE030081
:10A8800014A5030090A803000000000000000000D1
:10A890009427012014A50300A4A80300FB010000D5
:10A8A00000000000E42701203D7402002D75020025
:10A8B00000000000C5760200DD75020045FA0300C5
:10A8C00017690300136903004BFA0300100000002E
:10A8D00001FF00007D0100000010000090900300C7
:10A8E00000127A0000010000E88F0300050001005B
:10A8F000000000000100000000000000E88F0300DD
:10A900000000010000008000800000000000010045
:10A91000C228170000000100000001001200000022
:10A920000100000000FF000000A0105000820D5048
:10A93000000405507F000000FFFF0100FF0700003A
:10A940007F00000000A01050E4080020000000007C
:10A9500000000000FFFF010000820D505C09002094
:10A960000000000001000000FF0700000004055087
:10A9700000000000000000000200000000A01050D5
:10A9800000820D50000405507F000000FFFF010011
:10A99000FF0700000040105002000000000000000F
:10A9A000C8A9030000C201000000D6010000000099
:10A9B0000000004000100000419100203C91002068
:10A9C0003B9100203A91002000401050D4A9030090
:10A9D00001000000DCA903000400000000000000EA
:10A9E00002000002010600010306000300600C5093
:10A9F000020000000000000020AA030000C20100C5
:10AA00000000D6010000000000000040001000001F
:10AA1000509100204B9100204A9100204991002044
:10AA200000600C502CAA03000100000034AA0300AF
:10AA3000040000002400000026000002250600019A
:10AA4000270600036172030068AA0300E58D020077
:10AA500088AA030060910020589100200048E80176
:10AA6000FFFFFF010100000000A0045074AA0300D2
:10AA7000010000007CAA0300030000004100000464
:10AA80004200000544000006E88F030005000100B5
:10AA900000A0105000820D50000405507F000000FF
:10AAA000FFFF0100FF070000E88F0300090000001E
:10AAB000CC8F03000A000000E88F030007000000AD
:10AAC000CC8F03000E000000599902007775030037
:10AAD000A575030000A0105000820D500004055021
:10AAE0007F000000FFFF0100FF07000008000000DA
:10AAF00002000000040000000100000000A010504F
:10AB000000820D50000405507F000000FFFF01008F
:10AB1000FF07000098100400A6100400BA100400FB
:10AB2000C9100400D5100400A48E0300B48E0300E5
:10AB30001C8F0300248F03008C8F0300948F03006D
:10AB40004E1404000001000088130000E98C03008B
:10AB500000010100000202000014000000280000B3
:10AB60000040000001000000020000000F00000093
:10AB70001000000010000000200000001000000085
:10AB80001000000088AB0300110000001128000035
:10AB900011080000010000000000042A0000042A3F
:10ABA000000003280000012A0000012A00000328F9
:10ABB0000000002A0000002A0000032800000018FE
:10ABC00000000028000003280000022900000328DC
:10ABD0000000002800002A2B00002A2B0000032878
:10ABE0000000292B0000292B000003280000022967
:10ABF0000000052A0000052A0000032800000118B3
:10AC0000000000284572726F72207768696C6520B9
:10AC1000646973636F766572696E67204741545447
:10AC20002064617461626173653A2028256429009B
:10AC300053657276696365206E6F7420666F756EFA
:10AC40006400436F6E6E656374696E672066616948
:10AC50006C656400556E737570706F7274656420F6
:10AC600050485920656E756D2025640062745F63DD
:10AC70006F6E6E5F6C655F7068795F75706461742C
:10AC80006528292072657475726E656420256420BC
:10AC9000286F7074203078257829005075736820EB
:10ACA000646174612074696D657220657870697281
:10ACB00065642C207375626D697474696E672070A9
:10ACC0007573685F646174615F776F726B00416474
:10ACD000766572746973696E6720616C7265616410
:10ACE0007920616374697665004164766572746980
:10ACF00073696E67206661696C656420746F207388
:10AD00007461727420286572722025642900416480
:10AD1000766572746973696E6720737563636573B2
:10AD20007366756C6C79207374617274656400531A
:10AD300063616E20737461727420736B69707065E7
:10AD400064202870617573656420627920554152D2
:10AD50005420636F6D6D616E6429004661696C6596
:10AD60006420746F2073746F70207363616E6E69FA
:10AD70006E67202865727220256429004E6F726408
:10AD800069635F4844545F44656D6F004E616D6553
:10AD90002066696C7465722063616E6E6F742062E8
:10ADA00065206164646564202865727220256429C9
:10ADB0000046696C746572732063616E6E6F7420F7
:10ADC0006265207475726E6564206F6E20286572EE
:10ADD0007220256429005363616E6E696E67206678
:10ADE00061696C656420746F2073746172742028CB
:10ADF00065727220256429005363616E207374614B
:10AE00007274656400636F756C64206E6F74207378
:10AE1000746172742074686520646973636F766509
:10AE200072792070726F6365647572652C2065722B
:10AE3000726F7220636F64653A20256400417574F7
:10AE40006F207365637572697479206469736162D8
:10AE50006C65642C207374617274696E67204D5444
:10AE6000552065786368616E676520646972656303
:10AE7000746C79004D54552065786368616E676520
:10AE8000206661696C6564202865727220256429DA
:10AE9000004D54552065786368616E676520696E62
:10AEA000697469617465642028657272202564295B
:10AEB000004661696C656420746F20676574206367
:10AEC0006F6E6E656374696F6E20696E666F2028A1
:10AED0006572722025642900415454206572726F96
:10AEE0007220636F64653A20307825303258004410
:10AEF0006174612041434B6564004E6F7420616250
:10AF00006C6520746F20616C6C6F63617465205593
:10AF10004152542072656365697665206275666684
:10AF2000657200536B697020636F6E6E20696E747A
:10AF3000657276616C207570646174653A20776122
:10AF40006974696E6720666F722066697273742017
:10AF5000696E74657276616C2063616C6C626163AA
:10AF60006B00536B697020636F6E6E20696E746541
:10AF70007276616C207570646174653A20756E63D9
:10AF800068616E6765642028307825303478290040
:10AF900072657175657374696E6720636F6E6E207C
:10AFA000696E74657276616C207570646174653A5F
:10AFB00020256420756E69747320282564206D73C4
:10AFC000292C206C6174656E63793A2025642C20ED
:10AFD00074696D656F75743A20256420756E6974A7
:10AFE0007320282564206D73290062745F636F6E7F
:10AFF0006E5F6C655F706172616D5F7570646174C6
:10B0000065206661696C656420286572722025641C
:10B01000290052657175657374656420636F6E6E87
:10B0200020696E74657276616C20757064617465F8
:10B0300020746F2030782530347800556E6B6E6F39
:10B04000776E0050485920757064617465643A20C9
:10B05000314D4250530050485920757064617465F9
:10B06000643A20324D425053005048592075706464
:10B07000617465643A2025730050485920757064E6
:10B08000617465643A204844542028706565722DC7
:10B09000696E69746961746564293B2072617465C5
:10B0A00020756E6B6E6F776E206F6E20746869739B
:10B0B00020626F6172640050485920757064617439
:10B0C00065643A20756E6B6E6F776E004355525211
:10B0D000454E542073746174653A20696E746572CC
:10B0E00076616C202564206D732C206C6174656E14
:10B0F00063792025642C2074696D656F7574202533
:10B1000064206D73005245515545535445443A20CF
:10B11000696E745F6D696E20256420756E69747345
:10B1200020282564206D73292C20696E745F6D6161
:10B130007820256420756E69747320282564206D3D
:10B1400073292C206C61742025642C2074696D6532
:10B150006F757420256420756E69747320282564CA
:10B16000206D732900496E74657276616C206F756D
:10B1700074206F662072616E67653A206D696E207B
:10B180002564202873775F6C696D697420256429B4
:10B190002C206D6178202564202873775F6C696DA1
:10B1A000697420256429004C6174656E63792025DB
:10B1B00064206E6F7420737570706F7274656400B4
:10B1C00054696D656F7574206F7574206F66207299
:10B1D000616E67653A2025642A343D2564207673C4
:10B1E00020696E74657276616C5F6D61783D25646F
:10B1F0002C206F722074696D656F75742025642032
:10B200003E203332303000436F6E6E656374696F79
:10B210006E20706172616D65746572207265717502
:10B220006573742041434345505445440044617460
:10B2300061206C656E677468207570646174656404
:10B240002E204C656E6774682025642F256420626B
:10B25000797465732C2074696D652025642F2564CD
:10B2600020757300636F6E6E656374696F6E207016
:10B270006172616D65746572732075706461746567
:10B28000643A20696E7420307825303478206C61FF
:10B2900074203078253034782074696D656F75744A
:10B2A00020307825303478007075626C69630072E4
:10B2B000616E646F6D007075626C69632D69640006
:10B2C00072616E646F6D2D696400253032583A25C5
:10B2D0003032583A253032583A253032583A2530F3
:10B2E00032583A2530325820282573290044697392
:10B2F000636F6E6E65637465643A2025732C2072EB
:10B300006561736F6E2030782530327820257300A8
:10B3100046696C74657273206D6174636865642E30
:10B3200020416464726573733A20257320636F6EE5
:10B330006E65637461626C653A2025640063656EB6
:10B340007472616C007065726970686572616C001E
:10B350004661696C656420746F20636F6E6E65630F
:10B360007420746F2025732C20307825303278209B
:10B37000257300436F6E6E65637465643A202573B0
:10B380002028726F6C652025732900496E626F75E5
:10B390006E64207065726970686572616C2D726F81
:10B3A0006C6520636F6E6E656374696F6E20657384
:10B3B0007461626C6973686564004170706C696582
:10B3C0006420646566657272656420636F6E6E20CA
:10B3D000696E74657276616C207570646174653A2B
:10B3E0002030782530347800446566657272656473
:10B3F00020636F6E6E20696E74657276616C207565
:10B400007064617465207374696C6C2070656E641F
:10B41000696E672028657272202564290053746F55
:10B4200070204C45207363616E206661696C6564B1
:10B43000202865727220256429004661696C656464
:10B4400020746F2073656E642064617461206F7670
:10B4500065722055415254005365727669636520C8
:10B46000646973636F7665727920636F6D706C6564
:10B47000746564004D54552065786368616E676536
:10B4800020646F6E65004D54552073697A653A20CB
:10B490002564004D54552065786368616E676520AA
:10B4A0006661696C6564202865727220256868751C
:10B4B0002900646174615F6C656E5F7570646174AE
:10B4C00065206661696C6564202865727220256458
:10B4D000290048445420287261746520756E6B6E93
:10B4E0006F776E290073656E64696E67206461749E
:10B4F00061206F76657220424C4520636F6E6E65E9
:10B500006374696F6E007772697465206661696C37
:10B51000656420616674657220257520706B747394
:10B520002028657272202564290054582025733A1A
:10B5300020257520706B74732F732C202575204285
:10B540002F706B742C20636F6E6E5F696E74202594
:10B55000752075732C207E257520706B74732F6396
:10B560006F6E6E2D696E74657276616C2C206D61E4
:10B5700078206275727374206265666F72652077D9
:10B58000616C6C2025750043616E6E6F7420696E6E
:10B590006974204C45447320286572723A202564F2
:10B5A0002900426C7565746F6F746820696E6974E8
:10B5B000206661696C6564202865727220256429A3
:10B5C00000426C7565746F6F746820696E69746988
:10B5D000616C697A656400554152542064657669EE
:10B5E0006365206E6F7420726561647900756172A5
:10B5F000745F696E6974206661696C656420286592
:10B60000727220256429004E555320436C69656E83
:10B610007420696E697469616C697A6174696F6EAE
:10B62000206661696C656420286572722025642932
:10B63000006E75735F636C69656E745F696E6974C3
:10B64000206661696C656420286572722025642912
:10B65000004E555320436C69656E74206D6F6475A0
:10B660006C6520696E697469616C697A65640062F1
:10B67000745F6E75735F696E6974206661696C656D
:10B6800064202865727220256429005363616E204E
:10B690006D6F64756C6520696E697469616C697A37
:10B6A0006564006863695F76735F7364635F636F8B
:10B6B0006E6E5F6576656E745F657874656E642026
:10B6C0006661696C656420286572722025642900B2
:10B6D0005374617274696E6720426C7565746F6F24
:10B6E00074682043656E7472616C20554152542019
:10B6F00073616D706C650A004661696C65642074E5
:10B700006F20616C6C6F6361746520737461727417
:10B710007570205541525420627566666572004608
:10B7200061696C656420746F2073656E6420737446
:10B730006172747570206D657373616765206F76D3
:10B74000657220554152543A202564005374617249
:10B75000747570206D6573736167652073656E74B1
:10B76000206F766572205541525400726563656999
:10B770007665642064617461206F76657220424C46
:10B780004520636F6E6E656374696F6E2028636514
:10B790006E7472616C293A20256420627974657335
:10B7A00000446174613A203078253032783A25308F
:10B7B00032783A253032783A253032780044617454
:10B7C000613A203078253032783A253032783A257F
:10B7D00030327800446174613A2030782530327814
:10B7E0003A2530327800446174613A20307825304F
:10B7F0003278006E6577207061636B6574207369C1
:10B800007A653A2025642062797465730052656D0B
:10B810006F74652072657175657374656420504836
:10B82000592075706461746520746F202573202819
:10B83000656E756D202564290052656365697665BE
:10B84000642064617461207769746820756E6B6E22
:10B850006F776E20666F726D6174004661696C650A
:10B860006420746F20746F67676C652072656D6FFC
:10B870007465204C45442028657272202564290097
:10B88000546F67676C65642072656D6F7465204CDA
:10B890004544004661696C656420746F207570646E
:10B8A000617465207061636B65742073697A6520CB
:10B8B000286572722025642900526571756573745C
:10B8C0006564207061636B65742073697A652075A7
:10B8D000706461746520746F2025752062797465C9
:10B8E00073004661696C656420746F2073656E64D3
:10B8F00020504859207265717565737420286572EF
:10B9000072202564290053656E742072656D6F7412
:10B91000652050485920726571756573743A202509
:10B92000732028656E756D20256429007561727419
:10B9300020646174613A206C656E2025642C20645B
:10B940006174613A0A2573004661696C656420740C
:10B950006F2073746F70207363616E20286572723C
:10B9600020256429006C656430006C6564310050EA
:10B97000485920667265657A650050485920756E91
:10B98000667265657A65002424002C00556E6B6E26
:10B990006F776E205541525420636F6D6D616E64F8
:10B9A000006366672064656C61793D25642070687A
:10B9B00079733D3078253032782066696C653D2595
:10B9C000754D4220693D307825303478206D3D2515
:10B9D0007500446566657272656420636F6E6E20E3
:10B9E000696E74657276616C20757064617465202F
:10B9F000746F2030782530347820756E74696C202F
:10BA0000636F6E6E656374656400756172745F74F4
:10BA100078206661696C65643A2025640028736B40
:10BA20006970706564290052657175657374696E1B
:10BA300067205048592075706461746520746F20C8
:10BA4000314D4250530052657175657374696E676C
:10BA5000205048592075706461746520746F2032DD
:10BA60004D4250530052657175657374696E67205D
:10BA70005048592075706461746520746F20484483
:10BA800054320052657175657374696E6720504851
:10BA9000592075706461746520746F204844543374
:10BAA0000052657175657374696E6720504859203E
:10BAB00075706461746520746F204844543400527A
:10BAC000657175657374696E67205048592075708B
:10BAD0006461746520746F20484454360052657167
:10BAE00075657374696E672050485920757064617C
:10BAF000746520746F204844543735005265717561
:10BB0000657374696E67205048592075706461745C
:10BB10006520746F20756E6B6E6F776E205048597C
:10BB2000007570646174696E672066726F6D205075
:10BB3000485920257320746F2050485920257300E0
:10BB40007068792C2054503A2025642C20256420DC
:10BB50006B62707320257300536B697070696E6738
:10BB6000207468726F756768707574207265706F85
:10BB7000727420666F7220504859206368616E6746
:10BB8000652025642C20256400484454372E350058
:10BB90004C4520324D004C4520314D006D795F7091
:10BBA0007573685F7468726561645F696400686179
:10BBB0006E646C655F756172745F746872656164F0
:10BBC0005F6964006864745F64656D6F00686561D7
:10BBD0007020636F7272757074696F6E2028667260
:10BBE0006565206C697374206C696E6B616765298B
:10BBF000006865617020636F7272757074696F6E32
:10BC0000202866726565206368756E6B206C696EAE
:10BC10006B61676529006865617020636F7272757A
:10BC20007074696F6E20286E6F7420696E20757352
:10BC3000653F29206174202570006865617020636C
:10BC40006F7272757074696F6E20286275666665B2
:10BC500072206F766572666C6F773F292061742061
:10BC60002570006865617020636F72727570746909
:10BC70006F6E20286C656674206E65696768626FF8
:10BC8000723F29206174202570006865617020630F
:10BC90006F7272757074696F6E2028646F75626C54
:10BCA0006520667265653F29206174202570005704
:10BCB0004553545F544F504449522F7A6570687908
:10BCC000722F6C69622F686561702F686561702ED4
:10BCD000630028616C69676E20262028616C6967A3
:10BCE0006E202D20312929203D3D20300041535325
:10BCF000455254494F4E204641494C205B25735DC7
:10BD000020402025733A25640A0009616C69676E3A
:10BD1000206D757374206265206120706F77657285
:10BD2000206F6620320A006279746573202F2038F4
:10BD300055203C3D203078376666665500096865B9
:10BD400061702073697A6520697320746F6F206257
:10BD500069670A006279746573203E2068656170C6
:10BD60005F666F6F7465725F62797465732862795C
:10BD7000746573290009686561702073697A6520AC
:10BD8000697320746F6F20736D616C6C0A00686555
:10BD900061705F737A203E206368756E6B737A28DA
:10BDA00073697A656F6628737472756374207A5F3D
:10BDB000686561702929006368756E6B305F73690F
:10BDC0007A65202B206D696E5F6368756E6B5F739B
:10BDD000697A65286829203C3D20686561705F7339
:10BDE0007A006F735F6865617000574553545F5404
:10BDF0004F504449522F7A65706879722F6C69628E
:10BE00002F6F732F63627072696E74665F70616307
:10BE10006B616765642E630009537472696E6720F5
:10BE20007769746820746F6F206D616E792061721C
:10BE300067756D656E74730A00097374725F707450
:10BE4000725F706F735B5D20746F6F20736D616CD8
:10BE50006C0A0009746F6F206D616E7920666F72D5
:10BE60006D617420617267730A00696E5F7061634F
:10BE70006B6167656420213D202828766F69642006
:10BE80002A2930290028756E7369676E6564292038
:10BE900063686172202A207573656420666F722062
:10BEA00025257020617267756D656E742E2049744A
:10BEB0002773207265636F6D6D656E6465642074B1
:10BEC0006F206361737420697420746F20766F69CA
:10BED00064202A2062656361757365206974206D32
:10BEE0006179206361757365206D6973626568614E
:10BEF00076696F7220696E206365727461696E2065
:10BF0000636F6E66696775726174696F6E732E20F8
:10BF1000537472696E673A222573222061726775C5
:10BF20006D656E743A256400736370795F636E7437
:10BF3000203C2073697A656F66286370795F73743B
:10BF4000725F706F7329006B6565705F636E74203C
:10BF50003C2073697A656F66286B6565705F7374E2
:10BF6000725F706F73290063627072696E74665FCE
:10BF70007061636B61676500574553545F544F5060
:10BF80004449522F7A65706879722F696E636C75B7
:10BF900064652F7A65706879722F6B65726E656C57
:10BFA0002E6800216B5F69735F7072655F6B6572ED
:10BFB0006E656C282900096B5F63757272656E741B
:10BFC0005F6765742063616C6C6564207072652DB9
:10BFD0006B65726E656C0A00574553545F544F5041
:10BFE0004449522F7A65706879722F6C69622F6F9D
:10BFF000732F6D7073635F706275662E6300657278
:10C0000072203D3D203000574553545F544F5044FB
:10C0100049522F7A65706879722F696E636C756406
:10C02000652F7A65706879722F7370696E6C6F63B3
:10C030006B2E68007A5F7370696E5F6C6F636B5F05
:10C0400076616C6964286C290009496E76616C69B7
:10C0500064207370696E6C6F636B2025700A007AC0
:10C060005F7370696E5F756E6C6F636B5F76616C2A
:10C070006964286C2900094E6F74206D79207370F3
:10C08000696E6C6F636B2025700A007379735F674C
:10C0900065746F707400574553545F544F50444952
:10C0A000522F7A65706879722F6C69622F75746986
:10C0B0006C732F6F6E6F66662E63007374617465A8
:10C0C000203D3D20305500217379735F736C697397
:10C0D000745F69735F656D70747928266D67722D62
:10C0E0003E636C69656E747329007472616E736966
:10C0F0007420213D202828766F6964202A29302960
:10C10000007374617465203D3D202831554C203CFE
:10C110003C2028312929006D67722D3E72656673B7
:10C12000203D3D2030007374617465203D3D202822
:10C1300031554C203C3C2028302929005745535488
:10C140005F544F504449522F7A65706879722F6C52
:10C1500069622F7574696C732F6E6F746966792EBE
:10C1600063004661696C757265207768696C65204B
:10C1700065726173696E67207468652073656374A6
:10C180006F72206174206F66667365742030782545
:10C190006C78005A4D532056657273696F6E206932
:10C1A00073206E6F7420737570706F7274656400A5
:10C1B0004E6F2076616C696420656D7074792041E2
:10C1C000544520666F756E6420696E207468652022
:10C1D0006C61737420736563746F72004E6F2047D7
:10C1E0004320446F6E65206D61726B657220666FCF
:10C1F000756E643A2072657374617274696E67203B
:10C20000676300474320446F6E65206D61726B6504
:10C210007220666F756E6400496E76616C69642089
:10C22000667300436F756C64206E6F74206F627468
:10C2300061696E20666C61736820706172616D6502
:10C240007465727300556E737570706F7274656487
:10C2500020777269746520626C6F636B2073697AF2
:10C260006500556E61626C6520746F20676574208F
:10C270007061676520696E666F00496E76616C69F2
:10C280006420736563746F722073697A6500496E08
:10C2900076616C696420736563746F722073697A68
:10C2A000652C2073686F756C642062652061742052
:10C2B0006C6561737420257A7500436F6E666967DB
:10C2C00075726174696F6E206572726F72202D20B5
:10C2D000736563746F7220636F756E742062656C32
:10C2E0006F77206D696E696D756D20726571756906
:10C2F00072656D656E74202832290025752053659E
:10C3000063746F7273206F6620257520627974657F
:10C310007300616C6C6F63207772613A20256C6CDE
:10C32000752C20256C6C78006461746120777261D3
:10C330003A20256C6C752C20256C6C78005A4D5376
:10C3400020696E6974206661696C656420282564C3
:10C35000292C20776970696E672070617274697426
:10C36000696F6E007A6D73206E6F7420696E6974E8
:10C3700069616C697A6564004661696C6564207402
:10C380006F20636C6F7365207468652073656374D8
:10C390006F722C2072657475726E6564203D202565
:10C3A00064004761726261676520636F6C6C6563EE
:10C3B00074696F6E206661696C65642C20726574A7
:10C3C00075726E6564203D2025640066735F7A6D2A
:10C3D0007300574553545F544F504449522F7A6568
:10C3E000706879722F696E636C7564652F7A6570F9
:10C3F0006879722F6C6F6767696E672F6C6F675F04
:10C400006261636B656E642E68006261636B656E6A
:10C410006420213D202828766F6964202A2930294C
:10C42000006C6F6767696E6700574553545F544FE0
:10C43000504449522F7A65706879722F7375627310
:10C4400079732F6C6F6767696E672F6C6F675F63B7
:10C450006F72652E63006C6F675F6261636B656E00
:10C46000645F636F756E745F6765742829203C2074
:10C4700028283332202F20335529202D2028312001
:10C480002B20302929006261636B656E64203C3D7E
:10C49000205F6C6F675F6261636B656E645F6C6980
:10C4A00073745F656E640009756E6578706563749A
:10C4B0006564206C69737420656E64206C6F6361C1
:10C4C00074696F6E0A006C6F675F6261636B656EA3
:10C4D000645F636F756E745F6765742829203E2002
:10C4E00030006C6F67006C6F675F6D676D74004D37
:10C4F0006573736167652028222573222920647281
:10C500006F7070656420626563617573652069741E
:10C5100020657863656564732073697A65206C694A
:10C520006D69746174696F6E2028257529005745FF
:10C5300053545F544F504449522F7A657068797252
:10C540002F7375627379732F6C6F6767696E672FCE
:10C550006C6F675F6D73672E6300706C656E203E55
:10C560003D2030004D6573736167652064726F70A4
:10C570007065642062656361757365206974206508
:10C580007863656564732073697A65206C696D6989
:10C59000746174696F6E2028257529000D0A005793
:10C5A0004553545F544F504449522F7A657068790F
:10C5B000722F7375627379732F6C6F6767696E671B
:10C5C0002F6C6F675F6F75747075742E63006F7575
:10C5D000745F6374782D3E636F6E74726F6C5F620C
:10C5E0006C6F636B2D3E6F6666736574203C3D20F7
:10C5F0006F75745F6374782D3E73697A65001B5B99
:10C60000306D006C6576656C203C3D2034002573F0
:10C6100020005B2530386C755D20005B253032755D
:10C620003A253032753A253032752E253033752C47
:10C63000253033755D20003C25733E200025732F87
:10C640000025733A2000657272203E3D203000259F
:10C650003032782000202020007C002563001B5B06
:10C66000313B33316D001B5B313B33336D007772EF
:10C670006E00696E6600646267006C6F675F62617E
:10C68000636B656E645F72747400574553545F54F6
:10C690004F504449522F7A65706879722F737562D2
:10C6A0007379732F6C6F6767696E672F6261636B55
:10C6B000656E64732F6C6F675F6261636B656E6438
:10C6C0005F756172742E63006465766963655F6986
:10C6D000735F726561647928756172745F646576F1
:10C6E00029006C6F675F6261636B656E645F756183
:10C6F0007274006C6F675F756172740057455354B4
:10C700005F544F504449522F7A65706879722F7385
:10C7100075627379732F73657474696E67732F73A1
:10C7200072632F73657474696E67732E6300636838
:10C73000203C3D205F73657474696E67735F686148
:10C740006E646C65725F7374617469635F6C697346
:10C75000745F656E64007365742D76616C75652019
:10C760006661696C7572652E206B65793A20257358
:10C77000206572726F722825642900574553545FF3
:10C78000544F504449522F7A65706879722F7375EF
:10C79000627379732F73657474696E67732F737224
:10C7A000632F73657474696E67735F7A6D732E633C
:10C7B000007263203C2073697A656F662872646E2C
:10C7C000616D6529004D6178696D756D20686173D3
:10C7D0006820636F6C6C6973696F6E73207265613A
:10C7E00063686564004C696E6B6564206C69737482
:10C7F00020666F72206861736865732069732062B8
:10C80000726F6B656E2C20547279696E6720746F3D
:10C81000207265636F766572002A2A2A20426F6F44
:10C8200074696E67206E524620436F6E6E65637446
:10C830002053444B2076332E342E39392D3933642E
:10C84000623337346437383733202A2A2A0A002AD9
:10C850002A2A205573696E67205A6570687972209C
:10C860004F532076342E342E302D6665633537389D
:10C87000316665343331202A2A2A0A00425420477F
:10C8800041545420444D20575100556E73757070BB
:10C890006F72746564205555494420747970652E13
:10C8A00000574553545F544F504449522F6E72669F
:10C8B0002F7375627379732F626C7565746F6F7403
:10C8C000682F676174745F646D2E63006C656E2001
:10C8D0003C3D2028313238202D2073697A656F66FF
:10C8E00028737472756374206B5F68656170202AA9
:10C8F00029202D2073697A656F66287374727563B9
:10C900007420646174615F6368756E6B5F697465E0
:10C910006D202A2929004E6F20737061636520669F
:10C920006F72206E657720617474726962757465C8
:10C930002E004E6F20737061636520666F722061F8
:10C94000747472696275746520646174612E005537
:10C950006E696E697469616C697A656420555549C0
:10C96000442E004E6F20737061636520666F7220E5
:10C970006120555549442E00417474726962757482
:10C980006573206E6F74206C6F636B656400474144
:10C99000545420646973636F766572206661696CB4
:10C9A00065642C206572726F723A2025642E0055E2
:10C9B0006E657870656374656420636F6E6E206F5A
:10C9C000626A6563742E2041626F7274696E672EAD
:10C9D0000062745F757569645F636D70286174745B
:10C9E000722D3E757569642C202828636F6E7374F0
:10C9F000207374727563742062745F757569642046
:10CA00002A29202828636F6E7374207374727563EB
:10CA1000742062745F757569645F31365B5D2920CF
:10CA20007B7B202E75756964203D207B2042545FFE
:10CA3000555549445F545950455F3136207D2C206F
:10CA40002E76616C203D2028307832383030292C09
:10CA5000207D7D292929203D3D2030207C7C2062BD
:10CA6000745F757569645F636D7028617474722D8D
:10CA70003E757569642C202828636F6E737420736B
:10CA800074727563742062745F75756964202A29F5
:10CA9000202828636F6E737420737472756374201A
:10CAA00062745F757569645F31365B5D29207B7BDD
:10CAB000202E75756964203D207B2042545F5555BA
:10CAC00049445F545950455F3136207D2C202E76E5
:10CAD000616C203D2028307832383031292C207D7F
:10CAE0007D292929203D3D2030004E6F7420656E40
:10CAF0006F756768206D656D6F727920666F722043
:10CB000073657276696365206174747269627574A5
:10CB1000652E006375725F736572766963655F7613
:10CB2000616C20213D202828766F6964202A2930F5
:10CB300029004E6F7420656E6F756768206D656D96
:10CB40006F727920666F72207365727669636520F3
:10CB500061747472696275746520646174612E0019
:10CB60004E6F7420656E6F756768206D656D6F72AE
:10CB70007920666F72206E657874206174747269B2
:10CB8000627574652064657363726970746F722076
:10CB900061742068616E646C652025752E00627476
:10CBA0005F757569645F636D7028617474722D3E82
:10CBB000757569642C202828636F6E7374207374F4
:10CBC000727563742062745F75756964202A292008
:10CBD0002828636F6E737420737472756374206297
:10CBE000745F757569645F31365B5D29207B7B20DE
:10CBF0002E75756964203D207B2042545F55554950
:10CC0000445F545950455F3136207D2C202E76618B
:10CC10006C203D2028307832383033292C207D7D1F
:10CC2000292929203D3D2030006375725F676174BA
:10CC3000745F6368726320213D202828766F6964E1
:10CC4000202A2930290009556E6B6E6F776E20708F
:10CC50006172616D20747970652E0A004469736396
:10CC60006F766572206661696C65642C20657272EE
:10CC70006F723A2025642E0062745F676174745F7E
:10CC8000646D006E72665F62745F7363616E0062F2
:10CC9000745F6E7573004D697373696E67204E55CE
:10CCA00053205458206368617261637465726973BC
:10CCB0007469632E004D697373696E67204E555316
:10CCC0002054582076616C756520646573637269C1
:10CCD00070746F7220696E2063686172616374653D
:10CCE0007269737469632E004D697373696E67208E
:10CCF0004E55532054582043434320696E206368A7
:10CD00006172616374657269737469632E004D6941
:10CD10007373696E67204E555320525820636861C3
:10CD200072616374657269737469632E004D69730F
:10CD300073696E67204E55532052582076616C758A
:10CD4000652064657363726970746F7220696E2008
:10CD500063686172616374657269737469632E00DC
:10CD6000537562736372696265206661696C65649C
:10CD7000202865727220256429006E75735F630038
:10CD800072302F61313A20203078253038782020D9
:10CD900072312F61323A20203078253038782020C7
:10CDA00072322F61333A2020307825303878007283
:10CDB000332F61343A202030782530387820723192
:10CDC000322F69703A20203078253038782072313F
:10CDD000342F6C723A202030782530387800207853
:10CDE0007073723A202030782530387800466175AB
:10CDF0006C74696E6720696E737472756374696FA1
:10CE00006E206164647265737320287231352F70EF
:10CE100063293A2030782530387800556E68616E85
:10CE2000646C6564204952516E3A202564002A2AB8
:10CE30002A2A2A205553414745204641554C542023
:10CE40002A2A2A2A2A0020204469766973696F6E8B
:10CE5000206279207A65726F002020556E616C69BE
:10CE6000676E6564206D656D6F72792061636365BF
:10CE70007373002020537461636B206F7665726654
:10CE80006C6F772028636F6E7465787420617265AB
:10CE900061206E6F742076616C6964290020204ED9
:10CEA0006F20636F70726F636573736F7220696E4A
:10CEB000737472756374696F6E73002020496C6CB3
:10CEC0006567616C206C6F6164206F662045584314
:10CED0005F52455455524E20696E746F2050430086
:10CEE0002020496C6C6567616C20757365206F66E6
:10CEF00020746865204550535200202041747465A9
:10CF00006D707420746F2065786563757465207525
:10CF10006E646566696E656420696E7374727563AC
:10CF200074696F6E002A2A2A2A2A204D50552046FD
:10CF300041554C54202A2A2A2A2A00202053746161
:10CF4000636B696E67206572726F722028636F6E03
:10CF5000746578742061726561206D6967687420FA
:10CF60006265206E6F742076616C696429002020F0
:10CF7000556E737461636B696E67206572726F7250
:10CF800000202044617461204163636573732056FF
:10CF9000696F6C6174696F6E0020204D4D4641527F
:10CFA00020416464726573733A20307825780020DC
:10CFB00020496E737472756374696F6E2041636388
:10CFC0006573732056696F6C6174696F6E00202001
:10CFD000466C6F6174696E672D706F696E74206C3A
:10CFE000617A7920737461746520707265736572FB
:10CFF000766174696F6E206572726F720057455367
:10D00000545F544F504449522F7A65706879722F9B
:10D01000617263682F61726D2F636F72652F636F2A
:10D02000727465785F6D2F6661756C742E63002174
:10D030002828285343425F54797065202A292028E4
:10D040002830784530303045303030554C29202B51
:10D0500020307830443030554C2920292D3E43462D
:10D0600053522026202831554C203C3C2028305556
:10D07000202B2034552929290009537461636B69D9
:10D080006E67206F72204461746120416363657331
:10D09000732056696F6C6174696F6E206572726F70
:10D0A0007220776974686F757420737461636B2084
:10D0B00067756172642C20757365722D6D6F646580
:10D0C000206F72206E756C6C2D706F696E74657256
:10D0D00020646574656374696F6E0A0A002A2A2ADF
:10D0E0002A2A20425553204641554C54202A2A2AA8
:10D0F0002A2A002020537461636B696E6720657271
:10D10000726F7200202050726563697365206461DC
:10D11000746120627573206572726F720020204204
:10D1200046415220416464726573733A2030782519
:10D1300078002020496D70726563697365206461B1
:10D14000746120627573206572726F7200202049CD
:10D150006E737472756374696F6E20627573206587
:10D1600072726F72005265736572766564204578DD
:10D1700063657074696F6E20280053707572696FF3
:10D18000757320696E7465727275707420284952C7
:10D19000512000535053454C20696E2074687265CD
:10D1A0006164206D6F646520646F6573206E6F74B9
:10D1B00020696E6469636174652050535000657323
:10D1C0006620213D202828766F6964202A2930298D
:10D1D000000945534620636F756C64206E6F7420A0
:10D1E0006265207265747269657665642073756323
:10D1F0006365737366756C6C792E205368616C6C13
:10D20000206E65766572206F636375722E0A002A40
:10D210002A2A2A2A2048415244204641554C54206B
:10D220002A2A2A2A2A002020427573206661756CFA
:10D2300074206F6E20766563746F72207461626C07
:10D240006520726561640020204465627567206511
:10D2500076656E740020204661756C74206573637A
:10D26000616C6174696F6E20287365652062656CFE
:10D270006F772900415243485F4558434550542039
:10D280007769746820726561736F6E2025780A0073
:10D29000094661756C7420657363616C6174696FB4
:10D2A0006E20776974686F75742046535220696EDA
:10D2B000666F0A0009486172644661756C74207774
:10D2C0006974686F7574204846535220696E666FA2
:10D2D000205368616C6C206E65766572206F6363A5
:10D2E00075720A002A2A2A2A2A2044656275672054
:10D2F0006D6F6E69746F7220657863657074696FA5
:10D300006E202A2A2A2A2A002A2A2A2A2A20257333
:10D3100020256429202A2A2A2A2A00574553545FA7
:10D32000544F504449522F7A65706879722F617258
:10D3300063682F61726D2F636F72652F636F7274F4
:10D3400065785F6D2F6972715F6D616E6167652EC3
:10D3500063007072696F203C3D20282831554C20B5
:10D360003C3C2028332929202D2031290009696ED1
:10D3700076616C6964207072696F726974792025B6
:10D380006420666F722025642069727121207661A5
:10D390006C756573206D757374206265206C6573A0
:10D3A00073207468616E20256C750A0A006D7075B3
:10D3B000004661696C656420746F20616C6C6F63FA
:10D3C000617465206E6577204D50552072656769E0
:10D3D0006F6E2025750A00506172746974696F6EF2
:10D3E0002025753A20636F686572656E63652063FA
:10D3F0006865636B206661696C65642E00496E76B2
:10D40000616C696420756E6465726C79696E672001
:10D41000726567696F6E20696E6465782025750096
:10D42000574553545F544F504449522F7A657068A2
:10D4300079722F617263682F61726D2F636F7265ED
:10D440002F6D70752F61726D5F6D70752E630009A1
:10D45000436F6E6669677572696E67202575207304
:10D460007461746963204D505520726567696F6EF1
:10D4700073206661696C65640A0A00094D61726B0C
:10D48000696E6720257520617265617320666F7211
:10D490002064796E616D696320726567696F6E7370
:10D4A000206661696C65640A0A00095265717565D8
:10D4B000737420746F20636F6E6669677572653A66
:10D4C00020257520726567696F6E732028737570EB
:10D4D000706F727465643A202575290A0A00212844
:10D4E000726567696F6E5B6964785D2E64745F61F5
:10D4F0007474722026202831554C203C3C20283062
:10D50000292929000952414D5F4E4F434143484567
:10D5100020776974682044545F4D454D5F43414313
:10D52000484541424C452061747472696275746566
:10D530000A0A00094661696C656420746F20616C99
:10D540006C6F63617465204D505520726567696F1B
:10D550006E732066726F6D2044540A0A00464C4177
:10D5600053485F30005352414D5F30006578697415
:10D5700000574553545F544F504449522F7A6570B9
:10D580006879722F6C69622F6E65745F6275662FA1
:10D590006275662E63006275662D3E667261677302
:10D5A000203D3D202828766F6964202A29302900F3
:10D5B0007265715F73697A65203C3D2073697A6595
:10D5C000006275662D3E72656600096275662025EB
:10D5D0007020646F75626C6520667265650A00660E
:10D5E000726167006E65745F6275660057455354DB
:10D5F0005F544F504449522F7A65706879722F6C8E
:10D6000069622F6E65745F6275662F6275665F73FF
:10D61000696D706C652E63006275662D3E6C656E7B
:10D62000203D3D203055006E65745F6275665F7306
:10D63000696D706C655F7461696C726F6F6D286283
:10D64000756629203E3D206C656E006275662D3E34
:10D650006C656E203E3D206C656E006E65745F6289
:10D6600075665F73696D706C655F68656164726F24
:10D670006F6D2862756629203E3D206C656E006ED8
:10D6800065745F6275665F73696D706C6500736F5A
:10D690006300496E73756666696369656E74206EB2
:10D6A000756D626572206F6620617267756D656E5B
:10D6B00074730049676E6F72696E67206964656E86
:10D6C0007469746965732073746F72656420696E20
:10D6D00020666C61736800496E76616C6964206CC9
:10D6E000656E677468204944206164647265737371
:10D6F00020696E2073746F726167650062742F25F4
:10D70000732F253032782530327825303278253025
:10D710003278253032782530327825752F25730000
:10D7200062742F25732F25303278253032782530DA
:10D7300032782530327825303278253032782575A8
:10D740000073657474696E67735F73756273797360
:10D750005F696E6974206661696C65642028657212
:10D7600072202564290062742F2573004661696C5C
:10D77000656420746F2073617665204944202865B4
:10D7800072722025642900556E61626C6520746F89
:10D7900020736574757020616E206964656E7469AC
:10D7A00074792061646472657373006274006274DA
:10D7B0005F73657474696E6773004254204C572020
:10D7C000575100574553545F544F504449522F7A94
:10D7D00065706879722F696E636C7564652F7A6500
:10D7E000706879722F7379732F627974656F7264C0
:10D7F00065722E6800282870737263203C20706464
:10D800007374202626202870737263202B206C6589
:10D810006E67746829203C3D207064737429207CF5
:10D820007C202870737263203E20706473742026FD
:10D8300026202870647374202B206C656E677468D2
:10D8400029203C3D207073726329290009536F75AC
:10D8500072636520616E642064657374696E6174BF
:10D86000696F6E2062756666657273206D7573747C
:10D87000206E6F74206F7665726C61700A00574578
:10D8800053545F544F504449522F7A6570687972EF
:10D890002F7375627379732F626C7565746F6F7413
:10D8A000682F686F73742F6275662E6300747970C9
:10D8B00065203D3D2042545F4255465F4556542009
:10D8C0007C7C2074797065203D3D2042545F425538
:10D8D000465F41434C5F494E207C7C2074797065E3
:10D8E000203D3D2042545F4255465F49534F5F49BA
:10D8F0004E0009496E76616C6964206275666665E2
:10D9000072207479706520726571756573746564D1
:10D910000A00574553545F544F504449522F7A657B
:10D92000706879722F696E636C7564652F7A6570A3
:10D930006879722F626C7565746F6F74682F627589
:10D94000662E68006D6574612D3E706172656E743F
:10D950000076696577006E65745F6275665F6865FD
:10D960006164726F6F6D28706172656E7429203EFC
:10D970002030002162745F6275665F6861735F7654
:10D9800069657728706172656E74290062745F62E0
:10D990007566006D616C666F726D6564206164769A
:10D9A0006572746973696E6720646174612025759E
:10D9B000202F2025750062745F6461746100636DBF
:10D9C0006420646973616C6C6F776564004F6E6C82
:10D9D000792072616E646F6D207374617469632065
:10D9E0006964656E746974792061646472657373C7
:10D9F00020737570706F7274656400496E76616C27
:10DA0000696420696E70757420706172616D6574EF
:10DA1000657273004661696C656420746F2072657D
:10DA20006164207075626C696320616464726573FF
:10DA300073005265616420537461746963204164AA
:10DA40006472657373657320636F6D6D616E6420BE
:10DA50006E6F7420617661696C61626C650046610D
:10DA6000696C656420746F207265616420737461F1
:10DA700074696320616464726573736573004E6FCB
:10DA80002073746174696320616464726573736583
:10DA9000732073746F72656420696E20636F6E7497
:10DAA000726F6C6C65720043616E277420736574CD
:10DAB00020626F7468204944454E544954592026C9
:10DAC000204E5250410062745F696400546F6F20B1
:10DAD000626967206164766572746973696E672034
:10DAE00064617461004661696C656420746F2073C1
:10DAF0007461727420616476657274697365720012
:10DB00004661696C656420746F2073746F70206166
:10DB100064766572746973696E673A202564006281
:10DB2000745F61647600556E6578706563746564D2
:10DB300020656E64206F66206275666665720045BA
:10DB400072726F72207768696C6520757064617499
:10DB5000696E6720746865207363616E6E657220FC
:10DB60002825642900574553545F544F5044495267
:10DB70002F7A65706879722F7375627379732F626B
:10DB80006C7565746F6F74682F686F73742F6C3267
:10DB90006361702E630073203D3D20266C655F63DA
:10DBA00068616E2D3E5F7064755F726561647900B7
:10DBB000556E61626C6520746F20616C6C6F63617F
:10DBC00074652062756666657220666F72206F707C
:10DBD00020307825303278004E6F20617661696C94
:10DBE00061626C65204C3243415020636F6E7465F6
:10DBF000787420666F7220636F6E6E20257000450A
:10DC00007870656374696E6720757020746F202565
:10DC10006420726566732C20676F7420256400632E
:10DC20006F6E6E2D3E7374617465203D3D204254CD
:10DC30005F434F4E4E5F434F4E4E45435445440065
:10DC4000616C7265616479206861766520766965CA
:10DC500077206F6E202570006669666F5F7064754F
:10DC6000203D3D207064750028666368616E2D3E1E
:10DC7000636964203E3D20307830303031202626E4
:10DC800020666368616E2D3E636964203C3D2030F0
:10DC900078303033662900094349442025752069CE
:10DCA00073206E6F7420696E2074686520666978D1
:10DCB0006564206368616E6E656C2072616E676575
:10DCC0000A006368616E203D3D202828766F6964F4
:10DCD000202A293029000946697865642063686133
:10DCE0006E6E656C20776974682043494420257501
:10DCF00020616C7265616479206578697374730A58
:10DD000000666368616E203C3D205F62745F6C3228
:10DD10006361705F66697865645F6368616E5F6C9C
:10DD20006973745F656E64004C32434150206C65CA
:10DD30006E677468206D69736D617463682028254F
:10DD40007520213D2025752900496E76616C696436
:10DD5000206964656E742076616C756520696E203B
:10DD60004C324341502050445500496E76616C69F5
:10DD700064204C4520636F6E6E20706172616D206F
:10DD80007273702073697A652028257520213D20E3
:10DD9000257A752900496E76616C6964204C4520AE
:10DDA000636F6E6E2075706461746520706172615E
:10DDB0006D207265712073697A6520282575202190
:10DDC0003D20257A7529004E6F7420636F6E6E6555
:10DDD000637465640052656A656374696E67207573
:10DDE0006E6B6E6F776E204C32434150205044551D
:10DDF00020636F64652030782530327800546F6F6F
:10DE000020736D616C6C204C324341502073696704
:10DE10006E616C696E672050445500546F6F2073BB
:10DE20006D616C6C204C324341502050445520723F
:10DE3000656365697665640049676E6F72696E67D0
:10DE4000206461746120666F7220756E6B6E6F77EF
:10DE50006E206368616E6E656C20494420307825C1
:10DE600030347800646973636F6E6E6563746564E3
:10DE700000646973636F6E6E656374696E670062D8
:10DE8000745F6C32636170004661696C6564207414
:10DE90006F207375626D6974206174745F74785F4C
:10DEA00064657374726F795F776F726B3A20256463
:10DEB00000574553545F544F504449522F7A657070
:10DEC0006879722F7375627379732F626C756574DC
:10DED0006F6F74682F686F73742F6174742E630092
:10DEE0006E65745F6275665F706F6F6C5F67657497
:10DEF000286275662D3E706F6F6C5F696429203DE6
:10DF00003D20266174745F706F6F6C004154542023
:10DF10006368616E6E656C206E6F7420636F6E6EE9
:10DF20006563746564006275662D3E6C656E203EA7
:10DF30003D2073697A656F66287374727563742007
:10DF400062745F6174745F68647229004572726FF5
:10DF500072207369676E696E672064617461005234
:10DF6000616E206F7574206F66205458206275664C
:10DF700066657273206F7220636F6E746578747358
:10DF80002E00556E61626C6520746F20637265614E
:10DF90007465206572722072737020504455004180
:10DFA0005454204D54552065786365656465642C30
:10DFB000206D61782025752C2077616E7465642052
:10DFC000257A7500556E61626C6520746F206372EE
:10DFD0006561746520636F6E6669726D205044558B
:10DFE00000556E61626C6520746F206372656174A8
:10DFF00065207273702050445500546F6F20736D0C
:10E00000616C6C2041545420504455207265636506
:10E010006976656400556E68616E646C6564204164
:10E02000545420636F64652030782530327800497D
:10E030006E76616C6964206C656E20257520666F54
:10E040007220636F64652030782530327800556E19
:10E0500061626C6520746F20637265617465205520
:10E060005549443A2073697A6520257500556E61DB
:10E07000626C6520746F206372656174652055550C
:10E0800049443A2073697A65202564004E6F206107
:10E090007661696C61626C652041545420636F6ED7
:10E0A0007465787420666F7220636F6E6E202570C1
:10E0B000004E6F20617661696C61626C652041542D
:10E0C00054206368616E6E656C20666F7220636FAA
:10E0D0006E6E20257000556E61626C6520746F2035
:10E0E00066696E6420415454206368616E6E656C8D
:10E0F00000476F74206572722025642C206E6F7447
:10E100002063616C6C696E67204154542063620027
:10E1100009556E6B6E6F776E206F70207479706525
:10E12000203078253032580A004661696C656420D9
:10E13000746F2072652D7375626D69742025733A52
:10E14000202564004E6F20415454206368616E6E38
:10E15000656C20666F72204D545520257A75004EEF
:10E160006F2070656E64696E67204154542072653B
:10E17000717565737400446973636F6E6E65637463
:10E18000696E67206661696C65642028657272201B
:10E19000256429004154542054696D656F757420BD
:10E1A000666F72206465766963652025732E20444E
:10E1B0006973636F6E6E656374696E672E2E2E00D1
:10E1C0007265710062745F61747400434D41432055
:10E1D000757064617465206661696C65642025648E
:10E1E000004661696C656420746F206465636F64C8
:10E1F000652076616C7565202865727220257A64C9
:10E2000029004661696C656420746F2073617665CE
:10E2100020446174616261736520486173682028DD
:10E220006572722025642900574553545F544F503E
:10E230004449522F7A65706879722F7375627379C9
:10E24000732F626C7565746F6F74682F686F737469
:10E250002F676174742E6300656C20213D2028288F
:10E26000766F6964202A293029000943616E27747A
:10E270002073617665204346202F2043434320745A
:10E280006F20666C6173680A006661696C65642062
:10E29000746F2073746F7265205343202865727207
:10E2A0002025642900756E61626C6520746F20738F
:10E2B0006176652053433A206E6F20636667206C59
:10E2C00065667400676174745F7375625F69735F1C
:10E2D000656D707479287375622900546F6F206DB5
:10E2E000616E7920436C69656E7420436861726168
:10E2F00063746572697374696320436F6E666967DE
:10E3000075726174696F6E2E2053656520434F4EA0
:10E310004649475F42545F53455454494E47535F03
:10E320004343435F53544F52455F4D41580A0049A0
:10E330006E76616C6964206B6579006661696C65F5
:10E340006420746F2064656C6574652053432028D5
:10E350006572722025642900556E61626C652074B7
:10E360006F206465636F64652061646472657373B4
:10E3700020257300496E76616C6964206C6F63615F
:10E380006C206964656E7469747920256C7500551C
:10E390006E61626C6520746F20726573746F726554
:10E3A0002053433A206E6F20636667206C65667465
:10E3B000004E6F20737061636520746F2073746FFB
:10E3C00072652043434320636667004E6F2073707D
:10E3D00061636520746F2073746F726520436C698C
:10E3E000656E7420537570706F7274656420466535
:10E3F00061747572657300556E61626C6520746F2F
:10E4000020726573746F72652043463A206E6F20E8
:10E41000636667206C656674004368616E67652D8E
:10E42000617761726520737461747573206E6F74A7
:10E4300020666F756E6420696E2073657474696EF2
:10E4400067732C2064656661756C74696E672070F3
:10E450006565722073746174757320746F206368CE
:10E46000616E67652D756E617761726500526561D9
:10E4700064206261636B20626164206368616E671F
:10E48000652D61776172652076616C75653A203023
:10E490007825782C2064656661756C74696E6720D8
:10E4A000706565722073746174757320746F206376
:10E4B00068616E67652D756E617761726500466192
:10E4C000696C656420746F2073746F726520436C8F
:10E4D00069656E7420466561747572657320286580
:10E4E000727220256429007374617469635F7376A6
:10E4F00063203C3D205F62745F676174745F736585
:10E5000072766963655F7374617469635F6C697364
:10E51000745F656E6400556E61626C6520746F2077
:10E52000696D706F727420746865206B6579206600
:10E530006F722041455320434D41432025640043E1
:10E540004D4143206F7065726174696F6E20696E12
:10E550006974206661696C656420256400434D41DF
:10E56000432066696E697368206661696C65642022
:10E5700025640062742F636363004661696C65649F
:10E5800020746F2073746F72652043434373202897
:10E59000657272202564290009696E76616C696470
:10E5A00020706172616D657465720A0A006174742D
:10E5B000720052656164206D6574686F64206E6FCF
:10E5C0007420736574004661696C656420746F2003
:10E5D0007265616420617474726962757465202566
:10E5E00070202865727220257A642900496E766150
:10E5F0006C69642072656164206C656E6774683A4A
:10E6000020257A6400094E6F206D6F726520617459
:10E6100074726962757465730A0A00706172616D63
:10E62000730009696E76616C696420706172616D56
:10E6300065746572730A0A00706172616D732D3EB4
:10E6400061747472207C7C20706172616D732D3EE8
:10E6500075756964002161746F6D69635F746573BA
:10E66000745F6269742873632D3E666C6167732CF6
:10E670002053435F494E4449434154455F50454E02
:10E6800044494E47290009496E64696361746520F5
:10E69000616C72656164792070656E64696E670A89
:10E6A00000434343202570206E6F74207772697495
:10E6B00061626C6500534320726573746F726520EC
:10E6C000696E6469636174696F6E206661696C6507
:10E6D0006400706172616D73202626207061726122
:10E6E0006D732D3E66756E630028706172616D7387
:10E6F0002D3E73746172745F68616E646C65202670
:10E700002620706172616D732D3E656E645F686175
:10E710006E646C65290028706172616D732D3E73A3
:10E72000746172745F68616E646C65203C3D20703A
:10E730006172616D732D3E656E645F68616E646CBD
:10E74000652900556E6B6E6F776E205555494420D4
:10E75000747970652025750050617273652065724B
:10E760007200496E76616C69642064617461206C2A
:10E77000656E202575005061727365206572722088
:10E780006461740050617273652065727220636504
:10E79000700050617273652065727220636363005C
:10E7A00050617273652065727220736363005061FB
:10E7B000727365206572722063706600496E7661BF
:10E7C0006C696420666F726D61742025750042610A
:10E7D0006420706565723A2041545420726561640A
:10E7E0002D62792D75756964207273703A20696E97
:10E7F00076616C6964204154545220504455206C19
:10E80000656E20257500496E76616C6964206861CB
:10E810006E646C650042616420706565723A2041E7
:10E82000545420726561642D62792D757569642078
:10E830007273703A2048616E646C652030782530C0
:10E840003478206973206F7574736964652072650C
:10E85000717565737465642072616E6765203078C8
:10E86000253034782D3078253034782E2041626F71
:10E870007274696E6720726561642E0077726974C4
:10E8800065203D3D206C656E6774680009556E61BA
:10E89000626C6520746F20616C6C6F6361746520BD
:10E8A0006C656E6774682025753A206F6E6C7920F0
:10E8B000257A75207772697474656E0A00706172CA
:10E8C000616D7320262620706172616D732D3E6E1E
:10E8D0006F7469667900706172616D732D3E766147
:10E8E0006C756500706172616D732D3E6363635F6B
:10E8F00068616E646C65004661696C656420746F64
:10E9000020756E7375627363726962652028657223
:10E91000722025642900496E76616C696420646107
:10E920007461206C656E202575203E20257500627F
:10E93000742F686173680062742F63660062742FBD
:10E9400073630062745F67617474004E6F20617658
:10E9500061696C61626C6520534D5020636F6E7409
:10E9600065787420666F7220636F6E6E202570006C
:10E9700062745F736D7000446174612062756666D5
:10E980006572206F766572666C6F7720286C696E91
:10E990006B207479706520307825303278290055E5
:10E9A0006E61626C6520746F206C6F6F6B20757088
:10E9B00020636F6E6E20776974682068616E646C86
:10E9C0006520257500486172647761726520657203
:10E9D000726F722C20686172647761726520636F58
:10E9E00064653A20256400436F756C64206E6F7413
:10E9F000207375626D69742072785F776F726B3AFD
:10EA000020256400556E6B6E6F776E20636F6E6E9F
:10EA10002068616E646C652030782530345800556C
:10EA20006E61626C6520746F206C6F6F6B75702007
:10EA3000636F6E6E20666F722068616E646C652015
:10EA40002575006D61785F74785F6F6374657473AA
:10EA50002065786365656473207468652076616CF1
:10EA600069642072616E6765202575006D61785F4D
:10EA700072785F6F6374657473206578636565642D
:10EA800073207468652076616C69642072616E67BA
:10EA900065202575006D61785F74785F74696D65B8
:10EAA0002065786365656473207468652076616CA1
:10EAB00069642072616E6765202575006D61785FFD
:10EAC00072785F74696D652065786365656473202D
:10EAD0007468652076616C69642072616E67652078
:10EAE000257500556E61626C6520746F20616C6CD9
:10EAF0006F636174652062756666657200556E6845
:10EB0000616E646C6564206576656E74203078256E
:10EB1000303278206C656E2025753A2025730054BC
:10EB20006F6F20736D616C6C20282575206279747D
:10EB3000657329206576656E7420307825303278CB
:10EB400000496E76616C69642048434920657665AA
:10EB50006E742073697A65202825752900496E76C0
:10EB6000616C6964204C45206D6574612065766533
:10EB70006E742073697A65202825752900574553DE
:10EB8000545F544F504449522F73646B2D7374611A
:10EB9000726C696768742F7375627379732F626C16
:10EBA0007565746F6F74682F686F73742F6863690D
:10EBB0005F636F72652E63006576745F666C616774
:10EBC000732026202831554C203C3C202830292910
:10EBD00000496E76616C6964206275662074797094
:10EBE0006520257500496E76616C6964204843494B
:10EBF0002041434C207061636B65742073697A65B2
:10EC000020282575290041434C2064617461206CE3
:10EC1000656E677468206D69736D61746368202820
:10EC2000257520213D2025752900556E61626C6592
:10EC300020746F2066696E6420636F6E6E20666F4D
:10EC4000722068616E646C652025750062745F686F
:10EC500063695F6576745F6765745F666C6167732F
:10EC6000286864722D3E6576742920262028315547
:10EC70004C203C3C202831292900556E6B6E6F7763
:10EC80006E20627566207479706520257500556E5A
:10EC900068616E646C65642076656E646F722D7356
:10ECA00070656369666963206576656E7420307887
:10ECB00025303278206C656E2025753A202573004A
:10ECC0004E6F20636F6D6D616E642073656E74208E
:10ECD000666F7220636D6420636F6D706C65746520
:10ECE00020307825303478004F70436F64652030D1
:10ECF000782530347820636F6D706C65746564209E
:10ED0000696E7374656164206F66206578706563F1
:10ED1000746564203078253034780021627566008F
:10ED2000657674206E756D5F68616E646C657320C6
:10ED3000283D25752920746F6F206C6172676520EE
:10ED400028257A75203E20257529004E6F20636F97
:10ED50006E6E656374696F6E20666F722068616E97
:10ED6000646C65202575007061636B657473206346
:10ED70006F756E74206D69736D6174636800617482
:10ED80006F6D69635F6765742826636F6E6E2D3ED5
:10ED9000696E5F6C6C29005B305D004843492074EC
:10EDA00072616E73706F72743A202573005344431E
:10EDB000004964656E7469747925733A202573007F
:10EDC0004964656E746974795B25645D3A202573C6
:10EDD000004843493A2076657273696F6E20257347
:10EDE0002028307825303278292072657669736959
:10EDF0006F6E203078253034782C206D616E75660A
:10EE00006163747572657220307825303478004CF7
:10EE10004D503A2076657273696F6E2025732028F5
:10EE2000307825303278292073756276657220300B
:10EE30007825303478004E6F204944206164647234
:10EE40006573732E20417070206D7573742063613B
:10EE50006C6C2073657474696E67735F6C6F61644A
:10EE60002829000925640A00556E61626C652074CA
:10EE70006F2073656E6420746F20647269766572AA
:10EE80002028657272202564290009436F6E747210
:10EE90006F6C6C657220756E726573706F6E7369DE
:10EEA00076652C20636F6D6D616E64206F70636F8B
:10EEB0006465203078253034782074696D656F750D
:10EEC000742077697468206572722025640A006F67
:10EED00070636F64652030782530347820737461F6
:10EEE00074757320307825303278202573004E6F8A
:10EEF0002070656E64696E67207065726970686500
:10EF000072616C20636F6E6E656374696F6E004E24
:10EF10006F2070656E64696E672063656E747261E0
:10EF20006C20636F6E6E656374696F6E00436F6E05
:10EF30006E656374696F6E206372656174696F6E6C
:10EF40002074696D656F7574207472696767657286
:10EF50006564004661696C656420746F2072657336
:10EF60007461727420696E69746961746F7200559E
:10EF70006E6578706563746564207374617475730D
:10EF800020307825303278202573006576742D3E48
:10EF9000737461747573203D3D2030783030004EBD
:10EFA0006F2070656E64696E6720636F6E6E206699
:10EFB0006F722070656572202573004E6F6E2D4C48
:10EFC000452063617061626C6520636F6E74726F5F
:10EFD0006C6C657220646574656374656421004EB1
:10EFE000756D206F6620436F6E74726F6C6C657206
:10EFF00027732041434C207061636B65747320213B
:10F000003D2041434C2062745F636F6E6E5F747885
:10F0100020636F6E74657874732028257520213DF8
:10F02000202575290041434C2042522F454452204F
:10F0300062756666657273206E6F7420696E69749E
:10F0400069616C697A65640056656E646F72204808
:10F05000434920657874656E73696F6E73206E6FB7
:10F060007420617661696C61626C6500485720505C
:10F070006C6174666F726D3A202573202830782594
:10F08000303478290048572056617269616E743AAD
:10F09000202573202830782530347829004669727D
:10F0A0006D776172653A20257320283078253032DB
:10F0B00078292056657273696F6E2025752E257527
:10F0C000204275696C64202575004661696C656431
:10F0D00020746F207265616420737570706F727434
:10F0E00065642076656E646F7220636F6D6D616E0E
:10F0F0006473004661696C656420746F2072656199
:10F100006420737570706F727465642076656E64C8
:10F110006F72206665617475726573004E52462089
:10F12000436F6E6E6563742053444B20426C75656B
:10F13000746F6F746820486F73740048434920648B
:10F140007269766572206973206E6F7420726561D2
:10F1500064790042542052582057510048434920B6
:10F16000647269766572206F70656E206661696C85
:10F170006564202825642900556E65787065637480
:10F18000656420484F53545F4E554D5F434F4D507B
:10F190004C455445445F5041434B4554532C2073D8
:10F1A00074617475732030782530327820257300AF
:10F1B000556E636C65617265642070656E64696E1E
:10F1C000672073656E745F636D6400312E3062007A
:10F1D000312E3100312E3200322E3000322E3100ED
:10F1E000332E3000342E3000342E3100342E3200D5
:10F1F000352E3000352E3100352E3200352E3300BD
:10F20000352E3400362E3000362E3100362E3200A8
:10F21000362E33005374616E6461726420426C75E3
:10F2200065746F6F746820636F6E74726F6C6C6559
:10F23000720056656E646F722073706563696669EB
:10F240006320636F6E74726F6C6C657200466972D6
:10F250006D77617265206C6F6164657200526573D1
:10F2600063756520696D61676500726573657276A7
:10F270006564006E5246353178006E5246353278FC
:10F28000006E5246353378006E5246353448780069
:10F290006E524635344C7800496E74656C20436F6D
:10F2A00072706F726174696F6E004E6F7264696321
:10F2B0002053656D69636F6E647563746F72004E81
:10F2C00058502053656D69636F6E647563746F7217
:10F2D0007300457370726573736966205379737434
:10F2E000656D730062745F6863695F636F72650068
:10F2F000574553545F544F504449522F73646B2DFC
:10F30000737461726C696768742F73756273797353
:10F310002F626C7565746F6F74682F686F73742FCC
:10F32000636F6E6E2E63006362203C3D205F6274EB
:10F330005F636F6E6E5F63625F6C6973745F656E4F
:10F34000640069735F61636C5F636F6E6E28636FE7
:10F350006E6E29004661696C656420726561642087
:10F3600072656D6F74652066656174757265732072
:10F3700028256429006B5F63757272656E745F6720
:10F3800065742829203D3D206B5F776F726B5F713C
:10F39000756575655F7468726561645F676574281B
:10F3A00074785F6E6F746966795F776F726B717571
:10F3B0006575655F6765742829290009636F756C39
:10F3C000646E2774207375626D697420286572728B
:10F3D000202564290A00556E65787065637465643C
:10F3E000206669727374204C32434150206672610A
:10F3F0006D6500556E6578706563746564204C3288
:10F4000043415020636F6E74696E756174696F6EED
:10F41000004E6F7420656E6F756768206275666652
:10F42000657220737061636520666F72204C324391
:10F430004150206461746100556E65787065637435
:10F4400065642041434C20666C61677320283078E6
:10F4500025303278290041434C206C656E206D695F
:10F46000736D6174636820282575203E20257529F9
:10F470000009496E76616C696420636F6E6E656326
:10F4800074696F6E207265666572656E63650A00E9
:10F490006F6C64203E20300009436F6E6E207265F1
:10F4A000666572656E636520636F756E7465722044
:10F4B000697320300A0021636F6E6E5F74785F6934
:10F4C000735F70656E64696E67000974785F636F5F
:10F4D0006D706C6574655F776F726B2069732070F7
:10F4E000656E64696E67207768656E20636F6E6E07
:10F4F000206973206465616C6C6F63617465640A74
:10F500000028756E6B6E6F776E29006E6F207472B7
:10F51000616E736974696F6E202573004572726F36
:10F5200072207768696C652072656D6F76696E67A9
:10F5300020636F6E6E20757365722066726F6D202A
:10F540007363616E6E6572202825642900496E76AA
:10F55000616C69642028257529206F6C64207374A0
:10F5600061746500636F6E6E202570206661696C42
:10F57000656420746F2065737461626C6973682EB2
:10F58000205246206E6F6973653F006E6F20766172
:10F590006C6964202825752920737461746520774F
:10F5A00061732073657400696E636F6D7061746957
:10F5B000626C652068616E646C6520257500282882
:10F5C000636F6E6E2920262620282875696E747058
:10F5D00074725F74292861636C5F636F6E6E732948
:10F5E00029203C3D20282875696E747074725F7400
:10F5F0002928636F6E6E2929202626202828756900
:10F600006E747074725F742928636F6E6E2929207E
:10F610003C20282875696E747074725F74292826DE
:10F620002861636C5F636F6E6E73295B2828736952
:10F630007A655F7429282828696E742973697A6548
:10F640006F6628636861725B31202D202832202A82
:10F65000202128215F5F6275696C74696E5F74791F
:10F660007065735F636F6D70617469626C655F7004
:10F67000285F5F747970656F665F5F2861636C5F98
:10F68000636F6E6E73292C205F5F747970656F668F
:10F690005F5F28262861636C5F636F6E6E73295B02
:10F6A000305D292929295D29202D203129202B2071
:10F6B0002873697A656F662861636C5F636F6E6E2D
:10F6C0007329202F2073697A656F66282861636C1F
:10F6D0005F636F6E6E73295B305D292929295D296F
:10F6E000292026262028282875696E747074725F78
:10F6F000742928636F6E6E2929202D2028287569AA
:10F700006E747074725F74292861636C5F636F6ECE
:10F710006E7329292920252073697A656F66282848
:10F7200061636C5F636F6E6E73295B305D29203D92
:10F730003D2030290009496E76616C69642062744D
:10F740005F636F6E6E20706F696E7465720A002160
:10F750006B5F69735F696E5F697372282900546912
:10F760006D656F7574206469736361726465642E7E
:10F77000204E6F20626C6F636B696E6720696E202C
:10F7800073797377712E0009496E76616C69642014
:10F79000636F6E6E20747970652025750A00746D34
:10F7A0007020213D20636F6E6E007072657620219F
:10F7B0003D2026636F6E6E2D3E5F636F6E6E5F72CF
:10F7C0006561647900094E6F20636F6E74726F6CAF
:10F7D0006C657220627566730A00094E6F2054587A
:10F7E00020636F6E746578740A0030207C7C20285A
:10F7F0006275662D3E726566203D3D203129207C74
:10F800007C20286275662D3E726566203D3D203263
:10F8100029002162745F6275665F6861735F766953
:10F820006577286F7574736964652900667261670E
:10F8300020213D202828766F6964202A293029005C
:10F8400009496E76616C696420636F6E6E656374DE
:10F85000696F6E20747970652025750A00466174A1
:10F86000616C206572726F7220282564292E2044F5
:10F870006973636F6E6E656374696E6720257000CF
:10F88000466F756E642076616C696420636F6E6E7E
:10F89000656374696F6E2028257029207769746804
:10F8A000206164647265737320257320696E20255E
:10F8B00073207374617465200009496E76616C6908
:10F8C0006420636F6E6E2073746174652025750A01
:10F8D000002A636F6E6E2073686F756C64206265BA
:10F8E00020756E7265666572656E63656420616E13
:10F8F0006420696E697469616C697A656420746FEB
:10F90000204E554C4C004E6F2062756666657273D2
:10F9100020746F2063616E63656C20636F6E6E652B
:10F920006374696F6E2C207265747279696E6720DA
:10F93000696E203130206D730053656E64204C4534
:10F9400020706172616D20757064617465206661FC
:10F95000696C6564202865727220256429006469D9
:10F9600073636F6E6E6563742D636F6D706C657419
:10F9700065007363616E2D6265666F72652D696ED9
:10F980006974696174696E6700696E69746961742C
:10F99000696E672D66696C7465722D6C697374008D
:10F9A0006164762D636F6E6E65637461626C650071
:10F9B0006164762D6469722D636F6E6E6563746128
:10F9C000626C650062745F636F6E6E006361636892
:10F9D000655F6E72667800574553545F544F5044CC
:10F9E00049522F7A65706879722F647269766572F0
:10F9F000732F636C6F636B5F636F6E74726F6C2FCA
:10FA0000636C6F636B5F636F6E74726F6C5F6E724B
:10FA1000662E630074797065203C20434C4F434B45
:10FA20005F434F4E54524F4C5F4E52465F545950B5
:10FA3000455F434F554E5400636C6F636B403130EC
:10FA400065303030006866636C6B006C66636C6BAD
:10FA500000636C6F636B5F636F6E74726F6C0070CA
:10FA600073612D726E67007272616D2D636F6E74BB
:10FA7000726F6C6C657240353030346230303000FB
:10FA8000666C6173685F6E72665F7272616D005260
:10FA9000657365742070696E206E6F742072656185
:10FAA000647900574553545F544F504449522F7A5C
:10FAB00065706879722F696E636C7564652F7A65FD
:10FAC000706879722F647269766572732F677069D6
:10FAD0006F2E680028666C61677320262028283105
:10FAE000203C3C203429207C202831203C3C2035FF
:10FAF00029292920213D20282831203C3C20342957
:10FB0000207C202831203C3C2035292900095075D3
:10FB10006C6C20557020616E642050756C6C2044B4
:10FB20006F776E2073686F756C64206E6F742062DF
:10FB30006520656E61626C65642073696D756C74B7
:10FB4000616E656F75736C790A0028666C61677306
:10FB50002026202831203C3C2031292920213D200D
:10FB600030207C7C2028666C616773202620283139
:10FB7000203C3C20322929203D3D2030002863666E
:10FB8000672D3E706F72745F70696E5F6D61736B2D
:10FB9000202620286770696F5F706F72745F7069CC
:10FBA0006E735F74292831554C203C3C20287069C5
:10FBB0006E29292920213D2030550009556E737585
:10FBC00070706F727465642070696E0A00436F759F
:10FBD0006C646E277420636F6E666967757265204A
:10FBE00072657365742070696E004661696C656446
:10FBF00020746F206578697420445044202825645F
:10FC0000290057616974696E6720756E74696C208C
:10FC1000666C61736820697320726561647900465F
:10FC200061696C656420746F207761697420756EFA
:10FC300074696C20666C61736820697320726561F9
:10FC400064792028256429004A45444543204944D5
:10FC50002072656164206661696C65643A20256480
:10FC60000044657669636520696420253032782018
:10FC700025303278202530327820646F6573206E0D
:10FC80006F74206D6174636820636F6E66696720AE
:10FC900025303278202530327820253032780042E5
:10FCA0005020636C656172206661696C65643A20FE
:10FCB00025640A00556E61626C6520746F20656E64
:10FCC00074657220342D62797465206D6F64653AB5
:10FCD0002025640A006D783235723634333566403B
:10FCE00030007370695F6E6F7200574553545F54F4
:10FCF0004F504449522F7A65706879722F696E634C
:10FD00006C7564652F7A65706879722F6472697694
:10FD10006572732F6770696F2F6770696F5F757495
:10FD2000696C732E6800094E6F2063616C6C6261B0
:10FD3000636B210A0063616C6C6261636B2D3E68CA
:10FD4000616E646C657200094E6F2063616C6C6259
:10FD500061636B2068616E646C6572210A005745AF
:10FD600053545F544F504449522F6D6F64756C6506
:10FD7000732F68616C2F6E6F726469632F6E726689
:10FD8000782F68616C2F6E72665F6770696F2E687E
:10FD9000006E72665F6770696F5F70696E5F707228
:10FDA0006573656E745F636865636B282A705F7046
:10FDB000696E2900574553545F544F504449522FA0
:10FDC0007A65706879722F647269766572732F67CD
:10FDD00070696F2F6770696F5F6E7266782E63004F
:10FDE0006770696F40313061303030006770696F23
:10FDF000406438323030006770696F4035303430DD
:10FE00003000574553545F544F504449522F7A6540
:10FE1000706879722F647269766572732F73657278
:10FE200069616C2F756172745F6E7266785F75615F
:10FE30007274652E6300095458206F6E6C792055DA
:10FE40004152544520696E7374616E63650A006E99
:10FE500072665F75617274655F6576656E745F6307
:10FE60006865636B2875617274652C204E52465F1D
:10FE700055415254455F4556454E545F454E445298
:10FE8000582900756172744031303430303000755B
:10FE900061727440633630303000756172745F6E29
:10FEA0007266785F75617274650054696D656F750F
:10FEB000742077616974696E6720666F722074724E
:10FEC000616E7366657220636F6D706C657465003A
:10FED000557064617465206578636565647320633B
:10FEE000757272656E7420627566666572007370F5
:10FEF000694034613030300048616C662D64757043
:10FF00006C6578206E6F7420737570706F72746595
:10FF10006400536C617665206D6F646520697320A1
:10FF20006E6F7420737570706F72746564206F6E7D
:10FF3000202573004C6F6F706261636B206D6F647E
:10FF400065206973206E6F7420737570706F7274A2
:10FF5000656400576F72642073697A6573206F74EB
:10FF6000686572207468616E20382062697473203D
:10FF7000617265206E6F7420737570706F72746536
:10FF800064004672657175656E63696573206C6F98
:10FF9000776572207468616E20313235206B487A43
:10FFA00020617265206E6F7420737570706F72744B
:10FFB0006564004661696C656420746F20636F6ED0
:10FFC000666967757265206E7266782064726976FC
:10FFD00065723A202564007370695F6E7266785F9F
:10FFE0007370696D0028666C61677320262028286D
:10FFF00031554C203C3C202832312929207C2028B6
:020000024000BC
:1000000031554C203C3C202832322929207C2028A4
:1000100031554C203C3C202832332929207C202893
:1000200031554C203C3C202832342929207C202882
:1000300031554C203C3C202832352929207C202871
:1000400031554C203C3C2028323629292929203D95
:100050003D20300009496E746572727570742066B7
:100060006C61677320617265206E6F7420737570A8
:10007000706F727465640A00212828666C6167736A
:100080002026202831554C203C3C20283136292977
:1000900029202626202128666C61677320262028C7
:1000A00031554C203C3C202831372929292026264F
:1000B0002028666C6167732026202831203C3C2074
:1000C000312929290009496E7075742063616E6EAB
:1000D0006F7420626520656E61626C656420666F76
:1000E0007220274F70656E20447261696E272C2044
:1000F000274F70656E20536F7572636527206D6F93
:1001000064657320776974686F7574204F757470B7
:1001100075740A0028666C616773202620282831D0
:10012000554C203C3C202831382929207C2028317E
:10013000554C203C3C2028313929292929203D3D96
:100140002030207C7C2028666C6167732026202864
:1001500031554C203C3C2028313729292920213D8C
:10016000203000094F7574707574206E6565647376
:1001700020746F20626520656E61626C6564207416
:100180006F20626520696E697469616C697A656463
:10019000206C6F77206F7220686967680A00286694
:1001A0006C616773202620282831554C203C3C2068
:1001B0002831382929207C202831554C203C3C20EE
:1001C0002831392929292920213D20282831554C39
:1001D000203C3C202831382929207C202831554CCE
:1001E000203C3C2028313929292900094F75747099
:1001F00075742063616E6E6F7420626520696E692C
:100200007469616C697A6564206C6F7720616E64D3
:1002100020686967680A004C454420696E64657807
:10022000206F7574206F66207468652072616E6738
:10023000650043616E6E6F74207772697465204C3F
:100240004544206770696F0043616E6E6F74206370
:100250006F6E666967757265204C454420677069EA
:100260006F00646B5F627574746F6E735F616E6450
:100270005F6C65647300574553545F544F50444955
:10028000522F6E72662F7375627379732F626C755D
:1002900065746F6F74682F636F6E74726F6C6C65CA
:1002A000722F6863695F6472697665722E630009F4
:1002B000536F667444657669636520436F6E74722C
:1002C0006F6C6C6572204153534552543A2025732C
:1002D0002C203078253034780A0A00574553545F73
:1002E000544F504449522F7A65706879722F696E65
:1002F000636C7564652F7A65706879722F647269B2
:10030000766572732F656E74726F70792E680061F6
:1003100070692D3E6765745F656E74726F707920C9
:10032000213D202828766F6964202A293029000978
:1003300043616C6C6261636B20706F696E7465728F
:100340002073686F756C64206E6F74206265204E38
:10035000554C4C0A000954686520656E74726F70C4
:100360007920736F757263652072657475726E653E
:100370006420616E206572726F7220696E20612048
:10038000626C6F636B696E672063616C6C0A005707
:100390004553545F544F504449522F6E72662F6933
:1003A0006E636C7564652F6D70736C2F6D70736CFC
:1003B0005F776F726B2E6800096B5F776F726B5F90
:1003C0007375626D69745F746F5F717565756528AB
:1003D00029206661696C65642E0A00536F66744457
:1003E000657669636520436F6E74726F6C6C6572BD
:1003F000206275696C64207265766973696F6E3A04
:100400002000456E74726F707920736F757263652A
:1004100020646576696365206E6F7420726561641F
:1004200079004661696C656420746F207265676944
:10043000737465722072616E6420736F7572636588
:1004400020282564290068616E646C6572203C3D3B
:10045000205F6863695F696E7465726E616C5F7559
:100460007365725F657874656E73696F6E5F6861DE
:100470006E646C65725F6C6973745F656E64004175
:100480006C6C6F6361746564206D656D6F7279204B
:10049000746F6F206C6F773A20257A75203C202589
:1004A00075004576656E74206275666665722074A7
:1004B0006F6F20736D616C6C2E20257A75203E2045
:1004C000257500556E6578706563746564206D737D
:1004D000675F747970653A2025752E2054686973BA
:1004E0002069662D656C7365206E65656473206197
:1004F000206E6577206272616E636800556E6B6E68
:100500006F776E206572726F72207768656E2070EB
:10051000726F63657373696E6720686369206D65C8
:1005200073736167652025640062745F6863695F47
:100530007364630062745F7364635F6863695F64BC
:10054000726976657200574553545F544F50444961
:10055000522F6E72662F7375627379732F626C758A
:1005600065746F6F74682F636F6E74726F6C6C65F7
:10057000722F6863695F696E7465726E616C2E6359
:100580000062745F7364635F63727970746F0057A5
:100590004553545F544F504449522F6E72662F7327
:1005A00075627379732F6D70736C2F696E69742F18
:1005B0006D70736C5F696E69742E6300094D5053E2
:1005C0004C204153534552543A2025732C20307807
:1005D000253034780A0A00657272636F6465203DC5
:1005E0003D203000096B5F776F726B5F73636865E6
:1005F00064756C655F666F725F71756575652829D6
:10060000206661696C65642E0A004D50534C20577A
:100610006F726B006D70736C5F696E697400436C10
:100620006F636B206374726C2072656C65617365B7
:10063000004846584F206661696C75726500436CCE
:100640006F636B206374726C20726571756573746F
:1006500000556E737570706F727465642048464300
:100660004C4B206576656E743A20256400574553DF
:10067000545F544F504449522F6E72662F64726912
:10068000766572732F6D70736C2F636C6F636B5F25
:10069000636F6E74726F6C2F6E7266785F636C6FCF
:1006A000636B5F6D70736C2E6300094E6F74207303
:1006B0007570706F727465640A006E7266785F633D
:1006C0006C6F636B5F6D70736C00574553545F5470
:1006D0004F504449522F6E72662F6472697665726C
:1006E000732F6D70736C2F666C6173685F73796EB6
:1006F000632F666C6173685F73796E635F6D70738F
:100700006C2E630073657373696F6E5F6964203D5F
:100710003D205F636F6E746578742E7365737369C3
:100720006F6E5F696400726574203D3D2030000982
:100730006D70736C5F74696D65736C6F745F7265F7
:100740007175657374206661696C65643A2025640F
:100750000A0009756E657870656374656420736955
:10076000676E616C3A2025750A006D70736C5F745A
:10077000696D65736C6F745F73657373696F6E5FBA
:100780006F70656E206661696C65643A202564004F
:100790006B5F73656D5F636F756E745F67657428FB
:1007A000265F636F6E746578742E74696D656F75FE
:1007B000745F73656D29203D3D20300074696D655F
:1007C0006F757400666C6173685F73796E635F6DDB
:1007D00070736C00574553545F544F504449522F27
:1007E0006D6F64756C65732F68616C2F6E6F7264CA
:1007F00069632F6E7266782F647269766572732FE3
:100800007372632F6E7266785F6770696F74652E9E
:100810006300574553545F544F504449522F6D6FF6
:1008200064756C65732F68616C2F6E6F7264696399
:100830002F6E7266782F68616C2F6E72665F6770BC
:10084000696F74652E6800696E646578203C203895
:1008500000705F696E7374616E636500705F6368DA
:10086000616E6E656C0070696E5F6861735F747253
:10087000696767657228705F696E7374616E63651E
:100880002C2070696E2900696E745F656E61626C00
:100890006500574553545F544F504449522F6D6F74
:1008A00064756C65732F68616C2F6E6F7264696319
:1008B0002F6E7266782F68616C2F6E72665F67723A
:1008C00074632E680076616C7565203C3D20282895
:1008D000307846464646554C203C3C202830554C06
:1008E0002929203E3E202830554C29290076616C6C
:1008F0007565203C3D20282830784646554C203CE4
:100900003C202830554C2929203E3E202830554C8B
:1009100029290063635F6368616E6E656C203C200B
:10092000283132554C29002863635F6368616E6E1D
:10093000656C203C20283132554C29292026262060
:100940002876616C7565203C3D2028307837464616
:100950004646464646554C203C3C202830554C29BE
:1009600029290063635F68203C3D20283078464693
:10097000464646554C203C3C202830554C29290001
:10098000574553545F544F504449522F6D6F64750F
:100990006C65732F68616C2F6E6F726469632F6E64
:1009A0007266782F647269766572732F7372632F23
:1009B0006E7266785F677274632E63006D5F636248
:1009C0002E7374617465203D3D204E5246585F443D
:1009D00052565F53544154455F494E495449414C26
:1009E000495A454400737973636F756E7465725F1D
:1009F000636865636B286368616E6E656C29203D72
:100A00003D2030006D5F63622E6368616E6E656CC1
:100A10005F646174615B695D2E6368616E6E656CB5
:100A2000203D3D2069647800574553545F544F5032
:100A30004449522F6D6F64756C65732F68616C2F1C
:100A40006E6F726469632F6E7266782F68616C2FA7
:100A50006E72665F6B6D752E68006B6579736C6F77
:100A6000745F6964203C2032353000574553545F31
:100A7000544F504449522F6D6F64756C65732F68E5
:100A8000616C2F6E6F726469632F6E7266782F646B
:100A90007269766572732F7372632F6E7266785FF8
:100AA0006B6D752E6300286D5F63622E73746174C5
:100AB00065203D3D204E5246585F4452565F535488
:100AC0004154455F494E495449414C495A4544298E
:100AD0002026262028705F6B65795F736C6F745FCA
:100AE00064617461292026262028736C6F745F6905
:100AF00064203C203235302900286D5F63622E73FC
:100B000074617465203D3D204E5246585F445256F4
:100B10005F53544154455F494E495449414C495AE9
:100B20004544292026262028736C6F745F69642051
:100B30003C20323530292026262028736C6F745FC4
:100B40006964202B206E756D5F736C6F7473202D3C
:100B50002031203C203235302920262620286E7571
:100B60006D5F736C6F7473203E20302900286D5FB9
:100B700063622E7374617465203D3D204E52465869
:100B80005F4452565F53544154455F494E4954495E
:100B9000414C495A4544292026262028736C6F74FD
:100BA0005F6964203C2032353029202626202870B9
:100BB0005F6D657461646174612900286D5F6362B3
:100BC0002E7374617465203D3D204E5246585F443B
:100BD00052565F53544154455F494E495449414C24
:100BE000495A4544292026262028736C6F745F6972
:100BF00064203C20323530292026262028736C6F53
:100C0000745F6964202B206E756D5F736C6F7473F5
:100C1000202D2031203C2032353029202626202846
:100C20006E756D5F736C6F7473203E2030292026C3
:100C30002620705F69735F656D70747900286D5F41
:100C400063622E7374617465203D3D204E52465898
:100C50005F4452565F53544154455F494E4954498D
:100C6000414C495A4544292026262028736C6F742C
:100C70005F6964203C2032353029202626202873E5
:100C80006C6F745F6964202B206E756D5F736C6F81
:100C90007473202D2031203C203235302920262627
:100CA00020286E756D5F736C6F7473203E20302941
:100CB00020262620705F69735F7265766F6B6564AE
:100CC00000574553545F544F504449522F6D6F6441
:100CD000756C65732F68616C2F6E6F726469632F1A
:100CE0006E7266782F68616C2F6E72665F727261C9
:100CF0006D632E6800705F636F6E6669672D3E7767
:100D0000726974655F627566665F73697A65203CB7
:100D10003D202830783230554C2900574553545FD8
:100D2000544F504449522F6D6F64756C65732F6832
:100D3000616C2F6E6F726469632F6E7266782F68B4
:100D4000616C2F6E72665F7370696D2E680028701B
:100D500072657363616C6572203E3D2028202830E7
:100D6000783032554C292929202626202870726592
:100D70007363616C6572203C3D20282028307837F1
:100D800045554C29292920262620282828707265B7
:100D90007363616C6572292025203229203D3D2036
:100DA000302900574553545F544F504449522F6DDA
:100DB0006F64756C65732F68616C2F6E6F726469F8
:100DC000632F6E7266782F647269766572732F7303
:100DD00072632F6E7266785F7370696D2E63007038
:100DE0005F696E7374616E636520262620705F6391
:100DF0006F6E66696700705F63622D3E7374617425
:100E00006520213D204E5246585F4452565F535450
:100E10004154455F554E494E495449414C495A4504
:100E2000440028705F63622D3E73746174652021F5
:100E30003D204E5246585F4452565F5354415445EC
:100E40005F554E494E495449414C495A4544292021
:100E50002626202828705F786665725F6465736354
:100E60002D3E705F74785F62756666657220213D05
:100E7000202828766F6964202A29302929207C7C43
:100E80002028705F786665725F646573632D3E74B9
:100E9000785F6C656E677468203D3D20302929209D
:100EA0002626202828705F786665725F6465736304
:100EB0002D3E705F72785F62756666657220213DB7
:100EC000202828766F6964202A29302929207C7CF3
:100ED0002028705F786665725F646573632D3E726B
:100EE000785F6C656E677468203D3D20302929204D
:100EF000262620282128666C616773202620283149
:100F0000554C203C3C20332929207C7C2028705FD4
:100F100063622D3E73735F70696E203D3D20283003
:100F2000786666666666666666554C29292900708D
:100F30005F63622D3E68616E646C65720054657219
:100F40006D696E616C00574553545F544F5044496E
:100F5000522F7A65706879722F6B65726E656C2F8F
:100F60006465766963652E63007263203E3D202DC3
:100F7000283078666629202626207263203C20309F
:100F8000000964657669636520257320696E69745C
:100F90003A20696E76616C6964206572726F7220A6
:100FA000282564290A0048616C74696E672073798A
:100FB0007374656D00556E6B6E6F776E206572721F
:100FC0006F72003E3E3E205A4550485952204641DD
:100FD00054414C204552524F522025643A202573EB
:100FE000206F6E20435055202564004661756C7457
:100FF00020647572696E6720696E746572727570AF
:10100000742068616E646C696E670A004375727261
:10101000656E74207468726561643A2025702028BA
:1010200025732900574553545F544F504449522F5C
:101030007A65706879722F6B65726E656C2F666168
:1010400074616C2E6300726561736F6E20213D20A8
:101050004B5F4552525F4B45524E454C5F50414E9F
:1010600049430009417474656D7074656420746F40
:10107000207265636F7665722066726F6D206120E5
:101080006B65726E656C2070616E696320636F6E54
:10109000646974696F6E0A00435055206578636512
:1010A0007074696F6E00556E68616E646C65642063
:1010B000696E7465727275707400537461636B202D
:1010C0006F766572666C6F77004B65726E656C202B
:1010D0006F6F7073004B65726E656C2070616E6926
:1010E0006300574553545F544F504449522F7A651B
:1010F000706879722F6B65726E656C2F696E69749A
:101100002E63007468726561645F64617461203C81
:101110003D205F5F7374617469635F7468726561B9
:10112000645F646174615F6C6973745F656E6400B1
:10113000646576203C3D205F6465766963655F6C1D
:101140006973745F656E64006D61696E006F730032
:10115000574553545F544F504449522F7A65706835
:1011600079722F6B65726E656C2F6B686561702E7E
:10117000630021617263685F69735F696E5F6973A1
:10118000722829207C7C20282874696D656F75740D
:10119000292E7469636B73203D3D202828286B5FDE
:1011A00074696D656F75745F74297B307D29292E94
:1011B0007469636B732900090A0068656170203CDB
:1011C0003D205F6B5F686561705F6C6973745F651C
:1011D0006E6400574553545F544F504449522F7A20
:1011E00065706879722F6B65726E656C2F6D656DB9
:1011F0005F736C61622E6300736C6162203C3D2002
:101200005F6B5F6D656D5F736C61625F6C6973745A
:101210005F656E640028736C61622D3E6672656561
:101220005F6C697374203D3D202828766F696420C7
:101230002A29302920262620736C61622D3E696E92
:10124000666F2E6E756D5F75736564203D3D20730E
:101250006C61622D3E696E666F2E6E756D5F626C9D
:101260006F636B7329207C7C20736C61625F707488
:10127000725F69735F676F6F6428736C61622C20A3
:10128000736C61622D3E667265655F6C697374296B
:101290000009736C616220636F7272757074696F9C
:1012A0006E2064657465637465640A0009496E762E
:1012B000616C6964206D656D6F727920706F696E05
:1012C0007465722070726F76696465640A005745B0
:1012D00053545F544F504449522F7A657068797265
:1012E0002F6B65726E656C2F696E636C7564652F0C
:1012F0006B73636865642E680021617263685F695F
:1013000072715F756E6C6F636B6564286B657929AC
:10131000007468726561642D3E626173652E70654C
:101320006E6465645F6F6E00574553545F544F5051
:101330004449522F7A65706879722F6B65726E65B9
:101340006C2F69646C652E63005F6B65726E656CF3
:101350002E637075735B305D2E63757272656E748B
:101360002D3E626173652E7072696F203E3D2030A4
:1013700000574553545F544F504449522F7A65707B
:101380006879722F6B65726E656C2F6D75746578F8
:101390002E630021617263685F69735F696E5F69C4
:1013A0007372282900096D7574657865732063610F
:1013B0006E6E6F74206265207573656420696E734C
:1013C00069646520495352730A006D757465782D00
:1013D0003E6C6F636B5F636F756E74203E2030559B
:1013E00000574553545F544F504449522F7A65700B
:1013F0006879722F6B65726E656C2F73656D2E63E5
:10140000002828617263685F69735F696E5F697342
:10141000722829203D3D203029207C7C20282874FA
:10142000696D656F7574292E7469636B73203D3D1A
:10143000202828286B5F74696D656F75745F742947
:101440007B307D29292E7469636B73292900737998
:1014500073776F726B7100574553545F544F50440C
:1014600049522F7A65706879722F6B65726E656C60
:101470002F776F726B2E6300776F726B2D3E7175D5
:1014800065756520213D202828766F6964202A290A
:10149000302900776F726B2D3E68616E646C6572E7
:1014A00020213D202828766F6964202A29302900D0
:1014B00021666C61675F746573742826776F726B41
:1014C0002D3E666C6167732C204B5F574F524B5F0C
:1014D00044454C415941424C455F424954290073AF
:1014E000796E6320213D202828766F6964202A299F
:1014F00030290021666C61675F74657374282671FA
:10150000756575652D3E666C6167732C204B5F5762
:101510004F524B5F51554555455F535441525445C9
:10152000445F4249542900717565756500737461A3
:10153000636B0064776F726B20213D202828766FE3
:101540006964202A29302900574553545F544F506D
:101550004449522F7A65706879722F6B65726E6597
:101560006C2F7468726561642E63002828282870C7
:1015700072696F2929203D3D203135202626207AA9
:101580005F69735F69646C655F7468726561645FED
:10159000656E7472792828656E74727929292920FC
:1015A0007C7C202828283135202D203129203E3DE3
:1015B0002028282D31362929292026262028287060
:1015C00072696F2929203E3D2028282D313629298E
:1015D0002026262028287072696F2929203C3D206A
:1015E000283135202D20312929290009696E76619D
:1015F0006C6964207072696F72697479202825643F
:10160000293B20616C6C6F7765642072616E676541
:101610003A20256420746F2025640A0009546872FA
:1016200065616473206D6179206E6F74206265203E
:101630006372656174656420696E20495352730A50
:1016400000574553545F544F504449522F7A6570A8
:101650006879722F6B65726E656C2F736368656451
:101660002E6300217A5F69735F69646C655F7468DB
:10167000726561645F6F626A65637428746872651D
:1016800061642900574553545F544F504449522FC9
:101690007A65706879722F6B65726E656C2F696EF2
:1016A000636C7564652F6B7468726561642E680085
:1016B0005F6B65726E656C2E637075735B305D2E4B
:1016C00063757272656E7420213D202828766F69DB
:1016D00064202A293029002169735F74687265616A
:1016E000645F64756D6D7928746872656164290042
:1016F000574553545F544F504449522F7A65706890
:1017000079722F6B65726E656C2F696E636C756490
:10171000652F6B737761702E6800617263685F6913
:1017200072715F756E6C6F636B6564286B65792988
:10173000207C7C205F6B65726E656C2E63707573A8
:101740005B305D2E63757272656E742D3E626173DF
:10175000652E7468726561645F73746174652026B8
:101760002028282831554C203C3C20283029292984
:10177000207C20282831554C203C3C202833292926
:1017800029290009436F6E74657874207377697432
:101790006368696E67207768696C6520686F6C6440
:1017A000696E67206C6F636B210A0073697A656FDD
:1017B00066285F73636865645F7370696E6C6F63DE
:1017C0006B29203D3D2030207C7C206C6F636B209A
:1017D000213D20265F73636865645F7370696E6C7A
:1017E0006F636B005F6B65726E656C2E63707573F3
:1017F0005B305D2E63757272656E742D3E6261732F
:10180000652E73636865645F6C6F636B656420212C
:101810003D203155005F6B65726E656C2E6370758F
:10182000735B305D2E63757272656E742D3E6261FE
:1018300073652E73636865645F6C6F636B656420AA
:10184000213D20305500217465726D696E617465AB
:10185000000961626F72746564205F6375727265FE
:101860006E74206261636B2066726F6D20646561C7
:10187000640A0021657373656E7469616C000961A7
:10188000626F7274656420657373656E7469616CF0
:10189000207468726561642025700A0057455354AE
:1018A0005F544F504449522F7A65706879722F6B9C
:1018B00065726E656C2F74696D65736C6963696EB2
:1018C000672E6300282874696D656F75742920265A
:1018D0002620282875696E747074725F74292873C5
:1018E0006C6963655F74696D656F75747329292010
:1018F0003C3D20282875696E747074725F742928C5
:1019000074696D656F75742929202626202828752D
:10191000696E747074725F74292874696D656F756F
:10192000742929203C20282875696E747074725FB0
:101930007429282628736C6963655F74696D656F07
:10194000757473295B282873697A655F7429282860
:1019500028696E742973697A656F66286368617295
:101960005B31202D202832202A202128215F5F6230
:1019700075696C74696E5F74797065735F636F6DA0
:1019800070617469626C655F70285F5F74797065FF
:101990006F665F5F28736C6963655F74696D656FFF
:1019A000757473292C205F5F747970656F665F5F53
:1019B000282628736C6963655F74696D656F75743B
:1019C00073295B305D292929295D29202D203129A2
:1019D000202B202873697A656F6628736C696365AC
:1019E0005F74696D656F75747329202F2073697A30
:1019F000656F662828736C6963655F74696D656FD0
:101A0000757473295B305D292929295D29292026D0
:101A1000262028282875696E747074725F742928CE
:101A200074696D656F75742929202D2028287569C2
:101A30006E747074725F742928736C6963655F7467
:101A4000696D656F75747329292920252073697A5A
:101A5000656F662828736C6963655F74696D656F6F
:101A6000757473295B305D29203D3D203029005776
:101A70004553545F544F504449522F7A65706879EA
:101A8000722F6B65726E656C2F74696D656F7574FE
:101A90002E6300217379735F646E6F64655F697391
:101AA0005F6C696E6B65642826746F2D3E6E6F6483
:101AB000652900574553545F544F504449522F7A7B
:101AC00065706879722F6B65726E656C2F6D656DD0
:101AD000706F6F6C2E6300616C69676E203D3D20F6
:101AE00030207C7C20282875696E747074725F7455
:101AF000296D656D20262028616C69676E202D2078
:101B0000312929203D3D203000096D6973616C69E0
:101B1000676E6564206D656D6F7279206174202534
:101B2000702028616C69676E203D20257A75290A2E
:101B30000063726163656E00574553545F544F50A4
:101B40004449522F6E72662F7375627379732F6ECC
:101B500072665F73656375726974792F7372632F30
:101B6000647269766572732F63726163656E2F6349
:101B7000726163656E7073612F7372632F6372613C
:101B800063656E5F7073615F6D61632E630028280B
:101B900028616C672920262028287073615F616C9A
:101BA000676F726974686D5F7429203078376630AA
:101BB00030303030302929203D3D20282870736195
:101BC0005F616C676F726974686D5F74292030782B
:101BD0003033303030303030292900574553545F8E
:101BE000544F504449522F6E72662F737562737949
:101BF000732F6E72665F73656375726974792F7384
:101C000072632F647269766572732F6372616365A4
:101C10006E2F63726163656E7073612F7372632FD1
:101C200063726163656E5F7073615F6B65795F6D31
:101C3000616E6167656D656E742E630064617461C9
:101C40005F6C656E677468006B65795F6275666668
:101C50006572006B65795F6275666665725F6C655B
:101C60006E677468006B65795F62697473005745CD
:101C700053545F544F504449522F6E72662F737500
:101C8000627379732F6E72665F73656375726974C0
:101C9000792F7372632F647269766572732F637222
:101CA0006163656E2F737873796D63727970742FC9
:101CB0007372632F706C6174666F726D2F626172E4
:101CC000656D6574616C2F696E7465727275707480
:101CD000732E630009556E68616E646C65642069DB
:101CE0006E746572727570742E200A0057455354D5
:101CF0005F544F504449522F6E72662F7375627352
:101D000079732F6E72665F73656375726974792F6C
:101D10007372632F7574696C732F6E72665F73656F
:101D20006375726974795F6D7574657865732E6318
:101D300000574553545F544F504449522F7A6570B1
:101D40006879722F6B65726E656C2F6576656E743F
:101D5000732E6300FFFFFFFF1F00FFC1FBE84C90E5
:101D6000728BE7B3518963AB232300418866AA1ABB
:101D7000FFFF443300B49C5477708516AEAFAB3C84
:101D8000D33BE2B3B69C958D7200286E756C6C29BE
:101D9000002A666C6F61742A0024240A00206D6595
:101DA0007373616765732064726F70706564202D52
:101DB0002D2D0D0A1B5B306D001B5B313B33316DEC
:101DC0002D2D2D2000040811029ECADC240EE5A949
:101DD000E093F3A3B50200406E029ECADC240EE538
:101DE000A9E093F3A3B50200406E029ECADC240E64
:101DF000E5A9E093F3A3B50300406E029ECADC247C
:101E00000EE5A9E093F3A3B50300406E029ECADC81
:101E1000240EE5A9E093F3A3B50100406E00FFFF97
:101E2000FFFFFFFF00000000000000FFFFFFFFFFBB
:101E3000FF000000000000303132333435363738CF
:101E400039616263646566000000000000001000F4
:101E5000800000805F9B34FB030502000A617474FC
:101E60005F74785F64657374726F795F776F726B9C
:101E70005F68616E646C65720091FBFBF3F4FBFBC1
:101E8000FBFBEA0102040020000001010101010244
:101E90000300070E091C1B1215383F363124232A74
:101EA0002DD810200C0000000000010405020608D7
:101EB000090F00071823232323232323232323236A
:101EC000232300010200000000000054545220525D
:101ED00045474745530010141400001C2030401C97
:101EE0002000001C203040004010141400001C2072
:101EF00030401C2000001C20304000400103020044
:101F0800FFFFFFFFFF1F00001F0000000000000090
:101F18007FFE0000000000001D40000000000000DF
:101F28000000000000000000FFFFFFFF1FFF1B0074
:101F3800BAABBABA10101010A0354D00E407000073
:101F4800FF000000C4090000000000000050085015
:101F580000000000000000000C000000010000FF6D
:101F68007F00000000000000AAAAAAAA55555555EE
:101F78000100000071020000F326010000000000CB
:101F88007B26010000000000EF2601000000000091
:101F98001F27010000000000D926010000000000F2
:101FA800BF260100000000002959000000000000C1
:101FB800C326010000000000DCDC0000FF00000078
:101FC8001402010001000101010300001E001E02AD
:101FD800000000000000000012007C007E00E0010C
:101FE80003007E000A1E001E000000000000000022
:101FF80000000000000000000000000000000000D9
:1020080000000000000000000000000000000000C8
:1020180000000000000000000000000000000000B8
:1020280000000000000000000000000000000000A8
:102038000000000000000000000000000000000098
:102048000000000000000000000000000000000088
:102058000000000000000000000000000000000078
:102068000000000000000000000000000000000068
:102078000000000000000000000000000000000058
:102088000000000000000000000000000000000048
:102098000000000000000000000000000000000038
:1020A8000000000000000000000000000000000028
:1020B800F5580200000000000000000000000000C9
:1020C8000000000000000000000000000000000008
:1020D80000000000000000000000000000000000F8
:1020E80000000000000000000000000000000000E8
:1020F80000000000000000000000000000000000D8
:1021080000000000000000000000000000000000C7
:1021180000000000000000000000000000000000B7
:1021280000000000000000000000000000000000A7
:1021380000000000000000005890030000000000AC
:1021480000000000D9660100000000000001000046
:102158000000000000000000000000000000000077
:102168000000000000000000000000000000000067
:1021780000000000670000000000000000000000F0
:102188000000000000000000000000000000000047
:102198000000000000000000000000000000000037
:1021A8000000000000000000000000000000000027
:1021B8000000000000000000000000000000000017
:1021C8000000000000000000000000000000000007
:1021D80000000000000000000000000000000000F7
:1021E80000000000000000000000000000000000E7
:1021F80000000000000000000000000000000000D7
:10220800A4A2030000000000E16701000000000034
:10221800000000005974010005680100F167010021
:1022280000000000DD760100000000000000000052
:1022380000000000358001000000000000000000E0
:1022480014000000060000001D36030003420300CE
:1022580044A30300000000007CA303009CAB030020
:1022680000000200A8AB030000000200B4AB0300AA
:102278000000020019C20100000000000000000078
:10228800D91D040000000C00000000000000000040
:102298000000000000000000000000000000000036
:1022A80035C401000000000000000000FB1D040010
:1022B8000000100000000000F54B030000000000C3
:1022C8000000000000C010500000000000000000E6
:1022D80000000000000000000000000000000000F6
:1022E80000000000000000000000000000000000E6
:1022F80000000000000000000000000000000000D6
:1023080000000000000000000000000000000000C5
:1023180000000000000000000000000000000000B5
:1023280000000000000000000000000000000000A5
:1023380000000000000000000001000000A00D5097
:102348000000000000000000000000000000000085
:102358000000000000000000000000000000000075
:102368000000000000000000000000000000000065
:102378000000000000000000000000000000000055
:102388000000000000000000000000000000000045
:102398000000000000000000000000000000000035
:1023A8000000000000000000000000000000000025
:1023B8000000000000000000E5E00100000000004F
:1023C80000000000443D012000000002443D0120BF
:1023D80095FF0100E111020000000000000000006C
:1023E8000000000009020200E7560300A957030095
:1023F800F9FD01000000000000000000790E020055
:102408000000000000000000D8AB0300000002003C
:10241800E4AB030000000A00F4AB03000000200056
:1024280000000000000000000000000000000000A4
:10243800000000000000000000000000315F030001
:102448000000000000000000695B020000000000BE
:102458000000000000000000E54502000000000048
:102468000000000000000000856402000000000079
:102478000000000000000000DD5D02000000000018
:1024880000000000A02F0020000000000000000055
:1024980060300020000000000000000000A0045090
:1024A8000000000000000000000000000000000024
:1024B8000000000000000000000000000000000014
:1024C8000000000000000000000000000000000004
:1024D80000000000000000000000000000000000F4
:1024E80000000000000000000000000000000000E4
:1024F80000000000000000000000000000000000D4
:102508000000000000000000280B0020280B00201D
:102518000000000001000000380B0020380B0020EC
:1025280000000000010000000000000000000000A2
:102538000000000000000000000000000000000093
:102548000000000000000000000000000000000083
:102558000000000000000000000000000000000073
:10256800C193020000000000FF0000000090D003AB
:10257800FF0000000F000000710200009C0B00200B
:102588009C0B0020A40B0020A40B002000000000DE
:10259800000000000E00000000000000BC0B00203E
:1025A800BC0B002000000000000000000E0000002E
:1025B80000000000D40B0020D40B00200000000015
:1025C800000000000E00000000000000EC0B0020DE
:1025D800EC0B002000000000000000000E000000CE
:1025E80000000000B97E0300B57E03006774200078
:1025F800900D0020CC0D0020A40D00208C0E002092
:102608007C0E0020B80D0020280090012800EF0162
:102618009ECADC240EE5A9E093F3A3B50100406E41
:0C26280006010101010100000506060189
:102634000000000000000000000000000000000096
:0826440000000000000000008E
:10264C00000000000000000000000000000000007E
:10265C00000000000000000000000000000000006E
:10266C00000000000000000000000000000000005E
:0C267C0000000000000000000000000052
:04268800000000004E
:102690000000000000000000B9020300000000007C
:1026A0000000000000000000C00C0020C00C002052
:1026B000F1680100000000000000000000000000C0
:1026C000000000000000000000000000000000000A
:1026D000B90203000000000000000000000000003C
:1026E000F80C0020F80C0020E56801000000000054
:1026F00000000000000000000000000000000000DA
:10270000180D0020180D0020000000005C210120A1
:102710000000000002000000300000000000000087
:10272000380D0020380D002000000000C0B300204C
:102730000000000002000000A800000000000000EF
:10274000580D0020580D002000000000BC21012081
:10275000000000000A00000010000000000000005F
:102760000000000070E400204408000000000000A9
:08277000000000000000000061
:10277800900D0020900D00200000000000000000D7
:102788000E000000A40D0020A40D00200000000091
:10279800000000000E000000B80D0020B80D002059
:1027A80000000000000000000E000000CC0D00201A
:1027B800CC0D002000000000000000000E0000000A
:1027C800E00D0020E00D00200000000000000000E7
:1027D8000E000000F40D0020F40D002000000000A1
:1027E800000000000E000000080E0020080E002067
:0C27F80000000000000000000E000000C7
:102804001C0E00201C0E002000000000010000002F
:102814002C0E00202C0E00200000000001000000FF
:102824003C0E00203C0E00200000000001000000CF
:102834004C0E00204C0E002000000000010000009F
:102844005C0E00205C0E002000000000FFFFFFFF74
:102854006C0E00206C0E002001000000010000003E
:102864007C0E00207C0E0020000000000000000010
:102874008C0E00208C0E00200000000000000000E0
:10288400000000000000000000000000A80E00206E
:10289400A80E00200000000000000000000000005E
:1028A400BC0E0020BC0E0020000000000000000050
:0C28B40000000000D00E0020D00E00201C
:1028C000000000000000000000000000E40E0020F6
:1028D000E40E0020000000000A000A0010000000C2
:1028E0000000000094A80300B43B01200000000099
:1028F0000000000000000000100F0020100F00205A
:10290000000000000A000A001000000029FD01007C
:1029100074A60300CC1F012000000000000000008E
:10292000000000003C0F00203C0F002000000000D1
:1029300003000300000000000000000034A50300B5
:10294000840A0120000000000000000000000000D8
:10295000680F0020680F0020000000000200020045
:1029600010000000515C020080A8030094270120A1
:10297000000000000000000000000000940F002094
:10298000940F002000000000010001000000000082
:102990000000000048A803007C2701200000000080
:1029A0000000000000000000C00F0020C00F002049
:1029B000000000000E000E000400000071E30100A2
:1029C00020A50300700801200000000000000000A6
:1029D00000000000EC0F0020EC0F002000000000C1
:1029E00002000200040000000000000088A60300AE
:1029F0004026012000000000000000000000000050
:102A00001810002018100020000000000100010034
:102A1000000000000000000048A50300D00B0120CA
:042A200015E015E0C8
:040000031000CD0D0F
:00000001FF
